ISO-10303-21;
HEADER;
/* Generated by software containing ST-Developer
 * from STEP Tools, Inc. (www.steptools.com) 
 */

FILE_DESCRIPTION(
/* description */ (''),
/* implementation_level */ '2;1');

FILE_NAME(
/* name */ 'C:\\Users\\mwilliams\\Documents\\100SPxT3B1M1xE.stp',
/* time_stamp */ '2020-11-30T14:23:03-06:00',
/* author */ ('mwilliams'),
/* organization */ (''),
/* preprocessor_version */ 'ST-DEVELOPER v18',
/* originating_system */ 'Autodesk Inventor 2020',
/* authorisation */ '');

FILE_SCHEMA (('AUTOMOTIVE_DESIGN { 1 0 10303 214 3 1 1 }'));
ENDSEC;

DATA;
#10=MECHANICAL_DESIGN_GEOMETRIC_PRESENTATION_REPRESENTATION('',(#118,#119,
#120,#121,#122,#123,#124),#7476);
#11=SHAPE_REPRESENTATION_RELATIONSHIP('SRR','None',#7486,#12);
#12=ADVANCED_BREP_SHAPE_REPRESENTATION('',(#125,#126,#127,#128,#129,#130,
#131),#7475);
#13=SPHERICAL_SURFACE('',#4627,0.0826771653543307);
#14=SPHERICAL_SURFACE('',#4629,0.015748031496063);
#15=SPHERICAL_SURFACE('',#4635,0.015748031496063);
#16=SPHERICAL_SURFACE('',#4642,0.015748031496063);
#17=SPHERICAL_SURFACE('',#4648,0.015748031496063);
#18=SPHERICAL_SURFACE('',#4682,0.015748031496063);
#19=SPHERICAL_SURFACE('',#4688,0.015748031496063);
#20=SPHERICAL_SURFACE('',#4695,0.015748031496063);
#21=SPHERICAL_SURFACE('',#4701,0.015748031496063);
#22=SPHERICAL_SURFACE('',#4735,0.015748031496063);
#23=SPHERICAL_SURFACE('',#4741,0.015748031496063);
#24=SPHERICAL_SURFACE('',#4748,0.015748031496063);
#25=SPHERICAL_SURFACE('',#4754,0.015748031496063);
#26=(
BOUNDED_CURVE()
B_SPLINE_CURVE(2,(#7013,#7014,#7015),.UNSPECIFIED.,.F.,.F.)
B_SPLINE_CURVE_WITH_KNOTS((3,3),(0.,0.126067981418258),.UNSPECIFIED.)
CURVE()
GEOMETRIC_REPRESENTATION_ITEM()
RATIONAL_B_SPLINE_CURVE((1.,1.02779690145555,1.05003077275953))
REPRESENTATION_ITEM('')
);
#27=(
BOUNDED_CURVE()
B_SPLINE_CURVE(2,(#7019,#7020,#7021),.UNSPECIFIED.,.F.,.F.)
B_SPLINE_CURVE_WITH_KNOTS((3,3),(1.13378471062173,1.25985269203999),
 .UNSPECIFIED.)
CURVE()
GEOMETRIC_REPRESENTATION_ITEM()
RATIONAL_B_SPLINE_CURVE((1.05003077275953,1.02779690145555,1.))
REPRESENTATION_ITEM('')
);
#28=CONICAL_SURFACE('',#4607,0.116141732283465,0.785398163397448);
#29=CONICAL_SURFACE('',#4620,0.0612794394451909,0.771130096762404);
#30=CONICAL_SURFACE('',#4623,0.0442913385826772,0.0285361332701073);
#31=ELLIPSE('',#4508,0.0160819200711397,0.015748031496063);
#32=ELLIPSE('',#4509,0.0160819200711397,0.015748031496063);
#33=ELLIPSE('',#4514,0.0160819200711397,0.015748031496063);
#34=ELLIPSE('',#4515,0.0160819200711397,0.015748031496063);
#35=ELLIPSE('',#4520,0.0160819200711399,0.015748031496063);
#36=ELLIPSE('',#4521,0.0160819200711398,0.015748031496063);
#37=ELLIPSE('',#4526,0.0160819200711396,0.015748031496063);
#38=ELLIPSE('',#4527,0.0160819200711398,0.015748031496063);
#39=ELLIPSE('',#4634,0.027276390670376,0.015748031496063);
#40=ELLIPSE('',#4640,0.027276390670376,0.015748031496063);
#41=ELLIPSE('',#4647,0.027276390670376,0.015748031496063);
#42=ELLIPSE('',#4653,0.027276390670376,0.015748031496063);
#43=ELLIPSE('',#4687,0.027276390670376,0.015748031496063);
#44=ELLIPSE('',#4693,0.027276390670376,0.015748031496063);
#45=ELLIPSE('',#4700,0.027276390670376,0.015748031496063);
#46=ELLIPSE('',#4706,0.027276390670376,0.015748031496063);
#47=ELLIPSE('',#4740,0.027276390670376,0.015748031496063);
#48=ELLIPSE('',#4746,0.027276390670376,0.015748031496063);
#49=ELLIPSE('',#4753,0.027276390670376,0.015748031496063);
#50=ELLIPSE('',#4759,0.027276390670376,0.015748031496063);
#51=FACE_BOUND('',#594,.T.);
#52=FACE_BOUND('',#604,.T.);
#53=FACE_BOUND('',#617,.T.);
#54=FACE_BOUND('',#618,.T.);
#55=FACE_BOUND('',#619,.T.);
#56=FACE_BOUND('',#620,.T.);
#57=FACE_BOUND('',#680,.T.);
#58=FACE_BOUND('',#682,.T.);
#59=FACE_BOUND('',#702,.T.);
#60=FACE_BOUND('',#709,.T.);
#61=FACE_BOUND('',#730,.T.);
#62=FACE_BOUND('',#735,.T.);
#63=FACE_BOUND('',#744,.T.);
#64=FACE_BOUND('',#762,.T.);
#65=FACE_BOUND('',#767,.T.);
#66=FACE_BOUND('',#773,.T.);
#67=FACE_BOUND('',#794,.T.);
#68=FACE_BOUND('',#799,.T.);
#69=FACE_BOUND('',#802,.T.);
#70=B_SPLINE_CURVE_WITH_KNOTS('',2,(#6215,#6216,#6217,#6218),
 .UNSPECIFIED.,.F.,.F.,(3,1,3),(0.,1.,2.),.UNSPECIFIED.);
#71=B_SPLINE_CURVE_WITH_KNOTS('',2,(#6222,#6223,#6224,#6225),
 .UNSPECIFIED.,.F.,.F.,(3,1,3),(0.,1.,2.),.UNSPECIFIED.);
#72=B_SPLINE_CURVE_WITH_KNOTS('',2,(#6238,#6239,#6240,#6241,#6242),
 .UNSPECIFIED.,.F.,.F.,(3,1,1,3),(0.,1.,2.,3.),.UNSPECIFIED.);
#73=B_SPLINE_CURVE_WITH_KNOTS('',2,(#6244,#6245,#6246,#6247,#6248),
 .UNSPECIFIED.,.F.,.F.,(3,1,1,3),(0.,1.,2.,3.),.UNSPECIFIED.);
#74=B_SPLINE_CURVE_WITH_KNOTS('',2,(#6259,#6260,#6261,#6262),
 .UNSPECIFIED.,.F.,.F.,(3,1,3),(0.,1.,2.),.UNSPECIFIED.);
#75=B_SPLINE_CURVE_WITH_KNOTS('',2,(#6264,#6265,#6266,#6267),
 .UNSPECIFIED.,.F.,.F.,(3,1,3),(0.,1.,2.),.UNSPECIFIED.);
#76=B_SPLINE_CURVE_WITH_KNOTS('',2,(#6277,#6278,#6279,#6280),
 .UNSPECIFIED.,.F.,.F.,(3,1,3),(0.,1.,2.),.UNSPECIFIED.);
#77=B_SPLINE_CURVE_WITH_KNOTS('',2,(#6281,#6282,#6283,#6284),
 .UNSPECIFIED.,.F.,.F.,(3,1,3),(0.,1.,2.),.UNSPECIFIED.);
#78=B_SPLINE_CURVE_WITH_KNOTS('',2,(#6297,#6298,#6299,#6300,#6301),
 .UNSPECIFIED.,.F.,.F.,(3,1,1,3),(0.,1.,2.,3.),.UNSPECIFIED.);
#79=B_SPLINE_CURVE_WITH_KNOTS('',2,(#6305,#6306,#6307,#6308,#6309),
 .UNSPECIFIED.,.F.,.F.,(3,1,1,3),(0.,1.,2.,3.),.UNSPECIFIED.);
#80=B_SPLINE_CURVE_WITH_KNOTS('',2,(#6322,#6323,#6324,#6325,#6326),
 .UNSPECIFIED.,.F.,.F.,(3,1,1,3),(0.,1.,2.,3.),.UNSPECIFIED.);
#81=B_SPLINE_CURVE_WITH_KNOTS('',2,(#6329,#6330,#6331,#6332,#6333),
 .UNSPECIFIED.,.F.,.F.,(3,1,1,3),(0.,1.,2.,3.),.UNSPECIFIED.);
#82=B_SPLINE_CURVE_WITH_KNOTS('',2,(#6345,#6346,#6347,#6348,#6349),
 .UNSPECIFIED.,.F.,.F.,(3,1,1,3),(0.,1.,2.,3.),.UNSPECIFIED.);
#83=B_SPLINE_CURVE_WITH_KNOTS('',2,(#6352,#6353,#6354,#6355,#6356),
 .UNSPECIFIED.,.F.,.F.,(3,1,1,3),(0.,1.,2.,3.),.UNSPECIFIED.);
#84=B_SPLINE_CURVE_WITH_KNOTS('',2,(#6365,#6366,#6367,#6368),
 .UNSPECIFIED.,.F.,.F.,(3,1,3),(0.,1.,2.),.UNSPECIFIED.);
#85=B_SPLINE_CURVE_WITH_KNOTS('',2,(#6369,#6370,#6371,#6372),
 .UNSPECIFIED.,.F.,.F.,(3,1,3),(0.,1.,2.),.UNSPECIFIED.);
#86=B_SPLINE_CURVE_WITH_KNOTS('',2,(#6384,#6385,#6386,#6387),
 .UNSPECIFIED.,.F.,.F.,(3,1,3),(0.,1.,2.),.UNSPECIFIED.);
#87=B_SPLINE_CURVE_WITH_KNOTS('',2,(#6391,#6392,#6393,#6394),
 .UNSPECIFIED.,.F.,.F.,(3,1,3),(0.,1.,2.),.UNSPECIFIED.);
#88=B_SPLINE_CURVE_WITH_KNOTS('',2,(#6407,#6408,#6409,#6410,#6411),
 .UNSPECIFIED.,.F.,.F.,(3,1,1,3),(0.,1.,2.,3.),.UNSPECIFIED.);
#89=B_SPLINE_CURVE_WITH_KNOTS('',2,(#6413,#6414,#6415,#6416,#6417),
 .UNSPECIFIED.,.F.,.F.,(3,1,1,3),(0.,1.,2.,3.),.UNSPECIFIED.);
#90=B_SPLINE_CURVE_WITH_KNOTS('',2,(#6428,#6429,#6430,#6431),
 .UNSPECIFIED.,.F.,.F.,(3,1,3),(0.,1.,2.),.UNSPECIFIED.);
#91=B_SPLINE_CURVE_WITH_KNOTS('',2,(#6433,#6434,#6435,#6436),
 .UNSPECIFIED.,.F.,.F.,(3,1,3),(0.,1.,2.),.UNSPECIFIED.);
#92=B_SPLINE_CURVE_WITH_KNOTS('',2,(#6446,#6447,#6448,#6449),
 .UNSPECIFIED.,.F.,.F.,(3,1,3),(0.,1.,2.),.UNSPECIFIED.);
#93=B_SPLINE_CURVE_WITH_KNOTS('',2,(#6450,#6451,#6452,#6453),
 .UNSPECIFIED.,.F.,.F.,(3,1,3),(0.,1.,2.),.UNSPECIFIED.);
#94=B_SPLINE_CURVE_WITH_KNOTS('',2,(#6466,#6467,#6468,#6469,#6470),
 .UNSPECIFIED.,.F.,.F.,(3,1,1,3),(0.,1.,2.,3.),.UNSPECIFIED.);
#95=B_SPLINE_CURVE_WITH_KNOTS('',2,(#6474,#6475,#6476,#6477,#6478),
 .UNSPECIFIED.,.F.,.F.,(3,1,1,3),(0.,1.,2.,3.),.UNSPECIFIED.);
#96=B_SPLINE_CURVE_WITH_KNOTS('',2,(#6491,#6492,#6493,#6494,#6495),
 .UNSPECIFIED.,.F.,.F.,(3,1,1,3),(0.,1.,2.,3.),.UNSPECIFIED.);
#97=B_SPLINE_CURVE_WITH_KNOTS('',2,(#6498,#6499,#6500,#6501,#6502),
 .UNSPECIFIED.,.F.,.F.,(3,1,1,3),(0.,1.,2.,3.),.UNSPECIFIED.);
#98=B_SPLINE_CURVE_WITH_KNOTS('',2,(#6514,#6515,#6516,#6517,#6518),
 .UNSPECIFIED.,.F.,.F.,(3,1,1,3),(0.,1.,2.,3.),.UNSPECIFIED.);
#99=B_SPLINE_CURVE_WITH_KNOTS('',2,(#6521,#6522,#6523,#6524,#6525),
 .UNSPECIFIED.,.F.,.F.,(3,1,1,3),(0.,1.,2.,3.),.UNSPECIFIED.);
#100=B_SPLINE_CURVE_WITH_KNOTS('',2,(#6534,#6535,#6536,#6537),
 .UNSPECIFIED.,.F.,.F.,(3,1,3),(0.,1.,2.),.UNSPECIFIED.);
#101=B_SPLINE_CURVE_WITH_KNOTS('',2,(#6538,#6539,#6540,#6541),
 .UNSPECIFIED.,.F.,.F.,(3,1,3),(0.,1.,2.),.UNSPECIFIED.);
#102=B_SPLINE_SURFACE_WITH_KNOTS('',2,1,((#6205,#6206),(#6207,#6208),(#6209,
#6210),(#6211,#6212)),.UNSPECIFIED.,.F.,.F.,.F.,(3,1,3),(2,2),(-2.,-1.,
0.),(0.,0.003),.UNSPECIFIED.);
#103=B_SPLINE_SURFACE_WITH_KNOTS('',2,1,((#6227,#6228),(#6229,#6230),(#6231,
#6232),(#6233,#6234),(#6235,#6236)),.UNSPECIFIED.,.F.,.F.,.F.,(3,1,1,3),
(2,2),(-3.,-2.,-1.,0.),(0.,0.003),.UNSPECIFIED.);
#104=B_SPLINE_SURFACE_WITH_KNOTS('',2,1,((#6250,#6251),(#6252,#6253),(#6254,
#6255),(#6256,#6257)),.UNSPECIFIED.,.F.,.F.,.F.,(3,1,3),(2,2),(-2.,-1.,
0.),(0.,0.003),.UNSPECIFIED.);
#105=B_SPLINE_SURFACE_WITH_KNOTS('',2,1,((#6269,#6270),(#6271,#6272),(#6273,
#6274),(#6275,#6276)),.UNSPECIFIED.,.F.,.F.,.F.,(3,1,3),(2,2),(-2.,-1.,
0.),(0.,0.003),.UNSPECIFIED.);
#106=B_SPLINE_SURFACE_WITH_KNOTS('',2,1,((#6285,#6286),(#6287,#6288),(#6289,
#6290),(#6291,#6292),(#6293,#6294)),.UNSPECIFIED.,.F.,.F.,.F.,(3,1,1,3),
(2,2),(0.,1.,2.,3.),(0.,0.003),.UNSPECIFIED.);
#107=B_SPLINE_SURFACE_WITH_KNOTS('',2,1,((#6311,#6312),(#6313,#6314),(#6315,
#6316),(#6317,#6318),(#6319,#6320)),.UNSPECIFIED.,.F.,.F.,.F.,(3,1,1,3),
(2,2),(0.,1.,2.,3.),(0.,0.003),.UNSPECIFIED.);
#108=B_SPLINE_SURFACE_WITH_KNOTS('',2,1,((#6334,#6335),(#6336,#6337),(#6338,
#6339),(#6340,#6341),(#6342,#6343)),.UNSPECIFIED.,.F.,.F.,.F.,(3,1,1,3),
(2,2),(0.,1.,2.,3.),(0.,0.003),.UNSPECIFIED.);
#109=B_SPLINE_SURFACE_WITH_KNOTS('',2,1,((#6357,#6358),(#6359,#6360),(#6361,
#6362),(#6363,#6364)),.UNSPECIFIED.,.F.,.F.,.F.,(3,1,3),(2,2),(0.,1.,2.),
(0.,0.003),.UNSPECIFIED.);
#110=B_SPLINE_SURFACE_WITH_KNOTS('',2,1,((#6374,#6375),(#6376,#6377),(#6378,
#6379),(#6380,#6381)),.UNSPECIFIED.,.F.,.F.,.F.,(3,1,3),(2,2),(-2.,-1.,
0.),(0.,0.003),.UNSPECIFIED.);
#111=B_SPLINE_SURFACE_WITH_KNOTS('',2,1,((#6396,#6397),(#6398,#6399),(#6400,
#6401),(#6402,#6403),(#6404,#6405)),.UNSPECIFIED.,.F.,.F.,.F.,(3,1,1,3),
(2,2),(-3.,-2.,-1.,0.),(0.,0.003),.UNSPECIFIED.);
#112=B_SPLINE_SURFACE_WITH_KNOTS('',2,1,((#6419,#6420),(#6421,#6422),(#6423,
#6424),(#6425,#6426)),.UNSPECIFIED.,.F.,.F.,.F.,(3,1,3),(2,2),(-2.,-1.,
0.),(0.,0.003),.UNSPECIFIED.);
#113=B_SPLINE_SURFACE_WITH_KNOTS('',2,1,((#6438,#6439),(#6440,#6441),(#6442,
#6443),(#6444,#6445)),.UNSPECIFIED.,.F.,.F.,.F.,(3,1,3),(2,2),(-2.,-1.,
0.),(0.,0.003),.UNSPECIFIED.);
#114=B_SPLINE_SURFACE_WITH_KNOTS('',2,1,((#6454,#6455),(#6456,#6457),(#6458,
#6459),(#6460,#6461),(#6462,#6463)),.UNSPECIFIED.,.F.,.F.,.F.,(3,1,1,3),
(2,2),(0.,1.,2.,3.),(0.,0.003),.UNSPECIFIED.);
#115=B_SPLINE_SURFACE_WITH_KNOTS('',2,1,((#6480,#6481),(#6482,#6483),(#6484,
#6485),(#6486,#6487),(#6488,#6489)),.UNSPECIFIED.,.F.,.F.,.F.,(3,1,1,3),
(2,2),(0.,1.,2.,3.),(0.,0.003),.UNSPECIFIED.);
#116=B_SPLINE_SURFACE_WITH_KNOTS('',2,1,((#6503,#6504),(#6505,#6506),(#6507,
#6508),(#6509,#6510),(#6511,#6512)),.UNSPECIFIED.,.F.,.F.,.F.,(3,1,1,3),
(2,2),(0.,1.,2.,3.),(0.,0.003),.UNSPECIFIED.);
#117=B_SPLINE_SURFACE_WITH_KNOTS('',2,1,((#6526,#6527),(#6528,#6529),(#6530,
#6531),(#6532,#6533)),.UNSPECIFIED.,.F.,.F.,.F.,(3,1,3),(2,2),(0.,1.,2.),
(0.,0.003),.UNSPECIFIED.);
#118=STYLED_ITEM('',(#7495),#125);
#119=STYLED_ITEM('',(#7495),#126);
#120=STYLED_ITEM('',(#7495),#127);
#121=STYLED_ITEM('',(#7495),#128);
#122=STYLED_ITEM('',(#7495),#129);
#123=STYLED_ITEM('',(#7495),#130);
#124=STYLED_ITEM('',(#7495),#131);
#125=MANIFOLD_SOLID_BREP('Solid1',#4411);
#126=MANIFOLD_SOLID_BREP('Solid2',#4412);
#127=MANIFOLD_SOLID_BREP('Solid3',#4413);
#128=MANIFOLD_SOLID_BREP('Solid4',#4414);
#129=MANIFOLD_SOLID_BREP('Solid5',#4415);
#130=MANIFOLD_SOLID_BREP('Solid5',#4416);
#131=MANIFOLD_SOLID_BREP('Solid5',#4417);
#132=PLANE('',#4440);
#133=PLANE('',#4444);
#134=PLANE('',#4448);
#135=PLANE('',#4449);
#136=PLANE('',#4450);
#137=PLANE('',#4454);
#138=PLANE('',#4455);
#139=PLANE('',#4459);
#140=PLANE('',#4460);
#141=PLANE('',#4461);
#142=PLANE('',#4465);
#143=PLANE('',#4466);
#144=PLANE('',#4467);
#145=PLANE('',#4468);
#146=PLANE('',#4469);
#147=PLANE('',#4470);
#148=PLANE('',#4471);
#149=PLANE('',#4472);
#150=PLANE('',#4473);
#151=PLANE('',#4474);
#152=PLANE('',#4475);
#153=PLANE('',#4476);
#154=PLANE('',#4477);
#155=PLANE('',#4478);
#156=PLANE('',#4479);
#157=PLANE('',#4480);
#158=PLANE('',#4481);
#159=PLANE('',#4482);
#160=PLANE('',#4483);
#161=PLANE('',#4484);
#162=PLANE('',#4485);
#163=PLANE('',#4486);
#164=PLANE('',#4487);
#165=PLANE('',#4488);
#166=PLANE('',#4489);
#167=PLANE('',#4490);
#168=PLANE('',#4491);
#169=PLANE('',#4492);
#170=PLANE('',#4493);
#171=PLANE('',#4494);
#172=PLANE('',#4495);
#173=PLANE('',#4496);
#174=PLANE('',#4497);
#175=PLANE('',#4498);
#176=PLANE('',#4499);
#177=PLANE('',#4500);
#178=PLANE('',#4501);
#179=PLANE('',#4502);
#180=PLANE('',#4503);
#181=PLANE('',#4504);
#182=PLANE('',#4505);
#183=PLANE('',#4506);
#184=PLANE('',#4510);
#185=PLANE('',#4512);
#186=PLANE('',#4516);
#187=PLANE('',#4518);
#188=PLANE('',#4522);
#189=PLANE('',#4524);
#190=PLANE('',#4528);
#191=PLANE('',#4530);
#192=PLANE('',#4535);
#193=PLANE('',#4536);
#194=PLANE('',#4537);
#195=PLANE('',#4538);
#196=PLANE('',#4539);
#197=PLANE('',#4540);
#198=PLANE('',#4543);
#199=PLANE('',#4546);
#200=PLANE('',#4547);
#201=PLANE('',#4548);
#202=PLANE('',#4549);
#203=PLANE('',#4552);
#204=PLANE('',#4553);
#205=PLANE('',#4554);
#206=PLANE('',#4557);
#207=PLANE('',#4558);
#208=PLANE('',#4559);
#209=PLANE('',#4562);
#210=PLANE('',#4563);
#211=PLANE('',#4564);
#212=PLANE('',#4565);
#213=PLANE('',#4566);
#214=PLANE('',#4567);
#215=PLANE('',#4568);
#216=PLANE('',#4569);
#217=PLANE('',#4570);
#218=PLANE('',#4571);
#219=PLANE('',#4572);
#220=PLANE('',#4573);
#221=PLANE('',#4574);
#222=PLANE('',#4575);
#223=PLANE('',#4576);
#224=PLANE('',#4577);
#225=PLANE('',#4578);
#226=PLANE('',#4579);
#227=PLANE('',#4580);
#228=PLANE('',#4581);
#229=PLANE('',#4582);
#230=PLANE('',#4583);
#231=PLANE('',#4584);
#232=PLANE('',#4585);
#233=PLANE('',#4586);
#234=PLANE('',#4587);
#235=PLANE('',#4588);
#236=PLANE('',#4589);
#237=PLANE('',#4590);
#238=PLANE('',#4591);
#239=PLANE('',#4592);
#240=PLANE('',#4593);
#241=PLANE('',#4594);
#242=PLANE('',#4597);
#243=PLANE('',#4599);
#244=PLANE('',#4601);
#245=PLANE('',#4602);
#246=PLANE('',#4604);
#247=PLANE('',#4606);
#248=PLANE('',#4610);
#249=PLANE('',#4612);
#250=PLANE('',#4615);
#251=PLANE('',#4616);
#252=PLANE('',#4619);
#253=PLANE('',#4626);
#254=PLANE('',#4657);
#255=PLANE('',#4658);
#256=PLANE('',#4659);
#257=PLANE('',#4660);
#258=PLANE('',#4661);
#259=PLANE('',#4662);
#260=PLANE('',#4663);
#261=PLANE('',#4664);
#262=PLANE('',#4671);
#263=PLANE('',#4676);
#264=PLANE('',#4677);
#265=PLANE('',#4680);
#266=PLANE('',#4681);
#267=PLANE('',#4710);
#268=PLANE('',#4711);
#269=PLANE('',#4712);
#270=PLANE('',#4713);
#271=PLANE('',#4714);
#272=PLANE('',#4715);
#273=PLANE('',#4716);
#274=PLANE('',#4717);
#275=PLANE('',#4724);
#276=PLANE('',#4727);
#277=PLANE('',#4728);
#278=PLANE('',#4731);
#279=PLANE('',#4733);
#280=PLANE('',#4763);
#281=PLANE('',#4764);
#282=PLANE('',#4765);
#283=PLANE('',#4766);
#284=PLANE('',#4767);
#285=PLANE('',#4768);
#286=PLANE('',#4769);
#287=PLANE('',#4770);
#288=PLANE('',#4777);
#289=PLANE('',#4781);
#290=PLANE('',#4784);
#291=PLANE('',#4785);
#292=PLANE('',#4787);
#293=FACE_OUTER_BOUND('',#542,.T.);
#294=FACE_OUTER_BOUND('',#543,.T.);
#295=FACE_OUTER_BOUND('',#544,.T.);
#296=FACE_OUTER_BOUND('',#545,.T.);
#297=FACE_OUTER_BOUND('',#546,.T.);
#298=FACE_OUTER_BOUND('',#547,.T.);
#299=FACE_OUTER_BOUND('',#548,.T.);
#300=FACE_OUTER_BOUND('',#549,.T.);
#301=FACE_OUTER_BOUND('',#550,.T.);
#302=FACE_OUTER_BOUND('',#551,.T.);
#303=FACE_OUTER_BOUND('',#552,.T.);
#304=FACE_OUTER_BOUND('',#553,.T.);
#305=FACE_OUTER_BOUND('',#554,.T.);
#306=FACE_OUTER_BOUND('',#555,.T.);
#307=FACE_OUTER_BOUND('',#556,.T.);
#308=FACE_OUTER_BOUND('',#557,.T.);
#309=FACE_OUTER_BOUND('',#558,.T.);
#310=FACE_OUTER_BOUND('',#559,.T.);
#311=FACE_OUTER_BOUND('',#560,.T.);
#312=FACE_OUTER_BOUND('',#561,.T.);
#313=FACE_OUTER_BOUND('',#562,.T.);
#314=FACE_OUTER_BOUND('',#563,.T.);
#315=FACE_OUTER_BOUND('',#564,.T.);
#316=FACE_OUTER_BOUND('',#565,.T.);
#317=FACE_OUTER_BOUND('',#566,.T.);
#318=FACE_OUTER_BOUND('',#567,.T.);
#319=FACE_OUTER_BOUND('',#568,.T.);
#320=FACE_OUTER_BOUND('',#569,.T.);
#321=FACE_OUTER_BOUND('',#570,.T.);
#322=FACE_OUTER_BOUND('',#571,.T.);
#323=FACE_OUTER_BOUND('',#572,.T.);
#324=FACE_OUTER_BOUND('',#573,.T.);
#325=FACE_OUTER_BOUND('',#574,.T.);
#326=FACE_OUTER_BOUND('',#575,.T.);
#327=FACE_OUTER_BOUND('',#576,.T.);
#328=FACE_OUTER_BOUND('',#577,.T.);
#329=FACE_OUTER_BOUND('',#578,.T.);
#330=FACE_OUTER_BOUND('',#579,.T.);
#331=FACE_OUTER_BOUND('',#580,.T.);
#332=FACE_OUTER_BOUND('',#581,.T.);
#333=FACE_OUTER_BOUND('',#582,.T.);
#334=FACE_OUTER_BOUND('',#583,.T.);
#335=FACE_OUTER_BOUND('',#584,.T.);
#336=FACE_OUTER_BOUND('',#585,.T.);
#337=FACE_OUTER_BOUND('',#586,.T.);
#338=FACE_OUTER_BOUND('',#587,.T.);
#339=FACE_OUTER_BOUND('',#588,.T.);
#340=FACE_OUTER_BOUND('',#589,.T.);
#341=FACE_OUTER_BOUND('',#590,.T.);
#342=FACE_OUTER_BOUND('',#591,.T.);
#343=FACE_OUTER_BOUND('',#592,.T.);
#344=FACE_OUTER_BOUND('',#593,.T.);
#345=FACE_OUTER_BOUND('',#595,.T.);
#346=FACE_OUTER_BOUND('',#596,.T.);
#347=FACE_OUTER_BOUND('',#597,.T.);
#348=FACE_OUTER_BOUND('',#598,.T.);
#349=FACE_OUTER_BOUND('',#599,.T.);
#350=FACE_OUTER_BOUND('',#600,.T.);
#351=FACE_OUTER_BOUND('',#601,.T.);
#352=FACE_OUTER_BOUND('',#602,.T.);
#353=FACE_OUTER_BOUND('',#603,.T.);
#354=FACE_OUTER_BOUND('',#605,.T.);
#355=FACE_OUTER_BOUND('',#606,.T.);
#356=FACE_OUTER_BOUND('',#607,.T.);
#357=FACE_OUTER_BOUND('',#608,.T.);
#358=FACE_OUTER_BOUND('',#609,.T.);
#359=FACE_OUTER_BOUND('',#610,.T.);
#360=FACE_OUTER_BOUND('',#611,.T.);
#361=FACE_OUTER_BOUND('',#612,.T.);
#362=FACE_OUTER_BOUND('',#613,.T.);
#363=FACE_OUTER_BOUND('',#614,.T.);
#364=FACE_OUTER_BOUND('',#615,.T.);
#365=FACE_OUTER_BOUND('',#616,.T.);
#366=FACE_OUTER_BOUND('',#621,.T.);
#367=FACE_OUTER_BOUND('',#622,.T.);
#368=FACE_OUTER_BOUND('',#623,.T.);
#369=FACE_OUTER_BOUND('',#624,.T.);
#370=FACE_OUTER_BOUND('',#625,.T.);
#371=FACE_OUTER_BOUND('',#626,.T.);
#372=FACE_OUTER_BOUND('',#627,.T.);
#373=FACE_OUTER_BOUND('',#628,.T.);
#374=FACE_OUTER_BOUND('',#629,.T.);
#375=FACE_OUTER_BOUND('',#630,.T.);
#376=FACE_OUTER_BOUND('',#631,.T.);
#377=FACE_OUTER_BOUND('',#632,.T.);
#378=FACE_OUTER_BOUND('',#633,.T.);
#379=FACE_OUTER_BOUND('',#634,.T.);
#380=FACE_OUTER_BOUND('',#635,.T.);
#381=FACE_OUTER_BOUND('',#636,.T.);
#382=FACE_OUTER_BOUND('',#637,.T.);
#383=FACE_OUTER_BOUND('',#638,.T.);
#384=FACE_OUTER_BOUND('',#639,.T.);
#385=FACE_OUTER_BOUND('',#640,.T.);
#386=FACE_OUTER_BOUND('',#641,.T.);
#387=FACE_OUTER_BOUND('',#642,.T.);
#388=FACE_OUTER_BOUND('',#643,.T.);
#389=FACE_OUTER_BOUND('',#644,.T.);
#390=FACE_OUTER_BOUND('',#645,.T.);
#391=FACE_OUTER_BOUND('',#646,.T.);
#392=FACE_OUTER_BOUND('',#647,.T.);
#393=FACE_OUTER_BOUND('',#648,.T.);
#394=FACE_OUTER_BOUND('',#649,.T.);
#395=FACE_OUTER_BOUND('',#650,.T.);
#396=FACE_OUTER_BOUND('',#651,.T.);
#397=FACE_OUTER_BOUND('',#652,.T.);
#398=FACE_OUTER_BOUND('',#653,.T.);
#399=FACE_OUTER_BOUND('',#654,.T.);
#400=FACE_OUTER_BOUND('',#655,.T.);
#401=FACE_OUTER_BOUND('',#656,.T.);
#402=FACE_OUTER_BOUND('',#657,.T.);
#403=FACE_OUTER_BOUND('',#658,.T.);
#404=FACE_OUTER_BOUND('',#659,.T.);
#405=FACE_OUTER_BOUND('',#660,.T.);
#406=FACE_OUTER_BOUND('',#661,.T.);
#407=FACE_OUTER_BOUND('',#662,.T.);
#408=FACE_OUTER_BOUND('',#663,.T.);
#409=FACE_OUTER_BOUND('',#664,.T.);
#410=FACE_OUTER_BOUND('',#665,.T.);
#411=FACE_OUTER_BOUND('',#666,.T.);
#412=FACE_OUTER_BOUND('',#667,.T.);
#413=FACE_OUTER_BOUND('',#668,.T.);
#414=FACE_OUTER_BOUND('',#669,.T.);
#415=FACE_OUTER_BOUND('',#670,.T.);
#416=FACE_OUTER_BOUND('',#671,.T.);
#417=FACE_OUTER_BOUND('',#672,.T.);
#418=FACE_OUTER_BOUND('',#673,.T.);
#419=FACE_OUTER_BOUND('',#674,.T.);
#420=FACE_OUTER_BOUND('',#675,.T.);
#421=FACE_OUTER_BOUND('',#676,.T.);
#422=FACE_OUTER_BOUND('',#677,.T.);
#423=FACE_OUTER_BOUND('',#678,.T.);
#424=FACE_OUTER_BOUND('',#679,.T.);
#425=FACE_OUTER_BOUND('',#681,.T.);
#426=FACE_OUTER_BOUND('',#683,.T.);
#427=FACE_OUTER_BOUND('',#684,.T.);
#428=FACE_OUTER_BOUND('',#685,.T.);
#429=FACE_OUTER_BOUND('',#686,.T.);
#430=FACE_OUTER_BOUND('',#687,.T.);
#431=FACE_OUTER_BOUND('',#688,.T.);
#432=FACE_OUTER_BOUND('',#689,.T.);
#433=FACE_OUTER_BOUND('',#690,.T.);
#434=FACE_OUTER_BOUND('',#691,.T.);
#435=FACE_OUTER_BOUND('',#692,.T.);
#436=FACE_OUTER_BOUND('',#693,.T.);
#437=FACE_OUTER_BOUND('',#694,.T.);
#438=FACE_OUTER_BOUND('',#695,.T.);
#439=FACE_OUTER_BOUND('',#696,.T.);
#440=FACE_OUTER_BOUND('',#697,.T.);
#441=FACE_OUTER_BOUND('',#698,.T.);
#442=FACE_OUTER_BOUND('',#699,.T.);
#443=FACE_OUTER_BOUND('',#700,.T.);
#444=FACE_OUTER_BOUND('',#701,.T.);
#445=FACE_OUTER_BOUND('',#703,.T.);
#446=FACE_OUTER_BOUND('',#704,.T.);
#447=FACE_OUTER_BOUND('',#705,.T.);
#448=FACE_OUTER_BOUND('',#706,.T.);
#449=FACE_OUTER_BOUND('',#707,.T.);
#450=FACE_OUTER_BOUND('',#708,.T.);
#451=FACE_OUTER_BOUND('',#710,.T.);
#452=FACE_OUTER_BOUND('',#711,.T.);
#453=FACE_OUTER_BOUND('',#712,.T.);
#454=FACE_OUTER_BOUND('',#713,.T.);
#455=FACE_OUTER_BOUND('',#714,.T.);
#456=FACE_OUTER_BOUND('',#715,.T.);
#457=FACE_OUTER_BOUND('',#716,.T.);
#458=FACE_OUTER_BOUND('',#717,.T.);
#459=FACE_OUTER_BOUND('',#718,.T.);
#460=FACE_OUTER_BOUND('',#719,.T.);
#461=FACE_OUTER_BOUND('',#720,.T.);
#462=FACE_OUTER_BOUND('',#721,.T.);
#463=FACE_OUTER_BOUND('',#722,.T.);
#464=FACE_OUTER_BOUND('',#723,.T.);
#465=FACE_OUTER_BOUND('',#724,.T.);
#466=FACE_OUTER_BOUND('',#725,.T.);
#467=FACE_OUTER_BOUND('',#726,.T.);
#468=FACE_OUTER_BOUND('',#727,.T.);
#469=FACE_OUTER_BOUND('',#728,.T.);
#470=FACE_OUTER_BOUND('',#729,.T.);
#471=FACE_OUTER_BOUND('',#731,.T.);
#472=FACE_OUTER_BOUND('',#732,.T.);
#473=FACE_OUTER_BOUND('',#733,.T.);
#474=FACE_OUTER_BOUND('',#734,.T.);
#475=FACE_OUTER_BOUND('',#736,.T.);
#476=FACE_OUTER_BOUND('',#737,.T.);
#477=FACE_OUTER_BOUND('',#738,.T.);
#478=FACE_OUTER_BOUND('',#739,.T.);
#479=FACE_OUTER_BOUND('',#740,.T.);
#480=FACE_OUTER_BOUND('',#741,.T.);
#481=FACE_OUTER_BOUND('',#742,.T.);
#482=FACE_OUTER_BOUND('',#743,.T.);
#483=FACE_OUTER_BOUND('',#745,.T.);
#484=FACE_OUTER_BOUND('',#746,.T.);
#485=FACE_OUTER_BOUND('',#747,.T.);
#486=FACE_OUTER_BOUND('',#748,.T.);
#487=FACE_OUTER_BOUND('',#749,.T.);
#488=FACE_OUTER_BOUND('',#750,.T.);
#489=FACE_OUTER_BOUND('',#751,.T.);
#490=FACE_OUTER_BOUND('',#752,.T.);
#491=FACE_OUTER_BOUND('',#753,.T.);
#492=FACE_OUTER_BOUND('',#754,.T.);
#493=FACE_OUTER_BOUND('',#755,.T.);
#494=FACE_OUTER_BOUND('',#756,.T.);
#495=FACE_OUTER_BOUND('',#757,.T.);
#496=FACE_OUTER_BOUND('',#758,.T.);
#497=FACE_OUTER_BOUND('',#759,.T.);
#498=FACE_OUTER_BOUND('',#760,.T.);
#499=FACE_OUTER_BOUND('',#761,.T.);
#500=FACE_OUTER_BOUND('',#763,.T.);
#501=FACE_OUTER_BOUND('',#764,.T.);
#502=FACE_OUTER_BOUND('',#765,.T.);
#503=FACE_OUTER_BOUND('',#766,.T.);
#504=FACE_OUTER_BOUND('',#768,.T.);
#505=FACE_OUTER_BOUND('',#769,.T.);
#506=FACE_OUTER_BOUND('',#770,.T.);
#507=FACE_OUTER_BOUND('',#771,.T.);
#508=FACE_OUTER_BOUND('',#772,.T.);
#509=FACE_OUTER_BOUND('',#774,.T.);
#510=FACE_OUTER_BOUND('',#775,.T.);
#511=FACE_OUTER_BOUND('',#776,.T.);
#512=FACE_OUTER_BOUND('',#777,.T.);
#513=FACE_OUTER_BOUND('',#778,.T.);
#514=FACE_OUTER_BOUND('',#779,.T.);
#515=FACE_OUTER_BOUND('',#780,.T.);
#516=FACE_OUTER_BOUND('',#781,.T.);
#517=FACE_OUTER_BOUND('',#782,.T.);
#518=FACE_OUTER_BOUND('',#783,.T.);
#519=FACE_OUTER_BOUND('',#784,.T.);
#520=FACE_OUTER_BOUND('',#785,.T.);
#521=FACE_OUTER_BOUND('',#786,.T.);
#522=FACE_OUTER_BOUND('',#787,.T.);
#523=FACE_OUTER_BOUND('',#788,.T.);
#524=FACE_OUTER_BOUND('',#789,.T.);
#525=FACE_OUTER_BOUND('',#790,.T.);
#526=FACE_OUTER_BOUND('',#791,.T.);
#527=FACE_OUTER_BOUND('',#792,.T.);
#528=FACE_OUTER_BOUND('',#793,.T.);
#529=FACE_OUTER_BOUND('',#795,.T.);
#530=FACE_OUTER_BOUND('',#796,.T.);
#531=FACE_OUTER_BOUND('',#797,.T.);
#532=FACE_OUTER_BOUND('',#798,.T.);
#533=FACE_OUTER_BOUND('',#800,.T.);
#534=FACE_OUTER_BOUND('',#801,.T.);
#535=FACE_OUTER_BOUND('',#803,.T.);
#536=FACE_OUTER_BOUND('',#804,.T.);
#537=FACE_OUTER_BOUND('',#805,.T.);
#538=FACE_OUTER_BOUND('',#806,.T.);
#539=FACE_OUTER_BOUND('',#807,.T.);
#540=FACE_OUTER_BOUND('',#808,.T.);
#541=FACE_OUTER_BOUND('',#809,.T.);
#542=EDGE_LOOP('',(#2864,#2865,#2866,#2867));
#543=EDGE_LOOP('',(#2868,#2869,#2870,#2871,#2872,#2873,#2874,#2875,#2876,
#2877,#2878,#2879));
#544=EDGE_LOOP('',(#2880,#2881,#2882,#2883));
#545=EDGE_LOOP('',(#2884,#2885,#2886,#2887));
#546=EDGE_LOOP('',(#2888,#2889,#2890,#2891));
#547=EDGE_LOOP('',(#2892,#2893,#2894,#2895));
#548=EDGE_LOOP('',(#2896,#2897,#2898,#2899));
#549=EDGE_LOOP('',(#2900,#2901,#2902,#2903));
#550=EDGE_LOOP('',(#2904,#2905,#2906,#2907));
#551=EDGE_LOOP('',(#2908,#2909,#2910,#2911));
#552=EDGE_LOOP('',(#2912,#2913,#2914,#2915));
#553=EDGE_LOOP('',(#2916,#2917,#2918,#2919));
#554=EDGE_LOOP('',(#2920,#2921,#2922,#2923));
#555=EDGE_LOOP('',(#2924,#2925,#2926,#2927));
#556=EDGE_LOOP('',(#2928,#2929,#2930,#2931));
#557=EDGE_LOOP('',(#2932,#2933,#2934,#2935));
#558=EDGE_LOOP('',(#2936,#2937,#2938,#2939));
#559=EDGE_LOOP('',(#2940,#2941,#2942,#2943));
#560=EDGE_LOOP('',(#2944,#2945,#2946,#2947));
#561=EDGE_LOOP('',(#2948,#2949,#2950,#2951,#2952,#2953,#2954,#2955,#2956,
#2957,#2958,#2959));
#562=EDGE_LOOP('',(#2960,#2961,#2962,#2963,#2964,#2965,#2966,#2967,#2968,
#2969,#2970,#2971,#2972,#2973,#2974,#2975,#2976,#2977,#2978,#2979,#2980,
#2981,#2982,#2983,#2984,#2985,#2986,#2987));
#563=EDGE_LOOP('',(#2988,#2989,#2990,#2991));
#564=EDGE_LOOP('',(#2992,#2993,#2994,#2995,#2996));
#565=EDGE_LOOP('',(#2997,#2998,#2999,#3000,#3001));
#566=EDGE_LOOP('',(#3002,#3003,#3004,#3005));
#567=EDGE_LOOP('',(#3006,#3007,#3008,#3009));
#568=EDGE_LOOP('',(#3010,#3011,#3012,#3013));
#569=EDGE_LOOP('',(#3014,#3015,#3016,#3017,#3018));
#570=EDGE_LOOP('',(#3019,#3020,#3021,#3022,#3023,#3024,#3025,#3026,#3027,
#3028,#3029,#3030));
#571=EDGE_LOOP('',(#3031,#3032,#3033,#3034,#3035));
#572=EDGE_LOOP('',(#3036,#3037,#3038,#3039));
#573=EDGE_LOOP('',(#3040,#3041,#3042,#3043));
#574=EDGE_LOOP('',(#3044,#3045,#3046,#3047));
#575=EDGE_LOOP('',(#3048,#3049,#3050,#3051));
#576=EDGE_LOOP('',(#3052,#3053,#3054,#3055));
#577=EDGE_LOOP('',(#3056,#3057,#3058,#3059));
#578=EDGE_LOOP('',(#3060,#3061,#3062,#3063));
#579=EDGE_LOOP('',(#3064,#3065,#3066,#3067));
#580=EDGE_LOOP('',(#3068,#3069,#3070,#3071));
#581=EDGE_LOOP('',(#3072,#3073,#3074,#3075));
#582=EDGE_LOOP('',(#3076,#3077,#3078,#3079));
#583=EDGE_LOOP('',(#3080,#3081,#3082,#3083));
#584=EDGE_LOOP('',(#3084,#3085,#3086,#3087,#3088,#3089,#3090,#3091,#3092,
#3093));
#585=EDGE_LOOP('',(#3094,#3095,#3096,#3097));
#586=EDGE_LOOP('',(#3098,#3099,#3100,#3101));
#587=EDGE_LOOP('',(#3102,#3103,#3104,#3105));
#588=EDGE_LOOP('',(#3106,#3107,#3108,#3109));
#589=EDGE_LOOP('',(#3110,#3111,#3112,#3113));
#590=EDGE_LOOP('',(#3114,#3115,#3116,#3117));
#591=EDGE_LOOP('',(#3118,#3119,#3120,#3121));
#592=EDGE_LOOP('',(#3122,#3123,#3124,#3125));
#593=EDGE_LOOP('',(#3126,#3127,#3128,#3129));
#594=EDGE_LOOP('',(#3130,#3131,#3132,#3133));
#595=EDGE_LOOP('',(#3134,#3135,#3136,#3137));
#596=EDGE_LOOP('',(#3138,#3139,#3140,#3141));
#597=EDGE_LOOP('',(#3142,#3143,#3144,#3145));
#598=EDGE_LOOP('',(#3146,#3147,#3148,#3149));
#599=EDGE_LOOP('',(#3150,#3151,#3152,#3153));
#600=EDGE_LOOP('',(#3154,#3155,#3156,#3157));
#601=EDGE_LOOP('',(#3158,#3159,#3160,#3161));
#602=EDGE_LOOP('',(#3162,#3163,#3164,#3165));
#603=EDGE_LOOP('',(#3166,#3167,#3168,#3169));
#604=EDGE_LOOP('',(#3170,#3171,#3172,#3173));
#605=EDGE_LOOP('',(#3174,#3175,#3176,#3177));
#606=EDGE_LOOP('',(#3178,#3179,#3180,#3181));
#607=EDGE_LOOP('',(#3182,#3183,#3184,#3185));
#608=EDGE_LOOP('',(#3186,#3187,#3188,#3189));
#609=EDGE_LOOP('',(#3190,#3191,#3192,#3193));
#610=EDGE_LOOP('',(#3194,#3195,#3196,#3197));
#611=EDGE_LOOP('',(#3198,#3199,#3200,#3201));
#612=EDGE_LOOP('',(#3202,#3203,#3204,#3205));
#613=EDGE_LOOP('',(#3206,#3207,#3208,#3209));
#614=EDGE_LOOP('',(#3210,#3211,#3212,#3213));
#615=EDGE_LOOP('',(#3214,#3215,#3216,#3217,#3218,#3219,#3220,#3221,#3222,
#3223));
#616=EDGE_LOOP('',(#3224,#3225,#3226,#3227,#3228,#3229,#3230,#3231,#3232,
#3233,#3234,#3235));
#617=EDGE_LOOP('',(#3236,#3237,#3238,#3239,#3240,#3241,#3242,#3243,#3244,
#3245));
#618=EDGE_LOOP('',(#3246,#3247,#3248,#3249));
#619=EDGE_LOOP('',(#3250,#3251,#3252,#3253));
#620=EDGE_LOOP('',(#3254,#3255,#3256,#3257,#3258,#3259,#3260,#3261,#3262,
#3263));
#621=EDGE_LOOP('',(#3264,#3265,#3266,#3267));
#622=EDGE_LOOP('',(#3268,#3269,#3270,#3271));
#623=EDGE_LOOP('',(#3272,#3273,#3274,#3275));
#624=EDGE_LOOP('',(#3276,#3277,#3278,#3279,#3280,#3281));
#625=EDGE_LOOP('',(#3282,#3283,#3284,#3285));
#626=EDGE_LOOP('',(#3286,#3287,#3288,#3289));
#627=EDGE_LOOP('',(#3290,#3291,#3292,#3293,#3294,#3295));
#628=EDGE_LOOP('',(#3296,#3297,#3298,#3299));
#629=EDGE_LOOP('',(#3300,#3301,#3302,#3303));
#630=EDGE_LOOP('',(#3304,#3305,#3306,#3307,#3308,#3309));
#631=EDGE_LOOP('',(#3310,#3311,#3312,#3313));
#632=EDGE_LOOP('',(#3314,#3315,#3316,#3317));
#633=EDGE_LOOP('',(#3318,#3319,#3320,#3321,#3322,#3323));
#634=EDGE_LOOP('',(#3324,#3325,#3326,#3327));
#635=EDGE_LOOP('',(#3328,#3329,#3330,#3331));
#636=EDGE_LOOP('',(#3332,#3333,#3334,#3335));
#637=EDGE_LOOP('',(#3336,#3337,#3338,#3339));
#638=EDGE_LOOP('',(#3340,#3341,#3342,#3343));
#639=EDGE_LOOP('',(#3344,#3345,#3346,#3347));
#640=EDGE_LOOP('',(#3348,#3349,#3350,#3351));
#641=EDGE_LOOP('',(#3352,#3353,#3354,#3355,#3356,#3357));
#642=EDGE_LOOP('',(#3358,#3359,#3360,#3361));
#643=EDGE_LOOP('',(#3362,#3363,#3364,#3365,#3366,#3367));
#644=EDGE_LOOP('',(#3368,#3369,#3370,#3371));
#645=EDGE_LOOP('',(#3372,#3373,#3374,#3375,#3376,#3377));
#646=EDGE_LOOP('',(#3378,#3379,#3380,#3381,#3382,#3383));
#647=EDGE_LOOP('',(#3384,#3385,#3386,#3387));
#648=EDGE_LOOP('',(#3388,#3389,#3390,#3391,#3392,#3393));
#649=EDGE_LOOP('',(#3394,#3395,#3396,#3397));
#650=EDGE_LOOP('',(#3398,#3399,#3400,#3401));
#651=EDGE_LOOP('',(#3402,#3403,#3404,#3405,#3406,#3407));
#652=EDGE_LOOP('',(#3408,#3409,#3410,#3411));
#653=EDGE_LOOP('',(#3412,#3413,#3414,#3415));
#654=EDGE_LOOP('',(#3416,#3417,#3418,#3419,#3420,#3421));
#655=EDGE_LOOP('',(#3422,#3423,#3424,#3425));
#656=EDGE_LOOP('',(#3426,#3427,#3428,#3429));
#657=EDGE_LOOP('',(#3430,#3431,#3432,#3433));
#658=EDGE_LOOP('',(#3434,#3435,#3436,#3437));
#659=EDGE_LOOP('',(#3438,#3439,#3440,#3441));
#660=EDGE_LOOP('',(#3442,#3443,#3444,#3445));
#661=EDGE_LOOP('',(#3446,#3447,#3448,#3449));
#662=EDGE_LOOP('',(#3450,#3451,#3452,#3453));
#663=EDGE_LOOP('',(#3454,#3455,#3456,#3457));
#664=EDGE_LOOP('',(#3458,#3459,#3460,#3461));
#665=EDGE_LOOP('',(#3462,#3463,#3464,#3465));
#666=EDGE_LOOP('',(#3466,#3467,#3468,#3469));
#667=EDGE_LOOP('',(#3470,#3471,#3472,#3473));
#668=EDGE_LOOP('',(#3474,#3475,#3476,#3477));
#669=EDGE_LOOP('',(#3478,#3479,#3480,#3481));
#670=EDGE_LOOP('',(#3482,#3483,#3484,#3485));
#671=EDGE_LOOP('',(#3486,#3487,#3488,#3489));
#672=EDGE_LOOP('',(#3490,#3491,#3492,#3493));
#673=EDGE_LOOP('',(#3494,#3495,#3496,#3497));
#674=EDGE_LOOP('',(#3498,#3499,#3500,#3501));
#675=EDGE_LOOP('',(#3502,#3503,#3504,#3505));
#676=EDGE_LOOP('',(#3506,#3507,#3508,#3509));
#677=EDGE_LOOP('',(#3510,#3511,#3512,#3513));
#678=EDGE_LOOP('',(#3514,#3515,#3516,#3517));
#679=EDGE_LOOP('',(#3518,#3519,#3520,#3521,#3522,#3523,#3524,#3525,#3526,
#3527,#3528,#3529));
#680=EDGE_LOOP('',(#3530,#3531,#3532,#3533,#3534,#3535,#3536,#3537,#3538,
#3539,#3540,#3541));
#681=EDGE_LOOP('',(#3542,#3543,#3544,#3545,#3546,#3547,#3548,#3549,#3550,
#3551,#3552,#3553));
#682=EDGE_LOOP('',(#3554,#3555,#3556,#3557,#3558,#3559,#3560,#3561,#3562,
#3563,#3564,#3565));
#683=EDGE_LOOP('',(#3566,#3567,#3568,#3569));
#684=EDGE_LOOP('',(#3570,#3571,#3572,#3573));
#685=EDGE_LOOP('',(#3574,#3575,#3576,#3577));
#686=EDGE_LOOP('',(#3578,#3579,#3580,#3581));
#687=EDGE_LOOP('',(#3582,#3583,#3584,#3585));
#688=EDGE_LOOP('',(#3586,#3587,#3588,#3589));
#689=EDGE_LOOP('',(#3590,#3591,#3592,#3593,#3594,#3595));
#690=EDGE_LOOP('',(#3596,#3597,#3598,#3599,#3600,#3601,#3602,#3603,#3604,
#3605,#3606,#3607));
#691=EDGE_LOOP('',(#3608,#3609,#3610,#3611));
#692=EDGE_LOOP('',(#3612,#3613,#3614,#3615,#3616,#3617,#3618,#3619));
#693=EDGE_LOOP('',(#3620,#3621,#3622,#3623));
#694=EDGE_LOOP('',(#3624,#3625,#3626,#3627));
#695=EDGE_LOOP('',(#3628,#3629,#3630,#3631,#3632,#3633,#3634,#3635));
#696=EDGE_LOOP('',(#3636,#3637,#3638,#3639));
#697=EDGE_LOOP('',(#3640,#3641,#3642,#3643,#3644,#3645,#3646,#3647));
#698=EDGE_LOOP('',(#3648,#3649,#3650,#3651));
#699=EDGE_LOOP('',(#3652,#3653,#3654,#3655,#3656,#3657,#3658,#3659));
#700=EDGE_LOOP('',(#3660,#3661,#3662,#3663));
#701=EDGE_LOOP('',(#3664,#3665,#3666,#3667));
#702=EDGE_LOOP('',(#3668));
#703=EDGE_LOOP('',(#3669,#3670,#3671,#3672,#3673));
#704=EDGE_LOOP('',(#3674,#3675,#3676,#3677));
#705=EDGE_LOOP('',(#3678,#3679,#3680,#3681,#3682));
#706=EDGE_LOOP('',(#3683,#3684,#3685,#3686));
#707=EDGE_LOOP('',(#3687,#3688,#3689,#3690));
#708=EDGE_LOOP('',(#3691,#3692,#3693,#3694));
#709=EDGE_LOOP('',(#3695));
#710=EDGE_LOOP('',(#3696,#3697,#3698,#3699));
#711=EDGE_LOOP('',(#3700,#3701,#3702,#3703,#3704));
#712=EDGE_LOOP('',(#3705));
#713=EDGE_LOOP('',(#3706,#3707,#3708,#3709));
#714=EDGE_LOOP('',(#3710,#3711,#3712));
#715=EDGE_LOOP('',(#3713,#3714,#3715,#3716));
#716=EDGE_LOOP('',(#3717,#3718,#3719));
#717=EDGE_LOOP('',(#3720,#3721,#3722,#3723));
#718=EDGE_LOOP('',(#3724,#3725,#3726,#3727));
#719=EDGE_LOOP('',(#3728,#3729,#3730));
#720=EDGE_LOOP('',(#3731,#3732,#3733,#3734));
#721=EDGE_LOOP('',(#3735,#3736,#3737));
#722=EDGE_LOOP('',(#3738,#3739,#3740,#3741));
#723=EDGE_LOOP('',(#3742,#3743,#3744,#3745));
#724=EDGE_LOOP('',(#3746,#3747,#3748,#3749));
#725=EDGE_LOOP('',(#3750,#3751,#3752,#3753));
#726=EDGE_LOOP('',(#3754,#3755,#3756,#3757));
#727=EDGE_LOOP('',(#3758,#3759,#3760,#3761));
#728=EDGE_LOOP('',(#3762,#3763,#3764,#3765,#3766,#3767,#3768,#3769));
#729=EDGE_LOOP('',(#3770,#3771,#3772,#3773));
#730=EDGE_LOOP('',(#3774,#3775,#3776,#3777));
#731=EDGE_LOOP('',(#3778,#3779,#3780,#3781));
#732=EDGE_LOOP('',(#3782,#3783,#3784,#3785));
#733=EDGE_LOOP('',(#3786,#3787,#3788,#3789));
#734=EDGE_LOOP('',(#3790,#3791,#3792,#3793,#3794,#3795));
#735=EDGE_LOOP('',(#3796,#3797,#3798,#3799));
#736=EDGE_LOOP('',(#3800,#3801,#3802,#3803));
#737=EDGE_LOOP('',(#3804,#3805,#3806,#3807));
#738=EDGE_LOOP('',(#3808,#3809,#3810,#3811));
#739=EDGE_LOOP('',(#3812,#3813,#3814,#3815));
#740=EDGE_LOOP('',(#3816,#3817,#3818,#3819));
#741=EDGE_LOOP('',(#3820,#3821,#3822,#3823));
#742=EDGE_LOOP('',(#3824,#3825,#3826,#3827));
#743=EDGE_LOOP('',(#3828,#3829,#3830,#3831,#3832,#3833));
#744=EDGE_LOOP('',(#3834,#3835,#3836,#3837));
#745=EDGE_LOOP('',(#3838,#3839,#3840,#3841));
#746=EDGE_LOOP('',(#3842,#3843,#3844));
#747=EDGE_LOOP('',(#3845,#3846,#3847,#3848));
#748=EDGE_LOOP('',(#3849,#3850,#3851));
#749=EDGE_LOOP('',(#3852,#3853,#3854,#3855));
#750=EDGE_LOOP('',(#3856,#3857,#3858,#3859));
#751=EDGE_LOOP('',(#3860,#3861,#3862));
#752=EDGE_LOOP('',(#3863,#3864,#3865,#3866));
#753=EDGE_LOOP('',(#3867,#3868,#3869));
#754=EDGE_LOOP('',(#3870,#3871,#3872,#3873));
#755=EDGE_LOOP('',(#3874,#3875,#3876,#3877));
#756=EDGE_LOOP('',(#3878,#3879,#3880,#3881));
#757=EDGE_LOOP('',(#3882,#3883,#3884,#3885));
#758=EDGE_LOOP('',(#3886,#3887,#3888,#3889));
#759=EDGE_LOOP('',(#3890,#3891,#3892,#3893));
#760=EDGE_LOOP('',(#3894,#3895,#3896,#3897,#3898,#3899,#3900,#3901));
#761=EDGE_LOOP('',(#3902,#3903,#3904,#3905));
#762=EDGE_LOOP('',(#3906,#3907,#3908,#3909));
#763=EDGE_LOOP('',(#3910,#3911,#3912,#3913));
#764=EDGE_LOOP('',(#3914,#3915,#3916,#3917));
#765=EDGE_LOOP('',(#3918,#3919,#3920,#3921));
#766=EDGE_LOOP('',(#3922,#3923,#3924,#3925,#3926,#3927));
#767=EDGE_LOOP('',(#3928,#3929,#3930,#3931));
#768=EDGE_LOOP('',(#3932,#3933,#3934,#3935));
#769=EDGE_LOOP('',(#3936,#3937,#3938,#3939));
#770=EDGE_LOOP('',(#3940,#3941,#3942,#3943));
#771=EDGE_LOOP('',(#3944,#3945,#3946,#3947));
#772=EDGE_LOOP('',(#3948,#3949,#3950,#3951,#3952,#3953));
#773=EDGE_LOOP('',(#3954,#3955,#3956,#3957));
#774=EDGE_LOOP('',(#3958,#3959,#3960,#3961));
#775=EDGE_LOOP('',(#3962,#3963,#3964,#3965));
#776=EDGE_LOOP('',(#3966,#3967,#3968,#3969));
#777=EDGE_LOOP('',(#3970,#3971,#3972,#3973));
#778=EDGE_LOOP('',(#3974,#3975,#3976));
#779=EDGE_LOOP('',(#3977,#3978,#3979,#3980));
#780=EDGE_LOOP('',(#3981,#3982,#3983));
#781=EDGE_LOOP('',(#3984,#3985,#3986,#3987));
#782=EDGE_LOOP('',(#3988,#3989,#3990,#3991));
#783=EDGE_LOOP('',(#3992,#3993,#3994));
#784=EDGE_LOOP('',(#3995,#3996,#3997,#3998));
#785=EDGE_LOOP('',(#3999,#4000,#4001));
#786=EDGE_LOOP('',(#4002,#4003,#4004,#4005));
#787=EDGE_LOOP('',(#4006,#4007,#4008,#4009));
#788=EDGE_LOOP('',(#4010,#4011,#4012,#4013));
#789=EDGE_LOOP('',(#4014,#4015,#4016,#4017));
#790=EDGE_LOOP('',(#4018,#4019,#4020,#4021));
#791=EDGE_LOOP('',(#4022,#4023,#4024,#4025));
#792=EDGE_LOOP('',(#4026,#4027,#4028,#4029,#4030,#4031,#4032,#4033));
#793=EDGE_LOOP('',(#4034,#4035,#4036,#4037));
#794=EDGE_LOOP('',(#4038,#4039,#4040,#4041));
#795=EDGE_LOOP('',(#4042,#4043,#4044,#4045));
#796=EDGE_LOOP('',(#4046,#4047,#4048,#4049));
#797=EDGE_LOOP('',(#4050,#4051,#4052,#4053));
#798=EDGE_LOOP('',(#4054,#4055,#4056,#4057,#4058,#4059));
#799=EDGE_LOOP('',(#4060,#4061,#4062,#4063));
#800=EDGE_LOOP('',(#4064,#4065,#4066,#4067));
#801=EDGE_LOOP('',(#4068,#4069,#4070,#4071,#4072,#4073));
#802=EDGE_LOOP('',(#4074,#4075,#4076,#4077));
#803=EDGE_LOOP('',(#4078,#4079,#4080,#4081));
#804=EDGE_LOOP('',(#4082,#4083,#4084,#4085));
#805=EDGE_LOOP('',(#4086,#4087,#4088,#4089));
#806=EDGE_LOOP('',(#4090,#4091,#4092,#4093));
#807=EDGE_LOOP('',(#4094,#4095,#4096,#4097));
#808=EDGE_LOOP('',(#4098,#4099,#4100,#4101));
#809=EDGE_LOOP('',(#4102,#4103,#4104,#4105));
#810=LINE('',#5967,#1279);
#811=LINE('',#5970,#1280);
#812=LINE('',#5973,#1281);
#813=LINE('',#5975,#1282);
#814=LINE('',#5977,#1283);
#815=LINE('',#5979,#1284);
#816=LINE('',#5981,#1285);
#817=LINE('',#5983,#1286);
#818=LINE('',#5985,#1287);
#819=LINE('',#5987,#1288);
#820=LINE('',#5989,#1289);
#821=LINE('',#5991,#1290);
#822=LINE('',#5992,#1291);
#823=LINE('',#5998,#1292);
#824=LINE('',#6002,#1293);
#825=LINE('',#6004,#1294);
#826=LINE('',#6006,#1295);
#827=LINE('',#6007,#1296);
#828=LINE('',#6013,#1297);
#829=LINE('',#6016,#1298);
#830=LINE('',#6018,#1299);
#831=LINE('',#6019,#1300);
#832=LINE('',#6021,#1301);
#833=LINE('',#6025,#1302);
#834=LINE('',#6027,#1303);
#835=LINE('',#6029,#1304);
#836=LINE('',#6030,#1305);
#837=LINE('',#6036,#1306);
#838=LINE('',#6039,#1307);
#839=LINE('',#6041,#1308);
#840=LINE('',#6042,#1309);
#841=LINE('',#6044,#1310);
#842=LINE('',#6050,#1311);
#843=LINE('',#6053,#1312);
#844=LINE('',#6056,#1313);
#845=LINE('',#6058,#1314);
#846=LINE('',#6059,#1315);
#847=LINE('',#6062,#1316);
#848=LINE('',#6064,#1317);
#849=LINE('',#6065,#1318);
#850=LINE('',#6067,#1319);
#851=LINE('',#6073,#1320);
#852=LINE('',#6076,#1321);
#853=LINE('',#6079,#1322);
#854=LINE('',#6081,#1323);
#855=LINE('',#6082,#1324);
#856=LINE('',#6085,#1325);
#857=LINE('',#6087,#1326);
#858=LINE('',#6088,#1327);
#859=LINE('',#6090,#1328);
#860=LINE('',#6093,#1329);
#861=LINE('',#6094,#1330);
#862=LINE('',#6095,#1331);
#863=LINE('',#6097,#1332);
#864=LINE('',#6098,#1333);
#865=LINE('',#6101,#1334);
#866=LINE('',#6103,#1335);
#867=LINE('',#6105,#1336);
#868=LINE('',#6107,#1337);
#869=LINE('',#6109,#1338);
#870=LINE('',#6110,#1339);
#871=LINE('',#6112,#1340);
#872=LINE('',#6114,#1341);
#873=LINE('',#6116,#1342);
#874=LINE('',#6118,#1343);
#875=LINE('',#6120,#1344);
#876=LINE('',#6121,#1345);
#877=LINE('',#6122,#1346);
#878=LINE('',#6124,#1347);
#879=LINE('',#6125,#1348);
#880=LINE('',#6128,#1349);
#881=LINE('',#6130,#1350);
#882=LINE('',#6132,#1351);
#883=LINE('',#6134,#1352);
#884=LINE('',#6136,#1353);
#885=LINE('',#6138,#1354);
#886=LINE('',#6140,#1355);
#887=LINE('',#6142,#1356);
#888=LINE('',#6147,#1357);
#889=LINE('',#6149,#1358);
#890=LINE('',#6151,#1359);
#891=LINE('',#6152,#1360);
#892=LINE('',#6155,#1361);
#893=LINE('',#6157,#1362);
#894=LINE('',#6158,#1363);
#895=LINE('',#6161,#1364);
#896=LINE('',#6163,#1365);
#897=LINE('',#6164,#1366);
#898=LINE('',#6167,#1367);
#899=LINE('',#6169,#1368);
#900=LINE('',#6170,#1369);
#901=LINE('',#6173,#1370);
#902=LINE('',#6175,#1371);
#903=LINE('',#6176,#1372);
#904=LINE('',#6179,#1373);
#905=LINE('',#6181,#1374);
#906=LINE('',#6182,#1375);
#907=LINE('',#6185,#1376);
#908=LINE('',#6187,#1377);
#909=LINE('',#6188,#1378);
#910=LINE('',#6191,#1379);
#911=LINE('',#6193,#1380);
#912=LINE('',#6194,#1381);
#913=LINE('',#6197,#1382);
#914=LINE('',#6199,#1383);
#915=LINE('',#6200,#1384);
#916=LINE('',#6202,#1385);
#917=LINE('',#6203,#1386);
#918=LINE('',#6220,#1387);
#919=LINE('',#6226,#1388);
#920=LINE('',#6249,#1389);
#921=LINE('',#6268,#1390);
#922=LINE('',#6303,#1391);
#923=LINE('',#6310,#1392);
#924=LINE('',#6328,#1393);
#925=LINE('',#6351,#1394);
#926=LINE('',#6389,#1395);
#927=LINE('',#6395,#1396);
#928=LINE('',#6418,#1397);
#929=LINE('',#6437,#1398);
#930=LINE('',#6472,#1399);
#931=LINE('',#6479,#1400);
#932=LINE('',#6497,#1401);
#933=LINE('',#6520,#1402);
#934=LINE('',#6546,#1403);
#935=LINE('',#6548,#1404);
#936=LINE('',#6550,#1405);
#937=LINE('',#6551,#1406);
#938=LINE('',#6554,#1407);
#939=LINE('',#6556,#1408);
#940=LINE('',#6557,#1409);
#941=LINE('',#6560,#1410);
#942=LINE('',#6562,#1411);
#943=LINE('',#6563,#1412);
#944=LINE('',#6566,#1413);
#945=LINE('',#6568,#1414);
#946=LINE('',#6569,#1415);
#947=LINE('',#6572,#1416);
#948=LINE('',#6574,#1417);
#949=LINE('',#6575,#1418);
#950=LINE('',#6578,#1419);
#951=LINE('',#6580,#1420);
#952=LINE('',#6581,#1421);
#953=LINE('',#6584,#1422);
#954=LINE('',#6586,#1423);
#955=LINE('',#6587,#1424);
#956=LINE('',#6590,#1425);
#957=LINE('',#6592,#1426);
#958=LINE('',#6593,#1427);
#959=LINE('',#6596,#1428);
#960=LINE('',#6598,#1429);
#961=LINE('',#6599,#1430);
#962=LINE('',#6601,#1431);
#963=LINE('',#6602,#1432);
#964=LINE('',#6607,#1433);
#965=LINE('',#6609,#1434);
#966=LINE('',#6611,#1435);
#967=LINE('',#6613,#1436);
#968=LINE('',#6615,#1437);
#969=LINE('',#6617,#1438);
#970=LINE('',#6619,#1439);
#971=LINE('',#6621,#1440);
#972=LINE('',#6623,#1441);
#973=LINE('',#6625,#1442);
#974=LINE('',#6627,#1443);
#975=LINE('',#6628,#1444);
#976=LINE('',#6635,#1445);
#977=LINE('',#6638,#1446);
#978=LINE('',#6641,#1447);
#979=LINE('',#6644,#1448);
#980=LINE('',#6646,#1449);
#981=LINE('',#6647,#1450);
#982=LINE('',#6653,#1451);
#983=LINE('',#6656,#1452);
#984=LINE('',#6659,#1453);
#985=LINE('',#6662,#1454);
#986=LINE('',#6665,#1455);
#987=LINE('',#6667,#1456);
#988=LINE('',#6669,#1457);
#989=LINE('',#6670,#1458);
#990=LINE('',#6676,#1459);
#991=LINE('',#6679,#1460);
#992=LINE('',#6682,#1461);
#993=LINE('',#6685,#1462);
#994=LINE('',#6688,#1463);
#995=LINE('',#6690,#1464);
#996=LINE('',#6692,#1465);
#997=LINE('',#6693,#1466);
#998=LINE('',#6698,#1467);
#999=LINE('',#6702,#1468);
#1000=LINE('',#6705,#1469);
#1001=LINE('',#6708,#1470);
#1002=LINE('',#6710,#1471);
#1003=LINE('',#6711,#1472);
#1004=LINE('',#6715,#1473);
#1005=LINE('',#6719,#1474);
#1006=LINE('',#6723,#1475);
#1007=LINE('',#6725,#1476);
#1008=LINE('',#6727,#1477);
#1009=LINE('',#6728,#1478);
#1010=LINE('',#6731,#1479);
#1011=LINE('',#6733,#1480);
#1012=LINE('',#6734,#1481);
#1013=LINE('',#6737,#1482);
#1014=LINE('',#6739,#1483);
#1015=LINE('',#6740,#1484);
#1016=LINE('',#6743,#1485);
#1017=LINE('',#6744,#1486);
#1018=LINE('',#6747,#1487);
#1019=LINE('',#6748,#1488);
#1020=LINE('',#6751,#1489);
#1021=LINE('',#6752,#1490);
#1022=LINE('',#6753,#1491);
#1023=LINE('',#6758,#1492);
#1024=LINE('',#6759,#1493);
#1025=LINE('',#6760,#1494);
#1026=LINE('',#6765,#1495);
#1027=LINE('',#6766,#1496);
#1028=LINE('',#6768,#1497);
#1029=LINE('',#6771,#1498);
#1030=LINE('',#6772,#1499);
#1031=LINE('',#6775,#1500);
#1032=LINE('',#6779,#1501);
#1033=LINE('',#6782,#1502);
#1034=LINE('',#6784,#1503);
#1035=LINE('',#6789,#1504);
#1036=LINE('',#6792,#1505);
#1037=LINE('',#6794,#1506);
#1038=LINE('',#6796,#1507);
#1039=LINE('',#6799,#1508);
#1040=LINE('',#6803,#1509);
#1041=LINE('',#6806,#1510);
#1042=LINE('',#6810,#1511);
#1043=LINE('',#6812,#1512);
#1044=LINE('',#6814,#1513);
#1045=LINE('',#6815,#1514);
#1046=LINE('',#6818,#1515);
#1047=LINE('',#6820,#1516);
#1048=LINE('',#6821,#1517);
#1049=LINE('',#6824,#1518);
#1050=LINE('',#6826,#1519);
#1051=LINE('',#6827,#1520);
#1052=LINE('',#6830,#1521);
#1053=LINE('',#6832,#1522);
#1054=LINE('',#6833,#1523);
#1055=LINE('',#6836,#1524);
#1056=LINE('',#6838,#1525);
#1057=LINE('',#6839,#1526);
#1058=LINE('',#6842,#1527);
#1059=LINE('',#6844,#1528);
#1060=LINE('',#6845,#1529);
#1061=LINE('',#6848,#1530);
#1062=LINE('',#6850,#1531);
#1063=LINE('',#6851,#1532);
#1064=LINE('',#6854,#1533);
#1065=LINE('',#6856,#1534);
#1066=LINE('',#6857,#1535);
#1067=LINE('',#6860,#1536);
#1068=LINE('',#6862,#1537);
#1069=LINE('',#6863,#1538);
#1070=LINE('',#6866,#1539);
#1071=LINE('',#6868,#1540);
#1072=LINE('',#6869,#1541);
#1073=LINE('',#6872,#1542);
#1074=LINE('',#6874,#1543);
#1075=LINE('',#6875,#1544);
#1076=LINE('',#6877,#1545);
#1077=LINE('',#6878,#1546);
#1078=LINE('',#6882,#1547);
#1079=LINE('',#6884,#1548);
#1080=LINE('',#6886,#1549);
#1081=LINE('',#6887,#1550);
#1082=LINE('',#6890,#1551);
#1083=LINE('',#6892,#1552);
#1084=LINE('',#6893,#1553);
#1085=LINE('',#6896,#1554);
#1086=LINE('',#6898,#1555);
#1087=LINE('',#6899,#1556);
#1088=LINE('',#6902,#1557);
#1089=LINE('',#6904,#1558);
#1090=LINE('',#6905,#1559);
#1091=LINE('',#6908,#1560);
#1092=LINE('',#6910,#1561);
#1093=LINE('',#6911,#1562);
#1094=LINE('',#6914,#1563);
#1095=LINE('',#6916,#1564);
#1096=LINE('',#6917,#1565);
#1097=LINE('',#6920,#1566);
#1098=LINE('',#6922,#1567);
#1099=LINE('',#6923,#1568);
#1100=LINE('',#6926,#1569);
#1101=LINE('',#6928,#1570);
#1102=LINE('',#6929,#1571);
#1103=LINE('',#6932,#1572);
#1104=LINE('',#6934,#1573);
#1105=LINE('',#6935,#1574);
#1106=LINE('',#6938,#1575);
#1107=LINE('',#6940,#1576);
#1108=LINE('',#6941,#1577);
#1109=LINE('',#6944,#1578);
#1110=LINE('',#6946,#1579);
#1111=LINE('',#6947,#1580);
#1112=LINE('',#6949,#1581);
#1113=LINE('',#6950,#1582);
#1114=LINE('',#6954,#1583);
#1115=LINE('',#6955,#1584);
#1116=LINE('',#6959,#1585);
#1117=LINE('',#6960,#1586);
#1118=LINE('',#6961,#1587);
#1119=LINE('',#6965,#1588);
#1120=LINE('',#6966,#1589);
#1121=LINE('',#6967,#1590);
#1122=LINE('',#6969,#1591);
#1123=LINE('',#6970,#1592);
#1124=LINE('',#6974,#1593);
#1125=LINE('',#6975,#1594);
#1126=LINE('',#6976,#1595);
#1127=LINE('',#6980,#1596);
#1128=LINE('',#6982,#1597);
#1129=LINE('',#6984,#1598);
#1130=LINE('',#6985,#1599);
#1131=LINE('',#6987,#1600);
#1132=LINE('',#6988,#1601);
#1133=LINE('',#6993,#1602);
#1134=LINE('',#6996,#1603);
#1135=LINE('',#6998,#1604);
#1136=LINE('',#7002,#1605);
#1137=LINE('',#7004,#1606);
#1138=LINE('',#7006,#1607);
#1139=LINE('',#7008,#1608);
#1140=LINE('',#7025,#1609);
#1141=LINE('',#7027,#1610);
#1142=LINE('',#7028,#1611);
#1143=LINE('',#7033,#1612);
#1144=LINE('',#7035,#1613);
#1145=LINE('',#7036,#1614);
#1146=LINE('',#7040,#1615);
#1147=LINE('',#7043,#1616);
#1148=LINE('',#7045,#1617);
#1149=LINE('',#7046,#1618);
#1150=LINE('',#7048,#1619);
#1151=LINE('',#7056,#1620);
#1152=LINE('',#7060,#1621);
#1153=LINE('',#7079,#1622);
#1154=LINE('',#7080,#1623);
#1155=LINE('',#7092,#1624);
#1156=LINE('',#7093,#1625);
#1157=LINE('',#7095,#1626);
#1158=LINE('',#7096,#1627);
#1159=LINE('',#7108,#1628);
#1160=LINE('',#7109,#1629);
#1161=LINE('',#7121,#1630);
#1162=LINE('',#7122,#1631);
#1163=LINE('',#7124,#1632);
#1164=LINE('',#7125,#1633);
#1165=LINE('',#7127,#1634);
#1166=LINE('',#7128,#1635);
#1167=LINE('',#7130,#1636);
#1168=LINE('',#7131,#1637);
#1169=LINE('',#7133,#1638);
#1170=LINE('',#7135,#1639);
#1171=LINE('',#7137,#1640);
#1172=LINE('',#7138,#1641);
#1173=LINE('',#7142,#1642);
#1174=LINE('',#7144,#1643);
#1175=LINE('',#7146,#1644);
#1176=LINE('',#7147,#1645);
#1177=LINE('',#7152,#1646);
#1178=LINE('',#7154,#1647);
#1179=LINE('',#7155,#1648);
#1180=LINE('',#7158,#1649);
#1181=LINE('',#7162,#1650);
#1182=LINE('',#7168,#1651);
#1183=LINE('',#7171,#1652);
#1184=LINE('',#7174,#1653);
#1185=LINE('',#7177,#1654);
#1186=LINE('',#7180,#1655);
#1187=LINE('',#7181,#1656);
#1188=LINE('',#7186,#1657);
#1189=LINE('',#7189,#1658);
#1190=LINE('',#7192,#1659);
#1191=LINE('',#7193,#1660);
#1192=LINE('',#7196,#1661);
#1193=LINE('',#7197,#1662);
#1194=LINE('',#7201,#1663);
#1195=LINE('',#7214,#1664);
#1196=LINE('',#7215,#1665);
#1197=LINE('',#7227,#1666);
#1198=LINE('',#7228,#1667);
#1199=LINE('',#7230,#1668);
#1200=LINE('',#7231,#1669);
#1201=LINE('',#7243,#1670);
#1202=LINE('',#7244,#1671);
#1203=LINE('',#7256,#1672);
#1204=LINE('',#7257,#1673);
#1205=LINE('',#7259,#1674);
#1206=LINE('',#7260,#1675);
#1207=LINE('',#7262,#1676);
#1208=LINE('',#7263,#1677);
#1209=LINE('',#7265,#1678);
#1210=LINE('',#7266,#1679);
#1211=LINE('',#7268,#1680);
#1212=LINE('',#7270,#1681);
#1213=LINE('',#7272,#1682);
#1214=LINE('',#7273,#1683);
#1215=LINE('',#7277,#1684);
#1216=LINE('',#7279,#1685);
#1217=LINE('',#7281,#1686);
#1218=LINE('',#7282,#1687);
#1219=LINE('',#7287,#1688);
#1220=LINE('',#7289,#1689);
#1221=LINE('',#7290,#1690);
#1222=LINE('',#7293,#1691);
#1223=LINE('',#7297,#1692);
#1224=LINE('',#7303,#1693);
#1225=LINE('',#7306,#1694);
#1226=LINE('',#7310,#1695);
#1227=LINE('',#7313,#1696);
#1228=LINE('',#7314,#1697);
#1229=LINE('',#7317,#1698);
#1230=LINE('',#7320,#1699);
#1231=LINE('',#7326,#1700);
#1232=LINE('',#7329,#1701);
#1233=LINE('',#7331,#1702);
#1234=LINE('',#7332,#1703);
#1235=LINE('',#7334,#1704);
#1236=LINE('',#7336,#1705);
#1237=LINE('',#7349,#1706);
#1238=LINE('',#7350,#1707);
#1239=LINE('',#7362,#1708);
#1240=LINE('',#7363,#1709);
#1241=LINE('',#7365,#1710);
#1242=LINE('',#7366,#1711);
#1243=LINE('',#7378,#1712);
#1244=LINE('',#7379,#1713);
#1245=LINE('',#7391,#1714);
#1246=LINE('',#7392,#1715);
#1247=LINE('',#7394,#1716);
#1248=LINE('',#7395,#1717);
#1249=LINE('',#7397,#1718);
#1250=LINE('',#7398,#1719);
#1251=LINE('',#7400,#1720);
#1252=LINE('',#7401,#1721);
#1253=LINE('',#7403,#1722);
#1254=LINE('',#7405,#1723);
#1255=LINE('',#7407,#1724);
#1256=LINE('',#7408,#1725);
#1257=LINE('',#7412,#1726);
#1258=LINE('',#7414,#1727);
#1259=LINE('',#7416,#1728);
#1260=LINE('',#7417,#1729);
#1261=LINE('',#7422,#1730);
#1262=LINE('',#7424,#1731);
#1263=LINE('',#7425,#1732);
#1264=LINE('',#7428,#1733);
#1265=LINE('',#7432,#1734);
#1266=LINE('',#7438,#1735);
#1267=LINE('',#7441,#1736);
#1268=LINE('',#7445,#1737);
#1269=LINE('',#7448,#1738);
#1270=LINE('',#7451,#1739);
#1271=LINE('',#7456,#1740);
#1272=LINE('',#7459,#1741);
#1273=LINE('',#7461,#1742);
#1274=LINE('',#7463,#1743);
#1275=LINE('',#7465,#1744);
#1276=LINE('',#7466,#1745);
#1277=LINE('',#7468,#1746);
#1278=LINE('',#7470,#1747);
#1279=VECTOR('',#4794,0.393700787401575);
#1280=VECTOR('',#4797,0.393700787401575);
#1281=VECTOR('',#4800,0.393700787401575);
#1282=VECTOR('',#4801,0.393700787401575);
#1283=VECTOR('',#4802,0.393700787401575);
#1284=VECTOR('',#4803,0.393700787401575);
#1285=VECTOR('',#4804,0.393700787401575);
#1286=VECTOR('',#4805,0.393700787401575);
#1287=VECTOR('',#4806,0.393700787401575);
#1288=VECTOR('',#4807,0.393700787401575);
#1289=VECTOR('',#4808,0.393700787401575);
#1290=VECTOR('',#4809,0.393700787401575);
#1291=VECTOR('',#4810,0.393700787401575);
#1292=VECTOR('',#4817,0.393700787401575);
#1293=VECTOR('',#4820,0.393700787401575);
#1294=VECTOR('',#4821,0.393700787401575);
#1295=VECTOR('',#4822,0.393700787401575);
#1296=VECTOR('',#4823,0.393700787401575);
#1297=VECTOR('',#4830,0.393700787401575);
#1298=VECTOR('',#4833,0.393700787401575);
#1299=VECTOR('',#4834,0.393700787401575);
#1300=VECTOR('',#4835,0.393700787401575);
#1301=VECTOR('',#4838,0.393700787401575);
#1302=VECTOR('',#4841,0.393700787401575);
#1303=VECTOR('',#4842,0.393700787401575);
#1304=VECTOR('',#4843,0.393700787401575);
#1305=VECTOR('',#4844,0.393700787401575);
#1306=VECTOR('',#4851,0.393700787401575);
#1307=VECTOR('',#4854,0.393700787401575);
#1308=VECTOR('',#4855,0.393700787401575);
#1309=VECTOR('',#4856,0.393700787401575);
#1310=VECTOR('',#4859,0.393700787401575);
#1311=VECTOR('',#4864,0.393700787401575);
#1312=VECTOR('',#4867,0.393700787401575);
#1313=VECTOR('',#4870,0.393700787401575);
#1314=VECTOR('',#4871,0.393700787401575);
#1315=VECTOR('',#4872,0.393700787401575);
#1316=VECTOR('',#4875,0.393700787401575);
#1317=VECTOR('',#4876,0.393700787401575);
#1318=VECTOR('',#4877,0.393700787401575);
#1319=VECTOR('',#4880,0.393700787401575);
#1320=VECTOR('',#4885,0.393700787401575);
#1321=VECTOR('',#4888,0.393700787401575);
#1322=VECTOR('',#4891,0.393700787401575);
#1323=VECTOR('',#4892,0.393700787401575);
#1324=VECTOR('',#4893,0.393700787401575);
#1325=VECTOR('',#4896,0.393700787401575);
#1326=VECTOR('',#4897,0.393700787401575);
#1327=VECTOR('',#4898,0.393700787401575);
#1328=VECTOR('',#4901,0.393700787401575);
#1329=VECTOR('',#4904,0.393700787401575);
#1330=VECTOR('',#4905,0.393700787401575);
#1331=VECTOR('',#4906,0.393700787401575);
#1332=VECTOR('',#4907,0.393700787401575);
#1333=VECTOR('',#4908,0.393700787401575);
#1334=VECTOR('',#4911,0.393700787401575);
#1335=VECTOR('',#4912,0.393700787401575);
#1336=VECTOR('',#4913,0.393700787401575);
#1337=VECTOR('',#4914,0.393700787401575);
#1338=VECTOR('',#4915,0.393700787401575);
#1339=VECTOR('',#4916,0.393700787401575);
#1340=VECTOR('',#4917,0.393700787401575);
#1341=VECTOR('',#4918,0.393700787401575);
#1342=VECTOR('',#4919,0.393700787401575);
#1343=VECTOR('',#4920,0.393700787401575);
#1344=VECTOR('',#4921,0.393700787401575);
#1345=VECTOR('',#4922,0.393700787401575);
#1346=VECTOR('',#4923,0.393700787401575);
#1347=VECTOR('',#4926,0.393700787401575);
#1348=VECTOR('',#4927,0.393700787401575);
#1349=VECTOR('',#4932,0.393700787401575);
#1350=VECTOR('',#4935,0.393700787401575);
#1351=VECTOR('',#4938,0.393700787401575);
#1352=VECTOR('',#4941,0.393700787401575);
#1353=VECTOR('',#4944,0.393700787401575);
#1354=VECTOR('',#4947,0.393700787401575);
#1355=VECTOR('',#4950,0.393700787401575);
#1356=VECTOR('',#4953,0.393700787401575);
#1357=VECTOR('',#4958,0.393700787401575);
#1358=VECTOR('',#4959,0.393700787401575);
#1359=VECTOR('',#4960,0.393700787401575);
#1360=VECTOR('',#4961,0.393700787401575);
#1361=VECTOR('',#4964,0.393700787401575);
#1362=VECTOR('',#4965,0.393700787401575);
#1363=VECTOR('',#4966,0.393700787401575);
#1364=VECTOR('',#4969,0.393700787401575);
#1365=VECTOR('',#4970,0.393700787401575);
#1366=VECTOR('',#4971,0.393700787401575);
#1367=VECTOR('',#4974,0.393700787401575);
#1368=VECTOR('',#4975,0.393700787401575);
#1369=VECTOR('',#4976,0.393700787401575);
#1370=VECTOR('',#4979,0.393700787401575);
#1371=VECTOR('',#4980,0.393700787401575);
#1372=VECTOR('',#4981,0.393700787401575);
#1373=VECTOR('',#4984,0.393700787401575);
#1374=VECTOR('',#4985,0.393700787401575);
#1375=VECTOR('',#4986,0.393700787401575);
#1376=VECTOR('',#4989,0.393700787401575);
#1377=VECTOR('',#4990,0.393700787401575);
#1378=VECTOR('',#4991,0.393700787401575);
#1379=VECTOR('',#4994,0.393700787401575);
#1380=VECTOR('',#4995,0.393700787401575);
#1381=VECTOR('',#4996,0.393700787401575);
#1382=VECTOR('',#4999,0.393700787401575);
#1383=VECTOR('',#5000,0.393700787401575);
#1384=VECTOR('',#5001,0.393700787401575);
#1385=VECTOR('',#5004,0.393700787401575);
#1386=VECTOR('',#5005,0.393700787401575);
#1387=VECTOR('',#5008,0.393700787401575);
#1388=VECTOR('',#5009,0.393700787401575);
#1389=VECTOR('',#5010,0.393700787401575);
#1390=VECTOR('',#5011,0.393700787401575);
#1391=VECTOR('',#5012,0.393700787401575);
#1392=VECTOR('',#5013,0.393700787401575);
#1393=VECTOR('',#5014,0.393700787401575);
#1394=VECTOR('',#5015,0.393700787401575);
#1395=VECTOR('',#5018,0.393700787401575);
#1396=VECTOR('',#5019,0.393700787401575);
#1397=VECTOR('',#5020,0.393700787401575);
#1398=VECTOR('',#5021,0.393700787401575);
#1399=VECTOR('',#5022,0.393700787401575);
#1400=VECTOR('',#5023,0.393700787401575);
#1401=VECTOR('',#5024,0.393700787401575);
#1402=VECTOR('',#5025,0.393700787401575);
#1403=VECTOR('',#5030,0.393700787401575);
#1404=VECTOR('',#5031,0.393700787401575);
#1405=VECTOR('',#5032,0.393700787401575);
#1406=VECTOR('',#5033,0.393700787401575);
#1407=VECTOR('',#5036,0.393700787401575);
#1408=VECTOR('',#5037,0.393700787401575);
#1409=VECTOR('',#5038,0.393700787401575);
#1410=VECTOR('',#5041,0.393700787401575);
#1411=VECTOR('',#5042,0.393700787401575);
#1412=VECTOR('',#5043,0.393700787401575);
#1413=VECTOR('',#5046,0.393700787401575);
#1414=VECTOR('',#5047,0.393700787401575);
#1415=VECTOR('',#5048,0.393700787401575);
#1416=VECTOR('',#5051,0.393700787401575);
#1417=VECTOR('',#5052,0.393700787401575);
#1418=VECTOR('',#5053,0.393700787401575);
#1419=VECTOR('',#5056,0.393700787401575);
#1420=VECTOR('',#5057,0.393700787401575);
#1421=VECTOR('',#5058,0.393700787401575);
#1422=VECTOR('',#5061,0.393700787401575);
#1423=VECTOR('',#5062,0.393700787401575);
#1424=VECTOR('',#5063,0.393700787401575);
#1425=VECTOR('',#5066,0.393700787401575);
#1426=VECTOR('',#5067,0.393700787401575);
#1427=VECTOR('',#5068,0.393700787401575);
#1428=VECTOR('',#5071,0.393700787401575);
#1429=VECTOR('',#5072,0.393700787401575);
#1430=VECTOR('',#5073,0.393700787401575);
#1431=VECTOR('',#5076,0.393700787401575);
#1432=VECTOR('',#5077,0.393700787401575);
#1433=VECTOR('',#5082,0.393700787401575);
#1434=VECTOR('',#5083,0.393700787401575);
#1435=VECTOR('',#5084,0.393700787401575);
#1436=VECTOR('',#5085,0.393700787401575);
#1437=VECTOR('',#5086,0.393700787401575);
#1438=VECTOR('',#5087,0.393700787401575);
#1439=VECTOR('',#5088,0.393700787401575);
#1440=VECTOR('',#5089,0.393700787401575);
#1441=VECTOR('',#5090,0.393700787401575);
#1442=VECTOR('',#5091,0.393700787401575);
#1443=VECTOR('',#5092,0.393700787401575);
#1444=VECTOR('',#5093,0.393700787401575);
#1445=VECTOR('',#5102,0.393700787401575);
#1446=VECTOR('',#5105,0.393700787401575);
#1447=VECTOR('',#5108,0.393700787401575);
#1448=VECTOR('',#5111,0.393700787401575);
#1449=VECTOR('',#5112,0.393700787401575);
#1450=VECTOR('',#5113,0.393700787401575);
#1451=VECTOR('',#5118,0.393700787401575);
#1452=VECTOR('',#5121,0.393700787401575);
#1453=VECTOR('',#5124,0.393700787401575);
#1454=VECTOR('',#5127,0.393700787401575);
#1455=VECTOR('',#5130,0.393700787401575);
#1456=VECTOR('',#5131,0.393700787401575);
#1457=VECTOR('',#5132,0.393700787401575);
#1458=VECTOR('',#5133,0.393700787401575);
#1459=VECTOR('',#5138,0.393700787401575);
#1460=VECTOR('',#5141,0.393700787401575);
#1461=VECTOR('',#5144,0.393700787401575);
#1462=VECTOR('',#5147,0.393700787401575);
#1463=VECTOR('',#5150,0.393700787401575);
#1464=VECTOR('',#5151,0.393700787401575);
#1465=VECTOR('',#5152,0.393700787401575);
#1466=VECTOR('',#5153,0.393700787401575);
#1467=VECTOR('',#5158,0.393700787401575);
#1468=VECTOR('',#5163,0.393700787401575);
#1469=VECTOR('',#5166,0.393700787401575);
#1470=VECTOR('',#5169,0.393700787401575);
#1471=VECTOR('',#5170,0.393700787401575);
#1472=VECTOR('',#5171,0.393700787401575);
#1473=VECTOR('',#5176,0.393700787401575);
#1474=VECTOR('',#5181,0.393700787401575);
#1475=VECTOR('',#5184,0.393700787401575);
#1476=VECTOR('',#5185,0.393700787401575);
#1477=VECTOR('',#5186,0.393700787401575);
#1478=VECTOR('',#5187,0.393700787401575);
#1479=VECTOR('',#5190,0.393700787401575);
#1480=VECTOR('',#5191,0.393700787401575);
#1481=VECTOR('',#5192,0.393700787401575);
#1482=VECTOR('',#5195,0.393700787401575);
#1483=VECTOR('',#5196,0.393700787401575);
#1484=VECTOR('',#5197,0.393700787401575);
#1485=VECTOR('',#5200,0.393700787401575);
#1486=VECTOR('',#5201,0.393700787401575);
#1487=VECTOR('',#5204,0.393700787401575);
#1488=VECTOR('',#5205,0.393700787401575);
#1489=VECTOR('',#5208,0.393700787401575);
#1490=VECTOR('',#5209,0.393700787401575);
#1491=VECTOR('',#5210,0.393700787401575);
#1492=VECTOR('',#5217,0.393700787401575);
#1493=VECTOR('',#5218,0.393700787401575);
#1494=VECTOR('',#5219,0.393700787401575);
#1495=VECTOR('',#5226,0.393700787401575);
#1496=VECTOR('',#5227,0.393700787401575);
#1497=VECTOR('',#5230,0.393700787401575);
#1498=VECTOR('',#5233,0.393700787401575);
#1499=VECTOR('',#5234,0.393700787401575);
#1500=VECTOR('',#5237,0.393700787401575);
#1501=VECTOR('',#5240,0.393700787401575);
#1502=VECTOR('',#5245,0.393700787401575);
#1503=VECTOR('',#5248,0.393700787401575);
#1504=VECTOR('',#5253,0.393700787401575);
#1505=VECTOR('',#5256,0.393700787401575);
#1506=VECTOR('',#5259,0.393700787401575);
#1507=VECTOR('',#5262,0.393700787401575);
#1508=VECTOR('',#5265,0.393700787401575);
#1509=VECTOR('',#5268,0.393700787401575);
#1510=VECTOR('',#5271,0.393700787401575);
#1511=VECTOR('',#5274,0.393700787401575);
#1512=VECTOR('',#5275,0.393700787401575);
#1513=VECTOR('',#5276,0.393700787401575);
#1514=VECTOR('',#5277,0.393700787401575);
#1515=VECTOR('',#5280,0.393700787401575);
#1516=VECTOR('',#5281,0.393700787401575);
#1517=VECTOR('',#5282,0.393700787401575);
#1518=VECTOR('',#5285,0.393700787401575);
#1519=VECTOR('',#5286,0.393700787401575);
#1520=VECTOR('',#5287,0.393700787401575);
#1521=VECTOR('',#5290,0.393700787401575);
#1522=VECTOR('',#5291,0.393700787401575);
#1523=VECTOR('',#5292,0.393700787401575);
#1524=VECTOR('',#5295,0.393700787401575);
#1525=VECTOR('',#5296,0.393700787401575);
#1526=VECTOR('',#5297,0.393700787401575);
#1527=VECTOR('',#5300,0.393700787401575);
#1528=VECTOR('',#5301,0.393700787401575);
#1529=VECTOR('',#5302,0.393700787401575);
#1530=VECTOR('',#5305,0.393700787401575);
#1531=VECTOR('',#5306,0.393700787401575);
#1532=VECTOR('',#5307,0.393700787401575);
#1533=VECTOR('',#5310,0.393700787401575);
#1534=VECTOR('',#5311,0.393700787401575);
#1535=VECTOR('',#5312,0.393700787401575);
#1536=VECTOR('',#5315,0.393700787401575);
#1537=VECTOR('',#5316,0.393700787401575);
#1538=VECTOR('',#5317,0.393700787401575);
#1539=VECTOR('',#5320,0.393700787401575);
#1540=VECTOR('',#5321,0.393700787401575);
#1541=VECTOR('',#5322,0.393700787401575);
#1542=VECTOR('',#5325,0.393700787401575);
#1543=VECTOR('',#5326,0.393700787401575);
#1544=VECTOR('',#5327,0.393700787401575);
#1545=VECTOR('',#5330,0.393700787401575);
#1546=VECTOR('',#5331,0.393700787401575);
#1547=VECTOR('',#5334,0.393700787401575);
#1548=VECTOR('',#5335,0.393700787401575);
#1549=VECTOR('',#5336,0.393700787401575);
#1550=VECTOR('',#5337,0.393700787401575);
#1551=VECTOR('',#5340,0.393700787401575);
#1552=VECTOR('',#5341,0.393700787401575);
#1553=VECTOR('',#5342,0.393700787401575);
#1554=VECTOR('',#5345,0.393700787401575);
#1555=VECTOR('',#5346,0.393700787401575);
#1556=VECTOR('',#5347,0.393700787401575);
#1557=VECTOR('',#5350,0.393700787401575);
#1558=VECTOR('',#5351,0.393700787401575);
#1559=VECTOR('',#5352,0.393700787401575);
#1560=VECTOR('',#5355,0.393700787401575);
#1561=VECTOR('',#5356,0.393700787401575);
#1562=VECTOR('',#5357,0.393700787401575);
#1563=VECTOR('',#5360,0.393700787401575);
#1564=VECTOR('',#5361,0.393700787401575);
#1565=VECTOR('',#5362,0.393700787401575);
#1566=VECTOR('',#5365,0.393700787401575);
#1567=VECTOR('',#5366,0.393700787401575);
#1568=VECTOR('',#5367,0.393700787401575);
#1569=VECTOR('',#5370,0.393700787401575);
#1570=VECTOR('',#5371,0.393700787401575);
#1571=VECTOR('',#5372,0.393700787401575);
#1572=VECTOR('',#5375,0.393700787401575);
#1573=VECTOR('',#5376,0.393700787401575);
#1574=VECTOR('',#5377,0.393700787401575);
#1575=VECTOR('',#5380,0.393700787401575);
#1576=VECTOR('',#5381,0.393700787401575);
#1577=VECTOR('',#5382,0.393700787401575);
#1578=VECTOR('',#5385,0.393700787401575);
#1579=VECTOR('',#5386,0.393700787401575);
#1580=VECTOR('',#5387,0.393700787401575);
#1581=VECTOR('',#5390,0.393700787401575);
#1582=VECTOR('',#5391,0.393700787401575);
#1583=VECTOR('',#5396,0.393700787401575);
#1584=VECTOR('',#5397,0.393700787401575);
#1585=VECTOR('',#5400,0.393700787401575);
#1586=VECTOR('',#5401,0.393700787401575);
#1587=VECTOR('',#5402,0.393700787401575);
#1588=VECTOR('',#5405,0.393700787401575);
#1589=VECTOR('',#5406,0.393700787401575);
#1590=VECTOR('',#5407,0.393700787401575);
#1591=VECTOR('',#5410,0.393700787401575);
#1592=VECTOR('',#5411,0.393700787401575);
#1593=VECTOR('',#5414,0.393700787401575);
#1594=VECTOR('',#5415,0.393700787401575);
#1595=VECTOR('',#5416,0.393700787401575);
#1596=VECTOR('',#5419,0.393700787401575);
#1597=VECTOR('',#5420,0.393700787401575);
#1598=VECTOR('',#5421,0.393700787401575);
#1599=VECTOR('',#5422,0.393700787401575);
#1600=VECTOR('',#5425,0.393700787401575);
#1601=VECTOR('',#5426,0.393700787401575);
#1602=VECTOR('',#5433,0.393700787401575);
#1603=VECTOR('',#5438,0.393700787401575);
#1604=VECTOR('',#5441,0.393700787401575);
#1605=VECTOR('',#5448,0.393700787401575);
#1606=VECTOR('',#5451,0.393700787401575);
#1607=VECTOR('',#5454,0.393700787401575);
#1608=VECTOR('',#5457,0.393700787401575);
#1609=VECTOR('',#5468,0.393700787401575);
#1610=VECTOR('',#5469,0.393700787401575);
#1611=VECTOR('',#5470,0.393700787401575);
#1612=VECTOR('',#5475,0.393700787401575);
#1613=VECTOR('',#5476,0.393700787401575);
#1614=VECTOR('',#5477,0.393700787401575);
#1615=VECTOR('',#5482,0.0846456692913386);
#1616=VECTOR('',#5485,0.393700787401575);
#1617=VECTOR('',#5486,0.393700787401575);
#1618=VECTOR('',#5487,0.393700787401575);
#1619=VECTOR('',#5490,0.393700787401575);
#1620=VECTOR('',#5501,0.0612794394451909);
#1621=VECTOR('',#5506,0.0442913385826772);
#1622=VECTOR('',#5529,0.393700787401575);
#1623=VECTOR('',#5530,0.393700787401575);
#1624=VECTOR('',#5543,0.393700787401575);
#1625=VECTOR('',#5544,0.393700787401575);
#1626=VECTOR('',#5547,0.393700787401575);
#1627=VECTOR('',#5548,0.393700787401575);
#1628=VECTOR('',#5561,0.393700787401575);
#1629=VECTOR('',#5562,0.393700787401575);
#1630=VECTOR('',#5575,0.393700787401575);
#1631=VECTOR('',#5576,0.393700787401575);
#1632=VECTOR('',#5579,0.393700787401575);
#1633=VECTOR('',#5580,0.393700787401575);
#1634=VECTOR('',#5583,0.393700787401575);
#1635=VECTOR('',#5584,0.393700787401575);
#1636=VECTOR('',#5587,0.393700787401575);
#1637=VECTOR('',#5588,0.393700787401575);
#1638=VECTOR('',#5591,0.393700787401575);
#1639=VECTOR('',#5594,0.393700787401575);
#1640=VECTOR('',#5597,0.393700787401575);
#1641=VECTOR('',#5598,0.393700787401575);
#1642=VECTOR('',#5601,0.393700787401575);
#1643=VECTOR('',#5602,0.393700787401575);
#1644=VECTOR('',#5603,0.393700787401575);
#1645=VECTOR('',#5604,0.393700787401575);
#1646=VECTOR('',#5611,0.393700787401575);
#1647=VECTOR('',#5612,0.393700787401575);
#1648=VECTOR('',#5613,0.393700787401575);
#1649=VECTOR('',#5616,0.393700787401575);
#1650=VECTOR('',#5619,0.393700787401575);
#1651=VECTOR('',#5624,0.393700787401575);
#1652=VECTOR('',#5627,0.393700787401575);
#1653=VECTOR('',#5630,0.393700787401575);
#1654=VECTOR('',#5633,0.393700787401575);
#1655=VECTOR('',#5636,0.393700787401575);
#1656=VECTOR('',#5637,0.393700787401575);
#1657=VECTOR('',#5644,0.393700787401575);
#1658=VECTOR('',#5647,0.393700787401575);
#1659=VECTOR('',#5650,0.393700787401575);
#1660=VECTOR('',#5651,0.393700787401575);
#1661=VECTOR('',#5654,0.393700787401575);
#1662=VECTOR('',#5655,0.393700787401575);
#1663=VECTOR('',#5662,0.393700787401575);
#1664=VECTOR('',#5677,0.393700787401575);
#1665=VECTOR('',#5678,0.393700787401575);
#1666=VECTOR('',#5691,0.393700787401575);
#1667=VECTOR('',#5692,0.393700787401575);
#1668=VECTOR('',#5695,0.393700787401575);
#1669=VECTOR('',#5696,0.393700787401575);
#1670=VECTOR('',#5709,0.393700787401575);
#1671=VECTOR('',#5710,0.393700787401575);
#1672=VECTOR('',#5723,0.393700787401575);
#1673=VECTOR('',#5724,0.393700787401575);
#1674=VECTOR('',#5727,0.393700787401575);
#1675=VECTOR('',#5728,0.393700787401575);
#1676=VECTOR('',#5731,0.393700787401575);
#1677=VECTOR('',#5732,0.393700787401575);
#1678=VECTOR('',#5735,0.393700787401575);
#1679=VECTOR('',#5736,0.393700787401575);
#1680=VECTOR('',#5739,0.393700787401575);
#1681=VECTOR('',#5742,0.393700787401575);
#1682=VECTOR('',#5745,0.393700787401575);
#1683=VECTOR('',#5746,0.393700787401575);
#1684=VECTOR('',#5749,0.393700787401575);
#1685=VECTOR('',#5750,0.393700787401575);
#1686=VECTOR('',#5751,0.393700787401575);
#1687=VECTOR('',#5752,0.393700787401575);
#1688=VECTOR('',#5759,0.393700787401575);
#1689=VECTOR('',#5760,0.393700787401575);
#1690=VECTOR('',#5761,0.393700787401575);
#1691=VECTOR('',#5764,0.393700787401575);
#1692=VECTOR('',#5767,0.393700787401575);
#1693=VECTOR('',#5772,0.393700787401575);
#1694=VECTOR('',#5775,0.393700787401575);
#1695=VECTOR('',#5780,0.393700787401575);
#1696=VECTOR('',#5783,0.393700787401575);
#1697=VECTOR('',#5784,0.393700787401575);
#1698=VECTOR('',#5787,0.393700787401575);
#1699=VECTOR('',#5792,0.393700787401575);
#1700=VECTOR('',#5797,0.393700787401575);
#1701=VECTOR('',#5800,0.393700787401575);
#1702=VECTOR('',#5803,0.393700787401575);
#1703=VECTOR('',#5804,0.393700787401575);
#1704=VECTOR('',#5807,0.393700787401575);
#1705=VECTOR('',#5810,0.393700787401575);
#1706=VECTOR('',#5825,0.393700787401575);
#1707=VECTOR('',#5826,0.393700787401575);
#1708=VECTOR('',#5839,0.393700787401575);
#1709=VECTOR('',#5840,0.393700787401575);
#1710=VECTOR('',#5843,0.393700787401575);
#1711=VECTOR('',#5844,0.393700787401575);
#1712=VECTOR('',#5857,0.393700787401575);
#1713=VECTOR('',#5858,0.393700787401575);
#1714=VECTOR('',#5871,0.393700787401575);
#1715=VECTOR('',#5872,0.393700787401575);
#1716=VECTOR('',#5875,0.393700787401575);
#1717=VECTOR('',#5876,0.393700787401575);
#1718=VECTOR('',#5879,0.393700787401575);
#1719=VECTOR('',#5880,0.393700787401575);
#1720=VECTOR('',#5883,0.393700787401575);
#1721=VECTOR('',#5884,0.393700787401575);
#1722=VECTOR('',#5887,0.393700787401575);
#1723=VECTOR('',#5890,0.393700787401575);
#1724=VECTOR('',#5893,0.393700787401575);
#1725=VECTOR('',#5894,0.393700787401575);
#1726=VECTOR('',#5897,0.393700787401575);
#1727=VECTOR('',#5898,0.393700787401575);
#1728=VECTOR('',#5899,0.393700787401575);
#1729=VECTOR('',#5900,0.393700787401575);
#1730=VECTOR('',#5907,0.393700787401575);
#1731=VECTOR('',#5908,0.393700787401575);
#1732=VECTOR('',#5909,0.393700787401575);
#1733=VECTOR('',#5912,0.393700787401575);
#1734=VECTOR('',#5915,0.393700787401575);
#1735=VECTOR('',#5920,0.393700787401575);
#1736=VECTOR('',#5923,0.393700787401575);
#1737=VECTOR('',#5928,0.393700787401575);
#1738=VECTOR('',#5931,0.393700787401575);
#1739=VECTOR('',#5934,0.393700787401575);
#1740=VECTOR('',#5937,0.393700787401575);
#1741=VECTOR('',#5940,0.393700787401575);
#1742=VECTOR('',#5943,0.393700787401575);
#1743=VECTOR('',#5946,0.393700787401575);
#1744=VECTOR('',#5949,0.393700787401575);
#1745=VECTOR('',#5950,0.393700787401575);
#1746=VECTOR('',#5953,0.393700787401575);
#1747=VECTOR('',#5956,0.393700787401575);
#1748=CIRCLE('',#4438,0.00984251968503937);
#1749=CIRCLE('',#4439,0.00984251968503937);
#1750=CIRCLE('',#4442,0.00984251968503937);
#1751=CIRCLE('',#4443,0.00984251968503937);
#1752=CIRCLE('',#4446,0.0277234080265106);
#1753=CIRCLE('',#4447,0.0277234080265106);
#1754=CIRCLE('',#4452,0.0277234080265106);
#1755=CIRCLE('',#4453,0.0277234080265106);
#1756=CIRCLE('',#4457,0.0277234080265106);
#1757=CIRCLE('',#4458,0.0277234080265106);
#1758=CIRCLE('',#4463,0.0277234080265106);
#1759=CIRCLE('',#4464,0.0277234080265106);
#1760=CIRCLE('',#4511,0.0277234080265106);
#1761=CIRCLE('',#4517,0.0277234080265106);
#1762=CIRCLE('',#4523,0.0277234080265106);
#1763=CIRCLE('',#4529,0.0277234080265106);
#1764=CIRCLE('',#4532,0.0277234080265106);
#1765=CIRCLE('',#4534,0.0277234080265106);
#1766=CIRCLE('',#4542,0.0277234080265106);
#1767=CIRCLE('',#4545,0.0277234080265106);
#1768=CIRCLE('',#4550,0.00354330708661411);
#1769=CIRCLE('',#4551,0.0236220472440945);
#1770=CIRCLE('',#4555,0.0236220472440945);
#1771=CIRCLE('',#4556,0.00354330708661411);
#1772=CIRCLE('',#4560,0.00354330708661424);
#1773=CIRCLE('',#4561,0.0236220472440945);
#1774=CIRCLE('',#4595,0.0236220472440945);
#1775=CIRCLE('',#4596,0.00354330708661424);
#1776=CIRCLE('',#4608,0.125);
#1777=CIRCLE('',#4609,0.107283464566929);
#1778=CIRCLE('',#4611,0.0846456692913386);
#1779=CIRCLE('',#4614,0.0846456692913386);
#1780=CIRCLE('',#4618,0.125);
#1781=CIRCLE('',#4621,0.0647216479708116);
#1782=CIRCLE('',#4622,0.0578372309195702);
#1783=CIRCLE('',#4624,0.0462475174073375);
#1784=CIRCLE('',#4625,0.0462475174073375);
#1785=CIRCLE('',#4628,0.0826771653543307);
#1786=CIRCLE('',#4630,0.015748031496063);
#1787=CIRCLE('',#4631,0.015748031496063);
#1788=CIRCLE('',#4632,0.015748031496063);
#1789=CIRCLE('',#4636,0.015748031496063);
#1790=CIRCLE('',#4637,0.015748031496063);
#1791=CIRCLE('',#4638,0.015748031496063);
#1792=CIRCLE('',#4643,0.015748031496063);
#1793=CIRCLE('',#4644,0.015748031496063);
#1794=CIRCLE('',#4645,0.015748031496063);
#1795=CIRCLE('',#4649,0.015748031496063);
#1796=CIRCLE('',#4650,0.015748031496063);
#1797=CIRCLE('',#4651,0.015748031496063);
#1798=CIRCLE('',#4665,0.031496062992126);
#1799=CIRCLE('',#4666,0.031496062992126);
#1800=CIRCLE('',#4667,0.0234251968503937);
#1801=CIRCLE('',#4668,0.0234251968503937);
#1802=CIRCLE('',#4670,0.031496062992126);
#1803=CIRCLE('',#4673,0.031496062992126);
#1804=CIRCLE('',#4675,0.0234251968503937);
#1805=CIRCLE('',#4679,0.0234251968503937);
#1806=CIRCLE('',#4683,0.015748031496063);
#1807=CIRCLE('',#4684,0.015748031496063);
#1808=CIRCLE('',#4685,0.015748031496063);
#1809=CIRCLE('',#4689,0.015748031496063);
#1810=CIRCLE('',#4690,0.015748031496063);
#1811=CIRCLE('',#4691,0.015748031496063);
#1812=CIRCLE('',#4696,0.015748031496063);
#1813=CIRCLE('',#4697,0.015748031496063);
#1814=CIRCLE('',#4698,0.015748031496063);
#1815=CIRCLE('',#4702,0.015748031496063);
#1816=CIRCLE('',#4703,0.015748031496063);
#1817=CIRCLE('',#4704,0.015748031496063);
#1818=CIRCLE('',#4718,0.031496062992126);
#1819=CIRCLE('',#4719,0.031496062992126);
#1820=CIRCLE('',#4720,0.0234251968503937);
#1821=CIRCLE('',#4721,0.0234251968503937);
#1822=CIRCLE('',#4723,0.031496062992126);
#1823=CIRCLE('',#4726,0.031496062992126);
#1824=CIRCLE('',#4729,0.0234251968503937);
#1825=CIRCLE('',#4730,0.0234251968503937);
#1826=CIRCLE('',#4736,0.015748031496063);
#1827=CIRCLE('',#4737,0.015748031496063);
#1828=CIRCLE('',#4738,0.015748031496063);
#1829=CIRCLE('',#4742,0.015748031496063);
#1830=CIRCLE('',#4743,0.015748031496063);
#1831=CIRCLE('',#4744,0.015748031496063);
#1832=CIRCLE('',#4749,0.015748031496063);
#1833=CIRCLE('',#4750,0.015748031496063);
#1834=CIRCLE('',#4751,0.015748031496063);
#1835=CIRCLE('',#4755,0.015748031496063);
#1836=CIRCLE('',#4756,0.015748031496063);
#1837=CIRCLE('',#4757,0.015748031496063);
#1838=CIRCLE('',#4771,0.031496062992126);
#1839=CIRCLE('',#4772,0.031496062992126);
#1840=CIRCLE('',#4773,0.0234251968503937);
#1841=CIRCLE('',#4774,0.0234251968503937);
#1842=CIRCLE('',#4776,0.031496062992126);
#1843=CIRCLE('',#4778,0.031496062992126);
#1844=CIRCLE('',#4779,0.0234251968503937);
#1845=CIRCLE('',#4780,0.0234251968503937);
#1846=VERTEX_POINT('',#5963);
#1847=VERTEX_POINT('',#5964);
#1848=VERTEX_POINT('',#5966);
#1849=VERTEX_POINT('',#5968);
#1850=VERTEX_POINT('',#5972);
#1851=VERTEX_POINT('',#5974);
#1852=VERTEX_POINT('',#5976);
#1853=VERTEX_POINT('',#5978);
#1854=VERTEX_POINT('',#5980);
#1855=VERTEX_POINT('',#5982);
#1856=VERTEX_POINT('',#5984);
#1857=VERTEX_POINT('',#5986);
#1858=VERTEX_POINT('',#5988);
#1859=VERTEX_POINT('',#5990);
#1860=VERTEX_POINT('',#5994);
#1861=VERTEX_POINT('',#5996);
#1862=VERTEX_POINT('',#6000);
#1863=VERTEX_POINT('',#6001);
#1864=VERTEX_POINT('',#6003);
#1865=VERTEX_POINT('',#6005);
#1866=VERTEX_POINT('',#6009);
#1867=VERTEX_POINT('',#6011);
#1868=VERTEX_POINT('',#6015);
#1869=VERTEX_POINT('',#6017);
#1870=VERTEX_POINT('',#6023);
#1871=VERTEX_POINT('',#6024);
#1872=VERTEX_POINT('',#6026);
#1873=VERTEX_POINT('',#6028);
#1874=VERTEX_POINT('',#6032);
#1875=VERTEX_POINT('',#6034);
#1876=VERTEX_POINT('',#6038);
#1877=VERTEX_POINT('',#6040);
#1878=VERTEX_POINT('',#6046);
#1879=VERTEX_POINT('',#6047);
#1880=VERTEX_POINT('',#6049);
#1881=VERTEX_POINT('',#6051);
#1882=VERTEX_POINT('',#6055);
#1883=VERTEX_POINT('',#6057);
#1884=VERTEX_POINT('',#6061);
#1885=VERTEX_POINT('',#6063);
#1886=VERTEX_POINT('',#6069);
#1887=VERTEX_POINT('',#6070);
#1888=VERTEX_POINT('',#6072);
#1889=VERTEX_POINT('',#6074);
#1890=VERTEX_POINT('',#6078);
#1891=VERTEX_POINT('',#6080);
#1892=VERTEX_POINT('',#6084);
#1893=VERTEX_POINT('',#6086);
#1894=VERTEX_POINT('',#6092);
#1895=VERTEX_POINT('',#6096);
#1896=VERTEX_POINT('',#6100);
#1897=VERTEX_POINT('',#6102);
#1898=VERTEX_POINT('',#6104);
#1899=VERTEX_POINT('',#6106);
#1900=VERTEX_POINT('',#6108);
#1901=VERTEX_POINT('',#6111);
#1902=VERTEX_POINT('',#6113);
#1903=VERTEX_POINT('',#6115);
#1904=VERTEX_POINT('',#6117);
#1905=VERTEX_POINT('',#6119);
#1906=VERTEX_POINT('',#6145);
#1907=VERTEX_POINT('',#6146);
#1908=VERTEX_POINT('',#6148);
#1909=VERTEX_POINT('',#6150);
#1910=VERTEX_POINT('',#6154);
#1911=VERTEX_POINT('',#6156);
#1912=VERTEX_POINT('',#6160);
#1913=VERTEX_POINT('',#6162);
#1914=VERTEX_POINT('',#6166);
#1915=VERTEX_POINT('',#6168);
#1916=VERTEX_POINT('',#6172);
#1917=VERTEX_POINT('',#6174);
#1918=VERTEX_POINT('',#6178);
#1919=VERTEX_POINT('',#6180);
#1920=VERTEX_POINT('',#6184);
#1921=VERTEX_POINT('',#6186);
#1922=VERTEX_POINT('',#6190);
#1923=VERTEX_POINT('',#6192);
#1924=VERTEX_POINT('',#6196);
#1925=VERTEX_POINT('',#6198);
#1926=VERTEX_POINT('',#6213);
#1927=VERTEX_POINT('',#6214);
#1928=VERTEX_POINT('',#6219);
#1929=VERTEX_POINT('',#6221);
#1930=VERTEX_POINT('',#6237);
#1931=VERTEX_POINT('',#6243);
#1932=VERTEX_POINT('',#6258);
#1933=VERTEX_POINT('',#6263);
#1934=VERTEX_POINT('',#6295);
#1935=VERTEX_POINT('',#6296);
#1936=VERTEX_POINT('',#6302);
#1937=VERTEX_POINT('',#6304);
#1938=VERTEX_POINT('',#6321);
#1939=VERTEX_POINT('',#6327);
#1940=VERTEX_POINT('',#6344);
#1941=VERTEX_POINT('',#6350);
#1942=VERTEX_POINT('',#6382);
#1943=VERTEX_POINT('',#6383);
#1944=VERTEX_POINT('',#6388);
#1945=VERTEX_POINT('',#6390);
#1946=VERTEX_POINT('',#6406);
#1947=VERTEX_POINT('',#6412);
#1948=VERTEX_POINT('',#6427);
#1949=VERTEX_POINT('',#6432);
#1950=VERTEX_POINT('',#6464);
#1951=VERTEX_POINT('',#6465);
#1952=VERTEX_POINT('',#6471);
#1953=VERTEX_POINT('',#6473);
#1954=VERTEX_POINT('',#6490);
#1955=VERTEX_POINT('',#6496);
#1956=VERTEX_POINT('',#6513);
#1957=VERTEX_POINT('',#6519);
#1958=VERTEX_POINT('',#6544);
#1959=VERTEX_POINT('',#6545);
#1960=VERTEX_POINT('',#6547);
#1961=VERTEX_POINT('',#6549);
#1962=VERTEX_POINT('',#6553);
#1963=VERTEX_POINT('',#6555);
#1964=VERTEX_POINT('',#6559);
#1965=VERTEX_POINT('',#6561);
#1966=VERTEX_POINT('',#6565);
#1967=VERTEX_POINT('',#6567);
#1968=VERTEX_POINT('',#6571);
#1969=VERTEX_POINT('',#6573);
#1970=VERTEX_POINT('',#6577);
#1971=VERTEX_POINT('',#6579);
#1972=VERTEX_POINT('',#6583);
#1973=VERTEX_POINT('',#6585);
#1974=VERTEX_POINT('',#6589);
#1975=VERTEX_POINT('',#6591);
#1976=VERTEX_POINT('',#6595);
#1977=VERTEX_POINT('',#6597);
#1978=VERTEX_POINT('',#6605);
#1979=VERTEX_POINT('',#6606);
#1980=VERTEX_POINT('',#6608);
#1981=VERTEX_POINT('',#6610);
#1982=VERTEX_POINT('',#6612);
#1983=VERTEX_POINT('',#6614);
#1984=VERTEX_POINT('',#6616);
#1985=VERTEX_POINT('',#6618);
#1986=VERTEX_POINT('',#6620);
#1987=VERTEX_POINT('',#6622);
#1988=VERTEX_POINT('',#6624);
#1989=VERTEX_POINT('',#6626);
#1990=VERTEX_POINT('',#6631);
#1991=VERTEX_POINT('',#6633);
#1992=VERTEX_POINT('',#6637);
#1993=VERTEX_POINT('',#6639);
#1994=VERTEX_POINT('',#6643);
#1995=VERTEX_POINT('',#6645);
#1996=VERTEX_POINT('',#6649);
#1997=VERTEX_POINT('',#6650);
#1998=VERTEX_POINT('',#6652);
#1999=VERTEX_POINT('',#6654);
#2000=VERTEX_POINT('',#6658);
#2001=VERTEX_POINT('',#6660);
#2002=VERTEX_POINT('',#6664);
#2003=VERTEX_POINT('',#6666);
#2004=VERTEX_POINT('',#6668);
#2005=VERTEX_POINT('',#6672);
#2006=VERTEX_POINT('',#6673);
#2007=VERTEX_POINT('',#6675);
#2008=VERTEX_POINT('',#6677);
#2009=VERTEX_POINT('',#6681);
#2010=VERTEX_POINT('',#6683);
#2011=VERTEX_POINT('',#6687);
#2012=VERTEX_POINT('',#6689);
#2013=VERTEX_POINT('',#6691);
#2014=VERTEX_POINT('',#6695);
#2015=VERTEX_POINT('',#6697);
#2016=VERTEX_POINT('',#6701);
#2017=VERTEX_POINT('',#6703);
#2018=VERTEX_POINT('',#6707);
#2019=VERTEX_POINT('',#6709);
#2020=VERTEX_POINT('',#6713);
#2021=VERTEX_POINT('',#6717);
#2022=VERTEX_POINT('',#6721);
#2023=VERTEX_POINT('',#6722);
#2024=VERTEX_POINT('',#6724);
#2025=VERTEX_POINT('',#6726);
#2026=VERTEX_POINT('',#6730);
#2027=VERTEX_POINT('',#6732);
#2028=VERTEX_POINT('',#6736);
#2029=VERTEX_POINT('',#6738);
#2030=VERTEX_POINT('',#6742);
#2031=VERTEX_POINT('',#6746);
#2032=VERTEX_POINT('',#6750);
#2033=VERTEX_POINT('',#6757);
#2034=VERTEX_POINT('',#6764);
#2035=VERTEX_POINT('',#6770);
#2036=VERTEX_POINT('',#6774);
#2037=VERTEX_POINT('',#6776);
#2038=VERTEX_POINT('',#6778);
#2039=VERTEX_POINT('',#6786);
#2040=VERTEX_POINT('',#6788);
#2041=VERTEX_POINT('',#6790);
#2042=VERTEX_POINT('',#6798);
#2043=VERTEX_POINT('',#6800);
#2044=VERTEX_POINT('',#6802);
#2045=VERTEX_POINT('',#6804);
#2046=VERTEX_POINT('',#6808);
#2047=VERTEX_POINT('',#6809);
#2048=VERTEX_POINT('',#6811);
#2049=VERTEX_POINT('',#6813);
#2050=VERTEX_POINT('',#6817);
#2051=VERTEX_POINT('',#6819);
#2052=VERTEX_POINT('',#6823);
#2053=VERTEX_POINT('',#6825);
#2054=VERTEX_POINT('',#6829);
#2055=VERTEX_POINT('',#6831);
#2056=VERTEX_POINT('',#6835);
#2057=VERTEX_POINT('',#6837);
#2058=VERTEX_POINT('',#6841);
#2059=VERTEX_POINT('',#6843);
#2060=VERTEX_POINT('',#6847);
#2061=VERTEX_POINT('',#6849);
#2062=VERTEX_POINT('',#6853);
#2063=VERTEX_POINT('',#6855);
#2064=VERTEX_POINT('',#6859);
#2065=VERTEX_POINT('',#6861);
#2066=VERTEX_POINT('',#6865);
#2067=VERTEX_POINT('',#6867);
#2068=VERTEX_POINT('',#6871);
#2069=VERTEX_POINT('',#6873);
#2070=VERTEX_POINT('',#6880);
#2071=VERTEX_POINT('',#6881);
#2072=VERTEX_POINT('',#6883);
#2073=VERTEX_POINT('',#6885);
#2074=VERTEX_POINT('',#6889);
#2075=VERTEX_POINT('',#6891);
#2076=VERTEX_POINT('',#6895);
#2077=VERTEX_POINT('',#6897);
#2078=VERTEX_POINT('',#6901);
#2079=VERTEX_POINT('',#6903);
#2080=VERTEX_POINT('',#6907);
#2081=VERTEX_POINT('',#6909);
#2082=VERTEX_POINT('',#6913);
#2083=VERTEX_POINT('',#6915);
#2084=VERTEX_POINT('',#6919);
#2085=VERTEX_POINT('',#6921);
#2086=VERTEX_POINT('',#6925);
#2087=VERTEX_POINT('',#6927);
#2088=VERTEX_POINT('',#6931);
#2089=VERTEX_POINT('',#6933);
#2090=VERTEX_POINT('',#6937);
#2091=VERTEX_POINT('',#6939);
#2092=VERTEX_POINT('',#6943);
#2093=VERTEX_POINT('',#6945);
#2094=VERTEX_POINT('',#6953);
#2095=VERTEX_POINT('',#6957);
#2096=VERTEX_POINT('',#6958);
#2097=VERTEX_POINT('',#6963);
#2098=VERTEX_POINT('',#6964);
#2099=VERTEX_POINT('',#6972);
#2100=VERTEX_POINT('',#6973);
#2101=VERTEX_POINT('',#6978);
#2102=VERTEX_POINT('',#6979);
#2103=VERTEX_POINT('',#6981);
#2104=VERTEX_POINT('',#6983);
#2105=VERTEX_POINT('',#6991);
#2106=VERTEX_POINT('',#7011);
#2107=VERTEX_POINT('',#7012);
#2108=VERTEX_POINT('',#7016);
#2109=VERTEX_POINT('',#7018);
#2110=VERTEX_POINT('',#7024);
#2111=VERTEX_POINT('',#7026);
#2112=VERTEX_POINT('',#7029);
#2113=VERTEX_POINT('',#7032);
#2114=VERTEX_POINT('',#7034);
#2115=VERTEX_POINT('',#7038);
#2116=VERTEX_POINT('',#7042);
#2117=VERTEX_POINT('',#7044);
#2118=VERTEX_POINT('',#7053);
#2119=VERTEX_POINT('',#7055);
#2120=VERTEX_POINT('',#7059);
#2121=VERTEX_POINT('',#7061);
#2122=VERTEX_POINT('',#7066);
#2123=VERTEX_POINT('',#7069);
#2124=VERTEX_POINT('',#7070);
#2125=VERTEX_POINT('',#7072);
#2126=VERTEX_POINT('',#7076);
#2127=VERTEX_POINT('',#7077);
#2128=VERTEX_POINT('',#7082);
#2129=VERTEX_POINT('',#7083);
#2130=VERTEX_POINT('',#7085);
#2131=VERTEX_POINT('',#7089);
#2132=VERTEX_POINT('',#7090);
#2133=VERTEX_POINT('',#7098);
#2134=VERTEX_POINT('',#7099);
#2135=VERTEX_POINT('',#7101);
#2136=VERTEX_POINT('',#7105);
#2137=VERTEX_POINT('',#7106);
#2138=VERTEX_POINT('',#7111);
#2139=VERTEX_POINT('',#7112);
#2140=VERTEX_POINT('',#7114);
#2141=VERTEX_POINT('',#7118);
#2142=VERTEX_POINT('',#7119);
#2143=VERTEX_POINT('',#7140);
#2144=VERTEX_POINT('',#7141);
#2145=VERTEX_POINT('',#7143);
#2146=VERTEX_POINT('',#7145);
#2147=VERTEX_POINT('',#7151);
#2148=VERTEX_POINT('',#7153);
#2149=VERTEX_POINT('',#7157);
#2150=VERTEX_POINT('',#7159);
#2151=VERTEX_POINT('',#7161);
#2152=VERTEX_POINT('',#7164);
#2153=VERTEX_POINT('',#7165);
#2154=VERTEX_POINT('',#7167);
#2155=VERTEX_POINT('',#7169);
#2156=VERTEX_POINT('',#7173);
#2157=VERTEX_POINT('',#7175);
#2158=VERTEX_POINT('',#7179);
#2159=VERTEX_POINT('',#7185);
#2160=VERTEX_POINT('',#7187);
#2161=VERTEX_POINT('',#7191);
#2162=VERTEX_POINT('',#7195);
#2163=VERTEX_POINT('',#7204);
#2164=VERTEX_POINT('',#7205);
#2165=VERTEX_POINT('',#7207);
#2166=VERTEX_POINT('',#7211);
#2167=VERTEX_POINT('',#7212);
#2168=VERTEX_POINT('',#7217);
#2169=VERTEX_POINT('',#7218);
#2170=VERTEX_POINT('',#7220);
#2171=VERTEX_POINT('',#7224);
#2172=VERTEX_POINT('',#7225);
#2173=VERTEX_POINT('',#7233);
#2174=VERTEX_POINT('',#7234);
#2175=VERTEX_POINT('',#7236);
#2176=VERTEX_POINT('',#7240);
#2177=VERTEX_POINT('',#7241);
#2178=VERTEX_POINT('',#7246);
#2179=VERTEX_POINT('',#7247);
#2180=VERTEX_POINT('',#7249);
#2181=VERTEX_POINT('',#7253);
#2182=VERTEX_POINT('',#7254);
#2183=VERTEX_POINT('',#7275);
#2184=VERTEX_POINT('',#7276);
#2185=VERTEX_POINT('',#7278);
#2186=VERTEX_POINT('',#7280);
#2187=VERTEX_POINT('',#7286);
#2188=VERTEX_POINT('',#7288);
#2189=VERTEX_POINT('',#7292);
#2190=VERTEX_POINT('',#7294);
#2191=VERTEX_POINT('',#7296);
#2192=VERTEX_POINT('',#7299);
#2193=VERTEX_POINT('',#7300);
#2194=VERTEX_POINT('',#7302);
#2195=VERTEX_POINT('',#7304);
#2196=VERTEX_POINT('',#7308);
#2197=VERTEX_POINT('',#7312);
#2198=VERTEX_POINT('',#7316);
#2199=VERTEX_POINT('',#7322);
#2200=VERTEX_POINT('',#7323);
#2201=VERTEX_POINT('',#7325);
#2202=VERTEX_POINT('',#7327);
#2203=VERTEX_POINT('',#7339);
#2204=VERTEX_POINT('',#7340);
#2205=VERTEX_POINT('',#7342);
#2206=VERTEX_POINT('',#7346);
#2207=VERTEX_POINT('',#7347);
#2208=VERTEX_POINT('',#7352);
#2209=VERTEX_POINT('',#7353);
#2210=VERTEX_POINT('',#7355);
#2211=VERTEX_POINT('',#7359);
#2212=VERTEX_POINT('',#7360);
#2213=VERTEX_POINT('',#7368);
#2214=VERTEX_POINT('',#7369);
#2215=VERTEX_POINT('',#7371);
#2216=VERTEX_POINT('',#7375);
#2217=VERTEX_POINT('',#7376);
#2218=VERTEX_POINT('',#7381);
#2219=VERTEX_POINT('',#7382);
#2220=VERTEX_POINT('',#7384);
#2221=VERTEX_POINT('',#7388);
#2222=VERTEX_POINT('',#7389);
#2223=VERTEX_POINT('',#7410);
#2224=VERTEX_POINT('',#7411);
#2225=VERTEX_POINT('',#7413);
#2226=VERTEX_POINT('',#7415);
#2227=VERTEX_POINT('',#7421);
#2228=VERTEX_POINT('',#7423);
#2229=VERTEX_POINT('',#7427);
#2230=VERTEX_POINT('',#7429);
#2231=VERTEX_POINT('',#7431);
#2232=VERTEX_POINT('',#7434);
#2233=VERTEX_POINT('',#7435);
#2234=VERTEX_POINT('',#7437);
#2235=VERTEX_POINT('',#7439);
#2236=VERTEX_POINT('',#7443);
#2237=VERTEX_POINT('',#7447);
#2238=VERTEX_POINT('',#7449);
#2239=VERTEX_POINT('',#7452);
#2240=VERTEX_POINT('',#7453);
#2241=VERTEX_POINT('',#7455);
#2242=VERTEX_POINT('',#7457);
#2243=EDGE_CURVE('',#1846,#1847,#1748,.F.);
#2244=EDGE_CURVE('',#1847,#1848,#810,.T.);
#2245=EDGE_CURVE('',#1848,#1849,#1749,.F.);
#2246=EDGE_CURVE('',#1849,#1846,#811,.T.);
#2247=EDGE_CURVE('',#1848,#1850,#812,.T.);
#2248=EDGE_CURVE('',#1851,#1847,#813,.T.);
#2249=EDGE_CURVE('',#1852,#1851,#814,.T.);
#2250=EDGE_CURVE('',#1853,#1852,#815,.T.);
#2251=EDGE_CURVE('',#1854,#1853,#816,.T.);
#2252=EDGE_CURVE('',#1855,#1854,#817,.T.);
#2253=EDGE_CURVE('',#1856,#1855,#818,.T.);
#2254=EDGE_CURVE('',#1857,#1856,#819,.T.);
#2255=EDGE_CURVE('',#1858,#1857,#820,.T.);
#2256=EDGE_CURVE('',#1859,#1858,#821,.T.);
#2257=EDGE_CURVE('',#1850,#1859,#822,.T.);
#2258=EDGE_CURVE('',#1860,#1856,#1750,.F.);
#2259=EDGE_CURVE('',#1855,#1861,#1751,.F.);
#2260=EDGE_CURVE('',#1861,#1860,#823,.T.);
#2261=EDGE_CURVE('',#1862,#1863,#824,.T.);
#2262=EDGE_CURVE('',#1864,#1862,#825,.T.);
#2263=EDGE_CURVE('',#1865,#1864,#826,.T.);
#2264=EDGE_CURVE('',#1865,#1863,#827,.T.);
#2265=EDGE_CURVE('',#1863,#1866,#1752,.T.);
#2266=EDGE_CURVE('',#1867,#1865,#1753,.T.);
#2267=EDGE_CURVE('',#1867,#1866,#828,.T.);
#2268=EDGE_CURVE('',#1866,#1868,#829,.T.);
#2269=EDGE_CURVE('',#1869,#1867,#830,.T.);
#2270=EDGE_CURVE('',#1868,#1869,#831,.T.);
#2271=EDGE_CURVE('',#1862,#1868,#832,.T.);
#2272=EDGE_CURVE('',#1870,#1871,#833,.T.);
#2273=EDGE_CURVE('',#1872,#1870,#834,.T.);
#2274=EDGE_CURVE('',#1873,#1872,#835,.T.);
#2275=EDGE_CURVE('',#1873,#1871,#836,.T.);
#2276=EDGE_CURVE('',#1871,#1874,#1754,.T.);
#2277=EDGE_CURVE('',#1875,#1873,#1755,.T.);
#2278=EDGE_CURVE('',#1875,#1874,#837,.T.);
#2279=EDGE_CURVE('',#1874,#1876,#838,.T.);
#2280=EDGE_CURVE('',#1877,#1875,#839,.T.);
#2281=EDGE_CURVE('',#1876,#1877,#840,.T.);
#2282=EDGE_CURVE('',#1870,#1876,#841,.T.);
#2283=EDGE_CURVE('',#1878,#1879,#1756,.T.);
#2284=EDGE_CURVE('',#1880,#1878,#842,.T.);
#2285=EDGE_CURVE('',#1881,#1880,#1757,.T.);
#2286=EDGE_CURVE('',#1881,#1879,#843,.T.);
#2287=EDGE_CURVE('',#1879,#1882,#844,.T.);
#2288=EDGE_CURVE('',#1883,#1881,#845,.T.);
#2289=EDGE_CURVE('',#1882,#1883,#846,.T.);
#2290=EDGE_CURVE('',#1884,#1878,#847,.T.);
#2291=EDGE_CURVE('',#1885,#1884,#848,.T.);
#2292=EDGE_CURVE('',#1880,#1885,#849,.T.);
#2293=EDGE_CURVE('',#1884,#1882,#850,.T.);
#2294=EDGE_CURVE('',#1886,#1887,#1758,.T.);
#2295=EDGE_CURVE('',#1888,#1886,#851,.T.);
#2296=EDGE_CURVE('',#1889,#1888,#1759,.T.);
#2297=EDGE_CURVE('',#1889,#1887,#852,.T.);
#2298=EDGE_CURVE('',#1887,#1890,#853,.T.);
#2299=EDGE_CURVE('',#1891,#1889,#854,.T.);
#2300=EDGE_CURVE('',#1890,#1891,#855,.T.);
#2301=EDGE_CURVE('',#1892,#1886,#856,.T.);
#2302=EDGE_CURVE('',#1893,#1892,#857,.T.);
#2303=EDGE_CURVE('',#1888,#1893,#858,.T.);
#2304=EDGE_CURVE('',#1892,#1890,#859,.T.);
#2305=EDGE_CURVE('',#1894,#1849,#860,.T.);
#2306=EDGE_CURVE('',#1885,#1894,#861,.T.);
#2307=EDGE_CURVE('',#1893,#1883,#862,.T.);
#2308=EDGE_CURVE('',#1895,#1891,#863,.T.);
#2309=EDGE_CURVE('',#1895,#1846,#864,.T.);
#2310=EDGE_CURVE('',#1864,#1896,#865,.T.);
#2311=EDGE_CURVE('',#1896,#1897,#866,.T.);
#2312=EDGE_CURVE('',#1897,#1898,#867,.T.);
#2313=EDGE_CURVE('',#1898,#1899,#868,.T.);
#2314=EDGE_CURVE('',#1899,#1900,#869,.T.);
#2315=EDGE_CURVE('',#1900,#1895,#870,.T.);
#2316=EDGE_CURVE('',#1894,#1901,#871,.T.);
#2317=EDGE_CURVE('',#1901,#1902,#872,.T.);
#2318=EDGE_CURVE('',#1902,#1903,#873,.T.);
#2319=EDGE_CURVE('',#1903,#1904,#874,.T.);
#2320=EDGE_CURVE('',#1904,#1905,#875,.T.);
#2321=EDGE_CURVE('',#1905,#1877,#876,.T.);
#2322=EDGE_CURVE('',#1872,#1869,#877,.T.);
#2323=EDGE_CURVE('',#1900,#1851,#878,.T.);
#2324=EDGE_CURVE('',#1899,#1852,#879,.T.);
#2325=EDGE_CURVE('',#1901,#1850,#880,.T.);
#2326=EDGE_CURVE('',#1902,#1859,#881,.T.);
#2327=EDGE_CURVE('',#1903,#1858,#882,.T.);
#2328=EDGE_CURVE('',#1904,#1857,#883,.T.);
#2329=EDGE_CURVE('',#1905,#1860,#884,.T.);
#2330=EDGE_CURVE('',#1896,#1861,#885,.T.);
#2331=EDGE_CURVE('',#1897,#1854,#886,.T.);
#2332=EDGE_CURVE('',#1898,#1853,#887,.T.);
#2333=EDGE_CURVE('',#1906,#1907,#888,.T.);
#2334=EDGE_CURVE('',#1906,#1908,#889,.T.);
#2335=EDGE_CURVE('',#1908,#1909,#890,.T.);
#2336=EDGE_CURVE('',#1907,#1909,#891,.T.);
#2337=EDGE_CURVE('',#1910,#1906,#892,.T.);
#2338=EDGE_CURVE('',#1910,#1911,#893,.T.);
#2339=EDGE_CURVE('',#1911,#1908,#894,.T.);
#2340=EDGE_CURVE('',#1912,#1910,#895,.T.);
#2341=EDGE_CURVE('',#1912,#1913,#896,.T.);
#2342=EDGE_CURVE('',#1913,#1911,#897,.T.);
#2343=EDGE_CURVE('',#1914,#1912,#898,.T.);
#2344=EDGE_CURVE('',#1914,#1915,#899,.T.);
#2345=EDGE_CURVE('',#1915,#1913,#900,.T.);
#2346=EDGE_CURVE('',#1916,#1914,#901,.T.);
#2347=EDGE_CURVE('',#1916,#1917,#902,.T.);
#2348=EDGE_CURVE('',#1917,#1915,#903,.T.);
#2349=EDGE_CURVE('',#1918,#1916,#904,.T.);
#2350=EDGE_CURVE('',#1918,#1919,#905,.T.);
#2351=EDGE_CURVE('',#1919,#1917,#906,.T.);
#2352=EDGE_CURVE('',#1920,#1918,#907,.T.);
#2353=EDGE_CURVE('',#1920,#1921,#908,.T.);
#2354=EDGE_CURVE('',#1921,#1919,#909,.T.);
#2355=EDGE_CURVE('',#1922,#1920,#910,.T.);
#2356=EDGE_CURVE('',#1922,#1923,#911,.T.);
#2357=EDGE_CURVE('',#1923,#1921,#912,.T.);
#2358=EDGE_CURVE('',#1924,#1922,#913,.T.);
#2359=EDGE_CURVE('',#1924,#1925,#914,.T.);
#2360=EDGE_CURVE('',#1925,#1923,#915,.T.);
#2361=EDGE_CURVE('',#1907,#1924,#916,.T.);
#2362=EDGE_CURVE('',#1909,#1925,#917,.T.);
#2363=EDGE_CURVE('',#1926,#1927,#70,.T.);
#2364=EDGE_CURVE('',#1926,#1928,#918,.T.);
#2365=EDGE_CURVE('',#1928,#1929,#71,.T.);
#2366=EDGE_CURVE('',#1927,#1929,#919,.T.);
#2367=EDGE_CURVE('',#1927,#1930,#72,.T.);
#2368=EDGE_CURVE('',#1929,#1931,#73,.T.);
#2369=EDGE_CURVE('',#1930,#1931,#920,.T.);
#2370=EDGE_CURVE('',#1930,#1932,#74,.T.);
#2371=EDGE_CURVE('',#1931,#1933,#75,.T.);
#2372=EDGE_CURVE('',#1932,#1933,#921,.T.);
#2373=EDGE_CURVE('',#1932,#1926,#76,.T.);
#2374=EDGE_CURVE('',#1933,#1928,#77,.T.);
#2375=EDGE_CURVE('',#1934,#1935,#78,.T.);
#2376=EDGE_CURVE('',#1934,#1936,#922,.T.);
#2377=EDGE_CURVE('',#1936,#1937,#79,.T.);
#2378=EDGE_CURVE('',#1935,#1937,#923,.T.);
#2379=EDGE_CURVE('',#1938,#1934,#80,.T.);
#2380=EDGE_CURVE('',#1938,#1939,#924,.T.);
#2381=EDGE_CURVE('',#1939,#1936,#81,.T.);
#2382=EDGE_CURVE('',#1940,#1938,#82,.T.);
#2383=EDGE_CURVE('',#1940,#1941,#925,.T.);
#2384=EDGE_CURVE('',#1941,#1939,#83,.T.);
#2385=EDGE_CURVE('',#1935,#1940,#84,.T.);
#2386=EDGE_CURVE('',#1937,#1941,#85,.T.);
#2387=EDGE_CURVE('',#1942,#1943,#86,.T.);
#2388=EDGE_CURVE('',#1942,#1944,#926,.T.);
#2389=EDGE_CURVE('',#1944,#1945,#87,.T.);
#2390=EDGE_CURVE('',#1943,#1945,#927,.T.);
#2391=EDGE_CURVE('',#1943,#1946,#88,.T.);
#2392=EDGE_CURVE('',#1945,#1947,#89,.T.);
#2393=EDGE_CURVE('',#1946,#1947,#928,.T.);
#2394=EDGE_CURVE('',#1946,#1948,#90,.T.);
#2395=EDGE_CURVE('',#1947,#1949,#91,.T.);
#2396=EDGE_CURVE('',#1948,#1949,#929,.T.);
#2397=EDGE_CURVE('',#1948,#1942,#92,.T.);
#2398=EDGE_CURVE('',#1949,#1944,#93,.T.);
#2399=EDGE_CURVE('',#1950,#1951,#94,.T.);
#2400=EDGE_CURVE('',#1950,#1952,#930,.T.);
#2401=EDGE_CURVE('',#1952,#1953,#95,.T.);
#2402=EDGE_CURVE('',#1951,#1953,#931,.T.);
#2403=EDGE_CURVE('',#1954,#1950,#96,.T.);
#2404=EDGE_CURVE('',#1954,#1955,#932,.T.);
#2405=EDGE_CURVE('',#1955,#1952,#97,.T.);
#2406=EDGE_CURVE('',#1956,#1954,#98,.T.);
#2407=EDGE_CURVE('',#1956,#1957,#933,.T.);
#2408=EDGE_CURVE('',#1957,#1955,#99,.T.);
#2409=EDGE_CURVE('',#1951,#1956,#100,.T.);
#2410=EDGE_CURVE('',#1953,#1957,#101,.T.);
#2411=EDGE_CURVE('',#1958,#1959,#934,.T.);
#2412=EDGE_CURVE('',#1958,#1960,#935,.T.);
#2413=EDGE_CURVE('',#1960,#1961,#936,.T.);
#2414=EDGE_CURVE('',#1959,#1961,#937,.T.);
#2415=EDGE_CURVE('',#1962,#1958,#938,.T.);
#2416=EDGE_CURVE('',#1962,#1963,#939,.T.);
#2417=EDGE_CURVE('',#1963,#1960,#940,.T.);
#2418=EDGE_CURVE('',#1964,#1962,#941,.T.);
#2419=EDGE_CURVE('',#1964,#1965,#942,.T.);
#2420=EDGE_CURVE('',#1965,#1963,#943,.T.);
#2421=EDGE_CURVE('',#1966,#1964,#944,.T.);
#2422=EDGE_CURVE('',#1966,#1967,#945,.T.);
#2423=EDGE_CURVE('',#1967,#1965,#946,.T.);
#2424=EDGE_CURVE('',#1968,#1966,#947,.T.);
#2425=EDGE_CURVE('',#1968,#1969,#948,.T.);
#2426=EDGE_CURVE('',#1969,#1967,#949,.T.);
#2427=EDGE_CURVE('',#1970,#1968,#950,.T.);
#2428=EDGE_CURVE('',#1970,#1971,#951,.T.);
#2429=EDGE_CURVE('',#1971,#1969,#952,.T.);
#2430=EDGE_CURVE('',#1972,#1970,#953,.T.);
#2431=EDGE_CURVE('',#1972,#1973,#954,.T.);
#2432=EDGE_CURVE('',#1973,#1971,#955,.T.);
#2433=EDGE_CURVE('',#1974,#1972,#956,.T.);
#2434=EDGE_CURVE('',#1974,#1975,#957,.T.);
#2435=EDGE_CURVE('',#1975,#1973,#958,.T.);
#2436=EDGE_CURVE('',#1976,#1974,#959,.T.);
#2437=EDGE_CURVE('',#1976,#1977,#960,.T.);
#2438=EDGE_CURVE('',#1977,#1975,#961,.T.);
#2439=EDGE_CURVE('',#1959,#1976,#962,.T.);
#2440=EDGE_CURVE('',#1961,#1977,#963,.T.);
#2441=EDGE_CURVE('',#1978,#1979,#964,.T.);
#2442=EDGE_CURVE('',#1978,#1980,#965,.T.);
#2443=EDGE_CURVE('',#1980,#1981,#966,.T.);
#2444=EDGE_CURVE('',#1981,#1982,#967,.T.);
#2445=EDGE_CURVE('',#1983,#1982,#968,.T.);
#2446=EDGE_CURVE('',#1983,#1984,#969,.T.);
#2447=EDGE_CURVE('',#1984,#1985,#970,.T.);
#2448=EDGE_CURVE('',#1985,#1986,#971,.T.);
#2449=EDGE_CURVE('',#1987,#1986,#972,.T.);
#2450=EDGE_CURVE('',#1987,#1988,#973,.T.);
#2451=EDGE_CURVE('',#1988,#1989,#974,.T.);
#2452=EDGE_CURVE('',#1989,#1979,#975,.T.);
#2453=EDGE_CURVE('',#1990,#1978,#31,.T.);
#2454=EDGE_CURVE('',#1979,#1991,#32,.T.);
#2455=EDGE_CURVE('',#1991,#1990,#976,.T.);
#2456=EDGE_CURVE('',#1991,#1992,#977,.T.);
#2457=EDGE_CURVE('',#1992,#1993,#1760,.T.);
#2458=EDGE_CURVE('',#1993,#1990,#978,.T.);
#2459=EDGE_CURVE('',#1994,#1989,#979,.T.);
#2460=EDGE_CURVE('',#1995,#1994,#980,.T.);
#2461=EDGE_CURVE('',#1992,#1995,#981,.T.);
#2462=EDGE_CURVE('',#1996,#1997,#33,.T.);
#2463=EDGE_CURVE('',#1997,#1998,#982,.T.);
#2464=EDGE_CURVE('',#1998,#1999,#34,.T.);
#2465=EDGE_CURVE('',#1999,#1996,#983,.T.);
#2466=EDGE_CURVE('',#1997,#2000,#984,.T.);
#2467=EDGE_CURVE('',#2000,#2001,#1761,.T.);
#2468=EDGE_CURVE('',#2001,#1998,#985,.T.);
#2469=EDGE_CURVE('',#2002,#1996,#986,.T.);
#2470=EDGE_CURVE('',#2003,#2002,#987,.T.);
#2471=EDGE_CURVE('',#2004,#2003,#988,.T.);
#2472=EDGE_CURVE('',#2000,#2004,#989,.T.);
#2473=EDGE_CURVE('',#2005,#2006,#35,.T.);
#2474=EDGE_CURVE('',#2006,#2007,#990,.T.);
#2475=EDGE_CURVE('',#2007,#2008,#36,.T.);
#2476=EDGE_CURVE('',#2008,#2005,#991,.T.);
#2477=EDGE_CURVE('',#2008,#2009,#992,.T.);
#2478=EDGE_CURVE('',#2009,#2010,#1762,.T.);
#2479=EDGE_CURVE('',#2010,#2005,#993,.T.);
#2480=EDGE_CURVE('',#2011,#2007,#994,.T.);
#2481=EDGE_CURVE('',#2012,#2011,#995,.T.);
#2482=EDGE_CURVE('',#2013,#2012,#996,.T.);
#2483=EDGE_CURVE('',#2009,#2013,#997,.T.);
#2484=EDGE_CURVE('',#1986,#2014,#37,.T.);
#2485=EDGE_CURVE('',#2014,#2015,#998,.T.);
#2486=EDGE_CURVE('',#2015,#1987,#38,.T.);
#2487=EDGE_CURVE('',#2014,#2016,#999,.T.);
#2488=EDGE_CURVE('',#2016,#2017,#1763,.T.);
#2489=EDGE_CURVE('',#2017,#2015,#1000,.T.);
#2490=EDGE_CURVE('',#2018,#1985,#1001,.T.);
#2491=EDGE_CURVE('',#2019,#2018,#1002,.T.);
#2492=EDGE_CURVE('',#2016,#2019,#1003,.T.);
#2493=EDGE_CURVE('',#2020,#1995,#1764,.T.);
#2494=EDGE_CURVE('',#1993,#2020,#1004,.T.);
#2495=EDGE_CURVE('',#2021,#2019,#1765,.T.);
#2496=EDGE_CURVE('',#2017,#2021,#1005,.T.);
#2497=EDGE_CURVE('',#2022,#2023,#1006,.T.);
#2498=EDGE_CURVE('',#2024,#2022,#1007,.T.);
#2499=EDGE_CURVE('',#2025,#2024,#1008,.T.);
#2500=EDGE_CURVE('',#2025,#2023,#1009,.T.);
#2501=EDGE_CURVE('',#2003,#2026,#1010,.T.);
#2502=EDGE_CURVE('',#2027,#2002,#1011,.T.);
#2503=EDGE_CURVE('',#2026,#2027,#1012,.T.);
#2504=EDGE_CURVE('',#2012,#2028,#1013,.T.);
#2505=EDGE_CURVE('',#2029,#2011,#1014,.T.);
#2506=EDGE_CURVE('',#2029,#2028,#1015,.T.);
#2507=EDGE_CURVE('',#2030,#2018,#1016,.T.);
#2508=EDGE_CURVE('',#2030,#1984,#1017,.T.);
#2509=EDGE_CURVE('',#2031,#1994,#1018,.T.);
#2510=EDGE_CURVE('',#1988,#2031,#1019,.T.);
#2511=EDGE_CURVE('',#2010,#2032,#1020,.T.);
#2512=EDGE_CURVE('',#2023,#2032,#1021,.T.);
#2513=EDGE_CURVE('',#2006,#2025,#1022,.T.);
#2514=EDGE_CURVE('',#2032,#2013,#1766,.T.);
#2515=EDGE_CURVE('',#2001,#2033,#1023,.T.);
#2516=EDGE_CURVE('',#2028,#2033,#1024,.T.);
#2517=EDGE_CURVE('',#1999,#2029,#1025,.T.);
#2518=EDGE_CURVE('',#2033,#2004,#1767,.T.);
#2519=EDGE_CURVE('',#2034,#2020,#1026,.T.);
#2520=EDGE_CURVE('',#1980,#2034,#1027,.T.);
#2521=EDGE_CURVE('',#2031,#2021,#1028,.T.);
#2522=EDGE_CURVE('',#2034,#2035,#1029,.T.);
#2523=EDGE_CURVE('',#1981,#2035,#1030,.T.);
#2524=EDGE_CURVE('',#2036,#2035,#1031,.T.);
#2525=EDGE_CURVE('',#2037,#2036,#1768,.T.);
#2526=EDGE_CURVE('',#2037,#2038,#1032,.T.);
#2527=EDGE_CURVE('',#1982,#2038,#1769,.T.);
#2528=EDGE_CURVE('',#2018,#2031,#1033,.T.);
#2529=EDGE_CURVE('',#1994,#2034,#1034,.T.);
#2530=EDGE_CURVE('',#2039,#1983,#1770,.T.);
#2531=EDGE_CURVE('',#2039,#2040,#1035,.T.);
#2532=EDGE_CURVE('',#2041,#2040,#1771,.T.);
#2533=EDGE_CURVE('',#2030,#2041,#1036,.T.);
#2534=EDGE_CURVE('',#2023,#2012,#1037,.T.);
#2535=EDGE_CURVE('',#2028,#2003,#1038,.T.);
#2536=EDGE_CURVE('',#2042,#2022,#1039,.T.);
#2537=EDGE_CURVE('',#2043,#2042,#1772,.T.);
#2538=EDGE_CURVE('',#2043,#2044,#1040,.T.);
#2539=EDGE_CURVE('',#2045,#2044,#1773,.T.);
#2540=EDGE_CURVE('',#2024,#2045,#1041,.T.);
#2541=EDGE_CURVE('',#2046,#2047,#1042,.T.);
#2542=EDGE_CURVE('',#2048,#2047,#1043,.T.);
#2543=EDGE_CURVE('',#2049,#2048,#1044,.T.);
#2544=EDGE_CURVE('',#2049,#2046,#1045,.T.);
#2545=EDGE_CURVE('',#2047,#2050,#1046,.T.);
#2546=EDGE_CURVE('',#2051,#2050,#1047,.T.);
#2547=EDGE_CURVE('',#2048,#2051,#1048,.T.);
#2548=EDGE_CURVE('',#2050,#2052,#1049,.T.);
#2549=EDGE_CURVE('',#2053,#2052,#1050,.T.);
#2550=EDGE_CURVE('',#2051,#2053,#1051,.T.);
#2551=EDGE_CURVE('',#2052,#2054,#1052,.T.);
#2552=EDGE_CURVE('',#2055,#2054,#1053,.T.);
#2553=EDGE_CURVE('',#2053,#2055,#1054,.T.);
#2554=EDGE_CURVE('',#2054,#2056,#1055,.T.);
#2555=EDGE_CURVE('',#2057,#2056,#1056,.T.);
#2556=EDGE_CURVE('',#2055,#2057,#1057,.T.);
#2557=EDGE_CURVE('',#2056,#2058,#1058,.T.);
#2558=EDGE_CURVE('',#2059,#2058,#1059,.T.);
#2559=EDGE_CURVE('',#2057,#2059,#1060,.T.);
#2560=EDGE_CURVE('',#2058,#2060,#1061,.T.);
#2561=EDGE_CURVE('',#2061,#2060,#1062,.T.);
#2562=EDGE_CURVE('',#2059,#2061,#1063,.T.);
#2563=EDGE_CURVE('',#2060,#2062,#1064,.T.);
#2564=EDGE_CURVE('',#2063,#2062,#1065,.T.);
#2565=EDGE_CURVE('',#2061,#2063,#1066,.T.);
#2566=EDGE_CURVE('',#2062,#2064,#1067,.T.);
#2567=EDGE_CURVE('',#2065,#2064,#1068,.T.);
#2568=EDGE_CURVE('',#2063,#2065,#1069,.T.);
#2569=EDGE_CURVE('',#2064,#2066,#1070,.T.);
#2570=EDGE_CURVE('',#2067,#2066,#1071,.T.);
#2571=EDGE_CURVE('',#2065,#2067,#1072,.T.);
#2572=EDGE_CURVE('',#2066,#2068,#1073,.T.);
#2573=EDGE_CURVE('',#2069,#2068,#1074,.T.);
#2574=EDGE_CURVE('',#2067,#2069,#1075,.T.);
#2575=EDGE_CURVE('',#2068,#2046,#1076,.T.);
#2576=EDGE_CURVE('',#2069,#2049,#1077,.T.);
#2577=EDGE_CURVE('',#2070,#2071,#1078,.T.);
#2578=EDGE_CURVE('',#2072,#2070,#1079,.T.);
#2579=EDGE_CURVE('',#2073,#2072,#1080,.T.);
#2580=EDGE_CURVE('',#2073,#2071,#1081,.T.);
#2581=EDGE_CURVE('',#2071,#2074,#1082,.T.);
#2582=EDGE_CURVE('',#2075,#2073,#1083,.T.);
#2583=EDGE_CURVE('',#2075,#2074,#1084,.T.);
#2584=EDGE_CURVE('',#2074,#2076,#1085,.T.);
#2585=EDGE_CURVE('',#2077,#2075,#1086,.T.);
#2586=EDGE_CURVE('',#2077,#2076,#1087,.T.);
#2587=EDGE_CURVE('',#2076,#2078,#1088,.T.);
#2588=EDGE_CURVE('',#2079,#2077,#1089,.T.);
#2589=EDGE_CURVE('',#2079,#2078,#1090,.T.);
#2590=EDGE_CURVE('',#2078,#2080,#1091,.T.);
#2591=EDGE_CURVE('',#2081,#2079,#1092,.T.);
#2592=EDGE_CURVE('',#2081,#2080,#1093,.T.);
#2593=EDGE_CURVE('',#2080,#2082,#1094,.T.);
#2594=EDGE_CURVE('',#2083,#2081,#1095,.T.);
#2595=EDGE_CURVE('',#2083,#2082,#1096,.T.);
#2596=EDGE_CURVE('',#2082,#2084,#1097,.T.);
#2597=EDGE_CURVE('',#2085,#2083,#1098,.T.);
#2598=EDGE_CURVE('',#2085,#2084,#1099,.T.);
#2599=EDGE_CURVE('',#2084,#2086,#1100,.T.);
#2600=EDGE_CURVE('',#2087,#2085,#1101,.T.);
#2601=EDGE_CURVE('',#2087,#2086,#1102,.T.);
#2602=EDGE_CURVE('',#2086,#2088,#1103,.T.);
#2603=EDGE_CURVE('',#2089,#2087,#1104,.T.);
#2604=EDGE_CURVE('',#2089,#2088,#1105,.T.);
#2605=EDGE_CURVE('',#2088,#2090,#1106,.T.);
#2606=EDGE_CURVE('',#2091,#2089,#1107,.T.);
#2607=EDGE_CURVE('',#2091,#2090,#1108,.T.);
#2608=EDGE_CURVE('',#2090,#2092,#1109,.T.);
#2609=EDGE_CURVE('',#2093,#2091,#1110,.T.);
#2610=EDGE_CURVE('',#2093,#2092,#1111,.T.);
#2611=EDGE_CURVE('',#2092,#2070,#1112,.T.);
#2612=EDGE_CURVE('',#2072,#2093,#1113,.T.);
#2613=EDGE_CURVE('',#2045,#2094,#1114,.T.);
#2614=EDGE_CURVE('',#2094,#2027,#1115,.T.);
#2615=EDGE_CURVE('',#2095,#2096,#1116,.T.);
#2616=EDGE_CURVE('',#2040,#2096,#1117,.T.);
#2617=EDGE_CURVE('',#2039,#2095,#1118,.T.);
#2618=EDGE_CURVE('',#2097,#2098,#1119,.T.);
#2619=EDGE_CURVE('',#2044,#2098,#1120,.T.);
#2620=EDGE_CURVE('',#2043,#2097,#1121,.T.);
#2621=EDGE_CURVE('',#2098,#2095,#1122,.T.);
#2622=EDGE_CURVE('',#2096,#2097,#1123,.T.);
#2623=EDGE_CURVE('',#2099,#2100,#1124,.T.);
#2624=EDGE_CURVE('',#2038,#2100,#1125,.T.);
#2625=EDGE_CURVE('',#2037,#2099,#1126,.T.);
#2626=EDGE_CURVE('',#2101,#2102,#1127,.T.);
#2627=EDGE_CURVE('',#2103,#2102,#1128,.T.);
#2628=EDGE_CURVE('',#2104,#2103,#1129,.T.);
#2629=EDGE_CURVE('',#2104,#2101,#1130,.T.);
#2630=EDGE_CURVE('',#2102,#2099,#1131,.T.);
#2631=EDGE_CURVE('',#2100,#2101,#1132,.T.);
#2632=EDGE_CURVE('',#2104,#2094,#1774,.T.);
#2633=EDGE_CURVE('',#2105,#2103,#1775,.T.);
#2634=EDGE_CURVE('',#2026,#2105,#1133,.T.);
#2635=EDGE_CURVE('',#2044,#2104,#1134,.T.);
#2636=EDGE_CURVE('',#2039,#2038,#1135,.T.);
#2637=EDGE_CURVE('',#2041,#2036,#1136,.T.);
#2638=EDGE_CURVE('',#2040,#2037,#1137,.T.);
#2639=EDGE_CURVE('',#2043,#2103,#1138,.T.);
#2640=EDGE_CURVE('',#2042,#2105,#1139,.T.);
#2641=EDGE_CURVE('',#2106,#2107,#26,.T.);
#2642=EDGE_CURVE('',#2107,#2108,#1776,.T.);
#2643=EDGE_CURVE('',#2108,#2109,#27,.T.);
#2644=EDGE_CURVE('',#2109,#2106,#1777,.T.);
#2645=EDGE_CURVE('',#2110,#2109,#1140,.T.);
#2646=EDGE_CURVE('',#2111,#2110,#1141,.T.);
#2647=EDGE_CURVE('',#2106,#2111,#1142,.T.);
#2648=EDGE_CURVE('',#2112,#2112,#1778,.T.);
#2649=EDGE_CURVE('',#2113,#2108,#1143,.T.);
#2650=EDGE_CURVE('',#2113,#2114,#1144,.T.);
#2651=EDGE_CURVE('',#2114,#2110,#1145,.T.);
#2652=EDGE_CURVE('',#2115,#2115,#1779,.T.);
#2653=EDGE_CURVE('',#2115,#2112,#1146,.T.);
#2654=EDGE_CURVE('',#2116,#2111,#1147,.T.);
#2655=EDGE_CURVE('',#2116,#2117,#1148,.T.);
#2656=EDGE_CURVE('',#2117,#2107,#1149,.T.);
#2657=EDGE_CURVE('',#2114,#2116,#1150,.T.);
#2658=EDGE_CURVE('',#2117,#2113,#1780,.T.);
#2659=EDGE_CURVE('',#2118,#2118,#1781,.T.);
#2660=EDGE_CURVE('',#2118,#2119,#1151,.T.);
#2661=EDGE_CURVE('',#2119,#2119,#1782,.T.);
#2662=EDGE_CURVE('',#2118,#2120,#1152,.T.);
#2663=EDGE_CURVE('',#2120,#2121,#1783,.T.);
#2664=EDGE_CURVE('',#2121,#2120,#1784,.T.);
#2665=EDGE_CURVE('',#2121,#2122,#1785,.T.);
#2666=EDGE_CURVE('',#2123,#2124,#1786,.F.);
#2667=EDGE_CURVE('',#2125,#2123,#1787,.F.);
#2668=EDGE_CURVE('',#2124,#2125,#1788,.F.);
#2669=EDGE_CURVE('',#2126,#2127,#39,.T.);
#2670=EDGE_CURVE('',#2127,#2125,#1153,.T.);
#2671=EDGE_CURVE('',#2123,#2126,#1154,.T.);
#2672=EDGE_CURVE('',#2128,#2129,#1789,.F.);
#2673=EDGE_CURVE('',#2130,#2128,#1790,.F.);
#2674=EDGE_CURVE('',#2129,#2130,#1791,.F.);
#2675=EDGE_CURVE('',#2131,#2132,#40,.T.);
#2676=EDGE_CURVE('',#2132,#2130,#1155,.T.);
#2677=EDGE_CURVE('',#2128,#2131,#1156,.T.);
#2678=EDGE_CURVE('',#2130,#2123,#1157,.T.);
#2679=EDGE_CURVE('',#2124,#2129,#1158,.T.);
#2680=EDGE_CURVE('',#2133,#2134,#1792,.F.);
#2681=EDGE_CURVE('',#2135,#2133,#1793,.F.);
#2682=EDGE_CURVE('',#2134,#2135,#1794,.F.);
#2683=EDGE_CURVE('',#2136,#2137,#41,.T.);
#2684=EDGE_CURVE('',#2137,#2135,#1159,.T.);
#2685=EDGE_CURVE('',#2133,#2136,#1160,.T.);
#2686=EDGE_CURVE('',#2138,#2139,#1795,.F.);
#2687=EDGE_CURVE('',#2140,#2138,#1796,.F.);
#2688=EDGE_CURVE('',#2139,#2140,#1797,.F.);
#2689=EDGE_CURVE('',#2141,#2142,#42,.T.);
#2690=EDGE_CURVE('',#2142,#2140,#1161,.T.);
#2691=EDGE_CURVE('',#2138,#2141,#1162,.T.);
#2692=EDGE_CURVE('',#2140,#2128,#1163,.T.);
#2693=EDGE_CURVE('',#2129,#2139,#1164,.T.);
#2694=EDGE_CURVE('',#2135,#2138,#1165,.T.);
#2695=EDGE_CURVE('',#2139,#2134,#1166,.T.);
#2696=EDGE_CURVE('',#2125,#2133,#1167,.T.);
#2697=EDGE_CURVE('',#2134,#2124,#1168,.T.);
#2698=EDGE_CURVE('',#2126,#2132,#1169,.T.);
#2699=EDGE_CURVE('',#2131,#2142,#1170,.T.);
#2700=EDGE_CURVE('',#2141,#2137,#1171,.T.);
#2701=EDGE_CURVE('',#2136,#2127,#1172,.T.);
#2702=EDGE_CURVE('',#2143,#2144,#1173,.T.);
#2703=EDGE_CURVE('',#2145,#2143,#1174,.T.);
#2704=EDGE_CURVE('',#2146,#2145,#1175,.T.);
#2705=EDGE_CURVE('',#2144,#2146,#1176,.T.);
#2706=EDGE_CURVE('',#2144,#2147,#1177,.T.);
#2707=EDGE_CURVE('',#2148,#2147,#1178,.T.);
#2708=EDGE_CURVE('',#2143,#2148,#1179,.T.);
#2709=EDGE_CURVE('',#2146,#2149,#1180,.T.);
#2710=EDGE_CURVE('',#2150,#2149,#1798,.T.);
#2711=EDGE_CURVE('',#2150,#2151,#1181,.T.);
#2712=EDGE_CURVE('',#2147,#2151,#1799,.T.);
#2713=EDGE_CURVE('',#2152,#2153,#1800,.T.);
#2714=EDGE_CURVE('',#2153,#2154,#1182,.T.);
#2715=EDGE_CURVE('',#2154,#2155,#1801,.T.);
#2716=EDGE_CURVE('',#2155,#2152,#1183,.T.);
#2717=EDGE_CURVE('',#2149,#2156,#1184,.T.);
#2718=EDGE_CURVE('',#2156,#2157,#1802,.T.);
#2719=EDGE_CURVE('',#2157,#2150,#1185,.T.);
#2720=EDGE_CURVE('',#2158,#2157,#1186,.T.);
#2721=EDGE_CURVE('',#2151,#2158,#1187,.T.);
#2722=EDGE_CURVE('',#2158,#2148,#1803,.T.);
#2723=EDGE_CURVE('',#2154,#2159,#1188,.T.);
#2724=EDGE_CURVE('',#2160,#2159,#1804,.T.);
#2725=EDGE_CURVE('',#2155,#2160,#1189,.T.);
#2726=EDGE_CURVE('',#2161,#2160,#1190,.T.);
#2727=EDGE_CURVE('',#2152,#2161,#1191,.T.);
#2728=EDGE_CURVE('',#2153,#2162,#1192,.T.);
#2729=EDGE_CURVE('',#2159,#2162,#1193,.T.);
#2730=EDGE_CURVE('',#2162,#2161,#1805,.T.);
#2731=EDGE_CURVE('',#2145,#2156,#1194,.T.);
#2732=EDGE_CURVE('',#2163,#2164,#1806,.F.);
#2733=EDGE_CURVE('',#2165,#2163,#1807,.F.);
#2734=EDGE_CURVE('',#2164,#2165,#1808,.F.);
#2735=EDGE_CURVE('',#2166,#2167,#43,.T.);
#2736=EDGE_CURVE('',#2167,#2165,#1195,.T.);
#2737=EDGE_CURVE('',#2163,#2166,#1196,.T.);
#2738=EDGE_CURVE('',#2168,#2169,#1809,.F.);
#2739=EDGE_CURVE('',#2170,#2168,#1810,.F.);
#2740=EDGE_CURVE('',#2169,#2170,#1811,.F.);
#2741=EDGE_CURVE('',#2171,#2172,#44,.T.);
#2742=EDGE_CURVE('',#2172,#2170,#1197,.T.);
#2743=EDGE_CURVE('',#2168,#2171,#1198,.T.);
#2744=EDGE_CURVE('',#2170,#2163,#1199,.T.);
#2745=EDGE_CURVE('',#2164,#2169,#1200,.T.);
#2746=EDGE_CURVE('',#2173,#2174,#1812,.F.);
#2747=EDGE_CURVE('',#2175,#2173,#1813,.F.);
#2748=EDGE_CURVE('',#2174,#2175,#1814,.F.);
#2749=EDGE_CURVE('',#2176,#2177,#45,.T.);
#2750=EDGE_CURVE('',#2177,#2175,#1201,.T.);
#2751=EDGE_CURVE('',#2173,#2176,#1202,.T.);
#2752=EDGE_CURVE('',#2178,#2179,#1815,.F.);
#2753=EDGE_CURVE('',#2180,#2178,#1816,.F.);
#2754=EDGE_CURVE('',#2179,#2180,#1817,.F.);
#2755=EDGE_CURVE('',#2181,#2182,#46,.T.);
#2756=EDGE_CURVE('',#2182,#2180,#1203,.T.);
#2757=EDGE_CURVE('',#2178,#2181,#1204,.T.);
#2758=EDGE_CURVE('',#2180,#2168,#1205,.T.);
#2759=EDGE_CURVE('',#2169,#2179,#1206,.T.);
#2760=EDGE_CURVE('',#2175,#2178,#1207,.T.);
#2761=EDGE_CURVE('',#2179,#2174,#1208,.T.);
#2762=EDGE_CURVE('',#2165,#2173,#1209,.T.);
#2763=EDGE_CURVE('',#2174,#2164,#1210,.T.);
#2764=EDGE_CURVE('',#2166,#2172,#1211,.T.);
#2765=EDGE_CURVE('',#2171,#2182,#1212,.T.);
#2766=EDGE_CURVE('',#2181,#2177,#1213,.T.);
#2767=EDGE_CURVE('',#2176,#2167,#1214,.T.);
#2768=EDGE_CURVE('',#2183,#2184,#1215,.T.);
#2769=EDGE_CURVE('',#2185,#2183,#1216,.T.);
#2770=EDGE_CURVE('',#2186,#2185,#1217,.T.);
#2771=EDGE_CURVE('',#2184,#2186,#1218,.T.);
#2772=EDGE_CURVE('',#2185,#2187,#1219,.T.);
#2773=EDGE_CURVE('',#2188,#2187,#1220,.T.);
#2774=EDGE_CURVE('',#2186,#2188,#1221,.T.);
#2775=EDGE_CURVE('',#2183,#2189,#1222,.T.);
#2776=EDGE_CURVE('',#2190,#2189,#1818,.T.);
#2777=EDGE_CURVE('',#2190,#2191,#1223,.T.);
#2778=EDGE_CURVE('',#2187,#2191,#1819,.T.);
#2779=EDGE_CURVE('',#2192,#2193,#1820,.T.);
#2780=EDGE_CURVE('',#2193,#2194,#1224,.T.);
#2781=EDGE_CURVE('',#2194,#2195,#1821,.T.);
#2782=EDGE_CURVE('',#2195,#2192,#1225,.T.);
#2783=EDGE_CURVE('',#2196,#2188,#1822,.T.);
#2784=EDGE_CURVE('',#2191,#2196,#1226,.T.);
#2785=EDGE_CURVE('',#2197,#2190,#1227,.T.);
#2786=EDGE_CURVE('',#2196,#2197,#1228,.T.);
#2787=EDGE_CURVE('',#2189,#2198,#1229,.T.);
#2788=EDGE_CURVE('',#2198,#2197,#1823,.T.);
#2789=EDGE_CURVE('',#2184,#2198,#1230,.T.);
#2790=EDGE_CURVE('',#2199,#2200,#1824,.T.);
#2791=EDGE_CURVE('',#2200,#2201,#1231,.T.);
#2792=EDGE_CURVE('',#2201,#2202,#1825,.T.);
#2793=EDGE_CURVE('',#2202,#2199,#1232,.T.);
#2794=EDGE_CURVE('',#2199,#2193,#1233,.T.);
#2795=EDGE_CURVE('',#2202,#2194,#1234,.T.);
#2796=EDGE_CURVE('',#2200,#2192,#1235,.T.);
#2797=EDGE_CURVE('',#2201,#2195,#1236,.T.);
#2798=EDGE_CURVE('',#2203,#2204,#1826,.F.);
#2799=EDGE_CURVE('',#2205,#2203,#1827,.F.);
#2800=EDGE_CURVE('',#2204,#2205,#1828,.F.);
#2801=EDGE_CURVE('',#2206,#2207,#47,.T.);
#2802=EDGE_CURVE('',#2207,#2205,#1237,.T.);
#2803=EDGE_CURVE('',#2203,#2206,#1238,.T.);
#2804=EDGE_CURVE('',#2208,#2209,#1829,.F.);
#2805=EDGE_CURVE('',#2210,#2208,#1830,.F.);
#2806=EDGE_CURVE('',#2209,#2210,#1831,.F.);
#2807=EDGE_CURVE('',#2211,#2212,#48,.T.);
#2808=EDGE_CURVE('',#2212,#2210,#1239,.T.);
#2809=EDGE_CURVE('',#2208,#2211,#1240,.T.);
#2810=EDGE_CURVE('',#2210,#2203,#1241,.T.);
#2811=EDGE_CURVE('',#2204,#2209,#1242,.T.);
#2812=EDGE_CURVE('',#2213,#2214,#1832,.F.);
#2813=EDGE_CURVE('',#2215,#2213,#1833,.F.);
#2814=EDGE_CURVE('',#2214,#2215,#1834,.F.);
#2815=EDGE_CURVE('',#2216,#2217,#49,.T.);
#2816=EDGE_CURVE('',#2217,#2215,#1243,.T.);
#2817=EDGE_CURVE('',#2213,#2216,#1244,.T.);
#2818=EDGE_CURVE('',#2218,#2219,#1835,.F.);
#2819=EDGE_CURVE('',#2220,#2218,#1836,.F.);
#2820=EDGE_CURVE('',#2219,#2220,#1837,.F.);
#2821=EDGE_CURVE('',#2221,#2222,#50,.T.);
#2822=EDGE_CURVE('',#2222,#2220,#1245,.T.);
#2823=EDGE_CURVE('',#2218,#2221,#1246,.T.);
#2824=EDGE_CURVE('',#2220,#2208,#1247,.T.);
#2825=EDGE_CURVE('',#2209,#2219,#1248,.T.);
#2826=EDGE_CURVE('',#2215,#2218,#1249,.T.);
#2827=EDGE_CURVE('',#2219,#2214,#1250,.T.);
#2828=EDGE_CURVE('',#2205,#2213,#1251,.T.);
#2829=EDGE_CURVE('',#2214,#2204,#1252,.T.);
#2830=EDGE_CURVE('',#2206,#2212,#1253,.T.);
#2831=EDGE_CURVE('',#2211,#2222,#1254,.T.);
#2832=EDGE_CURVE('',#2221,#2217,#1255,.T.);
#2833=EDGE_CURVE('',#2216,#2207,#1256,.T.);
#2834=EDGE_CURVE('',#2223,#2224,#1257,.T.);
#2835=EDGE_CURVE('',#2225,#2223,#1258,.T.);
#2836=EDGE_CURVE('',#2226,#2225,#1259,.T.);
#2837=EDGE_CURVE('',#2224,#2226,#1260,.T.);
#2838=EDGE_CURVE('',#2224,#2227,#1261,.T.);
#2839=EDGE_CURVE('',#2228,#2227,#1262,.T.);
#2840=EDGE_CURVE('',#2223,#2228,#1263,.T.);
#2841=EDGE_CURVE('',#2226,#2229,#1264,.T.);
#2842=EDGE_CURVE('',#2230,#2229,#1838,.T.);
#2843=EDGE_CURVE('',#2230,#2231,#1265,.T.);
#2844=EDGE_CURVE('',#2227,#2231,#1839,.T.);
#2845=EDGE_CURVE('',#2232,#2233,#1840,.T.);
#2846=EDGE_CURVE('',#2233,#2234,#1266,.T.);
#2847=EDGE_CURVE('',#2234,#2235,#1841,.T.);
#2848=EDGE_CURVE('',#2235,#2232,#1267,.T.);
#2849=EDGE_CURVE('',#2236,#2228,#1842,.T.);
#2850=EDGE_CURVE('',#2231,#2236,#1268,.T.);
#2851=EDGE_CURVE('',#2236,#2237,#1269,.T.);
#2852=EDGE_CURVE('',#2238,#2237,#1843,.T.);
#2853=EDGE_CURVE('',#2225,#2238,#1270,.T.);
#2854=EDGE_CURVE('',#2239,#2240,#1844,.T.);
#2855=EDGE_CURVE('',#2240,#2241,#1271,.T.);
#2856=EDGE_CURVE('',#2241,#2242,#1845,.T.);
#2857=EDGE_CURVE('',#2242,#2239,#1272,.T.);
#2858=EDGE_CURVE('',#2237,#2230,#1273,.T.);
#2859=EDGE_CURVE('',#2229,#2238,#1274,.T.);
#2860=EDGE_CURVE('',#2234,#2242,#1275,.T.);
#2861=EDGE_CURVE('',#2235,#2241,#1276,.T.);
#2862=EDGE_CURVE('',#2232,#2240,#1277,.T.);
#2863=EDGE_CURVE('',#2233,#2239,#1278,.T.);
#2864=ORIENTED_EDGE('',*,*,#2243,.T.);
#2865=ORIENTED_EDGE('',*,*,#2244,.T.);
#2866=ORIENTED_EDGE('',*,*,#2245,.T.);
#2867=ORIENTED_EDGE('',*,*,#2246,.T.);
#2868=ORIENTED_EDGE('',*,*,#2247,.F.);
#2869=ORIENTED_EDGE('',*,*,#2244,.F.);
#2870=ORIENTED_EDGE('',*,*,#2248,.F.);
#2871=ORIENTED_EDGE('',*,*,#2249,.F.);
#2872=ORIENTED_EDGE('',*,*,#2250,.F.);
#2873=ORIENTED_EDGE('',*,*,#2251,.F.);
#2874=ORIENTED_EDGE('',*,*,#2252,.F.);
#2875=ORIENTED_EDGE('',*,*,#2253,.F.);
#2876=ORIENTED_EDGE('',*,*,#2254,.F.);
#2877=ORIENTED_EDGE('',*,*,#2255,.F.);
#2878=ORIENTED_EDGE('',*,*,#2256,.F.);
#2879=ORIENTED_EDGE('',*,*,#2257,.F.);
#2880=ORIENTED_EDGE('',*,*,#2258,.T.);
#2881=ORIENTED_EDGE('',*,*,#2253,.T.);
#2882=ORIENTED_EDGE('',*,*,#2259,.T.);
#2883=ORIENTED_EDGE('',*,*,#2260,.T.);
#2884=ORIENTED_EDGE('',*,*,#2261,.F.);
#2885=ORIENTED_EDGE('',*,*,#2262,.F.);
#2886=ORIENTED_EDGE('',*,*,#2263,.F.);
#2887=ORIENTED_EDGE('',*,*,#2264,.T.);
#2888=ORIENTED_EDGE('',*,*,#2265,.F.);
#2889=ORIENTED_EDGE('',*,*,#2264,.F.);
#2890=ORIENTED_EDGE('',*,*,#2266,.F.);
#2891=ORIENTED_EDGE('',*,*,#2267,.T.);
#2892=ORIENTED_EDGE('',*,*,#2268,.F.);
#2893=ORIENTED_EDGE('',*,*,#2267,.F.);
#2894=ORIENTED_EDGE('',*,*,#2269,.F.);
#2895=ORIENTED_EDGE('',*,*,#2270,.F.);
#2896=ORIENTED_EDGE('',*,*,#2271,.F.);
#2897=ORIENTED_EDGE('',*,*,#2261,.T.);
#2898=ORIENTED_EDGE('',*,*,#2265,.T.);
#2899=ORIENTED_EDGE('',*,*,#2268,.T.);
#2900=ORIENTED_EDGE('',*,*,#2272,.F.);
#2901=ORIENTED_EDGE('',*,*,#2273,.F.);
#2902=ORIENTED_EDGE('',*,*,#2274,.F.);
#2903=ORIENTED_EDGE('',*,*,#2275,.T.);
#2904=ORIENTED_EDGE('',*,*,#2276,.F.);
#2905=ORIENTED_EDGE('',*,*,#2275,.F.);
#2906=ORIENTED_EDGE('',*,*,#2277,.F.);
#2907=ORIENTED_EDGE('',*,*,#2278,.T.);
#2908=ORIENTED_EDGE('',*,*,#2279,.F.);
#2909=ORIENTED_EDGE('',*,*,#2278,.F.);
#2910=ORIENTED_EDGE('',*,*,#2280,.F.);
#2911=ORIENTED_EDGE('',*,*,#2281,.F.);
#2912=ORIENTED_EDGE('',*,*,#2282,.F.);
#2913=ORIENTED_EDGE('',*,*,#2272,.T.);
#2914=ORIENTED_EDGE('',*,*,#2276,.T.);
#2915=ORIENTED_EDGE('',*,*,#2279,.T.);
#2916=ORIENTED_EDGE('',*,*,#2283,.F.);
#2917=ORIENTED_EDGE('',*,*,#2284,.F.);
#2918=ORIENTED_EDGE('',*,*,#2285,.F.);
#2919=ORIENTED_EDGE('',*,*,#2286,.T.);
#2920=ORIENTED_EDGE('',*,*,#2287,.F.);
#2921=ORIENTED_EDGE('',*,*,#2286,.F.);
#2922=ORIENTED_EDGE('',*,*,#2288,.F.);
#2923=ORIENTED_EDGE('',*,*,#2289,.F.);
#2924=ORIENTED_EDGE('',*,*,#2290,.F.);
#2925=ORIENTED_EDGE('',*,*,#2291,.F.);
#2926=ORIENTED_EDGE('',*,*,#2292,.F.);
#2927=ORIENTED_EDGE('',*,*,#2284,.T.);
#2928=ORIENTED_EDGE('',*,*,#2283,.T.);
#2929=ORIENTED_EDGE('',*,*,#2287,.T.);
#2930=ORIENTED_EDGE('',*,*,#2293,.F.);
#2931=ORIENTED_EDGE('',*,*,#2290,.T.);
#2932=ORIENTED_EDGE('',*,*,#2294,.F.);
#2933=ORIENTED_EDGE('',*,*,#2295,.F.);
#2934=ORIENTED_EDGE('',*,*,#2296,.F.);
#2935=ORIENTED_EDGE('',*,*,#2297,.T.);
#2936=ORIENTED_EDGE('',*,*,#2298,.F.);
#2937=ORIENTED_EDGE('',*,*,#2297,.F.);
#2938=ORIENTED_EDGE('',*,*,#2299,.F.);
#2939=ORIENTED_EDGE('',*,*,#2300,.F.);
#2940=ORIENTED_EDGE('',*,*,#2301,.F.);
#2941=ORIENTED_EDGE('',*,*,#2302,.F.);
#2942=ORIENTED_EDGE('',*,*,#2303,.F.);
#2943=ORIENTED_EDGE('',*,*,#2295,.T.);
#2944=ORIENTED_EDGE('',*,*,#2294,.T.);
#2945=ORIENTED_EDGE('',*,*,#2298,.T.);
#2946=ORIENTED_EDGE('',*,*,#2304,.F.);
#2947=ORIENTED_EDGE('',*,*,#2301,.T.);
#2948=ORIENTED_EDGE('',*,*,#2246,.F.);
#2949=ORIENTED_EDGE('',*,*,#2305,.F.);
#2950=ORIENTED_EDGE('',*,*,#2306,.F.);
#2951=ORIENTED_EDGE('',*,*,#2291,.T.);
#2952=ORIENTED_EDGE('',*,*,#2293,.T.);
#2953=ORIENTED_EDGE('',*,*,#2289,.T.);
#2954=ORIENTED_EDGE('',*,*,#2307,.F.);
#2955=ORIENTED_EDGE('',*,*,#2302,.T.);
#2956=ORIENTED_EDGE('',*,*,#2304,.T.);
#2957=ORIENTED_EDGE('',*,*,#2300,.T.);
#2958=ORIENTED_EDGE('',*,*,#2308,.F.);
#2959=ORIENTED_EDGE('',*,*,#2309,.T.);
#2960=ORIENTED_EDGE('',*,*,#2269,.T.);
#2961=ORIENTED_EDGE('',*,*,#2266,.T.);
#2962=ORIENTED_EDGE('',*,*,#2263,.T.);
#2963=ORIENTED_EDGE('',*,*,#2310,.T.);
#2964=ORIENTED_EDGE('',*,*,#2311,.T.);
#2965=ORIENTED_EDGE('',*,*,#2312,.T.);
#2966=ORIENTED_EDGE('',*,*,#2313,.T.);
#2967=ORIENTED_EDGE('',*,*,#2314,.T.);
#2968=ORIENTED_EDGE('',*,*,#2315,.T.);
#2969=ORIENTED_EDGE('',*,*,#2308,.T.);
#2970=ORIENTED_EDGE('',*,*,#2299,.T.);
#2971=ORIENTED_EDGE('',*,*,#2296,.T.);
#2972=ORIENTED_EDGE('',*,*,#2303,.T.);
#2973=ORIENTED_EDGE('',*,*,#2307,.T.);
#2974=ORIENTED_EDGE('',*,*,#2288,.T.);
#2975=ORIENTED_EDGE('',*,*,#2285,.T.);
#2976=ORIENTED_EDGE('',*,*,#2292,.T.);
#2977=ORIENTED_EDGE('',*,*,#2306,.T.);
#2978=ORIENTED_EDGE('',*,*,#2316,.T.);
#2979=ORIENTED_EDGE('',*,*,#2317,.T.);
#2980=ORIENTED_EDGE('',*,*,#2318,.T.);
#2981=ORIENTED_EDGE('',*,*,#2319,.T.);
#2982=ORIENTED_EDGE('',*,*,#2320,.T.);
#2983=ORIENTED_EDGE('',*,*,#2321,.T.);
#2984=ORIENTED_EDGE('',*,*,#2280,.T.);
#2985=ORIENTED_EDGE('',*,*,#2277,.T.);
#2986=ORIENTED_EDGE('',*,*,#2274,.T.);
#2987=ORIENTED_EDGE('',*,*,#2322,.T.);
#2988=ORIENTED_EDGE('',*,*,#2249,.T.);
#2989=ORIENTED_EDGE('',*,*,#2323,.F.);
#2990=ORIENTED_EDGE('',*,*,#2314,.F.);
#2991=ORIENTED_EDGE('',*,*,#2324,.T.);
#2992=ORIENTED_EDGE('',*,*,#2248,.T.);
#2993=ORIENTED_EDGE('',*,*,#2243,.F.);
#2994=ORIENTED_EDGE('',*,*,#2309,.F.);
#2995=ORIENTED_EDGE('',*,*,#2315,.F.);
#2996=ORIENTED_EDGE('',*,*,#2323,.T.);
#2997=ORIENTED_EDGE('',*,*,#2247,.T.);
#2998=ORIENTED_EDGE('',*,*,#2325,.F.);
#2999=ORIENTED_EDGE('',*,*,#2316,.F.);
#3000=ORIENTED_EDGE('',*,*,#2305,.T.);
#3001=ORIENTED_EDGE('',*,*,#2245,.F.);
#3002=ORIENTED_EDGE('',*,*,#2257,.T.);
#3003=ORIENTED_EDGE('',*,*,#2326,.F.);
#3004=ORIENTED_EDGE('',*,*,#2317,.F.);
#3005=ORIENTED_EDGE('',*,*,#2325,.T.);
#3006=ORIENTED_EDGE('',*,*,#2256,.T.);
#3007=ORIENTED_EDGE('',*,*,#2327,.F.);
#3008=ORIENTED_EDGE('',*,*,#2318,.F.);
#3009=ORIENTED_EDGE('',*,*,#2326,.T.);
#3010=ORIENTED_EDGE('',*,*,#2255,.T.);
#3011=ORIENTED_EDGE('',*,*,#2328,.F.);
#3012=ORIENTED_EDGE('',*,*,#2319,.F.);
#3013=ORIENTED_EDGE('',*,*,#2327,.T.);
#3014=ORIENTED_EDGE('',*,*,#2254,.T.);
#3015=ORIENTED_EDGE('',*,*,#2258,.F.);
#3016=ORIENTED_EDGE('',*,*,#2329,.F.);
#3017=ORIENTED_EDGE('',*,*,#2320,.F.);
#3018=ORIENTED_EDGE('',*,*,#2328,.T.);
#3019=ORIENTED_EDGE('',*,*,#2260,.F.);
#3020=ORIENTED_EDGE('',*,*,#2330,.F.);
#3021=ORIENTED_EDGE('',*,*,#2310,.F.);
#3022=ORIENTED_EDGE('',*,*,#2262,.T.);
#3023=ORIENTED_EDGE('',*,*,#2271,.T.);
#3024=ORIENTED_EDGE('',*,*,#2270,.T.);
#3025=ORIENTED_EDGE('',*,*,#2322,.F.);
#3026=ORIENTED_EDGE('',*,*,#2273,.T.);
#3027=ORIENTED_EDGE('',*,*,#2282,.T.);
#3028=ORIENTED_EDGE('',*,*,#2281,.T.);
#3029=ORIENTED_EDGE('',*,*,#2321,.F.);
#3030=ORIENTED_EDGE('',*,*,#2329,.T.);
#3031=ORIENTED_EDGE('',*,*,#2252,.T.);
#3032=ORIENTED_EDGE('',*,*,#2331,.F.);
#3033=ORIENTED_EDGE('',*,*,#2311,.F.);
#3034=ORIENTED_EDGE('',*,*,#2330,.T.);
#3035=ORIENTED_EDGE('',*,*,#2259,.F.);
#3036=ORIENTED_EDGE('',*,*,#2251,.T.);
#3037=ORIENTED_EDGE('',*,*,#2332,.F.);
#3038=ORIENTED_EDGE('',*,*,#2312,.F.);
#3039=ORIENTED_EDGE('',*,*,#2331,.T.);
#3040=ORIENTED_EDGE('',*,*,#2250,.T.);
#3041=ORIENTED_EDGE('',*,*,#2324,.F.);
#3042=ORIENTED_EDGE('',*,*,#2313,.F.);
#3043=ORIENTED_EDGE('',*,*,#2332,.T.);
#3044=ORIENTED_EDGE('',*,*,#2333,.F.);
#3045=ORIENTED_EDGE('',*,*,#2334,.T.);
#3046=ORIENTED_EDGE('',*,*,#2335,.T.);
#3047=ORIENTED_EDGE('',*,*,#2336,.F.);
#3048=ORIENTED_EDGE('',*,*,#2337,.F.);
#3049=ORIENTED_EDGE('',*,*,#2338,.T.);
#3050=ORIENTED_EDGE('',*,*,#2339,.T.);
#3051=ORIENTED_EDGE('',*,*,#2334,.F.);
#3052=ORIENTED_EDGE('',*,*,#2340,.F.);
#3053=ORIENTED_EDGE('',*,*,#2341,.T.);
#3054=ORIENTED_EDGE('',*,*,#2342,.T.);
#3055=ORIENTED_EDGE('',*,*,#2338,.F.);
#3056=ORIENTED_EDGE('',*,*,#2343,.F.);
#3057=ORIENTED_EDGE('',*,*,#2344,.T.);
#3058=ORIENTED_EDGE('',*,*,#2345,.T.);
#3059=ORIENTED_EDGE('',*,*,#2341,.F.);
#3060=ORIENTED_EDGE('',*,*,#2346,.F.);
#3061=ORIENTED_EDGE('',*,*,#2347,.T.);
#3062=ORIENTED_EDGE('',*,*,#2348,.T.);
#3063=ORIENTED_EDGE('',*,*,#2344,.F.);
#3064=ORIENTED_EDGE('',*,*,#2349,.F.);
#3065=ORIENTED_EDGE('',*,*,#2350,.T.);
#3066=ORIENTED_EDGE('',*,*,#2351,.T.);
#3067=ORIENTED_EDGE('',*,*,#2347,.F.);
#3068=ORIENTED_EDGE('',*,*,#2352,.F.);
#3069=ORIENTED_EDGE('',*,*,#2353,.T.);
#3070=ORIENTED_EDGE('',*,*,#2354,.T.);
#3071=ORIENTED_EDGE('',*,*,#2350,.F.);
#3072=ORIENTED_EDGE('',*,*,#2355,.F.);
#3073=ORIENTED_EDGE('',*,*,#2356,.T.);
#3074=ORIENTED_EDGE('',*,*,#2357,.T.);
#3075=ORIENTED_EDGE('',*,*,#2353,.F.);
#3076=ORIENTED_EDGE('',*,*,#2358,.F.);
#3077=ORIENTED_EDGE('',*,*,#2359,.T.);
#3078=ORIENTED_EDGE('',*,*,#2360,.T.);
#3079=ORIENTED_EDGE('',*,*,#2356,.F.);
#3080=ORIENTED_EDGE('',*,*,#2361,.F.);
#3081=ORIENTED_EDGE('',*,*,#2336,.T.);
#3082=ORIENTED_EDGE('',*,*,#2362,.T.);
#3083=ORIENTED_EDGE('',*,*,#2359,.F.);
#3084=ORIENTED_EDGE('',*,*,#2362,.F.);
#3085=ORIENTED_EDGE('',*,*,#2335,.F.);
#3086=ORIENTED_EDGE('',*,*,#2339,.F.);
#3087=ORIENTED_EDGE('',*,*,#2342,.F.);
#3088=ORIENTED_EDGE('',*,*,#2345,.F.);
#3089=ORIENTED_EDGE('',*,*,#2348,.F.);
#3090=ORIENTED_EDGE('',*,*,#2351,.F.);
#3091=ORIENTED_EDGE('',*,*,#2354,.F.);
#3092=ORIENTED_EDGE('',*,*,#2357,.F.);
#3093=ORIENTED_EDGE('',*,*,#2360,.F.);
#3094=ORIENTED_EDGE('',*,*,#2363,.F.);
#3095=ORIENTED_EDGE('',*,*,#2364,.T.);
#3096=ORIENTED_EDGE('',*,*,#2365,.T.);
#3097=ORIENTED_EDGE('',*,*,#2366,.F.);
#3098=ORIENTED_EDGE('',*,*,#2367,.F.);
#3099=ORIENTED_EDGE('',*,*,#2366,.T.);
#3100=ORIENTED_EDGE('',*,*,#2368,.T.);
#3101=ORIENTED_EDGE('',*,*,#2369,.F.);
#3102=ORIENTED_EDGE('',*,*,#2370,.F.);
#3103=ORIENTED_EDGE('',*,*,#2369,.T.);
#3104=ORIENTED_EDGE('',*,*,#2371,.T.);
#3105=ORIENTED_EDGE('',*,*,#2372,.F.);
#3106=ORIENTED_EDGE('',*,*,#2373,.F.);
#3107=ORIENTED_EDGE('',*,*,#2372,.T.);
#3108=ORIENTED_EDGE('',*,*,#2374,.T.);
#3109=ORIENTED_EDGE('',*,*,#2364,.F.);
#3110=ORIENTED_EDGE('',*,*,#2375,.F.);
#3111=ORIENTED_EDGE('',*,*,#2376,.T.);
#3112=ORIENTED_EDGE('',*,*,#2377,.T.);
#3113=ORIENTED_EDGE('',*,*,#2378,.F.);
#3114=ORIENTED_EDGE('',*,*,#2379,.F.);
#3115=ORIENTED_EDGE('',*,*,#2380,.T.);
#3116=ORIENTED_EDGE('',*,*,#2381,.T.);
#3117=ORIENTED_EDGE('',*,*,#2376,.F.);
#3118=ORIENTED_EDGE('',*,*,#2382,.F.);
#3119=ORIENTED_EDGE('',*,*,#2383,.T.);
#3120=ORIENTED_EDGE('',*,*,#2384,.T.);
#3121=ORIENTED_EDGE('',*,*,#2380,.F.);
#3122=ORIENTED_EDGE('',*,*,#2385,.F.);
#3123=ORIENTED_EDGE('',*,*,#2378,.T.);
#3124=ORIENTED_EDGE('',*,*,#2386,.T.);
#3125=ORIENTED_EDGE('',*,*,#2383,.F.);
#3126=ORIENTED_EDGE('',*,*,#2386,.F.);
#3127=ORIENTED_EDGE('',*,*,#2377,.F.);
#3128=ORIENTED_EDGE('',*,*,#2381,.F.);
#3129=ORIENTED_EDGE('',*,*,#2384,.F.);
#3130=ORIENTED_EDGE('',*,*,#2365,.F.);
#3131=ORIENTED_EDGE('',*,*,#2374,.F.);
#3132=ORIENTED_EDGE('',*,*,#2371,.F.);
#3133=ORIENTED_EDGE('',*,*,#2368,.F.);
#3134=ORIENTED_EDGE('',*,*,#2387,.F.);
#3135=ORIENTED_EDGE('',*,*,#2388,.T.);
#3136=ORIENTED_EDGE('',*,*,#2389,.T.);
#3137=ORIENTED_EDGE('',*,*,#2390,.F.);
#3138=ORIENTED_EDGE('',*,*,#2391,.F.);
#3139=ORIENTED_EDGE('',*,*,#2390,.T.);
#3140=ORIENTED_EDGE('',*,*,#2392,.T.);
#3141=ORIENTED_EDGE('',*,*,#2393,.F.);
#3142=ORIENTED_EDGE('',*,*,#2394,.F.);
#3143=ORIENTED_EDGE('',*,*,#2393,.T.);
#3144=ORIENTED_EDGE('',*,*,#2395,.T.);
#3145=ORIENTED_EDGE('',*,*,#2396,.F.);
#3146=ORIENTED_EDGE('',*,*,#2397,.F.);
#3147=ORIENTED_EDGE('',*,*,#2396,.T.);
#3148=ORIENTED_EDGE('',*,*,#2398,.T.);
#3149=ORIENTED_EDGE('',*,*,#2388,.F.);
#3150=ORIENTED_EDGE('',*,*,#2399,.F.);
#3151=ORIENTED_EDGE('',*,*,#2400,.T.);
#3152=ORIENTED_EDGE('',*,*,#2401,.T.);
#3153=ORIENTED_EDGE('',*,*,#2402,.F.);
#3154=ORIENTED_EDGE('',*,*,#2403,.F.);
#3155=ORIENTED_EDGE('',*,*,#2404,.T.);
#3156=ORIENTED_EDGE('',*,*,#2405,.T.);
#3157=ORIENTED_EDGE('',*,*,#2400,.F.);
#3158=ORIENTED_EDGE('',*,*,#2406,.F.);
#3159=ORIENTED_EDGE('',*,*,#2407,.T.);
#3160=ORIENTED_EDGE('',*,*,#2408,.T.);
#3161=ORIENTED_EDGE('',*,*,#2404,.F.);
#3162=ORIENTED_EDGE('',*,*,#2409,.F.);
#3163=ORIENTED_EDGE('',*,*,#2402,.T.);
#3164=ORIENTED_EDGE('',*,*,#2410,.T.);
#3165=ORIENTED_EDGE('',*,*,#2407,.F.);
#3166=ORIENTED_EDGE('',*,*,#2410,.F.);
#3167=ORIENTED_EDGE('',*,*,#2401,.F.);
#3168=ORIENTED_EDGE('',*,*,#2405,.F.);
#3169=ORIENTED_EDGE('',*,*,#2408,.F.);
#3170=ORIENTED_EDGE('',*,*,#2389,.F.);
#3171=ORIENTED_EDGE('',*,*,#2398,.F.);
#3172=ORIENTED_EDGE('',*,*,#2395,.F.);
#3173=ORIENTED_EDGE('',*,*,#2392,.F.);
#3174=ORIENTED_EDGE('',*,*,#2411,.F.);
#3175=ORIENTED_EDGE('',*,*,#2412,.T.);
#3176=ORIENTED_EDGE('',*,*,#2413,.T.);
#3177=ORIENTED_EDGE('',*,*,#2414,.F.);
#3178=ORIENTED_EDGE('',*,*,#2415,.F.);
#3179=ORIENTED_EDGE('',*,*,#2416,.T.);
#3180=ORIENTED_EDGE('',*,*,#2417,.T.);
#3181=ORIENTED_EDGE('',*,*,#2412,.F.);
#3182=ORIENTED_EDGE('',*,*,#2418,.F.);
#3183=ORIENTED_EDGE('',*,*,#2419,.T.);
#3184=ORIENTED_EDGE('',*,*,#2420,.T.);
#3185=ORIENTED_EDGE('',*,*,#2416,.F.);
#3186=ORIENTED_EDGE('',*,*,#2421,.F.);
#3187=ORIENTED_EDGE('',*,*,#2422,.T.);
#3188=ORIENTED_EDGE('',*,*,#2423,.T.);
#3189=ORIENTED_EDGE('',*,*,#2419,.F.);
#3190=ORIENTED_EDGE('',*,*,#2424,.F.);
#3191=ORIENTED_EDGE('',*,*,#2425,.T.);
#3192=ORIENTED_EDGE('',*,*,#2426,.T.);
#3193=ORIENTED_EDGE('',*,*,#2422,.F.);
#3194=ORIENTED_EDGE('',*,*,#2427,.F.);
#3195=ORIENTED_EDGE('',*,*,#2428,.T.);
#3196=ORIENTED_EDGE('',*,*,#2429,.T.);
#3197=ORIENTED_EDGE('',*,*,#2425,.F.);
#3198=ORIENTED_EDGE('',*,*,#2430,.F.);
#3199=ORIENTED_EDGE('',*,*,#2431,.T.);
#3200=ORIENTED_EDGE('',*,*,#2432,.T.);
#3201=ORIENTED_EDGE('',*,*,#2428,.F.);
#3202=ORIENTED_EDGE('',*,*,#2433,.F.);
#3203=ORIENTED_EDGE('',*,*,#2434,.T.);
#3204=ORIENTED_EDGE('',*,*,#2435,.T.);
#3205=ORIENTED_EDGE('',*,*,#2431,.F.);
#3206=ORIENTED_EDGE('',*,*,#2436,.F.);
#3207=ORIENTED_EDGE('',*,*,#2437,.T.);
#3208=ORIENTED_EDGE('',*,*,#2438,.T.);
#3209=ORIENTED_EDGE('',*,*,#2434,.F.);
#3210=ORIENTED_EDGE('',*,*,#2439,.F.);
#3211=ORIENTED_EDGE('',*,*,#2414,.T.);
#3212=ORIENTED_EDGE('',*,*,#2440,.T.);
#3213=ORIENTED_EDGE('',*,*,#2437,.F.);
#3214=ORIENTED_EDGE('',*,*,#2440,.F.);
#3215=ORIENTED_EDGE('',*,*,#2413,.F.);
#3216=ORIENTED_EDGE('',*,*,#2417,.F.);
#3217=ORIENTED_EDGE('',*,*,#2420,.F.);
#3218=ORIENTED_EDGE('',*,*,#2423,.F.);
#3219=ORIENTED_EDGE('',*,*,#2426,.F.);
#3220=ORIENTED_EDGE('',*,*,#2429,.F.);
#3221=ORIENTED_EDGE('',*,*,#2432,.F.);
#3222=ORIENTED_EDGE('',*,*,#2435,.F.);
#3223=ORIENTED_EDGE('',*,*,#2438,.F.);
#3224=ORIENTED_EDGE('',*,*,#2441,.F.);
#3225=ORIENTED_EDGE('',*,*,#2442,.T.);
#3226=ORIENTED_EDGE('',*,*,#2443,.T.);
#3227=ORIENTED_EDGE('',*,*,#2444,.T.);
#3228=ORIENTED_EDGE('',*,*,#2445,.F.);
#3229=ORIENTED_EDGE('',*,*,#2446,.T.);
#3230=ORIENTED_EDGE('',*,*,#2447,.T.);
#3231=ORIENTED_EDGE('',*,*,#2448,.T.);
#3232=ORIENTED_EDGE('',*,*,#2449,.F.);
#3233=ORIENTED_EDGE('',*,*,#2450,.T.);
#3234=ORIENTED_EDGE('',*,*,#2451,.T.);
#3235=ORIENTED_EDGE('',*,*,#2452,.T.);
#3236=ORIENTED_EDGE('',*,*,#2333,.T.);
#3237=ORIENTED_EDGE('',*,*,#2361,.T.);
#3238=ORIENTED_EDGE('',*,*,#2358,.T.);
#3239=ORIENTED_EDGE('',*,*,#2355,.T.);
#3240=ORIENTED_EDGE('',*,*,#2352,.T.);
#3241=ORIENTED_EDGE('',*,*,#2349,.T.);
#3242=ORIENTED_EDGE('',*,*,#2346,.T.);
#3243=ORIENTED_EDGE('',*,*,#2343,.T.);
#3244=ORIENTED_EDGE('',*,*,#2340,.T.);
#3245=ORIENTED_EDGE('',*,*,#2337,.T.);
#3246=ORIENTED_EDGE('',*,*,#2375,.T.);
#3247=ORIENTED_EDGE('',*,*,#2385,.T.);
#3248=ORIENTED_EDGE('',*,*,#2382,.T.);
#3249=ORIENTED_EDGE('',*,*,#2379,.T.);
#3250=ORIENTED_EDGE('',*,*,#2399,.T.);
#3251=ORIENTED_EDGE('',*,*,#2409,.T.);
#3252=ORIENTED_EDGE('',*,*,#2406,.T.);
#3253=ORIENTED_EDGE('',*,*,#2403,.T.);
#3254=ORIENTED_EDGE('',*,*,#2411,.T.);
#3255=ORIENTED_EDGE('',*,*,#2439,.T.);
#3256=ORIENTED_EDGE('',*,*,#2436,.T.);
#3257=ORIENTED_EDGE('',*,*,#2433,.T.);
#3258=ORIENTED_EDGE('',*,*,#2430,.T.);
#3259=ORIENTED_EDGE('',*,*,#2427,.T.);
#3260=ORIENTED_EDGE('',*,*,#2424,.T.);
#3261=ORIENTED_EDGE('',*,*,#2421,.T.);
#3262=ORIENTED_EDGE('',*,*,#2418,.T.);
#3263=ORIENTED_EDGE('',*,*,#2415,.T.);
#3264=ORIENTED_EDGE('',*,*,#2387,.T.);
#3265=ORIENTED_EDGE('',*,*,#2391,.T.);
#3266=ORIENTED_EDGE('',*,*,#2394,.T.);
#3267=ORIENTED_EDGE('',*,*,#2397,.T.);
#3268=ORIENTED_EDGE('',*,*,#2453,.T.);
#3269=ORIENTED_EDGE('',*,*,#2441,.T.);
#3270=ORIENTED_EDGE('',*,*,#2454,.T.);
#3271=ORIENTED_EDGE('',*,*,#2455,.T.);
#3272=ORIENTED_EDGE('',*,*,#2455,.F.);
#3273=ORIENTED_EDGE('',*,*,#2456,.T.);
#3274=ORIENTED_EDGE('',*,*,#2457,.T.);
#3275=ORIENTED_EDGE('',*,*,#2458,.T.);
#3276=ORIENTED_EDGE('',*,*,#2454,.F.);
#3277=ORIENTED_EDGE('',*,*,#2452,.F.);
#3278=ORIENTED_EDGE('',*,*,#2459,.F.);
#3279=ORIENTED_EDGE('',*,*,#2460,.F.);
#3280=ORIENTED_EDGE('',*,*,#2461,.F.);
#3281=ORIENTED_EDGE('',*,*,#2456,.F.);
#3282=ORIENTED_EDGE('',*,*,#2462,.T.);
#3283=ORIENTED_EDGE('',*,*,#2463,.T.);
#3284=ORIENTED_EDGE('',*,*,#2464,.T.);
#3285=ORIENTED_EDGE('',*,*,#2465,.T.);
#3286=ORIENTED_EDGE('',*,*,#2463,.F.);
#3287=ORIENTED_EDGE('',*,*,#2466,.T.);
#3288=ORIENTED_EDGE('',*,*,#2467,.T.);
#3289=ORIENTED_EDGE('',*,*,#2468,.T.);
#3290=ORIENTED_EDGE('',*,*,#2462,.F.);
#3291=ORIENTED_EDGE('',*,*,#2469,.F.);
#3292=ORIENTED_EDGE('',*,*,#2470,.F.);
#3293=ORIENTED_EDGE('',*,*,#2471,.F.);
#3294=ORIENTED_EDGE('',*,*,#2472,.F.);
#3295=ORIENTED_EDGE('',*,*,#2466,.F.);
#3296=ORIENTED_EDGE('',*,*,#2473,.T.);
#3297=ORIENTED_EDGE('',*,*,#2474,.T.);
#3298=ORIENTED_EDGE('',*,*,#2475,.T.);
#3299=ORIENTED_EDGE('',*,*,#2476,.T.);
#3300=ORIENTED_EDGE('',*,*,#2476,.F.);
#3301=ORIENTED_EDGE('',*,*,#2477,.T.);
#3302=ORIENTED_EDGE('',*,*,#2478,.T.);
#3303=ORIENTED_EDGE('',*,*,#2479,.T.);
#3304=ORIENTED_EDGE('',*,*,#2475,.F.);
#3305=ORIENTED_EDGE('',*,*,#2480,.F.);
#3306=ORIENTED_EDGE('',*,*,#2481,.F.);
#3307=ORIENTED_EDGE('',*,*,#2482,.F.);
#3308=ORIENTED_EDGE('',*,*,#2483,.F.);
#3309=ORIENTED_EDGE('',*,*,#2477,.F.);
#3310=ORIENTED_EDGE('',*,*,#2484,.T.);
#3311=ORIENTED_EDGE('',*,*,#2485,.T.);
#3312=ORIENTED_EDGE('',*,*,#2486,.T.);
#3313=ORIENTED_EDGE('',*,*,#2449,.T.);
#3314=ORIENTED_EDGE('',*,*,#2485,.F.);
#3315=ORIENTED_EDGE('',*,*,#2487,.T.);
#3316=ORIENTED_EDGE('',*,*,#2488,.T.);
#3317=ORIENTED_EDGE('',*,*,#2489,.T.);
#3318=ORIENTED_EDGE('',*,*,#2484,.F.);
#3319=ORIENTED_EDGE('',*,*,#2448,.F.);
#3320=ORIENTED_EDGE('',*,*,#2490,.F.);
#3321=ORIENTED_EDGE('',*,*,#2491,.F.);
#3322=ORIENTED_EDGE('',*,*,#2492,.F.);
#3323=ORIENTED_EDGE('',*,*,#2487,.F.);
#3324=ORIENTED_EDGE('',*,*,#2493,.F.);
#3325=ORIENTED_EDGE('',*,*,#2494,.F.);
#3326=ORIENTED_EDGE('',*,*,#2457,.F.);
#3327=ORIENTED_EDGE('',*,*,#2461,.T.);
#3328=ORIENTED_EDGE('',*,*,#2495,.F.);
#3329=ORIENTED_EDGE('',*,*,#2496,.F.);
#3330=ORIENTED_EDGE('',*,*,#2488,.F.);
#3331=ORIENTED_EDGE('',*,*,#2492,.T.);
#3332=ORIENTED_EDGE('',*,*,#2497,.F.);
#3333=ORIENTED_EDGE('',*,*,#2498,.F.);
#3334=ORIENTED_EDGE('',*,*,#2499,.F.);
#3335=ORIENTED_EDGE('',*,*,#2500,.T.);
#3336=ORIENTED_EDGE('',*,*,#2501,.F.);
#3337=ORIENTED_EDGE('',*,*,#2470,.T.);
#3338=ORIENTED_EDGE('',*,*,#2502,.F.);
#3339=ORIENTED_EDGE('',*,*,#2503,.F.);
#3340=ORIENTED_EDGE('',*,*,#2504,.F.);
#3341=ORIENTED_EDGE('',*,*,#2481,.T.);
#3342=ORIENTED_EDGE('',*,*,#2505,.F.);
#3343=ORIENTED_EDGE('',*,*,#2506,.T.);
#3344=ORIENTED_EDGE('',*,*,#2507,.T.);
#3345=ORIENTED_EDGE('',*,*,#2490,.T.);
#3346=ORIENTED_EDGE('',*,*,#2447,.F.);
#3347=ORIENTED_EDGE('',*,*,#2508,.F.);
#3348=ORIENTED_EDGE('',*,*,#2509,.T.);
#3349=ORIENTED_EDGE('',*,*,#2459,.T.);
#3350=ORIENTED_EDGE('',*,*,#2451,.F.);
#3351=ORIENTED_EDGE('',*,*,#2510,.T.);
#3352=ORIENTED_EDGE('',*,*,#2473,.F.);
#3353=ORIENTED_EDGE('',*,*,#2479,.F.);
#3354=ORIENTED_EDGE('',*,*,#2511,.T.);
#3355=ORIENTED_EDGE('',*,*,#2512,.F.);
#3356=ORIENTED_EDGE('',*,*,#2500,.F.);
#3357=ORIENTED_EDGE('',*,*,#2513,.F.);
#3358=ORIENTED_EDGE('',*,*,#2514,.F.);
#3359=ORIENTED_EDGE('',*,*,#2511,.F.);
#3360=ORIENTED_EDGE('',*,*,#2478,.F.);
#3361=ORIENTED_EDGE('',*,*,#2483,.T.);
#3362=ORIENTED_EDGE('',*,*,#2464,.F.);
#3363=ORIENTED_EDGE('',*,*,#2468,.F.);
#3364=ORIENTED_EDGE('',*,*,#2515,.T.);
#3365=ORIENTED_EDGE('',*,*,#2516,.F.);
#3366=ORIENTED_EDGE('',*,*,#2506,.F.);
#3367=ORIENTED_EDGE('',*,*,#2517,.F.);
#3368=ORIENTED_EDGE('',*,*,#2518,.F.);
#3369=ORIENTED_EDGE('',*,*,#2515,.F.);
#3370=ORIENTED_EDGE('',*,*,#2467,.F.);
#3371=ORIENTED_EDGE('',*,*,#2472,.T.);
#3372=ORIENTED_EDGE('',*,*,#2453,.F.);
#3373=ORIENTED_EDGE('',*,*,#2458,.F.);
#3374=ORIENTED_EDGE('',*,*,#2494,.T.);
#3375=ORIENTED_EDGE('',*,*,#2519,.F.);
#3376=ORIENTED_EDGE('',*,*,#2520,.F.);
#3377=ORIENTED_EDGE('',*,*,#2442,.F.);
#3378=ORIENTED_EDGE('',*,*,#2486,.F.);
#3379=ORIENTED_EDGE('',*,*,#2489,.F.);
#3380=ORIENTED_EDGE('',*,*,#2496,.T.);
#3381=ORIENTED_EDGE('',*,*,#2521,.F.);
#3382=ORIENTED_EDGE('',*,*,#2510,.F.);
#3383=ORIENTED_EDGE('',*,*,#2450,.F.);
#3384=ORIENTED_EDGE('',*,*,#2522,.T.);
#3385=ORIENTED_EDGE('',*,*,#2523,.F.);
#3386=ORIENTED_EDGE('',*,*,#2443,.F.);
#3387=ORIENTED_EDGE('',*,*,#2520,.T.);
#3388=ORIENTED_EDGE('',*,*,#2523,.T.);
#3389=ORIENTED_EDGE('',*,*,#2524,.F.);
#3390=ORIENTED_EDGE('',*,*,#2525,.F.);
#3391=ORIENTED_EDGE('',*,*,#2526,.T.);
#3392=ORIENTED_EDGE('',*,*,#2527,.F.);
#3393=ORIENTED_EDGE('',*,*,#2444,.F.);
#3394=ORIENTED_EDGE('',*,*,#2521,.T.);
#3395=ORIENTED_EDGE('',*,*,#2495,.T.);
#3396=ORIENTED_EDGE('',*,*,#2491,.T.);
#3397=ORIENTED_EDGE('',*,*,#2528,.T.);
#3398=ORIENTED_EDGE('',*,*,#2519,.T.);
#3399=ORIENTED_EDGE('',*,*,#2493,.T.);
#3400=ORIENTED_EDGE('',*,*,#2460,.T.);
#3401=ORIENTED_EDGE('',*,*,#2529,.T.);
#3402=ORIENTED_EDGE('',*,*,#2508,.T.);
#3403=ORIENTED_EDGE('',*,*,#2446,.F.);
#3404=ORIENTED_EDGE('',*,*,#2530,.F.);
#3405=ORIENTED_EDGE('',*,*,#2531,.T.);
#3406=ORIENTED_EDGE('',*,*,#2532,.F.);
#3407=ORIENTED_EDGE('',*,*,#2533,.F.);
#3408=ORIENTED_EDGE('',*,*,#2482,.T.);
#3409=ORIENTED_EDGE('',*,*,#2534,.F.);
#3410=ORIENTED_EDGE('',*,*,#2512,.T.);
#3411=ORIENTED_EDGE('',*,*,#2514,.T.);
#3412=ORIENTED_EDGE('',*,*,#2516,.T.);
#3413=ORIENTED_EDGE('',*,*,#2518,.T.);
#3414=ORIENTED_EDGE('',*,*,#2471,.T.);
#3415=ORIENTED_EDGE('',*,*,#2535,.F.);
#3416=ORIENTED_EDGE('',*,*,#2498,.T.);
#3417=ORIENTED_EDGE('',*,*,#2536,.F.);
#3418=ORIENTED_EDGE('',*,*,#2537,.F.);
#3419=ORIENTED_EDGE('',*,*,#2538,.T.);
#3420=ORIENTED_EDGE('',*,*,#2539,.F.);
#3421=ORIENTED_EDGE('',*,*,#2540,.F.);
#3422=ORIENTED_EDGE('',*,*,#2541,.T.);
#3423=ORIENTED_EDGE('',*,*,#2542,.F.);
#3424=ORIENTED_EDGE('',*,*,#2543,.F.);
#3425=ORIENTED_EDGE('',*,*,#2544,.T.);
#3426=ORIENTED_EDGE('',*,*,#2545,.T.);
#3427=ORIENTED_EDGE('',*,*,#2546,.F.);
#3428=ORIENTED_EDGE('',*,*,#2547,.F.);
#3429=ORIENTED_EDGE('',*,*,#2542,.T.);
#3430=ORIENTED_EDGE('',*,*,#2548,.T.);
#3431=ORIENTED_EDGE('',*,*,#2549,.F.);
#3432=ORIENTED_EDGE('',*,*,#2550,.F.);
#3433=ORIENTED_EDGE('',*,*,#2546,.T.);
#3434=ORIENTED_EDGE('',*,*,#2551,.T.);
#3435=ORIENTED_EDGE('',*,*,#2552,.F.);
#3436=ORIENTED_EDGE('',*,*,#2553,.F.);
#3437=ORIENTED_EDGE('',*,*,#2549,.T.);
#3438=ORIENTED_EDGE('',*,*,#2554,.T.);
#3439=ORIENTED_EDGE('',*,*,#2555,.F.);
#3440=ORIENTED_EDGE('',*,*,#2556,.F.);
#3441=ORIENTED_EDGE('',*,*,#2552,.T.);
#3442=ORIENTED_EDGE('',*,*,#2557,.T.);
#3443=ORIENTED_EDGE('',*,*,#2558,.F.);
#3444=ORIENTED_EDGE('',*,*,#2559,.F.);
#3445=ORIENTED_EDGE('',*,*,#2555,.T.);
#3446=ORIENTED_EDGE('',*,*,#2560,.T.);
#3447=ORIENTED_EDGE('',*,*,#2561,.F.);
#3448=ORIENTED_EDGE('',*,*,#2562,.F.);
#3449=ORIENTED_EDGE('',*,*,#2558,.T.);
#3450=ORIENTED_EDGE('',*,*,#2563,.T.);
#3451=ORIENTED_EDGE('',*,*,#2564,.F.);
#3452=ORIENTED_EDGE('',*,*,#2565,.F.);
#3453=ORIENTED_EDGE('',*,*,#2561,.T.);
#3454=ORIENTED_EDGE('',*,*,#2566,.T.);
#3455=ORIENTED_EDGE('',*,*,#2567,.F.);
#3456=ORIENTED_EDGE('',*,*,#2568,.F.);
#3457=ORIENTED_EDGE('',*,*,#2564,.T.);
#3458=ORIENTED_EDGE('',*,*,#2569,.T.);
#3459=ORIENTED_EDGE('',*,*,#2570,.F.);
#3460=ORIENTED_EDGE('',*,*,#2571,.F.);
#3461=ORIENTED_EDGE('',*,*,#2567,.T.);
#3462=ORIENTED_EDGE('',*,*,#2572,.T.);
#3463=ORIENTED_EDGE('',*,*,#2573,.F.);
#3464=ORIENTED_EDGE('',*,*,#2574,.F.);
#3465=ORIENTED_EDGE('',*,*,#2570,.T.);
#3466=ORIENTED_EDGE('',*,*,#2575,.T.);
#3467=ORIENTED_EDGE('',*,*,#2544,.F.);
#3468=ORIENTED_EDGE('',*,*,#2576,.F.);
#3469=ORIENTED_EDGE('',*,*,#2573,.T.);
#3470=ORIENTED_EDGE('',*,*,#2577,.F.);
#3471=ORIENTED_EDGE('',*,*,#2578,.F.);
#3472=ORIENTED_EDGE('',*,*,#2579,.F.);
#3473=ORIENTED_EDGE('',*,*,#2580,.T.);
#3474=ORIENTED_EDGE('',*,*,#2581,.F.);
#3475=ORIENTED_EDGE('',*,*,#2580,.F.);
#3476=ORIENTED_EDGE('',*,*,#2582,.F.);
#3477=ORIENTED_EDGE('',*,*,#2583,.T.);
#3478=ORIENTED_EDGE('',*,*,#2584,.F.);
#3479=ORIENTED_EDGE('',*,*,#2583,.F.);
#3480=ORIENTED_EDGE('',*,*,#2585,.F.);
#3481=ORIENTED_EDGE('',*,*,#2586,.T.);
#3482=ORIENTED_EDGE('',*,*,#2587,.F.);
#3483=ORIENTED_EDGE('',*,*,#2586,.F.);
#3484=ORIENTED_EDGE('',*,*,#2588,.F.);
#3485=ORIENTED_EDGE('',*,*,#2589,.T.);
#3486=ORIENTED_EDGE('',*,*,#2590,.F.);
#3487=ORIENTED_EDGE('',*,*,#2589,.F.);
#3488=ORIENTED_EDGE('',*,*,#2591,.F.);
#3489=ORIENTED_EDGE('',*,*,#2592,.T.);
#3490=ORIENTED_EDGE('',*,*,#2593,.F.);
#3491=ORIENTED_EDGE('',*,*,#2592,.F.);
#3492=ORIENTED_EDGE('',*,*,#2594,.F.);
#3493=ORIENTED_EDGE('',*,*,#2595,.T.);
#3494=ORIENTED_EDGE('',*,*,#2596,.F.);
#3495=ORIENTED_EDGE('',*,*,#2595,.F.);
#3496=ORIENTED_EDGE('',*,*,#2597,.F.);
#3497=ORIENTED_EDGE('',*,*,#2598,.T.);
#3498=ORIENTED_EDGE('',*,*,#2599,.F.);
#3499=ORIENTED_EDGE('',*,*,#2598,.F.);
#3500=ORIENTED_EDGE('',*,*,#2600,.F.);
#3501=ORIENTED_EDGE('',*,*,#2601,.T.);
#3502=ORIENTED_EDGE('',*,*,#2602,.F.);
#3503=ORIENTED_EDGE('',*,*,#2601,.F.);
#3504=ORIENTED_EDGE('',*,*,#2603,.F.);
#3505=ORIENTED_EDGE('',*,*,#2604,.T.);
#3506=ORIENTED_EDGE('',*,*,#2605,.F.);
#3507=ORIENTED_EDGE('',*,*,#2604,.F.);
#3508=ORIENTED_EDGE('',*,*,#2606,.F.);
#3509=ORIENTED_EDGE('',*,*,#2607,.T.);
#3510=ORIENTED_EDGE('',*,*,#2608,.F.);
#3511=ORIENTED_EDGE('',*,*,#2607,.F.);
#3512=ORIENTED_EDGE('',*,*,#2609,.F.);
#3513=ORIENTED_EDGE('',*,*,#2610,.T.);
#3514=ORIENTED_EDGE('',*,*,#2611,.F.);
#3515=ORIENTED_EDGE('',*,*,#2610,.F.);
#3516=ORIENTED_EDGE('',*,*,#2612,.F.);
#3517=ORIENTED_EDGE('',*,*,#2578,.T.);
#3518=ORIENTED_EDGE('',*,*,#2577,.T.);
#3519=ORIENTED_EDGE('',*,*,#2581,.T.);
#3520=ORIENTED_EDGE('',*,*,#2584,.T.);
#3521=ORIENTED_EDGE('',*,*,#2587,.T.);
#3522=ORIENTED_EDGE('',*,*,#2590,.T.);
#3523=ORIENTED_EDGE('',*,*,#2593,.T.);
#3524=ORIENTED_EDGE('',*,*,#2596,.T.);
#3525=ORIENTED_EDGE('',*,*,#2599,.T.);
#3526=ORIENTED_EDGE('',*,*,#2602,.T.);
#3527=ORIENTED_EDGE('',*,*,#2605,.T.);
#3528=ORIENTED_EDGE('',*,*,#2608,.T.);
#3529=ORIENTED_EDGE('',*,*,#2611,.T.);
#3530=ORIENTED_EDGE('',*,*,#2541,.F.);
#3531=ORIENTED_EDGE('',*,*,#2575,.F.);
#3532=ORIENTED_EDGE('',*,*,#2572,.F.);
#3533=ORIENTED_EDGE('',*,*,#2569,.F.);
#3534=ORIENTED_EDGE('',*,*,#2566,.F.);
#3535=ORIENTED_EDGE('',*,*,#2563,.F.);
#3536=ORIENTED_EDGE('',*,*,#2560,.F.);
#3537=ORIENTED_EDGE('',*,*,#2557,.F.);
#3538=ORIENTED_EDGE('',*,*,#2554,.F.);
#3539=ORIENTED_EDGE('',*,*,#2551,.F.);
#3540=ORIENTED_EDGE('',*,*,#2548,.F.);
#3541=ORIENTED_EDGE('',*,*,#2545,.F.);
#3542=ORIENTED_EDGE('',*,*,#2465,.F.);
#3543=ORIENTED_EDGE('',*,*,#2517,.T.);
#3544=ORIENTED_EDGE('',*,*,#2505,.T.);
#3545=ORIENTED_EDGE('',*,*,#2480,.T.);
#3546=ORIENTED_EDGE('',*,*,#2474,.F.);
#3547=ORIENTED_EDGE('',*,*,#2513,.T.);
#3548=ORIENTED_EDGE('',*,*,#2499,.T.);
#3549=ORIENTED_EDGE('',*,*,#2540,.T.);
#3550=ORIENTED_EDGE('',*,*,#2613,.T.);
#3551=ORIENTED_EDGE('',*,*,#2614,.T.);
#3552=ORIENTED_EDGE('',*,*,#2502,.T.);
#3553=ORIENTED_EDGE('',*,*,#2469,.T.);
#3554=ORIENTED_EDGE('',*,*,#2579,.T.);
#3555=ORIENTED_EDGE('',*,*,#2612,.T.);
#3556=ORIENTED_EDGE('',*,*,#2609,.T.);
#3557=ORIENTED_EDGE('',*,*,#2606,.T.);
#3558=ORIENTED_EDGE('',*,*,#2603,.T.);
#3559=ORIENTED_EDGE('',*,*,#2600,.T.);
#3560=ORIENTED_EDGE('',*,*,#2597,.T.);
#3561=ORIENTED_EDGE('',*,*,#2594,.T.);
#3562=ORIENTED_EDGE('',*,*,#2591,.T.);
#3563=ORIENTED_EDGE('',*,*,#2588,.T.);
#3564=ORIENTED_EDGE('',*,*,#2585,.T.);
#3565=ORIENTED_EDGE('',*,*,#2582,.T.);
#3566=ORIENTED_EDGE('',*,*,#2615,.T.);
#3567=ORIENTED_EDGE('',*,*,#2616,.F.);
#3568=ORIENTED_EDGE('',*,*,#2531,.F.);
#3569=ORIENTED_EDGE('',*,*,#2617,.T.);
#3570=ORIENTED_EDGE('',*,*,#2618,.T.);
#3571=ORIENTED_EDGE('',*,*,#2619,.F.);
#3572=ORIENTED_EDGE('',*,*,#2538,.F.);
#3573=ORIENTED_EDGE('',*,*,#2620,.T.);
#3574=ORIENTED_EDGE('',*,*,#2615,.F.);
#3575=ORIENTED_EDGE('',*,*,#2621,.F.);
#3576=ORIENTED_EDGE('',*,*,#2618,.F.);
#3577=ORIENTED_EDGE('',*,*,#2622,.F.);
#3578=ORIENTED_EDGE('',*,*,#2623,.T.);
#3579=ORIENTED_EDGE('',*,*,#2624,.F.);
#3580=ORIENTED_EDGE('',*,*,#2526,.F.);
#3581=ORIENTED_EDGE('',*,*,#2625,.T.);
#3582=ORIENTED_EDGE('',*,*,#2626,.T.);
#3583=ORIENTED_EDGE('',*,*,#2627,.F.);
#3584=ORIENTED_EDGE('',*,*,#2628,.F.);
#3585=ORIENTED_EDGE('',*,*,#2629,.T.);
#3586=ORIENTED_EDGE('',*,*,#2630,.F.);
#3587=ORIENTED_EDGE('',*,*,#2626,.F.);
#3588=ORIENTED_EDGE('',*,*,#2631,.F.);
#3589=ORIENTED_EDGE('',*,*,#2623,.F.);
#3590=ORIENTED_EDGE('',*,*,#2503,.T.);
#3591=ORIENTED_EDGE('',*,*,#2614,.F.);
#3592=ORIENTED_EDGE('',*,*,#2632,.F.);
#3593=ORIENTED_EDGE('',*,*,#2628,.T.);
#3594=ORIENTED_EDGE('',*,*,#2633,.F.);
#3595=ORIENTED_EDGE('',*,*,#2634,.F.);
#3596=ORIENTED_EDGE('',*,*,#2543,.T.);
#3597=ORIENTED_EDGE('',*,*,#2547,.T.);
#3598=ORIENTED_EDGE('',*,*,#2550,.T.);
#3599=ORIENTED_EDGE('',*,*,#2553,.T.);
#3600=ORIENTED_EDGE('',*,*,#2556,.T.);
#3601=ORIENTED_EDGE('',*,*,#2559,.T.);
#3602=ORIENTED_EDGE('',*,*,#2562,.T.);
#3603=ORIENTED_EDGE('',*,*,#2565,.T.);
#3604=ORIENTED_EDGE('',*,*,#2568,.T.);
#3605=ORIENTED_EDGE('',*,*,#2571,.T.);
#3606=ORIENTED_EDGE('',*,*,#2574,.T.);
#3607=ORIENTED_EDGE('',*,*,#2576,.T.);
#3608=ORIENTED_EDGE('',*,*,#2539,.T.);
#3609=ORIENTED_EDGE('',*,*,#2635,.T.);
#3610=ORIENTED_EDGE('',*,*,#2632,.T.);
#3611=ORIENTED_EDGE('',*,*,#2613,.F.);
#3612=ORIENTED_EDGE('',*,*,#2636,.T.);
#3613=ORIENTED_EDGE('',*,*,#2624,.T.);
#3614=ORIENTED_EDGE('',*,*,#2631,.T.);
#3615=ORIENTED_EDGE('',*,*,#2629,.F.);
#3616=ORIENTED_EDGE('',*,*,#2635,.F.);
#3617=ORIENTED_EDGE('',*,*,#2619,.T.);
#3618=ORIENTED_EDGE('',*,*,#2621,.T.);
#3619=ORIENTED_EDGE('',*,*,#2617,.F.);
#3620=ORIENTED_EDGE('',*,*,#2530,.T.);
#3621=ORIENTED_EDGE('',*,*,#2445,.T.);
#3622=ORIENTED_EDGE('',*,*,#2527,.T.);
#3623=ORIENTED_EDGE('',*,*,#2636,.F.);
#3624=ORIENTED_EDGE('',*,*,#2363,.T.);
#3625=ORIENTED_EDGE('',*,*,#2367,.T.);
#3626=ORIENTED_EDGE('',*,*,#2370,.T.);
#3627=ORIENTED_EDGE('',*,*,#2373,.T.);
#3628=ORIENTED_EDGE('',*,*,#2533,.T.);
#3629=ORIENTED_EDGE('',*,*,#2637,.T.);
#3630=ORIENTED_EDGE('',*,*,#2524,.T.);
#3631=ORIENTED_EDGE('',*,*,#2522,.F.);
#3632=ORIENTED_EDGE('',*,*,#2529,.F.);
#3633=ORIENTED_EDGE('',*,*,#2509,.F.);
#3634=ORIENTED_EDGE('',*,*,#2528,.F.);
#3635=ORIENTED_EDGE('',*,*,#2507,.F.);
#3636=ORIENTED_EDGE('',*,*,#2532,.T.);
#3637=ORIENTED_EDGE('',*,*,#2638,.T.);
#3638=ORIENTED_EDGE('',*,*,#2525,.T.);
#3639=ORIENTED_EDGE('',*,*,#2637,.F.);
#3640=ORIENTED_EDGE('',*,*,#2639,.T.);
#3641=ORIENTED_EDGE('',*,*,#2627,.T.);
#3642=ORIENTED_EDGE('',*,*,#2630,.T.);
#3643=ORIENTED_EDGE('',*,*,#2625,.F.);
#3644=ORIENTED_EDGE('',*,*,#2638,.F.);
#3645=ORIENTED_EDGE('',*,*,#2616,.T.);
#3646=ORIENTED_EDGE('',*,*,#2622,.T.);
#3647=ORIENTED_EDGE('',*,*,#2620,.F.);
#3648=ORIENTED_EDGE('',*,*,#2537,.T.);
#3649=ORIENTED_EDGE('',*,*,#2640,.T.);
#3650=ORIENTED_EDGE('',*,*,#2633,.T.);
#3651=ORIENTED_EDGE('',*,*,#2639,.F.);
#3652=ORIENTED_EDGE('',*,*,#2536,.T.);
#3653=ORIENTED_EDGE('',*,*,#2497,.T.);
#3654=ORIENTED_EDGE('',*,*,#2534,.T.);
#3655=ORIENTED_EDGE('',*,*,#2504,.T.);
#3656=ORIENTED_EDGE('',*,*,#2535,.T.);
#3657=ORIENTED_EDGE('',*,*,#2501,.T.);
#3658=ORIENTED_EDGE('',*,*,#2634,.T.);
#3659=ORIENTED_EDGE('',*,*,#2640,.F.);
#3660=ORIENTED_EDGE('',*,*,#2641,.T.);
#3661=ORIENTED_EDGE('',*,*,#2642,.T.);
#3662=ORIENTED_EDGE('',*,*,#2643,.T.);
#3663=ORIENTED_EDGE('',*,*,#2644,.T.);
#3664=ORIENTED_EDGE('',*,*,#2644,.F.);
#3665=ORIENTED_EDGE('',*,*,#2645,.F.);
#3666=ORIENTED_EDGE('',*,*,#2646,.F.);
#3667=ORIENTED_EDGE('',*,*,#2647,.F.);
#3668=ORIENTED_EDGE('',*,*,#2648,.T.);
#3669=ORIENTED_EDGE('',*,*,#2643,.F.);
#3670=ORIENTED_EDGE('',*,*,#2649,.F.);
#3671=ORIENTED_EDGE('',*,*,#2650,.T.);
#3672=ORIENTED_EDGE('',*,*,#2651,.T.);
#3673=ORIENTED_EDGE('',*,*,#2645,.T.);
#3674=ORIENTED_EDGE('',*,*,#2652,.F.);
#3675=ORIENTED_EDGE('',*,*,#2653,.T.);
#3676=ORIENTED_EDGE('',*,*,#2648,.F.);
#3677=ORIENTED_EDGE('',*,*,#2653,.F.);
#3678=ORIENTED_EDGE('',*,*,#2641,.F.);
#3679=ORIENTED_EDGE('',*,*,#2647,.T.);
#3680=ORIENTED_EDGE('',*,*,#2654,.F.);
#3681=ORIENTED_EDGE('',*,*,#2655,.T.);
#3682=ORIENTED_EDGE('',*,*,#2656,.T.);
#3683=ORIENTED_EDGE('',*,*,#2646,.T.);
#3684=ORIENTED_EDGE('',*,*,#2651,.F.);
#3685=ORIENTED_EDGE('',*,*,#2657,.T.);
#3686=ORIENTED_EDGE('',*,*,#2654,.T.);
#3687=ORIENTED_EDGE('',*,*,#2642,.F.);
#3688=ORIENTED_EDGE('',*,*,#2656,.F.);
#3689=ORIENTED_EDGE('',*,*,#2658,.T.);
#3690=ORIENTED_EDGE('',*,*,#2649,.T.);
#3691=ORIENTED_EDGE('',*,*,#2658,.F.);
#3692=ORIENTED_EDGE('',*,*,#2655,.F.);
#3693=ORIENTED_EDGE('',*,*,#2657,.F.);
#3694=ORIENTED_EDGE('',*,*,#2650,.F.);
#3695=ORIENTED_EDGE('',*,*,#2652,.T.);
#3696=ORIENTED_EDGE('',*,*,#2659,.T.);
#3697=ORIENTED_EDGE('',*,*,#2660,.T.);
#3698=ORIENTED_EDGE('',*,*,#2661,.T.);
#3699=ORIENTED_EDGE('',*,*,#2660,.F.);
#3700=ORIENTED_EDGE('',*,*,#2659,.F.);
#3701=ORIENTED_EDGE('',*,*,#2662,.T.);
#3702=ORIENTED_EDGE('',*,*,#2663,.T.);
#3703=ORIENTED_EDGE('',*,*,#2664,.T.);
#3704=ORIENTED_EDGE('',*,*,#2662,.F.);
#3705=ORIENTED_EDGE('',*,*,#2661,.F.);
#3706=ORIENTED_EDGE('',*,*,#2663,.F.);
#3707=ORIENTED_EDGE('',*,*,#2664,.F.);
#3708=ORIENTED_EDGE('',*,*,#2665,.T.);
#3709=ORIENTED_EDGE('',*,*,#2665,.F.);
#3710=ORIENTED_EDGE('',*,*,#2666,.F.);
#3711=ORIENTED_EDGE('',*,*,#2667,.F.);
#3712=ORIENTED_EDGE('',*,*,#2668,.F.);
#3713=ORIENTED_EDGE('',*,*,#2669,.T.);
#3714=ORIENTED_EDGE('',*,*,#2670,.T.);
#3715=ORIENTED_EDGE('',*,*,#2667,.T.);
#3716=ORIENTED_EDGE('',*,*,#2671,.T.);
#3717=ORIENTED_EDGE('',*,*,#2672,.F.);
#3718=ORIENTED_EDGE('',*,*,#2673,.F.);
#3719=ORIENTED_EDGE('',*,*,#2674,.F.);
#3720=ORIENTED_EDGE('',*,*,#2675,.T.);
#3721=ORIENTED_EDGE('',*,*,#2676,.T.);
#3722=ORIENTED_EDGE('',*,*,#2673,.T.);
#3723=ORIENTED_EDGE('',*,*,#2677,.T.);
#3724=ORIENTED_EDGE('',*,*,#2674,.T.);
#3725=ORIENTED_EDGE('',*,*,#2678,.T.);
#3726=ORIENTED_EDGE('',*,*,#2666,.T.);
#3727=ORIENTED_EDGE('',*,*,#2679,.T.);
#3728=ORIENTED_EDGE('',*,*,#2680,.F.);
#3729=ORIENTED_EDGE('',*,*,#2681,.F.);
#3730=ORIENTED_EDGE('',*,*,#2682,.F.);
#3731=ORIENTED_EDGE('',*,*,#2683,.T.);
#3732=ORIENTED_EDGE('',*,*,#2684,.T.);
#3733=ORIENTED_EDGE('',*,*,#2681,.T.);
#3734=ORIENTED_EDGE('',*,*,#2685,.T.);
#3735=ORIENTED_EDGE('',*,*,#2686,.F.);
#3736=ORIENTED_EDGE('',*,*,#2687,.F.);
#3737=ORIENTED_EDGE('',*,*,#2688,.F.);
#3738=ORIENTED_EDGE('',*,*,#2689,.T.);
#3739=ORIENTED_EDGE('',*,*,#2690,.T.);
#3740=ORIENTED_EDGE('',*,*,#2687,.T.);
#3741=ORIENTED_EDGE('',*,*,#2691,.T.);
#3742=ORIENTED_EDGE('',*,*,#2688,.T.);
#3743=ORIENTED_EDGE('',*,*,#2692,.T.);
#3744=ORIENTED_EDGE('',*,*,#2672,.T.);
#3745=ORIENTED_EDGE('',*,*,#2693,.T.);
#3746=ORIENTED_EDGE('',*,*,#2682,.T.);
#3747=ORIENTED_EDGE('',*,*,#2694,.T.);
#3748=ORIENTED_EDGE('',*,*,#2686,.T.);
#3749=ORIENTED_EDGE('',*,*,#2695,.T.);
#3750=ORIENTED_EDGE('',*,*,#2668,.T.);
#3751=ORIENTED_EDGE('',*,*,#2696,.T.);
#3752=ORIENTED_EDGE('',*,*,#2680,.T.);
#3753=ORIENTED_EDGE('',*,*,#2697,.T.);
#3754=ORIENTED_EDGE('',*,*,#2671,.F.);
#3755=ORIENTED_EDGE('',*,*,#2678,.F.);
#3756=ORIENTED_EDGE('',*,*,#2676,.F.);
#3757=ORIENTED_EDGE('',*,*,#2698,.F.);
#3758=ORIENTED_EDGE('',*,*,#2677,.F.);
#3759=ORIENTED_EDGE('',*,*,#2692,.F.);
#3760=ORIENTED_EDGE('',*,*,#2690,.F.);
#3761=ORIENTED_EDGE('',*,*,#2699,.F.);
#3762=ORIENTED_EDGE('',*,*,#2669,.F.);
#3763=ORIENTED_EDGE('',*,*,#2698,.T.);
#3764=ORIENTED_EDGE('',*,*,#2675,.F.);
#3765=ORIENTED_EDGE('',*,*,#2699,.T.);
#3766=ORIENTED_EDGE('',*,*,#2689,.F.);
#3767=ORIENTED_EDGE('',*,*,#2700,.T.);
#3768=ORIENTED_EDGE('',*,*,#2683,.F.);
#3769=ORIENTED_EDGE('',*,*,#2701,.T.);
#3770=ORIENTED_EDGE('',*,*,#2679,.F.);
#3771=ORIENTED_EDGE('',*,*,#2697,.F.);
#3772=ORIENTED_EDGE('',*,*,#2695,.F.);
#3773=ORIENTED_EDGE('',*,*,#2693,.F.);
#3774=ORIENTED_EDGE('',*,*,#2702,.F.);
#3775=ORIENTED_EDGE('',*,*,#2703,.F.);
#3776=ORIENTED_EDGE('',*,*,#2704,.F.);
#3777=ORIENTED_EDGE('',*,*,#2705,.F.);
#3778=ORIENTED_EDGE('',*,*,#2684,.F.);
#3779=ORIENTED_EDGE('',*,*,#2700,.F.);
#3780=ORIENTED_EDGE('',*,*,#2691,.F.);
#3781=ORIENTED_EDGE('',*,*,#2694,.F.);
#3782=ORIENTED_EDGE('',*,*,#2670,.F.);
#3783=ORIENTED_EDGE('',*,*,#2701,.F.);
#3784=ORIENTED_EDGE('',*,*,#2685,.F.);
#3785=ORIENTED_EDGE('',*,*,#2696,.F.);
#3786=ORIENTED_EDGE('',*,*,#2702,.T.);
#3787=ORIENTED_EDGE('',*,*,#2706,.T.);
#3788=ORIENTED_EDGE('',*,*,#2707,.F.);
#3789=ORIENTED_EDGE('',*,*,#2708,.F.);
#3790=ORIENTED_EDGE('',*,*,#2705,.T.);
#3791=ORIENTED_EDGE('',*,*,#2709,.T.);
#3792=ORIENTED_EDGE('',*,*,#2710,.F.);
#3793=ORIENTED_EDGE('',*,*,#2711,.T.);
#3794=ORIENTED_EDGE('',*,*,#2712,.F.);
#3795=ORIENTED_EDGE('',*,*,#2706,.F.);
#3796=ORIENTED_EDGE('',*,*,#2713,.T.);
#3797=ORIENTED_EDGE('',*,*,#2714,.T.);
#3798=ORIENTED_EDGE('',*,*,#2715,.T.);
#3799=ORIENTED_EDGE('',*,*,#2716,.T.);
#3800=ORIENTED_EDGE('',*,*,#2710,.T.);
#3801=ORIENTED_EDGE('',*,*,#2717,.T.);
#3802=ORIENTED_EDGE('',*,*,#2718,.T.);
#3803=ORIENTED_EDGE('',*,*,#2719,.T.);
#3804=ORIENTED_EDGE('',*,*,#2719,.F.);
#3805=ORIENTED_EDGE('',*,*,#2720,.F.);
#3806=ORIENTED_EDGE('',*,*,#2721,.F.);
#3807=ORIENTED_EDGE('',*,*,#2711,.F.);
#3808=ORIENTED_EDGE('',*,*,#2722,.T.);
#3809=ORIENTED_EDGE('',*,*,#2707,.T.);
#3810=ORIENTED_EDGE('',*,*,#2712,.T.);
#3811=ORIENTED_EDGE('',*,*,#2721,.T.);
#3812=ORIENTED_EDGE('',*,*,#2715,.F.);
#3813=ORIENTED_EDGE('',*,*,#2723,.T.);
#3814=ORIENTED_EDGE('',*,*,#2724,.F.);
#3815=ORIENTED_EDGE('',*,*,#2725,.F.);
#3816=ORIENTED_EDGE('',*,*,#2716,.F.);
#3817=ORIENTED_EDGE('',*,*,#2725,.T.);
#3818=ORIENTED_EDGE('',*,*,#2726,.F.);
#3819=ORIENTED_EDGE('',*,*,#2727,.F.);
#3820=ORIENTED_EDGE('',*,*,#2714,.F.);
#3821=ORIENTED_EDGE('',*,*,#2728,.T.);
#3822=ORIENTED_EDGE('',*,*,#2729,.F.);
#3823=ORIENTED_EDGE('',*,*,#2723,.F.);
#3824=ORIENTED_EDGE('',*,*,#2713,.F.);
#3825=ORIENTED_EDGE('',*,*,#2727,.T.);
#3826=ORIENTED_EDGE('',*,*,#2730,.F.);
#3827=ORIENTED_EDGE('',*,*,#2728,.F.);
#3828=ORIENTED_EDGE('',*,*,#2703,.T.);
#3829=ORIENTED_EDGE('',*,*,#2708,.T.);
#3830=ORIENTED_EDGE('',*,*,#2722,.F.);
#3831=ORIENTED_EDGE('',*,*,#2720,.T.);
#3832=ORIENTED_EDGE('',*,*,#2718,.F.);
#3833=ORIENTED_EDGE('',*,*,#2731,.F.);
#3834=ORIENTED_EDGE('',*,*,#2730,.T.);
#3835=ORIENTED_EDGE('',*,*,#2726,.T.);
#3836=ORIENTED_EDGE('',*,*,#2724,.T.);
#3837=ORIENTED_EDGE('',*,*,#2729,.T.);
#3838=ORIENTED_EDGE('',*,*,#2704,.T.);
#3839=ORIENTED_EDGE('',*,*,#2731,.T.);
#3840=ORIENTED_EDGE('',*,*,#2717,.F.);
#3841=ORIENTED_EDGE('',*,*,#2709,.F.);
#3842=ORIENTED_EDGE('',*,*,#2732,.F.);
#3843=ORIENTED_EDGE('',*,*,#2733,.F.);
#3844=ORIENTED_EDGE('',*,*,#2734,.F.);
#3845=ORIENTED_EDGE('',*,*,#2735,.T.);
#3846=ORIENTED_EDGE('',*,*,#2736,.T.);
#3847=ORIENTED_EDGE('',*,*,#2733,.T.);
#3848=ORIENTED_EDGE('',*,*,#2737,.T.);
#3849=ORIENTED_EDGE('',*,*,#2738,.F.);
#3850=ORIENTED_EDGE('',*,*,#2739,.F.);
#3851=ORIENTED_EDGE('',*,*,#2740,.F.);
#3852=ORIENTED_EDGE('',*,*,#2741,.T.);
#3853=ORIENTED_EDGE('',*,*,#2742,.T.);
#3854=ORIENTED_EDGE('',*,*,#2739,.T.);
#3855=ORIENTED_EDGE('',*,*,#2743,.T.);
#3856=ORIENTED_EDGE('',*,*,#2740,.T.);
#3857=ORIENTED_EDGE('',*,*,#2744,.T.);
#3858=ORIENTED_EDGE('',*,*,#2732,.T.);
#3859=ORIENTED_EDGE('',*,*,#2745,.T.);
#3860=ORIENTED_EDGE('',*,*,#2746,.F.);
#3861=ORIENTED_EDGE('',*,*,#2747,.F.);
#3862=ORIENTED_EDGE('',*,*,#2748,.F.);
#3863=ORIENTED_EDGE('',*,*,#2749,.T.);
#3864=ORIENTED_EDGE('',*,*,#2750,.T.);
#3865=ORIENTED_EDGE('',*,*,#2747,.T.);
#3866=ORIENTED_EDGE('',*,*,#2751,.T.);
#3867=ORIENTED_EDGE('',*,*,#2752,.F.);
#3868=ORIENTED_EDGE('',*,*,#2753,.F.);
#3869=ORIENTED_EDGE('',*,*,#2754,.F.);
#3870=ORIENTED_EDGE('',*,*,#2755,.T.);
#3871=ORIENTED_EDGE('',*,*,#2756,.T.);
#3872=ORIENTED_EDGE('',*,*,#2753,.T.);
#3873=ORIENTED_EDGE('',*,*,#2757,.T.);
#3874=ORIENTED_EDGE('',*,*,#2754,.T.);
#3875=ORIENTED_EDGE('',*,*,#2758,.T.);
#3876=ORIENTED_EDGE('',*,*,#2738,.T.);
#3877=ORIENTED_EDGE('',*,*,#2759,.T.);
#3878=ORIENTED_EDGE('',*,*,#2748,.T.);
#3879=ORIENTED_EDGE('',*,*,#2760,.T.);
#3880=ORIENTED_EDGE('',*,*,#2752,.T.);
#3881=ORIENTED_EDGE('',*,*,#2761,.T.);
#3882=ORIENTED_EDGE('',*,*,#2734,.T.);
#3883=ORIENTED_EDGE('',*,*,#2762,.T.);
#3884=ORIENTED_EDGE('',*,*,#2746,.T.);
#3885=ORIENTED_EDGE('',*,*,#2763,.T.);
#3886=ORIENTED_EDGE('',*,*,#2737,.F.);
#3887=ORIENTED_EDGE('',*,*,#2744,.F.);
#3888=ORIENTED_EDGE('',*,*,#2742,.F.);
#3889=ORIENTED_EDGE('',*,*,#2764,.F.);
#3890=ORIENTED_EDGE('',*,*,#2743,.F.);
#3891=ORIENTED_EDGE('',*,*,#2758,.F.);
#3892=ORIENTED_EDGE('',*,*,#2756,.F.);
#3893=ORIENTED_EDGE('',*,*,#2765,.F.);
#3894=ORIENTED_EDGE('',*,*,#2735,.F.);
#3895=ORIENTED_EDGE('',*,*,#2764,.T.);
#3896=ORIENTED_EDGE('',*,*,#2741,.F.);
#3897=ORIENTED_EDGE('',*,*,#2765,.T.);
#3898=ORIENTED_EDGE('',*,*,#2755,.F.);
#3899=ORIENTED_EDGE('',*,*,#2766,.T.);
#3900=ORIENTED_EDGE('',*,*,#2749,.F.);
#3901=ORIENTED_EDGE('',*,*,#2767,.T.);
#3902=ORIENTED_EDGE('',*,*,#2745,.F.);
#3903=ORIENTED_EDGE('',*,*,#2763,.F.);
#3904=ORIENTED_EDGE('',*,*,#2761,.F.);
#3905=ORIENTED_EDGE('',*,*,#2759,.F.);
#3906=ORIENTED_EDGE('',*,*,#2768,.F.);
#3907=ORIENTED_EDGE('',*,*,#2769,.F.);
#3908=ORIENTED_EDGE('',*,*,#2770,.F.);
#3909=ORIENTED_EDGE('',*,*,#2771,.F.);
#3910=ORIENTED_EDGE('',*,*,#2750,.F.);
#3911=ORIENTED_EDGE('',*,*,#2766,.F.);
#3912=ORIENTED_EDGE('',*,*,#2757,.F.);
#3913=ORIENTED_EDGE('',*,*,#2760,.F.);
#3914=ORIENTED_EDGE('',*,*,#2736,.F.);
#3915=ORIENTED_EDGE('',*,*,#2767,.F.);
#3916=ORIENTED_EDGE('',*,*,#2751,.F.);
#3917=ORIENTED_EDGE('',*,*,#2762,.F.);
#3918=ORIENTED_EDGE('',*,*,#2770,.T.);
#3919=ORIENTED_EDGE('',*,*,#2772,.T.);
#3920=ORIENTED_EDGE('',*,*,#2773,.F.);
#3921=ORIENTED_EDGE('',*,*,#2774,.F.);
#3922=ORIENTED_EDGE('',*,*,#2769,.T.);
#3923=ORIENTED_EDGE('',*,*,#2775,.T.);
#3924=ORIENTED_EDGE('',*,*,#2776,.F.);
#3925=ORIENTED_EDGE('',*,*,#2777,.T.);
#3926=ORIENTED_EDGE('',*,*,#2778,.F.);
#3927=ORIENTED_EDGE('',*,*,#2772,.F.);
#3928=ORIENTED_EDGE('',*,*,#2779,.T.);
#3929=ORIENTED_EDGE('',*,*,#2780,.T.);
#3930=ORIENTED_EDGE('',*,*,#2781,.T.);
#3931=ORIENTED_EDGE('',*,*,#2782,.T.);
#3932=ORIENTED_EDGE('',*,*,#2783,.T.);
#3933=ORIENTED_EDGE('',*,*,#2773,.T.);
#3934=ORIENTED_EDGE('',*,*,#2778,.T.);
#3935=ORIENTED_EDGE('',*,*,#2784,.T.);
#3936=ORIENTED_EDGE('',*,*,#2784,.F.);
#3937=ORIENTED_EDGE('',*,*,#2777,.F.);
#3938=ORIENTED_EDGE('',*,*,#2785,.F.);
#3939=ORIENTED_EDGE('',*,*,#2786,.F.);
#3940=ORIENTED_EDGE('',*,*,#2776,.T.);
#3941=ORIENTED_EDGE('',*,*,#2787,.T.);
#3942=ORIENTED_EDGE('',*,*,#2788,.T.);
#3943=ORIENTED_EDGE('',*,*,#2785,.T.);
#3944=ORIENTED_EDGE('',*,*,#2768,.T.);
#3945=ORIENTED_EDGE('',*,*,#2789,.T.);
#3946=ORIENTED_EDGE('',*,*,#2787,.F.);
#3947=ORIENTED_EDGE('',*,*,#2775,.F.);
#3948=ORIENTED_EDGE('',*,*,#2771,.T.);
#3949=ORIENTED_EDGE('',*,*,#2774,.T.);
#3950=ORIENTED_EDGE('',*,*,#2783,.F.);
#3951=ORIENTED_EDGE('',*,*,#2786,.T.);
#3952=ORIENTED_EDGE('',*,*,#2788,.F.);
#3953=ORIENTED_EDGE('',*,*,#2789,.F.);
#3954=ORIENTED_EDGE('',*,*,#2790,.T.);
#3955=ORIENTED_EDGE('',*,*,#2791,.T.);
#3956=ORIENTED_EDGE('',*,*,#2792,.T.);
#3957=ORIENTED_EDGE('',*,*,#2793,.T.);
#3958=ORIENTED_EDGE('',*,*,#2780,.F.);
#3959=ORIENTED_EDGE('',*,*,#2794,.F.);
#3960=ORIENTED_EDGE('',*,*,#2793,.F.);
#3961=ORIENTED_EDGE('',*,*,#2795,.T.);
#3962=ORIENTED_EDGE('',*,*,#2779,.F.);
#3963=ORIENTED_EDGE('',*,*,#2796,.F.);
#3964=ORIENTED_EDGE('',*,*,#2790,.F.);
#3965=ORIENTED_EDGE('',*,*,#2794,.T.);
#3966=ORIENTED_EDGE('',*,*,#2782,.F.);
#3967=ORIENTED_EDGE('',*,*,#2797,.F.);
#3968=ORIENTED_EDGE('',*,*,#2791,.F.);
#3969=ORIENTED_EDGE('',*,*,#2796,.T.);
#3970=ORIENTED_EDGE('',*,*,#2781,.F.);
#3971=ORIENTED_EDGE('',*,*,#2795,.F.);
#3972=ORIENTED_EDGE('',*,*,#2792,.F.);
#3973=ORIENTED_EDGE('',*,*,#2797,.T.);
#3974=ORIENTED_EDGE('',*,*,#2798,.F.);
#3975=ORIENTED_EDGE('',*,*,#2799,.F.);
#3976=ORIENTED_EDGE('',*,*,#2800,.F.);
#3977=ORIENTED_EDGE('',*,*,#2801,.T.);
#3978=ORIENTED_EDGE('',*,*,#2802,.T.);
#3979=ORIENTED_EDGE('',*,*,#2799,.T.);
#3980=ORIENTED_EDGE('',*,*,#2803,.T.);
#3981=ORIENTED_EDGE('',*,*,#2804,.F.);
#3982=ORIENTED_EDGE('',*,*,#2805,.F.);
#3983=ORIENTED_EDGE('',*,*,#2806,.F.);
#3984=ORIENTED_EDGE('',*,*,#2807,.T.);
#3985=ORIENTED_EDGE('',*,*,#2808,.T.);
#3986=ORIENTED_EDGE('',*,*,#2805,.T.);
#3987=ORIENTED_EDGE('',*,*,#2809,.T.);
#3988=ORIENTED_EDGE('',*,*,#2806,.T.);
#3989=ORIENTED_EDGE('',*,*,#2810,.T.);
#3990=ORIENTED_EDGE('',*,*,#2798,.T.);
#3991=ORIENTED_EDGE('',*,*,#2811,.T.);
#3992=ORIENTED_EDGE('',*,*,#2812,.F.);
#3993=ORIENTED_EDGE('',*,*,#2813,.F.);
#3994=ORIENTED_EDGE('',*,*,#2814,.F.);
#3995=ORIENTED_EDGE('',*,*,#2815,.T.);
#3996=ORIENTED_EDGE('',*,*,#2816,.T.);
#3997=ORIENTED_EDGE('',*,*,#2813,.T.);
#3998=ORIENTED_EDGE('',*,*,#2817,.T.);
#3999=ORIENTED_EDGE('',*,*,#2818,.F.);
#4000=ORIENTED_EDGE('',*,*,#2819,.F.);
#4001=ORIENTED_EDGE('',*,*,#2820,.F.);
#4002=ORIENTED_EDGE('',*,*,#2821,.T.);
#4003=ORIENTED_EDGE('',*,*,#2822,.T.);
#4004=ORIENTED_EDGE('',*,*,#2819,.T.);
#4005=ORIENTED_EDGE('',*,*,#2823,.T.);
#4006=ORIENTED_EDGE('',*,*,#2820,.T.);
#4007=ORIENTED_EDGE('',*,*,#2824,.T.);
#4008=ORIENTED_EDGE('',*,*,#2804,.T.);
#4009=ORIENTED_EDGE('',*,*,#2825,.T.);
#4010=ORIENTED_EDGE('',*,*,#2814,.T.);
#4011=ORIENTED_EDGE('',*,*,#2826,.T.);
#4012=ORIENTED_EDGE('',*,*,#2818,.T.);
#4013=ORIENTED_EDGE('',*,*,#2827,.T.);
#4014=ORIENTED_EDGE('',*,*,#2800,.T.);
#4015=ORIENTED_EDGE('',*,*,#2828,.T.);
#4016=ORIENTED_EDGE('',*,*,#2812,.T.);
#4017=ORIENTED_EDGE('',*,*,#2829,.T.);
#4018=ORIENTED_EDGE('',*,*,#2803,.F.);
#4019=ORIENTED_EDGE('',*,*,#2810,.F.);
#4020=ORIENTED_EDGE('',*,*,#2808,.F.);
#4021=ORIENTED_EDGE('',*,*,#2830,.F.);
#4022=ORIENTED_EDGE('',*,*,#2809,.F.);
#4023=ORIENTED_EDGE('',*,*,#2824,.F.);
#4024=ORIENTED_EDGE('',*,*,#2822,.F.);
#4025=ORIENTED_EDGE('',*,*,#2831,.F.);
#4026=ORIENTED_EDGE('',*,*,#2801,.F.);
#4027=ORIENTED_EDGE('',*,*,#2830,.T.);
#4028=ORIENTED_EDGE('',*,*,#2807,.F.);
#4029=ORIENTED_EDGE('',*,*,#2831,.T.);
#4030=ORIENTED_EDGE('',*,*,#2821,.F.);
#4031=ORIENTED_EDGE('',*,*,#2832,.T.);
#4032=ORIENTED_EDGE('',*,*,#2815,.F.);
#4033=ORIENTED_EDGE('',*,*,#2833,.T.);
#4034=ORIENTED_EDGE('',*,*,#2811,.F.);
#4035=ORIENTED_EDGE('',*,*,#2829,.F.);
#4036=ORIENTED_EDGE('',*,*,#2827,.F.);
#4037=ORIENTED_EDGE('',*,*,#2825,.F.);
#4038=ORIENTED_EDGE('',*,*,#2834,.F.);
#4039=ORIENTED_EDGE('',*,*,#2835,.F.);
#4040=ORIENTED_EDGE('',*,*,#2836,.F.);
#4041=ORIENTED_EDGE('',*,*,#2837,.F.);
#4042=ORIENTED_EDGE('',*,*,#2816,.F.);
#4043=ORIENTED_EDGE('',*,*,#2832,.F.);
#4044=ORIENTED_EDGE('',*,*,#2823,.F.);
#4045=ORIENTED_EDGE('',*,*,#2826,.F.);
#4046=ORIENTED_EDGE('',*,*,#2802,.F.);
#4047=ORIENTED_EDGE('',*,*,#2833,.F.);
#4048=ORIENTED_EDGE('',*,*,#2817,.F.);
#4049=ORIENTED_EDGE('',*,*,#2828,.F.);
#4050=ORIENTED_EDGE('',*,*,#2834,.T.);
#4051=ORIENTED_EDGE('',*,*,#2838,.T.);
#4052=ORIENTED_EDGE('',*,*,#2839,.F.);
#4053=ORIENTED_EDGE('',*,*,#2840,.F.);
#4054=ORIENTED_EDGE('',*,*,#2837,.T.);
#4055=ORIENTED_EDGE('',*,*,#2841,.T.);
#4056=ORIENTED_EDGE('',*,*,#2842,.F.);
#4057=ORIENTED_EDGE('',*,*,#2843,.T.);
#4058=ORIENTED_EDGE('',*,*,#2844,.F.);
#4059=ORIENTED_EDGE('',*,*,#2838,.F.);
#4060=ORIENTED_EDGE('',*,*,#2845,.T.);
#4061=ORIENTED_EDGE('',*,*,#2846,.T.);
#4062=ORIENTED_EDGE('',*,*,#2847,.T.);
#4063=ORIENTED_EDGE('',*,*,#2848,.T.);
#4064=ORIENTED_EDGE('',*,*,#2849,.T.);
#4065=ORIENTED_EDGE('',*,*,#2839,.T.);
#4066=ORIENTED_EDGE('',*,*,#2844,.T.);
#4067=ORIENTED_EDGE('',*,*,#2850,.T.);
#4068=ORIENTED_EDGE('',*,*,#2835,.T.);
#4069=ORIENTED_EDGE('',*,*,#2840,.T.);
#4070=ORIENTED_EDGE('',*,*,#2849,.F.);
#4071=ORIENTED_EDGE('',*,*,#2851,.T.);
#4072=ORIENTED_EDGE('',*,*,#2852,.F.);
#4073=ORIENTED_EDGE('',*,*,#2853,.F.);
#4074=ORIENTED_EDGE('',*,*,#2854,.T.);
#4075=ORIENTED_EDGE('',*,*,#2855,.T.);
#4076=ORIENTED_EDGE('',*,*,#2856,.T.);
#4077=ORIENTED_EDGE('',*,*,#2857,.T.);
#4078=ORIENTED_EDGE('',*,*,#2850,.F.);
#4079=ORIENTED_EDGE('',*,*,#2843,.F.);
#4080=ORIENTED_EDGE('',*,*,#2858,.F.);
#4081=ORIENTED_EDGE('',*,*,#2851,.F.);
#4082=ORIENTED_EDGE('',*,*,#2842,.T.);
#4083=ORIENTED_EDGE('',*,*,#2859,.T.);
#4084=ORIENTED_EDGE('',*,*,#2852,.T.);
#4085=ORIENTED_EDGE('',*,*,#2858,.T.);
#4086=ORIENTED_EDGE('',*,*,#2847,.F.);
#4087=ORIENTED_EDGE('',*,*,#2860,.T.);
#4088=ORIENTED_EDGE('',*,*,#2856,.F.);
#4089=ORIENTED_EDGE('',*,*,#2861,.F.);
#4090=ORIENTED_EDGE('',*,*,#2848,.F.);
#4091=ORIENTED_EDGE('',*,*,#2861,.T.);
#4092=ORIENTED_EDGE('',*,*,#2855,.F.);
#4093=ORIENTED_EDGE('',*,*,#2862,.F.);
#4094=ORIENTED_EDGE('',*,*,#2846,.F.);
#4095=ORIENTED_EDGE('',*,*,#2863,.T.);
#4096=ORIENTED_EDGE('',*,*,#2857,.F.);
#4097=ORIENTED_EDGE('',*,*,#2860,.F.);
#4098=ORIENTED_EDGE('',*,*,#2845,.F.);
#4099=ORIENTED_EDGE('',*,*,#2862,.T.);
#4100=ORIENTED_EDGE('',*,*,#2854,.F.);
#4101=ORIENTED_EDGE('',*,*,#2863,.F.);
#4102=ORIENTED_EDGE('',*,*,#2836,.T.);
#4103=ORIENTED_EDGE('',*,*,#2853,.T.);
#4104=ORIENTED_EDGE('',*,*,#2859,.F.);
#4105=ORIENTED_EDGE('',*,*,#2841,.F.);
#4106=CYLINDRICAL_SURFACE('',#4437,0.00984251968503937);
#4107=CYLINDRICAL_SURFACE('',#4441,0.00984251968503937);
#4108=CYLINDRICAL_SURFACE('',#4445,0.0277234080265106);
#4109=CYLINDRICAL_SURFACE('',#4451,0.0277234080265106);
#4110=CYLINDRICAL_SURFACE('',#4456,0.0277234080265106);
#4111=CYLINDRICAL_SURFACE('',#4462,0.0277234080265106);
#4112=CYLINDRICAL_SURFACE('',#4507,0.015748031496063);
#4113=CYLINDRICAL_SURFACE('',#4513,0.015748031496063);
#4114=CYLINDRICAL_SURFACE('',#4519,0.015748031496063);
#4115=CYLINDRICAL_SURFACE('',#4525,0.015748031496063);
#4116=CYLINDRICAL_SURFACE('',#4531,0.0277234080265106);
#4117=CYLINDRICAL_SURFACE('',#4533,0.0277234080265106);
#4118=CYLINDRICAL_SURFACE('',#4541,0.0277234080265106);
#4119=CYLINDRICAL_SURFACE('',#4544,0.0277234080265106);
#4120=CYLINDRICAL_SURFACE('',#4598,0.0236220472440945);
#4121=CYLINDRICAL_SURFACE('',#4600,0.0236220472440945);
#4122=CYLINDRICAL_SURFACE('',#4603,0.00354330708661411);
#4123=CYLINDRICAL_SURFACE('',#4605,0.00354330708661424);
#4124=CYLINDRICAL_SURFACE('',#4613,0.0846456692913386);
#4125=CYLINDRICAL_SURFACE('',#4617,0.125);
#4126=CYLINDRICAL_SURFACE('',#4633,0.015748031496063);
#4127=CYLINDRICAL_SURFACE('',#4639,0.015748031496063);
#4128=CYLINDRICAL_SURFACE('',#4641,0.015748031496063);
#4129=CYLINDRICAL_SURFACE('',#4646,0.015748031496063);
#4130=CYLINDRICAL_SURFACE('',#4652,0.015748031496063);
#4131=CYLINDRICAL_SURFACE('',#4654,0.015748031496063);
#4132=CYLINDRICAL_SURFACE('',#4655,0.015748031496063);
#4133=CYLINDRICAL_SURFACE('',#4656,0.015748031496063);
#4134=CYLINDRICAL_SURFACE('',#4669,0.031496062992126);
#4135=CYLINDRICAL_SURFACE('',#4672,0.031496062992126);
#4136=CYLINDRICAL_SURFACE('',#4674,0.0234251968503937);
#4137=CYLINDRICAL_SURFACE('',#4678,0.0234251968503937);
#4138=CYLINDRICAL_SURFACE('',#4686,0.015748031496063);
#4139=CYLINDRICAL_SURFACE('',#4692,0.015748031496063);
#4140=CYLINDRICAL_SURFACE('',#4694,0.015748031496063);
#4141=CYLINDRICAL_SURFACE('',#4699,0.015748031496063);
#4142=CYLINDRICAL_SURFACE('',#4705,0.015748031496063);
#4143=CYLINDRICAL_SURFACE('',#4707,0.015748031496063);
#4144=CYLINDRICAL_SURFACE('',#4708,0.015748031496063);
#4145=CYLINDRICAL_SURFACE('',#4709,0.015748031496063);
#4146=CYLINDRICAL_SURFACE('',#4722,0.031496062992126);
#4147=CYLINDRICAL_SURFACE('',#4725,0.031496062992126);
#4148=CYLINDRICAL_SURFACE('',#4732,0.0234251968503937);
#4149=CYLINDRICAL_SURFACE('',#4734,0.0234251968503937);
#4150=CYLINDRICAL_SURFACE('',#4739,0.015748031496063);
#4151=CYLINDRICAL_SURFACE('',#4745,0.015748031496063);
#4152=CYLINDRICAL_SURFACE('',#4747,0.015748031496063);
#4153=CYLINDRICAL_SURFACE('',#4752,0.015748031496063);
#4154=CYLINDRICAL_SURFACE('',#4758,0.015748031496063);
#4155=CYLINDRICAL_SURFACE('',#4760,0.015748031496063);
#4156=CYLINDRICAL_SURFACE('',#4761,0.015748031496063);
#4157=CYLINDRICAL_SURFACE('',#4762,0.015748031496063);
#4158=CYLINDRICAL_SURFACE('',#4775,0.031496062992126);
#4159=CYLINDRICAL_SURFACE('',#4782,0.031496062992126);
#4160=CYLINDRICAL_SURFACE('',#4783,0.0234251968503937);
#4161=CYLINDRICAL_SURFACE('',#4786,0.0234251968503937);
#4162=ADVANCED_FACE('',(#293),#4106,.T.);
#4163=ADVANCED_FACE('',(#294),#132,.T.);
#4164=ADVANCED_FACE('',(#295),#4107,.T.);
#4165=ADVANCED_FACE('',(#296),#133,.F.);
#4166=ADVANCED_FACE('',(#297),#4108,.F.);
#4167=ADVANCED_FACE('',(#298),#134,.F.);
#4168=ADVANCED_FACE('',(#299),#135,.F.);
#4169=ADVANCED_FACE('',(#300),#136,.F.);
#4170=ADVANCED_FACE('',(#301),#4109,.F.);
#4171=ADVANCED_FACE('',(#302),#137,.F.);
#4172=ADVANCED_FACE('',(#303),#138,.F.);
#4173=ADVANCED_FACE('',(#304),#4110,.F.);
#4174=ADVANCED_FACE('',(#305),#139,.F.);
#4175=ADVANCED_FACE('',(#306),#140,.F.);
#4176=ADVANCED_FACE('',(#307),#141,.F.);
#4177=ADVANCED_FACE('',(#308),#4111,.F.);
#4178=ADVANCED_FACE('',(#309),#142,.F.);
#4179=ADVANCED_FACE('',(#310),#143,.F.);
#4180=ADVANCED_FACE('',(#311),#144,.F.);
#4181=ADVANCED_FACE('',(#312),#145,.T.);
#4182=ADVANCED_FACE('',(#313),#146,.F.);
#4183=ADVANCED_FACE('',(#314),#147,.T.);
#4184=ADVANCED_FACE('',(#315),#148,.T.);
#4185=ADVANCED_FACE('',(#316),#149,.T.);
#4186=ADVANCED_FACE('',(#317),#150,.T.);
#4187=ADVANCED_FACE('',(#318),#151,.T.);
#4188=ADVANCED_FACE('',(#319),#152,.T.);
#4189=ADVANCED_FACE('',(#320),#153,.T.);
#4190=ADVANCED_FACE('',(#321),#154,.T.);
#4191=ADVANCED_FACE('',(#322),#155,.T.);
#4192=ADVANCED_FACE('',(#323),#156,.T.);
#4193=ADVANCED_FACE('',(#324),#157,.T.);
#4194=ADVANCED_FACE('',(#325),#158,.F.);
#4195=ADVANCED_FACE('',(#326),#159,.F.);
#4196=ADVANCED_FACE('',(#327),#160,.F.);
#4197=ADVANCED_FACE('',(#328),#161,.F.);
#4198=ADVANCED_FACE('',(#329),#162,.F.);
#4199=ADVANCED_FACE('',(#330),#163,.F.);
#4200=ADVANCED_FACE('',(#331),#164,.F.);
#4201=ADVANCED_FACE('',(#332),#165,.F.);
#4202=ADVANCED_FACE('',(#333),#166,.F.);
#4203=ADVANCED_FACE('',(#334),#167,.F.);
#4204=ADVANCED_FACE('',(#335),#168,.F.);
#4205=ADVANCED_FACE('',(#336),#102,.T.);
#4206=ADVANCED_FACE('',(#337),#103,.T.);
#4207=ADVANCED_FACE('',(#338),#104,.T.);
#4208=ADVANCED_FACE('',(#339),#105,.T.);
#4209=ADVANCED_FACE('',(#340),#106,.F.);
#4210=ADVANCED_FACE('',(#341),#107,.F.);
#4211=ADVANCED_FACE('',(#342),#108,.F.);
#4212=ADVANCED_FACE('',(#343),#109,.F.);
#4213=ADVANCED_FACE('',(#344,#51),#169,.F.);
#4214=ADVANCED_FACE('',(#345),#110,.T.);
#4215=ADVANCED_FACE('',(#346),#111,.T.);
#4216=ADVANCED_FACE('',(#347),#112,.T.);
#4217=ADVANCED_FACE('',(#348),#113,.T.);
#4218=ADVANCED_FACE('',(#349),#114,.F.);
#4219=ADVANCED_FACE('',(#350),#115,.F.);
#4220=ADVANCED_FACE('',(#351),#116,.F.);
#4221=ADVANCED_FACE('',(#352),#117,.F.);
#4222=ADVANCED_FACE('',(#353,#52),#170,.F.);
#4223=ADVANCED_FACE('',(#354),#171,.F.);
#4224=ADVANCED_FACE('',(#355),#172,.F.);
#4225=ADVANCED_FACE('',(#356),#173,.F.);
#4226=ADVANCED_FACE('',(#357),#174,.F.);
#4227=ADVANCED_FACE('',(#358),#175,.F.);
#4228=ADVANCED_FACE('',(#359),#176,.F.);
#4229=ADVANCED_FACE('',(#360),#177,.F.);
#4230=ADVANCED_FACE('',(#361),#178,.F.);
#4231=ADVANCED_FACE('',(#362),#179,.F.);
#4232=ADVANCED_FACE('',(#363),#180,.F.);
#4233=ADVANCED_FACE('',(#364),#181,.F.);
#4234=ADVANCED_FACE('',(#365,#53,#54,#55,#56),#182,.T.);
#4235=ADVANCED_FACE('',(#366),#183,.T.);
#4236=ADVANCED_FACE('',(#367),#4112,.T.);
#4237=ADVANCED_FACE('',(#368),#184,.T.);
#4238=ADVANCED_FACE('',(#369),#185,.F.);
#4239=ADVANCED_FACE('',(#370),#4113,.T.);
#4240=ADVANCED_FACE('',(#371),#186,.T.);
#4241=ADVANCED_FACE('',(#372),#187,.F.);
#4242=ADVANCED_FACE('',(#373),#4114,.T.);
#4243=ADVANCED_FACE('',(#374),#188,.T.);
#4244=ADVANCED_FACE('',(#375),#189,.F.);
#4245=ADVANCED_FACE('',(#376),#4115,.T.);
#4246=ADVANCED_FACE('',(#377),#190,.T.);
#4247=ADVANCED_FACE('',(#378),#191,.F.);
#4248=ADVANCED_FACE('',(#379),#4116,.T.);
#4249=ADVANCED_FACE('',(#380),#4117,.T.);
#4250=ADVANCED_FACE('',(#381),#192,.T.);
#4251=ADVANCED_FACE('',(#382),#193,.T.);
#4252=ADVANCED_FACE('',(#383),#194,.T.);
#4253=ADVANCED_FACE('',(#384),#195,.T.);
#4254=ADVANCED_FACE('',(#385),#196,.T.);
#4255=ADVANCED_FACE('',(#386),#197,.F.);
#4256=ADVANCED_FACE('',(#387),#4118,.T.);
#4257=ADVANCED_FACE('',(#388),#198,.F.);
#4258=ADVANCED_FACE('',(#389),#4119,.T.);
#4259=ADVANCED_FACE('',(#390),#199,.F.);
#4260=ADVANCED_FACE('',(#391),#200,.F.);
#4261=ADVANCED_FACE('',(#392),#201,.T.);
#4262=ADVANCED_FACE('',(#393),#202,.T.);
#4263=ADVANCED_FACE('',(#394),#203,.T.);
#4264=ADVANCED_FACE('',(#395),#204,.T.);
#4265=ADVANCED_FACE('',(#396),#205,.F.);
#4266=ADVANCED_FACE('',(#397),#206,.T.);
#4267=ADVANCED_FACE('',(#398),#207,.T.);
#4268=ADVANCED_FACE('',(#399),#208,.F.);
#4269=ADVANCED_FACE('',(#400),#209,.T.);
#4270=ADVANCED_FACE('',(#401),#210,.T.);
#4271=ADVANCED_FACE('',(#402),#211,.T.);
#4272=ADVANCED_FACE('',(#403),#212,.T.);
#4273=ADVANCED_FACE('',(#404),#213,.T.);
#4274=ADVANCED_FACE('',(#405),#214,.T.);
#4275=ADVANCED_FACE('',(#406),#215,.T.);
#4276=ADVANCED_FACE('',(#407),#216,.T.);
#4277=ADVANCED_FACE('',(#408),#217,.T.);
#4278=ADVANCED_FACE('',(#409),#218,.T.);
#4279=ADVANCED_FACE('',(#410),#219,.T.);
#4280=ADVANCED_FACE('',(#411),#220,.T.);
#4281=ADVANCED_FACE('',(#412),#221,.F.);
#4282=ADVANCED_FACE('',(#413),#222,.F.);
#4283=ADVANCED_FACE('',(#414),#223,.F.);
#4284=ADVANCED_FACE('',(#415),#224,.F.);
#4285=ADVANCED_FACE('',(#416),#225,.F.);
#4286=ADVANCED_FACE('',(#417),#226,.F.);
#4287=ADVANCED_FACE('',(#418),#227,.F.);
#4288=ADVANCED_FACE('',(#419),#228,.F.);
#4289=ADVANCED_FACE('',(#420),#229,.F.);
#4290=ADVANCED_FACE('',(#421),#230,.F.);
#4291=ADVANCED_FACE('',(#422),#231,.F.);
#4292=ADVANCED_FACE('',(#423),#232,.F.);
#4293=ADVANCED_FACE('',(#424,#57),#233,.T.);
#4294=ADVANCED_FACE('',(#425,#58),#234,.T.);
#4295=ADVANCED_FACE('',(#426),#235,.T.);
#4296=ADVANCED_FACE('',(#427),#236,.T.);
#4297=ADVANCED_FACE('',(#428),#237,.F.);
#4298=ADVANCED_FACE('',(#429),#238,.T.);
#4299=ADVANCED_FACE('',(#430),#239,.T.);
#4300=ADVANCED_FACE('',(#431),#240,.T.);
#4301=ADVANCED_FACE('',(#432),#241,.T.);
#4302=ADVANCED_FACE('',(#433),#242,.T.);
#4303=ADVANCED_FACE('',(#434),#4120,.T.);
#4304=ADVANCED_FACE('',(#435),#243,.T.);
#4305=ADVANCED_FACE('',(#436),#4121,.T.);
#4306=ADVANCED_FACE('',(#437),#244,.T.);
#4307=ADVANCED_FACE('',(#438),#245,.T.);
#4308=ADVANCED_FACE('',(#439),#4122,.F.);
#4309=ADVANCED_FACE('',(#440),#246,.T.);
#4310=ADVANCED_FACE('',(#441),#4123,.F.);
#4311=ADVANCED_FACE('',(#442),#247,.T.);
#4312=ADVANCED_FACE('',(#443),#28,.T.);
#4313=ADVANCED_FACE('',(#444,#59),#248,.T.);
#4314=ADVANCED_FACE('',(#445),#249,.T.);
#4315=ADVANCED_FACE('',(#446),#4124,.F.);
#4316=ADVANCED_FACE('',(#447),#250,.T.);
#4317=ADVANCED_FACE('',(#448),#251,.T.);
#4318=ADVANCED_FACE('',(#449),#4125,.T.);
#4319=ADVANCED_FACE('',(#450,#60),#252,.F.);
#4320=ADVANCED_FACE('',(#451),#29,.T.);
#4321=ADVANCED_FACE('',(#452),#30,.T.);
#4322=ADVANCED_FACE('',(#453),#253,.F.);
#4323=ADVANCED_FACE('',(#454),#13,.T.);
#4324=ADVANCED_FACE('',(#455),#14,.T.);
#4325=ADVANCED_FACE('',(#456),#4126,.T.);
#4326=ADVANCED_FACE('',(#457),#15,.T.);
#4327=ADVANCED_FACE('',(#458),#4127,.T.);
#4328=ADVANCED_FACE('',(#459),#4128,.T.);
#4329=ADVANCED_FACE('',(#460),#16,.T.);
#4330=ADVANCED_FACE('',(#461),#4129,.T.);
#4331=ADVANCED_FACE('',(#462),#17,.T.);
#4332=ADVANCED_FACE('',(#463),#4130,.T.);
#4333=ADVANCED_FACE('',(#464),#4131,.T.);
#4334=ADVANCED_FACE('',(#465),#4132,.T.);
#4335=ADVANCED_FACE('',(#466),#4133,.T.);
#4336=ADVANCED_FACE('',(#467),#254,.T.);
#4337=ADVANCED_FACE('',(#468),#255,.T.);
#4338=ADVANCED_FACE('',(#469),#256,.F.);
#4339=ADVANCED_FACE('',(#470,#61),#257,.T.);
#4340=ADVANCED_FACE('',(#471),#258,.T.);
#4341=ADVANCED_FACE('',(#472),#259,.T.);
#4342=ADVANCED_FACE('',(#473),#260,.T.);
#4343=ADVANCED_FACE('',(#474,#62),#261,.T.);
#4344=ADVANCED_FACE('',(#475),#4134,.T.);
#4345=ADVANCED_FACE('',(#476),#262,.T.);
#4346=ADVANCED_FACE('',(#477),#4135,.T.);
#4347=ADVANCED_FACE('',(#478),#4136,.F.);
#4348=ADVANCED_FACE('',(#479),#263,.F.);
#4349=ADVANCED_FACE('',(#480),#264,.F.);
#4350=ADVANCED_FACE('',(#481),#4137,.F.);
#4351=ADVANCED_FACE('',(#482,#63),#265,.T.);
#4352=ADVANCED_FACE('',(#483),#266,.T.);
#4353=ADVANCED_FACE('',(#484),#18,.T.);
#4354=ADVANCED_FACE('',(#485),#4138,.T.);
#4355=ADVANCED_FACE('',(#486),#19,.T.);
#4356=ADVANCED_FACE('',(#487),#4139,.T.);
#4357=ADVANCED_FACE('',(#488),#4140,.T.);
#4358=ADVANCED_FACE('',(#489),#20,.T.);
#4359=ADVANCED_FACE('',(#490),#4141,.T.);
#4360=ADVANCED_FACE('',(#491),#21,.T.);
#4361=ADVANCED_FACE('',(#492),#4142,.T.);
#4362=ADVANCED_FACE('',(#493),#4143,.T.);
#4363=ADVANCED_FACE('',(#494),#4144,.T.);
#4364=ADVANCED_FACE('',(#495),#4145,.T.);
#4365=ADVANCED_FACE('',(#496),#267,.T.);
#4366=ADVANCED_FACE('',(#497),#268,.T.);
#4367=ADVANCED_FACE('',(#498),#269,.F.);
#4368=ADVANCED_FACE('',(#499,#64),#270,.T.);
#4369=ADVANCED_FACE('',(#500),#271,.T.);
#4370=ADVANCED_FACE('',(#501),#272,.T.);
#4371=ADVANCED_FACE('',(#502),#273,.T.);
#4372=ADVANCED_FACE('',(#503,#65),#274,.T.);
#4373=ADVANCED_FACE('',(#504),#4146,.T.);
#4374=ADVANCED_FACE('',(#505),#275,.T.);
#4375=ADVANCED_FACE('',(#506),#4147,.T.);
#4376=ADVANCED_FACE('',(#507),#276,.T.);
#4377=ADVANCED_FACE('',(#508,#66),#277,.T.);
#4378=ADVANCED_FACE('',(#509),#278,.F.);
#4379=ADVANCED_FACE('',(#510),#4148,.F.);
#4380=ADVANCED_FACE('',(#511),#279,.F.);
#4381=ADVANCED_FACE('',(#512),#4149,.F.);
#4382=ADVANCED_FACE('',(#513),#22,.T.);
#4383=ADVANCED_FACE('',(#514),#4150,.T.);
#4384=ADVANCED_FACE('',(#515),#23,.T.);
#4385=ADVANCED_FACE('',(#516),#4151,.T.);
#4386=ADVANCED_FACE('',(#517),#4152,.T.);
#4387=ADVANCED_FACE('',(#518),#24,.T.);
#4388=ADVANCED_FACE('',(#519),#4153,.T.);
#4389=ADVANCED_FACE('',(#520),#25,.T.);
#4390=ADVANCED_FACE('',(#521),#4154,.T.);
#4391=ADVANCED_FACE('',(#522),#4155,.T.);
#4392=ADVANCED_FACE('',(#523),#4156,.T.);
#4393=ADVANCED_FACE('',(#524),#4157,.T.);
#4394=ADVANCED_FACE('',(#525),#280,.T.);
#4395=ADVANCED_FACE('',(#526),#281,.T.);
#4396=ADVANCED_FACE('',(#527),#282,.F.);
#4397=ADVANCED_FACE('',(#528,#67),#283,.T.);
#4398=ADVANCED_FACE('',(#529),#284,.T.);
#4399=ADVANCED_FACE('',(#530),#285,.T.);
#4400=ADVANCED_FACE('',(#531),#286,.T.);
#4401=ADVANCED_FACE('',(#532,#68),#287,.T.);
#4402=ADVANCED_FACE('',(#533),#4158,.T.);
#4403=ADVANCED_FACE('',(#534,#69),#288,.T.);
#4404=ADVANCED_FACE('',(#535),#289,.T.);
#4405=ADVANCED_FACE('',(#536),#4159,.T.);
#4406=ADVANCED_FACE('',(#537),#4160,.F.);
#4407=ADVANCED_FACE('',(#538),#290,.F.);
#4408=ADVANCED_FACE('',(#539),#291,.F.);
#4409=ADVANCED_FACE('',(#540),#4161,.F.);
#4410=ADVANCED_FACE('',(#541),#292,.T.);
#4411=CLOSED_SHELL('',(#4162,#4163,#4164,#4165,#4166,#4167,#4168,#4169,
#4170,#4171,#4172,#4173,#4174,#4175,#4176,#4177,#4178,#4179,#4180,#4181,
#4182,#4183,#4184,#4185,#4186,#4187,#4188,#4189,#4190,#4191,#4192,#4193));
#4412=CLOSED_SHELL('',(#4194,#4195,#4196,#4197,#4198,#4199,#4200,#4201,
#4202,#4203,#4204,#4205,#4206,#4207,#4208,#4209,#4210,#4211,#4212,#4213,
#4214,#4215,#4216,#4217,#4218,#4219,#4220,#4221,#4222,#4223,#4224,#4225,
#4226,#4227,#4228,#4229,#4230,#4231,#4232,#4233,#4234,#4235,#4236,#4237,
#4238,#4239,#4240,#4241,#4242,#4243,#4244,#4245,#4246,#4247,#4248,#4249,
#4250,#4251,#4252,#4253,#4254,#4255,#4256,#4257,#4258,#4259,#4260,#4261,
#4262,#4263,#4264,#4265,#4266,#4267,#4268,#4269,#4270,#4271,#4272,#4273,
#4274,#4275,#4276,#4277,#4278,#4279,#4280,#4281,#4282,#4283,#4284,#4285,
#4286,#4287,#4288,#4289,#4290,#4291,#4292,#4293,#4294,#4295,#4296,#4297,
#4298,#4299,#4300,#4301,#4302,#4303,#4304,#4305,#4306,#4307,#4308,#4309,
#4310,#4311));
#4413=CLOSED_SHELL('',(#4312,#4313,#4314,#4315,#4316,#4317,#4318,#4319));
#4414=CLOSED_SHELL('',(#4320,#4321,#4322,#4323));
#4415=CLOSED_SHELL('',(#4324,#4325,#4326,#4327,#4328,#4329,#4330,#4331,
#4332,#4333,#4334,#4335,#4336,#4337,#4338,#4339,#4340,#4341,#4342,#4343,
#4344,#4345,#4346,#4347,#4348,#4349,#4350,#4351,#4352));
#4416=CLOSED_SHELL('',(#4353,#4354,#4355,#4356,#4357,#4358,#4359,#4360,
#4361,#4362,#4363,#4364,#4365,#4366,#4367,#4368,#4369,#4370,#4371,#4372,
#4373,#4374,#4375,#4376,#4377,#4378,#4379,#4380,#4381));
#4417=CLOSED_SHELL('',(#4382,#4383,#4384,#4385,#4386,#4387,#4388,#4389,
#4390,#4391,#4392,#4393,#4394,#4395,#4396,#4397,#4398,#4399,#4400,#4401,
#4402,#4403,#4404,#4405,#4406,#4407,#4408,#4409,#4410));
#4418=DERIVED_UNIT_ELEMENT(#4420,1.);
#4419=DERIVED_UNIT_ELEMENT(#7480,3.);
#4420=(
MASS_UNIT()
NAMED_UNIT(*)
SI_UNIT($,.GRAM.)
);
#4421=DERIVED_UNIT((#4418,#4419));
#4422=MEASURE_REPRESENTATION_ITEM('density measure',
POSITIVE_RATIO_MEASURE(1.),#4421);
#4423=PROPERTY_DEFINITION_REPRESENTATION(#4428,#4425);
#4424=PROPERTY_DEFINITION_REPRESENTATION(#4429,#4426);
#4425=REPRESENTATION('material name',(#4427),#7475);
#4426=REPRESENTATION('density',(#4422),#7475);
#4427=DESCRIPTIVE_REPRESENTATION_ITEM('Generic','Generic');
#4428=PROPERTY_DEFINITION('material property','material name',#7488);
#4429=PROPERTY_DEFINITION('material property','density of part',#7488);
#4430=DATE_TIME_ROLE('creation_date');
#4431=APPLIED_DATE_AND_TIME_ASSIGNMENT(#4432,#4430,(#7488));
#4432=DATE_AND_TIME(#4433,#4434);
#4433=CALENDAR_DATE(2020,30,11);
#4434=LOCAL_TIME(20,19,36.,#4435);
#4435=COORDINATED_UNIVERSAL_TIME_OFFSET(0,0,.BEHIND.);
#4436=AXIS2_PLACEMENT_3D('placement',#5961,#4788,#4789);
#4437=AXIS2_PLACEMENT_3D('',#5962,#4790,#4791);
#4438=AXIS2_PLACEMENT_3D('',#5965,#4792,#4793);
#4439=AXIS2_PLACEMENT_3D('',#5969,#4795,#4796);
#4440=AXIS2_PLACEMENT_3D('',#5971,#4798,#4799);
#4441=AXIS2_PLACEMENT_3D('',#5993,#4811,#4812);
#4442=AXIS2_PLACEMENT_3D('',#5995,#4813,#4814);
#4443=AXIS2_PLACEMENT_3D('',#5997,#4815,#4816);
#4444=AXIS2_PLACEMENT_3D('',#5999,#4818,#4819);
#4445=AXIS2_PLACEMENT_3D('',#6008,#4824,#4825);
#4446=AXIS2_PLACEMENT_3D('',#6010,#4826,#4827);
#4447=AXIS2_PLACEMENT_3D('',#6012,#4828,#4829);
#4448=AXIS2_PLACEMENT_3D('',#6014,#4831,#4832);
#4449=AXIS2_PLACEMENT_3D('',#6020,#4836,#4837);
#4450=AXIS2_PLACEMENT_3D('',#6022,#4839,#4840);
#4451=AXIS2_PLACEMENT_3D('',#6031,#4845,#4846);
#4452=AXIS2_PLACEMENT_3D('',#6033,#4847,#4848);
#4453=AXIS2_PLACEMENT_3D('',#6035,#4849,#4850);
#4454=AXIS2_PLACEMENT_3D('',#6037,#4852,#4853);
#4455=AXIS2_PLACEMENT_3D('',#6043,#4857,#4858);
#4456=AXIS2_PLACEMENT_3D('',#6045,#4860,#4861);
#4457=AXIS2_PLACEMENT_3D('',#6048,#4862,#4863);
#4458=AXIS2_PLACEMENT_3D('',#6052,#4865,#4866);
#4459=AXIS2_PLACEMENT_3D('',#6054,#4868,#4869);
#4460=AXIS2_PLACEMENT_3D('',#6060,#4873,#4874);
#4461=AXIS2_PLACEMENT_3D('',#6066,#4878,#4879);
#4462=AXIS2_PLACEMENT_3D('',#6068,#4881,#4882);
#4463=AXIS2_PLACEMENT_3D('',#6071,#4883,#4884);
#4464=AXIS2_PLACEMENT_3D('',#6075,#4886,#4887);
#4465=AXIS2_PLACEMENT_3D('',#6077,#4889,#4890);
#4466=AXIS2_PLACEMENT_3D('',#6083,#4894,#4895);
#4467=AXIS2_PLACEMENT_3D('',#6089,#4899,#4900);
#4468=AXIS2_PLACEMENT_3D('',#6091,#4902,#4903);
#4469=AXIS2_PLACEMENT_3D('',#6099,#4909,#4910);
#4470=AXIS2_PLACEMENT_3D('',#6123,#4924,#4925);
#4471=AXIS2_PLACEMENT_3D('',#6126,#4928,#4929);
#4472=AXIS2_PLACEMENT_3D('',#6127,#4930,#4931);
#4473=AXIS2_PLACEMENT_3D('',#6129,#4933,#4934);
#4474=AXIS2_PLACEMENT_3D('',#6131,#4936,#4937);
#4475=AXIS2_PLACEMENT_3D('',#6133,#4939,#4940);
#4476=AXIS2_PLACEMENT_3D('',#6135,#4942,#4943);
#4477=AXIS2_PLACEMENT_3D('',#6137,#4945,#4946);
#4478=AXIS2_PLACEMENT_3D('',#6139,#4948,#4949);
#4479=AXIS2_PLACEMENT_3D('',#6141,#4951,#4952);
#4480=AXIS2_PLACEMENT_3D('',#6143,#4954,#4955);
#4481=AXIS2_PLACEMENT_3D('',#6144,#4956,#4957);
#4482=AXIS2_PLACEMENT_3D('',#6153,#4962,#4963);
#4483=AXIS2_PLACEMENT_3D('',#6159,#4967,#4968);
#4484=AXIS2_PLACEMENT_3D('',#6165,#4972,#4973);
#4485=AXIS2_PLACEMENT_3D('',#6171,#4977,#4978);
#4486=AXIS2_PLACEMENT_3D('',#6177,#4982,#4983);
#4487=AXIS2_PLACEMENT_3D('',#6183,#4987,#4988);
#4488=AXIS2_PLACEMENT_3D('',#6189,#4992,#4993);
#4489=AXIS2_PLACEMENT_3D('',#6195,#4997,#4998);
#4490=AXIS2_PLACEMENT_3D('',#6201,#5002,#5003);
#4491=AXIS2_PLACEMENT_3D('',#6204,#5006,#5007);
#4492=AXIS2_PLACEMENT_3D('',#6373,#5016,#5017);
#4493=AXIS2_PLACEMENT_3D('',#6542,#5026,#5027);
#4494=AXIS2_PLACEMENT_3D('',#6543,#5028,#5029);
#4495=AXIS2_PLACEMENT_3D('',#6552,#5034,#5035);
#4496=AXIS2_PLACEMENT_3D('',#6558,#5039,#5040);
#4497=AXIS2_PLACEMENT_3D('',#6564,#5044,#5045);
#4498=AXIS2_PLACEMENT_3D('',#6570,#5049,#5050);
#4499=AXIS2_PLACEMENT_3D('',#6576,#5054,#5055);
#4500=AXIS2_PLACEMENT_3D('',#6582,#5059,#5060);
#4501=AXIS2_PLACEMENT_3D('',#6588,#5064,#5065);
#4502=AXIS2_PLACEMENT_3D('',#6594,#5069,#5070);
#4503=AXIS2_PLACEMENT_3D('',#6600,#5074,#5075);
#4504=AXIS2_PLACEMENT_3D('',#6603,#5078,#5079);
#4505=AXIS2_PLACEMENT_3D('',#6604,#5080,#5081);
#4506=AXIS2_PLACEMENT_3D('',#6629,#5094,#5095);
#4507=AXIS2_PLACEMENT_3D('',#6630,#5096,#5097);
#4508=AXIS2_PLACEMENT_3D('',#6632,#5098,#5099);
#4509=AXIS2_PLACEMENT_3D('',#6634,#5100,#5101);
#4510=AXIS2_PLACEMENT_3D('',#6636,#5103,#5104);
#4511=AXIS2_PLACEMENT_3D('',#6640,#5106,#5107);
#4512=AXIS2_PLACEMENT_3D('',#6642,#5109,#5110);
#4513=AXIS2_PLACEMENT_3D('',#6648,#5114,#5115);
#4514=AXIS2_PLACEMENT_3D('',#6651,#5116,#5117);
#4515=AXIS2_PLACEMENT_3D('',#6655,#5119,#5120);
#4516=AXIS2_PLACEMENT_3D('',#6657,#5122,#5123);
#4517=AXIS2_PLACEMENT_3D('',#6661,#5125,#5126);
#4518=AXIS2_PLACEMENT_3D('',#6663,#5128,#5129);
#4519=AXIS2_PLACEMENT_3D('',#6671,#5134,#5135);
#4520=AXIS2_PLACEMENT_3D('',#6674,#5136,#5137);
#4521=AXIS2_PLACEMENT_3D('',#6678,#5139,#5140);
#4522=AXIS2_PLACEMENT_3D('',#6680,#5142,#5143);
#4523=AXIS2_PLACEMENT_3D('',#6684,#5145,#5146);
#4524=AXIS2_PLACEMENT_3D('',#6686,#5148,#5149);
#4525=AXIS2_PLACEMENT_3D('',#6694,#5154,#5155);
#4526=AXIS2_PLACEMENT_3D('',#6696,#5156,#5157);
#4527=AXIS2_PLACEMENT_3D('',#6699,#5159,#5160);
#4528=AXIS2_PLACEMENT_3D('',#6700,#5161,#5162);
#4529=AXIS2_PLACEMENT_3D('',#6704,#5164,#5165);
#4530=AXIS2_PLACEMENT_3D('',#6706,#5167,#5168);
#4531=AXIS2_PLACEMENT_3D('',#6712,#5172,#5173);
#4532=AXIS2_PLACEMENT_3D('',#6714,#5174,#5175);
#4533=AXIS2_PLACEMENT_3D('',#6716,#5177,#5178);
#4534=AXIS2_PLACEMENT_3D('',#6718,#5179,#5180);
#4535=AXIS2_PLACEMENT_3D('',#6720,#5182,#5183);
#4536=AXIS2_PLACEMENT_3D('',#6729,#5188,#5189);
#4537=AXIS2_PLACEMENT_3D('',#6735,#5193,#5194);
#4538=AXIS2_PLACEMENT_3D('',#6741,#5198,#5199);
#4539=AXIS2_PLACEMENT_3D('',#6745,#5202,#5203);
#4540=AXIS2_PLACEMENT_3D('',#6749,#5206,#5207);
#4541=AXIS2_PLACEMENT_3D('',#6754,#5211,#5212);
#4542=AXIS2_PLACEMENT_3D('',#6755,#5213,#5214);
#4543=AXIS2_PLACEMENT_3D('',#6756,#5215,#5216);
#4544=AXIS2_PLACEMENT_3D('',#6761,#5220,#5221);
#4545=AXIS2_PLACEMENT_3D('',#6762,#5222,#5223);
#4546=AXIS2_PLACEMENT_3D('',#6763,#5224,#5225);
#4547=AXIS2_PLACEMENT_3D('',#6767,#5228,#5229);
#4548=AXIS2_PLACEMENT_3D('',#6769,#5231,#5232);
#4549=AXIS2_PLACEMENT_3D('',#6773,#5235,#5236);
#4550=AXIS2_PLACEMENT_3D('',#6777,#5238,#5239);
#4551=AXIS2_PLACEMENT_3D('',#6780,#5241,#5242);
#4552=AXIS2_PLACEMENT_3D('',#6781,#5243,#5244);
#4553=AXIS2_PLACEMENT_3D('',#6783,#5246,#5247);
#4554=AXIS2_PLACEMENT_3D('',#6785,#5249,#5250);
#4555=AXIS2_PLACEMENT_3D('',#6787,#5251,#5252);
#4556=AXIS2_PLACEMENT_3D('',#6791,#5254,#5255);
#4557=AXIS2_PLACEMENT_3D('',#6793,#5257,#5258);
#4558=AXIS2_PLACEMENT_3D('',#6795,#5260,#5261);
#4559=AXIS2_PLACEMENT_3D('',#6797,#5263,#5264);
#4560=AXIS2_PLACEMENT_3D('',#6801,#5266,#5267);
#4561=AXIS2_PLACEMENT_3D('',#6805,#5269,#5270);
#4562=AXIS2_PLACEMENT_3D('',#6807,#5272,#5273);
#4563=AXIS2_PLACEMENT_3D('',#6816,#5278,#5279);
#4564=AXIS2_PLACEMENT_3D('',#6822,#5283,#5284);
#4565=AXIS2_PLACEMENT_3D('',#6828,#5288,#5289);
#4566=AXIS2_PLACEMENT_3D('',#6834,#5293,#5294);
#4567=AXIS2_PLACEMENT_3D('',#6840,#5298,#5299);
#4568=AXIS2_PLACEMENT_3D('',#6846,#5303,#5304);
#4569=AXIS2_PLACEMENT_3D('',#6852,#5308,#5309);
#4570=AXIS2_PLACEMENT_3D('',#6858,#5313,#5314);
#4571=AXIS2_PLACEMENT_3D('',#6864,#5318,#5319);
#4572=AXIS2_PLACEMENT_3D('',#6870,#5323,#5324);
#4573=AXIS2_PLACEMENT_3D('',#6876,#5328,#5329);
#4574=AXIS2_PLACEMENT_3D('',#6879,#5332,#5333);
#4575=AXIS2_PLACEMENT_3D('',#6888,#5338,#5339);
#4576=AXIS2_PLACEMENT_3D('',#6894,#5343,#5344);
#4577=AXIS2_PLACEMENT_3D('',#6900,#5348,#5349);
#4578=AXIS2_PLACEMENT_3D('',#6906,#5353,#5354);
#4579=AXIS2_PLACEMENT_3D('',#6912,#5358,#5359);
#4580=AXIS2_PLACEMENT_3D('',#6918,#5363,#5364);
#4581=AXIS2_PLACEMENT_3D('',#6924,#5368,#5369);
#4582=AXIS2_PLACEMENT_3D('',#6930,#5373,#5374);
#4583=AXIS2_PLACEMENT_3D('',#6936,#5378,#5379);
#4584=AXIS2_PLACEMENT_3D('',#6942,#5383,#5384);
#4585=AXIS2_PLACEMENT_3D('',#6948,#5388,#5389);
#4586=AXIS2_PLACEMENT_3D('',#6951,#5392,#5393);
#4587=AXIS2_PLACEMENT_3D('',#6952,#5394,#5395);
#4588=AXIS2_PLACEMENT_3D('',#6956,#5398,#5399);
#4589=AXIS2_PLACEMENT_3D('',#6962,#5403,#5404);
#4590=AXIS2_PLACEMENT_3D('',#6968,#5408,#5409);
#4591=AXIS2_PLACEMENT_3D('',#6971,#5412,#5413);
#4592=AXIS2_PLACEMENT_3D('',#6977,#5417,#5418);
#4593=AXIS2_PLACEMENT_3D('',#6986,#5423,#5424);
#4594=AXIS2_PLACEMENT_3D('',#6989,#5427,#5428);
#4595=AXIS2_PLACEMENT_3D('',#6990,#5429,#5430);
#4596=AXIS2_PLACEMENT_3D('',#6992,#5431,#5432);
#4597=AXIS2_PLACEMENT_3D('',#6994,#5434,#5435);
#4598=AXIS2_PLACEMENT_3D('',#6995,#5436,#5437);
#4599=AXIS2_PLACEMENT_3D('',#6997,#5439,#5440);
#4600=AXIS2_PLACEMENT_3D('',#6999,#5442,#5443);
#4601=AXIS2_PLACEMENT_3D('',#7000,#5444,#5445);
#4602=AXIS2_PLACEMENT_3D('',#7001,#5446,#5447);
#4603=AXIS2_PLACEMENT_3D('',#7003,#5449,#5450);
#4604=AXIS2_PLACEMENT_3D('',#7005,#5452,#5453);
#4605=AXIS2_PLACEMENT_3D('',#7007,#5455,#5456);
#4606=AXIS2_PLACEMENT_3D('',#7009,#5458,#5459);
#4607=AXIS2_PLACEMENT_3D('',#7010,#5460,#5461);
#4608=AXIS2_PLACEMENT_3D('',#7017,#5462,#5463);
#4609=AXIS2_PLACEMENT_3D('',#7022,#5464,#5465);
#4610=AXIS2_PLACEMENT_3D('',#7023,#5466,#5467);
#4611=AXIS2_PLACEMENT_3D('',#7030,#5471,#5472);
#4612=AXIS2_PLACEMENT_3D('',#7031,#5473,#5474);
#4613=AXIS2_PLACEMENT_3D('',#7037,#5478,#5479);
#4614=AXIS2_PLACEMENT_3D('',#7039,#5480,#5481);
#4615=AXIS2_PLACEMENT_3D('',#7041,#5483,#5484);
#4616=AXIS2_PLACEMENT_3D('',#7047,#5488,#5489);
#4617=AXIS2_PLACEMENT_3D('',#7049,#5491,#5492);
#4618=AXIS2_PLACEMENT_3D('',#7050,#5493,#5494);
#4619=AXIS2_PLACEMENT_3D('',#7051,#5495,#5496);
#4620=AXIS2_PLACEMENT_3D('',#7052,#5497,#5498);
#4621=AXIS2_PLACEMENT_3D('',#7054,#5499,#5500);
#4622=AXIS2_PLACEMENT_3D('',#7057,#5502,#5503);
#4623=AXIS2_PLACEMENT_3D('',#7058,#5504,#5505);
#4624=AXIS2_PLACEMENT_3D('',#7062,#5507,#5508);
#4625=AXIS2_PLACEMENT_3D('',#7063,#5509,#5510);
#4626=AXIS2_PLACEMENT_3D('',#7064,#5511,#5512);
#4627=AXIS2_PLACEMENT_3D('',#7065,#5513,#5514);
#4628=AXIS2_PLACEMENT_3D('',#7067,#5515,#5516);
#4629=AXIS2_PLACEMENT_3D('',#7068,#5517,#5518);
#4630=AXIS2_PLACEMENT_3D('',#7071,#5519,#5520);
#4631=AXIS2_PLACEMENT_3D('',#7073,#5521,#5522);
#4632=AXIS2_PLACEMENT_3D('',#7074,#5523,#5524);
#4633=AXIS2_PLACEMENT_3D('',#7075,#5525,#5526);
#4634=AXIS2_PLACEMENT_3D('',#7078,#5527,#5528);
#4635=AXIS2_PLACEMENT_3D('',#7081,#5531,#5532);
#4636=AXIS2_PLACEMENT_3D('',#7084,#5533,#5534);
#4637=AXIS2_PLACEMENT_3D('',#7086,#5535,#5536);
#4638=AXIS2_PLACEMENT_3D('',#7087,#5537,#5538);
#4639=AXIS2_PLACEMENT_3D('',#7088,#5539,#5540);
#4640=AXIS2_PLACEMENT_3D('',#7091,#5541,#5542);
#4641=AXIS2_PLACEMENT_3D('',#7094,#5545,#5546);
#4642=AXIS2_PLACEMENT_3D('',#7097,#5549,#5550);
#4643=AXIS2_PLACEMENT_3D('',#7100,#5551,#5552);
#4644=AXIS2_PLACEMENT_3D('',#7102,#5553,#5554);
#4645=AXIS2_PLACEMENT_3D('',#7103,#5555,#5556);
#4646=AXIS2_PLACEMENT_3D('',#7104,#5557,#5558);
#4647=AXIS2_PLACEMENT_3D('',#7107,#5559,#5560);
#4648=AXIS2_PLACEMENT_3D('',#7110,#5563,#5564);
#4649=AXIS2_PLACEMENT_3D('',#7113,#5565,#5566);
#4650=AXIS2_PLACEMENT_3D('',#7115,#5567,#5568);
#4651=AXIS2_PLACEMENT_3D('',#7116,#5569,#5570);
#4652=AXIS2_PLACEMENT_3D('',#7117,#5571,#5572);
#4653=AXIS2_PLACEMENT_3D('',#7120,#5573,#5574);
#4654=AXIS2_PLACEMENT_3D('',#7123,#5577,#5578);
#4655=AXIS2_PLACEMENT_3D('',#7126,#5581,#5582);
#4656=AXIS2_PLACEMENT_3D('',#7129,#5585,#5586);
#4657=AXIS2_PLACEMENT_3D('',#7132,#5589,#5590);
#4658=AXIS2_PLACEMENT_3D('',#7134,#5592,#5593);
#4659=AXIS2_PLACEMENT_3D('',#7136,#5595,#5596);
#4660=AXIS2_PLACEMENT_3D('',#7139,#5599,#5600);
#4661=AXIS2_PLACEMENT_3D('',#7148,#5605,#5606);
#4662=AXIS2_PLACEMENT_3D('',#7149,#5607,#5608);
#4663=AXIS2_PLACEMENT_3D('',#7150,#5609,#5610);
#4664=AXIS2_PLACEMENT_3D('',#7156,#5614,#5615);
#4665=AXIS2_PLACEMENT_3D('',#7160,#5617,#5618);
#4666=AXIS2_PLACEMENT_3D('',#7163,#5620,#5621);
#4667=AXIS2_PLACEMENT_3D('',#7166,#5622,#5623);
#4668=AXIS2_PLACEMENT_3D('',#7170,#5625,#5626);
#4669=AXIS2_PLACEMENT_3D('',#7172,#5628,#5629);
#4670=AXIS2_PLACEMENT_3D('',#7176,#5631,#5632);
#4671=AXIS2_PLACEMENT_3D('',#7178,#5634,#5635);
#4672=AXIS2_PLACEMENT_3D('',#7182,#5638,#5639);
#4673=AXIS2_PLACEMENT_3D('',#7183,#5640,#5641);
#4674=AXIS2_PLACEMENT_3D('',#7184,#5642,#5643);
#4675=AXIS2_PLACEMENT_3D('',#7188,#5645,#5646);
#4676=AXIS2_PLACEMENT_3D('',#7190,#5648,#5649);
#4677=AXIS2_PLACEMENT_3D('',#7194,#5652,#5653);
#4678=AXIS2_PLACEMENT_3D('',#7198,#5656,#5657);
#4679=AXIS2_PLACEMENT_3D('',#7199,#5658,#5659);
#4680=AXIS2_PLACEMENT_3D('',#7200,#5660,#5661);
#4681=AXIS2_PLACEMENT_3D('',#7202,#5663,#5664);
#4682=AXIS2_PLACEMENT_3D('',#7203,#5665,#5666);
#4683=AXIS2_PLACEMENT_3D('',#7206,#5667,#5668);
#4684=AXIS2_PLACEMENT_3D('',#7208,#5669,#5670);
#4685=AXIS2_PLACEMENT_3D('',#7209,#5671,#5672);
#4686=AXIS2_PLACEMENT_3D('',#7210,#5673,#5674);
#4687=AXIS2_PLACEMENT_3D('',#7213,#5675,#5676);
#4688=AXIS2_PLACEMENT_3D('',#7216,#5679,#5680);
#4689=AXIS2_PLACEMENT_3D('',#7219,#5681,#5682);
#4690=AXIS2_PLACEMENT_3D('',#7221,#5683,#5684);
#4691=AXIS2_PLACEMENT_3D('',#7222,#5685,#5686);
#4692=AXIS2_PLACEMENT_3D('',#7223,#5687,#5688);
#4693=AXIS2_PLACEMENT_3D('',#7226,#5689,#5690);
#4694=AXIS2_PLACEMENT_3D('',#7229,#5693,#5694);
#4695=AXIS2_PLACEMENT_3D('',#7232,#5697,#5698);
#4696=AXIS2_PLACEMENT_3D('',#7235,#5699,#5700);
#4697=AXIS2_PLACEMENT_3D('',#7237,#5701,#5702);
#4698=AXIS2_PLACEMENT_3D('',#7238,#5703,#5704);
#4699=AXIS2_PLACEMENT_3D('',#7239,#5705,#5706);
#4700=AXIS2_PLACEMENT_3D('',#7242,#5707,#5708);
#4701=AXIS2_PLACEMENT_3D('',#7245,#5711,#5712);
#4702=AXIS2_PLACEMENT_3D('',#7248,#5713,#5714);
#4703=AXIS2_PLACEMENT_3D('',#7250,#5715,#5716);
#4704=AXIS2_PLACEMENT_3D('',#7251,#5717,#5718);
#4705=AXIS2_PLACEMENT_3D('',#7252,#5719,#5720);
#4706=AXIS2_PLACEMENT_3D('',#7255,#5721,#5722);
#4707=AXIS2_PLACEMENT_3D('',#7258,#5725,#5726);
#4708=AXIS2_PLACEMENT_3D('',#7261,#5729,#5730);
#4709=AXIS2_PLACEMENT_3D('',#7264,#5733,#5734);
#4710=AXIS2_PLACEMENT_3D('',#7267,#5737,#5738);
#4711=AXIS2_PLACEMENT_3D('',#7269,#5740,#5741);
#4712=AXIS2_PLACEMENT_3D('',#7271,#5743,#5744);
#4713=AXIS2_PLACEMENT_3D('',#7274,#5747,#5748);
#4714=AXIS2_PLACEMENT_3D('',#7283,#5753,#5754);
#4715=AXIS2_PLACEMENT_3D('',#7284,#5755,#5756);
#4716=AXIS2_PLACEMENT_3D('',#7285,#5757,#5758);
#4717=AXIS2_PLACEMENT_3D('',#7291,#5762,#5763);
#4718=AXIS2_PLACEMENT_3D('',#7295,#5765,#5766);
#4719=AXIS2_PLACEMENT_3D('',#7298,#5768,#5769);
#4720=AXIS2_PLACEMENT_3D('',#7301,#5770,#5771);
#4721=AXIS2_PLACEMENT_3D('',#7305,#5773,#5774);
#4722=AXIS2_PLACEMENT_3D('',#7307,#5776,#5777);
#4723=AXIS2_PLACEMENT_3D('',#7309,#5778,#5779);
#4724=AXIS2_PLACEMENT_3D('',#7311,#5781,#5782);
#4725=AXIS2_PLACEMENT_3D('',#7315,#5785,#5786);
#4726=AXIS2_PLACEMENT_3D('',#7318,#5788,#5789);
#4727=AXIS2_PLACEMENT_3D('',#7319,#5790,#5791);
#4728=AXIS2_PLACEMENT_3D('',#7321,#5793,#5794);
#4729=AXIS2_PLACEMENT_3D('',#7324,#5795,#5796);
#4730=AXIS2_PLACEMENT_3D('',#7328,#5798,#5799);
#4731=AXIS2_PLACEMENT_3D('',#7330,#5801,#5802);
#4732=AXIS2_PLACEMENT_3D('',#7333,#5805,#5806);
#4733=AXIS2_PLACEMENT_3D('',#7335,#5808,#5809);
#4734=AXIS2_PLACEMENT_3D('',#7337,#5811,#5812);
#4735=AXIS2_PLACEMENT_3D('',#7338,#5813,#5814);
#4736=AXIS2_PLACEMENT_3D('',#7341,#5815,#5816);
#4737=AXIS2_PLACEMENT_3D('',#7343,#5817,#5818);
#4738=AXIS2_PLACEMENT_3D('',#7344,#5819,#5820);
#4739=AXIS2_PLACEMENT_3D('',#7345,#5821,#5822);
#4740=AXIS2_PLACEMENT_3D('',#7348,#5823,#5824);
#4741=AXIS2_PLACEMENT_3D('',#7351,#5827,#5828);
#4742=AXIS2_PLACEMENT_3D('',#7354,#5829,#5830);
#4743=AXIS2_PLACEMENT_3D('',#7356,#5831,#5832);
#4744=AXIS2_PLACEMENT_3D('',#7357,#5833,#5834);
#4745=AXIS2_PLACEMENT_3D('',#7358,#5835,#5836);
#4746=AXIS2_PLACEMENT_3D('',#7361,#5837,#5838);
#4747=AXIS2_PLACEMENT_3D('',#7364,#5841,#5842);
#4748=AXIS2_PLACEMENT_3D('',#7367,#5845,#5846);
#4749=AXIS2_PLACEMENT_3D('',#7370,#5847,#5848);
#4750=AXIS2_PLACEMENT_3D('',#7372,#5849,#5850);
#4751=AXIS2_PLACEMENT_3D('',#7373,#5851,#5852);
#4752=AXIS2_PLACEMENT_3D('',#7374,#5853,#5854);
#4753=AXIS2_PLACEMENT_3D('',#7377,#5855,#5856);
#4754=AXIS2_PLACEMENT_3D('',#7380,#5859,#5860);
#4755=AXIS2_PLACEMENT_3D('',#7383,#5861,#5862);
#4756=AXIS2_PLACEMENT_3D('',#7385,#5863,#5864);
#4757=AXIS2_PLACEMENT_3D('',#7386,#5865,#5866);
#4758=AXIS2_PLACEMENT_3D('',#7387,#5867,#5868);
#4759=AXIS2_PLACEMENT_3D('',#7390,#5869,#5870);
#4760=AXIS2_PLACEMENT_3D('',#7393,#5873,#5874);
#4761=AXIS2_PLACEMENT_3D('',#7396,#5877,#5878);
#4762=AXIS2_PLACEMENT_3D('',#7399,#5881,#5882);
#4763=AXIS2_PLACEMENT_3D('',#7402,#5885,#5886);
#4764=AXIS2_PLACEMENT_3D('',#7404,#5888,#5889);
#4765=AXIS2_PLACEMENT_3D('',#7406,#5891,#5892);
#4766=AXIS2_PLACEMENT_3D('',#7409,#5895,#5896);
#4767=AXIS2_PLACEMENT_3D('',#7418,#5901,#5902);
#4768=AXIS2_PLACEMENT_3D('',#7419,#5903,#5904);
#4769=AXIS2_PLACEMENT_3D('',#7420,#5905,#5906);
#4770=AXIS2_PLACEMENT_3D('',#7426,#5910,#5911);
#4771=AXIS2_PLACEMENT_3D('',#7430,#5913,#5914);
#4772=AXIS2_PLACEMENT_3D('',#7433,#5916,#5917);
#4773=AXIS2_PLACEMENT_3D('',#7436,#5918,#5919);
#4774=AXIS2_PLACEMENT_3D('',#7440,#5921,#5922);
#4775=AXIS2_PLACEMENT_3D('',#7442,#5924,#5925);
#4776=AXIS2_PLACEMENT_3D('',#7444,#5926,#5927);
#4777=AXIS2_PLACEMENT_3D('',#7446,#5929,#5930);
#4778=AXIS2_PLACEMENT_3D('',#7450,#5932,#5933);
#4779=AXIS2_PLACEMENT_3D('',#7454,#5935,#5936);
#4780=AXIS2_PLACEMENT_3D('',#7458,#5938,#5939);
#4781=AXIS2_PLACEMENT_3D('',#7460,#5941,#5942);
#4782=AXIS2_PLACEMENT_3D('',#7462,#5944,#5945);
#4783=AXIS2_PLACEMENT_3D('',#7464,#5947,#5948);
#4784=AXIS2_PLACEMENT_3D('',#7467,#5951,#5952);
#4785=AXIS2_PLACEMENT_3D('',#7469,#5954,#5955);
#4786=AXIS2_PLACEMENT_3D('',#7471,#5957,#5958);
#4787=AXIS2_PLACEMENT_3D('',#7472,#5959,#5960);
#4788=DIRECTION('axis',(0.,0.,1.));
#4789=DIRECTION('refdir',(1.,0.,0.));
#4790=DIRECTION('center_axis',(1.,-7.42096442775764E-15,0.));
#4791=DIRECTION('ref_axis',(4.71027737605133E-15,0.707106781186549,0.707106781186546));
#4792=DIRECTION('center_axis',(-1.,0.,0.));
#4793=DIRECTION('ref_axis',(4.71027737605133E-15,0.707106781186549,0.707106781186546));
#4794=DIRECTION('',(1.,-7.42096442775764E-15,0.));
#4795=DIRECTION('center_axis',(1.,-7.61917761997657E-15,0.));
#4796=DIRECTION('ref_axis',(4.71027737605133E-15,0.707106781186549,0.707106781186546));
#4797=DIRECTION('',(-1.,7.42096442775764E-15,0.));
#4798=DIRECTION('center_axis',(0.,0.,1.));
#4799=DIRECTION('ref_axis',(1.,0.,0.));
#4800=DIRECTION('',(7.61917761997657E-15,1.,0.));
#4801=DIRECTION('',(0.,-1.,0.));
#4802=DIRECTION('',(1.,-8.67361737988405E-15,0.));
#4803=DIRECTION('',(4.8552027315969E-16,1.,0.));
#4804=DIRECTION('',(-1.,0.,0.));
#4805=DIRECTION('',(1.08845394571096E-15,-1.,0.));
#4806=DIRECTION('',(-1.,-1.40238697847389E-15,0.));
#4807=DIRECTION('',(-6.53072367426562E-15,1.,0.));
#4808=DIRECTION('',(-1.,0.,0.));
#4809=DIRECTION('',(0.,-1.,0.));
#4810=DIRECTION('',(1.,5.96744875736023E-14,0.));
#4811=DIRECTION('center_axis',(-1.,-1.40238697847389E-15,0.));
#4812=DIRECTION('ref_axis',(0.,-0.707106781186549,0.707106781186546));
#4813=DIRECTION('center_axis',(1.,6.53072367426562E-15,0.));
#4814=DIRECTION('ref_axis',(0.,-0.707106781186549,0.707106781186546));
#4815=DIRECTION('center_axis',(-1.,-1.08845394571096E-15,0.));
#4816=DIRECTION('ref_axis',(0.,-0.707106781186549,0.707106781186546));
#4817=DIRECTION('',(1.,1.40238697847389E-15,0.));
#4818=DIRECTION('center_axis',(-0.97923826423707,0.202712658346663,0.));
#4819=DIRECTION('ref_axis',(0.,0.,1.));
#4820=DIRECTION('',(0.202712658346663,0.97923826423707,0.));
#4821=DIRECTION('',(0.,0.,1.));
#4822=DIRECTION('',(-0.202712658346663,-0.97923826423707,0.));
#4823=DIRECTION('',(0.,0.,1.));
#4824=DIRECTION('center_axis',(0.,0.,1.));
#4825=DIRECTION('ref_axis',(0.979238264237129,-0.202712658346377,0.));
#4826=DIRECTION('center_axis',(0.,0.,-1.));
#4827=DIRECTION('ref_axis',(0.979238264237129,-0.202712658346377,0.));
#4828=DIRECTION('center_axis',(0.,0.,1.));
#4829=DIRECTION('ref_axis',(0.979238264237129,-0.202712658346377,0.));
#4830=DIRECTION('',(0.,0.,1.));
#4831=DIRECTION('center_axis',(0.979238264237133,0.202712658346356,0.));
#4832=DIRECTION('ref_axis',(0.,0.,-1.));
#4833=DIRECTION('',(0.202712658346356,-0.979238264237133,0.));
#4834=DIRECTION('',(-0.202712658346356,0.979238264237133,0.));
#4835=DIRECTION('',(0.,0.,-1.));
#4836=DIRECTION('center_axis',(0.,0.,1.));
#4837=DIRECTION('ref_axis',(1.,0.,0.));
#4838=DIRECTION('',(1.,1.40238697847389E-15,0.));
#4839=DIRECTION('center_axis',(-0.979238264237126,0.20271265834639,0.));
#4840=DIRECTION('ref_axis',(0.,0.,1.));
#4841=DIRECTION('',(0.20271265834639,0.979238264237126,0.));
#4842=DIRECTION('',(0.,0.,1.));
#4843=DIRECTION('',(-0.20271265834639,-0.979238264237126,0.));
#4844=DIRECTION('',(0.,0.,1.));
#4845=DIRECTION('center_axis',(0.,0.,1.));
#4846=DIRECTION('ref_axis',(-0.979238264237122,0.202712658346409,0.));
#4847=DIRECTION('center_axis',(0.,0.,-1.));
#4848=DIRECTION('ref_axis',(-0.979238264237122,0.202712658346409,0.));
#4849=DIRECTION('center_axis',(0.,0.,1.));
#4850=DIRECTION('ref_axis',(-0.979238264237122,0.202712658346409,0.));
#4851=DIRECTION('',(0.,0.,1.));
#4852=DIRECTION('center_axis',(0.979238264237117,0.202712658346436,0.));
#4853=DIRECTION('ref_axis',(0.,0.,-1.));
#4854=DIRECTION('',(0.202712658346436,-0.979238264237117,0.));
#4855=DIRECTION('',(-0.202712658346436,0.979238264237117,0.));
#4856=DIRECTION('',(0.,0.,-1.));
#4857=DIRECTION('center_axis',(0.,0.,1.));
#4858=DIRECTION('ref_axis',(1.,0.,0.));
#4859=DIRECTION('',(1.,1.40238697847389E-15,0.));
#4860=DIRECTION('center_axis',(0.,0.,1.));
#4861=DIRECTION('ref_axis',(0.979238264237121,-0.202712658346413,0.));
#4862=DIRECTION('center_axis',(0.,0.,-1.));
#4863=DIRECTION('ref_axis',(0.979238264237121,-0.202712658346413,0.));
#4864=DIRECTION('',(0.,0.,1.));
#4865=DIRECTION('center_axis',(0.,0.,1.));
#4866=DIRECTION('ref_axis',(0.979238264237121,-0.202712658346413,0.));
#4867=DIRECTION('',(0.,0.,1.));
#4868=DIRECTION('center_axis',(-0.979238264237126,-0.20271265834639,0.));
#4869=DIRECTION('ref_axis',(0.,0.,1.));
#4870=DIRECTION('',(-0.20271265834639,0.979238264237126,0.));
#4871=DIRECTION('',(0.20271265834639,-0.979238264237126,0.));
#4872=DIRECTION('',(0.,0.,-1.));
#4873=DIRECTION('center_axis',(0.979238264237117,-0.202712658346436,0.));
#4874=DIRECTION('ref_axis',(0.,0.,-1.));
#4875=DIRECTION('',(-0.202712658346436,-0.979238264237117,0.));
#4876=DIRECTION('',(0.,0.,1.));
#4877=DIRECTION('',(0.202712658346436,0.979238264237117,0.));
#4878=DIRECTION('center_axis',(0.,0.,1.));
#4879=DIRECTION('ref_axis',(1.,0.,0.));
#4880=DIRECTION('',(-1.,7.42096442775764E-15,0.));
#4881=DIRECTION('center_axis',(0.,0.,1.));
#4882=DIRECTION('ref_axis',(-0.979238264237078,0.202712658346623,0.));
#4883=DIRECTION('center_axis',(0.,0.,-1.));
#4884=DIRECTION('ref_axis',(-0.979238264237078,0.202712658346623,0.));
#4885=DIRECTION('',(0.,0.,1.));
#4886=DIRECTION('center_axis',(0.,0.,1.));
#4887=DIRECTION('ref_axis',(-0.979238264237078,0.202712658346623,0.));
#4888=DIRECTION('',(0.,0.,1.));
#4889=DIRECTION('center_axis',(-0.97923826423707,-0.202712658346663,0.));
#4890=DIRECTION('ref_axis',(0.,0.,1.));
#4891=DIRECTION('',(-0.202712658346663,0.97923826423707,0.));
#4892=DIRECTION('',(0.202712658346663,-0.97923826423707,0.));
#4893=DIRECTION('',(0.,0.,-1.));
#4894=DIRECTION('center_axis',(0.979238264237133,-0.202712658346356,0.));
#4895=DIRECTION('ref_axis',(0.,0.,-1.));
#4896=DIRECTION('',(-0.202712658346356,-0.979238264237133,0.));
#4897=DIRECTION('',(0.,0.,1.));
#4898=DIRECTION('',(0.202712658346356,0.979238264237133,0.));
#4899=DIRECTION('center_axis',(0.,0.,1.));
#4900=DIRECTION('ref_axis',(1.,0.,0.));
#4901=DIRECTION('',(-1.,7.42096442775764E-15,0.));
#4902=DIRECTION('center_axis',(7.42096442775764E-15,1.,0.));
#4903=DIRECTION('ref_axis',(0.,0.,1.));
#4904=DIRECTION('',(0.,0.,1.));
#4905=DIRECTION('',(1.,-7.42096442775764E-15,0.));
#4906=DIRECTION('',(1.,-7.42096442775764E-15,0.));
#4907=DIRECTION('',(1.,-7.42096442775764E-15,0.));
#4908=DIRECTION('',(0.,0.,1.));
#4909=DIRECTION('center_axis',(0.,0.,1.));
#4910=DIRECTION('ref_axis',(1.,0.,0.));
#4911=DIRECTION('',(-1.,-1.40238697847389E-15,0.));
#4912=DIRECTION('',(1.08845394571096E-15,-1.,0.));
#4913=DIRECTION('',(-1.,0.,0.));
#4914=DIRECTION('',(4.8552027315969E-16,1.,0.));
#4915=DIRECTION('',(1.,-8.67361737988405E-15,0.));
#4916=DIRECTION('',(0.,-1.,0.));
#4917=DIRECTION('',(7.61917761997657E-15,1.,0.));
#4918=DIRECTION('',(1.,5.96744875736023E-14,0.));
#4919=DIRECTION('',(0.,-1.,0.));
#4920=DIRECTION('',(-1.,0.,0.));
#4921=DIRECTION('',(-6.53072367426562E-15,1.,0.));
#4922=DIRECTION('',(-1.,-1.40238697847389E-15,0.));
#4923=DIRECTION('',(-1.,-1.40238697847389E-15,0.));
#4924=DIRECTION('center_axis',(8.67361737988405E-15,1.,0.));
#4925=DIRECTION('ref_axis',(0.,0.,1.));
#4926=DIRECTION('',(0.,0.,1.));
#4927=DIRECTION('',(0.,0.,1.));
#4928=DIRECTION('center_axis',(1.,0.,0.));
#4929=DIRECTION('ref_axis',(0.,0.,-1.));
#4930=DIRECTION('center_axis',(-1.,7.61917761997657E-15,0.));
#4931=DIRECTION('ref_axis',(0.,0.,1.));
#4932=DIRECTION('',(0.,0.,1.));
#4933=DIRECTION('center_axis',(-5.96744875736023E-14,1.,0.));
#4934=DIRECTION('ref_axis',(0.,0.,1.));
#4935=DIRECTION('',(0.,0.,1.));
#4936=DIRECTION('center_axis',(1.,0.,0.));
#4937=DIRECTION('ref_axis',(0.,0.,-1.));
#4938=DIRECTION('',(0.,0.,1.));
#4939=DIRECTION('center_axis',(0.,-1.,0.));
#4940=DIRECTION('ref_axis',(0.,0.,-1.));
#4941=DIRECTION('',(0.,0.,1.));
#4942=DIRECTION('center_axis',(-1.,-6.53072367426562E-15,0.));
#4943=DIRECTION('ref_axis',(0.,0.,1.));
#4944=DIRECTION('',(0.,0.,1.));
#4945=DIRECTION('center_axis',(1.40238697847389E-15,-1.,0.));
#4946=DIRECTION('ref_axis',(0.,0.,-1.));
#4947=DIRECTION('',(0.,0.,1.));
#4948=DIRECTION('center_axis',(1.,1.08845394571096E-15,0.));
#4949=DIRECTION('ref_axis',(0.,0.,-1.));
#4950=DIRECTION('',(0.,0.,1.));
#4951=DIRECTION('center_axis',(0.,-1.,0.));
#4952=DIRECTION('ref_axis',(0.,0.,-1.));
#4953=DIRECTION('',(0.,0.,1.));
#4954=DIRECTION('center_axis',(-1.,4.8552027315969E-16,0.));
#4955=DIRECTION('ref_axis',(0.,0.,1.));
#4956=DIRECTION('center_axis',(-1.97215226305253E-31,-8.32667268468868E-17,
-1.));
#4957=DIRECTION('ref_axis',(-1.,2.18952885050753E-47,1.97215226305253E-31));
#4958=DIRECTION('',(-1.,-2.42695167511284E-31,1.97215226305253E-31));
#4959=DIRECTION('',(1.56963290467559E-32,1.,-8.32667268468869E-17));
#4960=DIRECTION('',(-1.,2.18952885050753E-47,1.97215226305253E-31));
#4961=DIRECTION('',(1.56963290467559E-32,1.,-8.32667268468869E-17));
#4962=DIRECTION('center_axis',(1.,1.30838575359443E-31,1.57131882462527E-15));
#4963=DIRECTION('ref_axis',(1.57131882462527E-15,-8.32667268468868E-17,
-1.));
#4964=DIRECTION('',(1.57131882462527E-15,1.01312873115673E-16,-1.));
#4965=DIRECTION('',(1.56963290467559E-32,1.,-8.32667268468869E-17));
#4966=DIRECTION('',(1.57131882462527E-15,-8.32667268468868E-17,-1.));
#4967=DIRECTION('center_axis',(-0.83080727530051,-4.63429472755817E-17,
-0.556560213550827));
#4968=DIRECTION('ref_axis',(-0.556560213550827,6.91786024548539E-17,0.83080727530051));
#4969=DIRECTION('',(-0.556560213550827,-8.41714720660987E-17,0.83080727530051));
#4970=DIRECTION('',(1.56963290467559E-32,1.,-8.32667268468869E-17));
#4971=DIRECTION('',(-0.556560213550827,6.91786024548539E-17,0.83080727530051));
#4972=DIRECTION('center_axis',(-1.97215226305253E-31,-8.32667268468868E-17,
-1.));
#4973=DIRECTION('ref_axis',(-1.,2.18952885050753E-47,1.97215226305253E-31));
#4974=DIRECTION('',(-1.,-2.42695167511284E-31,1.97215226305253E-31));
#4975=DIRECTION('',(1.56963290467559E-32,1.,-8.32667268468869E-17));
#4976=DIRECTION('',(-1.,2.18952885050753E-47,1.97215226305253E-31));
#4977=DIRECTION('center_axis',(1.,-2.18952885050753E-47,-1.97215226305253E-31));
#4978=DIRECTION('ref_axis',(-1.97215226305253E-31,-8.32667268468868E-17,
-1.));
#4979=DIRECTION('',(-1.97215226305253E-31,1.01312873115673E-16,-1.));
#4980=DIRECTION('',(1.56963290467559E-32,1.,-8.32667268468869E-17));
#4981=DIRECTION('',(-1.97215226305253E-31,-8.32667268468869E-17,-1.));
#4982=DIRECTION('center_axis',(1.97215226305253E-31,8.32667268468868E-17,
1.));
#4983=DIRECTION('ref_axis',(1.,-2.18952885050753E-47,-1.97215226305253E-31));
#4984=DIRECTION('',(1.,2.42695167511284E-31,-1.97215226305253E-31));
#4985=DIRECTION('',(1.56963290467559E-32,1.,-8.32667268468869E-17));
#4986=DIRECTION('',(1.,-2.18952885050753E-47,-1.97215226305253E-31));
#4987=DIRECTION('center_axis',(-1.,2.18952885050753E-47,1.97215226305253E-31));
#4988=DIRECTION('ref_axis',(1.97215226305253E-31,8.32667268468868E-17,1.));
#4989=DIRECTION('',(1.97215226305253E-31,-1.01312873115673E-16,1.));
#4990=DIRECTION('',(1.56963290467559E-32,1.,-8.32667268468869E-17));
#4991=DIRECTION('',(1.97215226305253E-31,8.32667268468868E-17,1.));
#4992=DIRECTION('center_axis',(0.830807275300511,4.63429472755817E-17,0.556560213550826));
#4993=DIRECTION('ref_axis',(0.556560213550826,-6.91786024548539E-17,-0.830807275300511));
#4994=DIRECTION('',(0.556560213550826,8.41714720660988E-17,-0.830807275300511));
#4995=DIRECTION('',(1.56963290467559E-32,1.,-8.32667268468869E-17));
#4996=DIRECTION('',(0.556560213550826,-6.91786024548539E-17,-0.830807275300511));
#4997=DIRECTION('center_axis',(1.97215226305253E-31,8.32667268468868E-17,
1.));
#4998=DIRECTION('ref_axis',(1.,-2.18952885050753E-47,-1.97215226305253E-31));
#4999=DIRECTION('',(1.,2.42695167511284E-31,-1.97215226305253E-31));
#5000=DIRECTION('',(1.56963290467559E-32,1.,-8.32667268468869E-17));
#5001=DIRECTION('',(1.,-2.18952885050753E-47,-1.97215226305253E-31));
#5002=DIRECTION('center_axis',(-1.,-1.02716259619075E-31,-1.23358108945429E-15));
#5003=DIRECTION('ref_axis',(-1.23358108945429E-15,8.32667268468868E-17,
1.));
#5004=DIRECTION('',(-1.23358108945429E-15,-1.01312873115673E-16,1.));
#5005=DIRECTION('',(-1.23358108945429E-15,8.32667268468869E-17,1.));
#5006=DIRECTION('center_axis',(1.5696329046756E-32,1.,-8.32667268468868E-17));
#5007=DIRECTION('ref_axis',(1.97215226305253E-31,8.32667268468868E-17,1.));
#5008=DIRECTION('',(1.56963290467559E-32,1.,-8.32667268468869E-17));
#5009=DIRECTION('',(1.56963290467559E-32,1.,-8.32667268468869E-17));
#5010=DIRECTION('',(1.56963290467559E-32,1.,-8.32667268468869E-17));
#5011=DIRECTION('',(1.56963290467559E-32,1.,-8.32667268468869E-17));
#5012=DIRECTION('',(1.56963290467559E-32,1.,-8.32667268468869E-17));
#5013=DIRECTION('',(1.56963290467559E-32,1.,-8.32667268468869E-17));
#5014=DIRECTION('',(1.56963290467559E-32,1.,-8.32667268468869E-17));
#5015=DIRECTION('',(1.56963290467559E-32,1.,-8.32667268468869E-17));
#5016=DIRECTION('center_axis',(1.5696329046756E-32,1.,-8.32667268468868E-17));
#5017=DIRECTION('ref_axis',(1.97215226305253E-31,8.32667268468868E-17,1.));
#5018=DIRECTION('',(1.56963290467559E-32,1.,-8.32667268468869E-17));
#5019=DIRECTION('',(1.56963290467559E-32,1.,-8.32667268468869E-17));
#5020=DIRECTION('',(1.56963290467559E-32,1.,-8.32667268468869E-17));
#5021=DIRECTION('',(1.56963290467559E-32,1.,-8.32667268468869E-17));
#5022=DIRECTION('',(1.56963290467559E-32,1.,-8.32667268468869E-17));
#5023=DIRECTION('',(1.56963290467559E-32,1.,-8.32667268468869E-17));
#5024=DIRECTION('',(1.56963290467559E-32,1.,-8.32667268468869E-17));
#5025=DIRECTION('',(1.56963290467559E-32,1.,-8.32667268468869E-17));
#5026=DIRECTION('center_axis',(1.5696329046756E-32,1.,-8.32667268468868E-17));
#5027=DIRECTION('ref_axis',(1.97215226305253E-31,8.32667268468868E-17,1.));
#5028=DIRECTION('center_axis',(-1.97215226305253E-31,-8.32667268468868E-17,
-1.));
#5029=DIRECTION('ref_axis',(-1.,2.18952885050753E-47,1.97215226305253E-31));
#5030=DIRECTION('',(-1.,-2.42695167511284E-31,1.97215226305253E-31));
#5031=DIRECTION('',(1.56963290467559E-32,1.,-8.32667268468869E-17));
#5032=DIRECTION('',(-1.,2.18952885050753E-47,1.97215226305253E-31));
#5033=DIRECTION('',(1.56963290467559E-32,1.,-8.32667268468869E-17));
#5034=DIRECTION('center_axis',(1.,-2.18952885050753E-47,-1.97215226305253E-31));
#5035=DIRECTION('ref_axis',(-1.97215226305253E-31,-8.32667268468868E-17,
-1.));
#5036=DIRECTION('',(-1.97215226305253E-31,1.01312873115673E-16,-1.));
#5037=DIRECTION('',(1.56963290467559E-32,1.,-8.32667268468869E-17));
#5038=DIRECTION('',(-1.97215226305253E-31,-8.32667268468868E-17,-1.));
#5039=DIRECTION('center_axis',(-0.830807275300511,-4.63429472755816E-17,
-0.556560213550826));
#5040=DIRECTION('ref_axis',(-0.556560213550826,6.9178602454854E-17,0.830807275300511));
#5041=DIRECTION('',(-0.556560213550826,-8.41714720660988E-17,0.830807275300511));
#5042=DIRECTION('',(1.56963290467559E-32,1.,-8.32667268468869E-17));
#5043=DIRECTION('',(-0.556560213550826,6.9178602454854E-17,0.830807275300511));
#5044=DIRECTION('center_axis',(-1.97215226305253E-31,-8.32667268468868E-17,
-1.));
#5045=DIRECTION('ref_axis',(-1.,2.18952885050753E-47,1.97215226305253E-31));
#5046=DIRECTION('',(-1.,-2.42695167511284E-31,1.97215226305253E-31));
#5047=DIRECTION('',(1.56963290467559E-32,1.,-8.32667268468869E-17));
#5048=DIRECTION('',(-1.,2.18952885050753E-47,1.97215226305253E-31));
#5049=DIRECTION('center_axis',(1.,-2.18952885050753E-47,-1.97215226305253E-31));
#5050=DIRECTION('ref_axis',(-1.97215226305253E-31,-8.32667268468868E-17,
-1.));
#5051=DIRECTION('',(-1.97215226305253E-31,1.01312873115673E-16,-1.));
#5052=DIRECTION('',(1.56963290467559E-32,1.,-8.32667268468869E-17));
#5053=DIRECTION('',(-1.97215226305253E-31,-8.32667268468869E-17,-1.));
#5054=DIRECTION('center_axis',(1.97215226305253E-31,8.32667268468868E-17,
1.));
#5055=DIRECTION('ref_axis',(1.,-2.18952885050753E-47,-1.97215226305253E-31));
#5056=DIRECTION('',(1.,2.42695167511284E-31,-1.97215226305253E-31));
#5057=DIRECTION('',(1.56963290467559E-32,1.,-8.32667268468869E-17));
#5058=DIRECTION('',(1.,-2.18952885050753E-47,-1.97215226305253E-31));
#5059=DIRECTION('center_axis',(-1.,2.18952885050753E-47,1.97215226305253E-31));
#5060=DIRECTION('ref_axis',(1.97215226305253E-31,8.32667268468868E-17,1.));
#5061=DIRECTION('',(1.97215226305253E-31,-1.01312873115673E-16,1.));
#5062=DIRECTION('',(1.56963290467559E-32,1.,-8.32667268468869E-17));
#5063=DIRECTION('',(1.97215226305253E-31,8.32667268468868E-17,1.));
#5064=DIRECTION('center_axis',(0.83080727530051,4.63429472755817E-17,0.556560213550827));
#5065=DIRECTION('ref_axis',(0.556560213550827,-6.91786024548539E-17,-0.83080727530051));
#5066=DIRECTION('',(0.556560213550827,8.41714720660988E-17,-0.83080727530051));
#5067=DIRECTION('',(1.56963290467559E-32,1.,-8.32667268468869E-17));
#5068=DIRECTION('',(0.556560213550827,-6.91786024548539E-17,-0.83080727530051));
#5069=DIRECTION('center_axis',(1.97215226305253E-31,8.32667268468868E-17,
1.));
#5070=DIRECTION('ref_axis',(1.,-2.18952885050753E-47,-1.97215226305253E-31));
#5071=DIRECTION('',(1.,2.42695167511284E-31,-1.97215226305253E-31));
#5072=DIRECTION('',(1.56963290467559E-32,1.,-8.32667268468869E-17));
#5073=DIRECTION('',(1.,-2.18952885050753E-47,-1.97215226305253E-31));
#5074=DIRECTION('center_axis',(-1.,2.18952885050753E-47,1.97215226305253E-31));
#5075=DIRECTION('ref_axis',(1.97215226305253E-31,8.32667268468868E-17,1.));
#5076=DIRECTION('',(1.97215226305253E-31,-1.01312873115673E-16,1.));
#5077=DIRECTION('',(1.97215226305253E-31,8.32667268468869E-17,1.));
#5078=DIRECTION('center_axis',(1.5696329046756E-32,1.,-8.32667268468868E-17));
#5079=DIRECTION('ref_axis',(1.97215226305253E-31,8.32667268468868E-17,1.));
#5080=DIRECTION('center_axis',(2.26998838464528E-31,-1.,-1.01312873115673E-16));
#5081=DIRECTION('ref_axis',(-1.,-1.63607748775696E-31,-7.80625564189563E-16));
#5082=DIRECTION('',(-1.,-1.63607748775696E-31,-7.80625564189563E-16));
#5083=DIRECTION('',(-7.2517854693257E-16,-1.01312873115673E-16,1.));
#5084=DIRECTION('',(1.,1.63607748775696E-31,7.80625564189562E-16));
#5085=DIRECTION('',(-7.80625564189563E-16,-1.01312873115673E-16,1.));
#5086=DIRECTION('',(1.,1.63607748775696E-31,7.80625564189563E-16));
#5087=DIRECTION('',(7.80625564189563E-16,1.01312873115673E-16,-1.));
#5088=DIRECTION('',(1.,1.63607748775696E-31,7.80625564189562E-16));
#5089=DIRECTION('',(8.36072581446551E-16,1.01312873115673E-16,-1.));
#5090=DIRECTION('',(-1.,-1.63607748775696E-31,-7.80625564189563E-16));
#5091=DIRECTION('',(-7.25178546932561E-16,-1.01312873115673E-16,1.));
#5092=DIRECTION('',(1.,1.63607748775696E-31,7.80625564189562E-16));
#5093=DIRECTION('',(8.36072581446557E-16,1.01312873115673E-16,-1.));
#5094=DIRECTION('center_axis',(2.26998838464528E-31,-1.,-1.01312873115673E-16));
#5095=DIRECTION('ref_axis',(-1.,-1.63607748775696E-31,-7.80625564189563E-16));
#5096=DIRECTION('center_axis',(1.,1.63607748775696E-31,7.80625564189563E-16));
#5097=DIRECTION('ref_axis',(5.51985630006015E-16,-0.707106781186547,-0.707106781186548));
#5098=DIRECTION('center_axis',(-0.979238264237122,-0.20271265834641,-7.30659983394238E-16));
#5099=DIRECTION('ref_axis',(0.20271265834641,-0.979238264237122,-9.5271209073765E-16));
#5100=DIRECTION('center_axis',(0.979238264237122,-0.20271265834641,7.98176861597986E-16));
#5101=DIRECTION('ref_axis',(-0.20271265834641,-0.979238264237122,-1.26919745731771E-15));
#5102=DIRECTION('',(1.,1.63607748775696E-31,7.80625564189563E-16));
#5103=DIRECTION('center_axis',(7.80625564189563E-16,-1.66533453693774E-16,
-1.));
#5104=DIRECTION('ref_axis',(-1.79111484828014E-32,1.,-1.66533453693774E-16));
#5105=DIRECTION('',(0.20271265834641,0.979238264237122,-4.83324684247192E-18));
#5106=DIRECTION('center_axis',(7.80625564189563E-16,-1.66533453693774E-16,
-1.));
#5107=DIRECTION('ref_axis',(0.979238264237122,-0.20271265834641,7.98176861597986E-16));
#5108=DIRECTION('',(0.20271265834641,-0.979238264237122,3.21318613422536E-16));
#5109=DIRECTION('center_axis',(0.979238264237122,-0.20271265834641,7.98176861597986E-16));
#5110=DIRECTION('ref_axis',(-0.20271265834641,-0.979238264237122,4.83324684247192E-18));
#5111=DIRECTION('',(-0.20271265834641,-0.979238264237122,4.83324684247192E-18));
#5112=DIRECTION('',(-0.20271265834641,-0.979238264237122,3.77854077273654E-16));
#5113=DIRECTION('',(-7.80625564189563E-16,1.66533453693774E-16,1.));
#5114=DIRECTION('center_axis',(1.,1.63607748775696E-31,7.80625564189563E-16));
#5115=DIRECTION('ref_axis',(5.51985630006015E-16,0.707106781186547,-0.707106781186548));
#5116=DIRECTION('center_axis',(-0.979238264237124,0.202712658346403,-7.98176861597986E-16));
#5117=DIRECTION('ref_axis',(0.202712658346403,0.979238264237123,-4.83324684247714E-18));
#5118=DIRECTION('',(-1.,-1.63607748775696E-31,-7.80625564189563E-16));
#5119=DIRECTION('center_axis',(0.979238264237122,0.20271265834641,7.30659983394238E-16));
#5120=DIRECTION('ref_axis',(-0.20271265834641,0.979238264237122,-3.21318613422536E-16));
#5121=DIRECTION('',(1.,1.63607748775696E-31,7.80625564189563E-16));
#5122=DIRECTION('center_axis',(7.80625564189563E-16,-1.66533453693774E-16,
-1.));
#5123=DIRECTION('ref_axis',(-1.79111484828014E-32,1.,-1.66533453693774E-16));
#5124=DIRECTION('',(-0.202712658346403,-0.979238264237123,4.83324684247712E-18));
#5125=DIRECTION('center_axis',(7.80625564189563E-16,-1.66533453693774E-16,
-1.));
#5126=DIRECTION('ref_axis',(-0.979238264237122,0.202712658346411,-7.98176861597985E-16));
#5127=DIRECTION('',(-0.20271265834641,0.979238264237122,-3.21318613422536E-16));
#5128=DIRECTION('center_axis',(-0.979238264237124,0.202712658346403,-7.98176861597986E-16));
#5129=DIRECTION('ref_axis',(0.202712658346403,0.979238264237123,-4.83324684247712E-18));
#5130=DIRECTION('',(8.08349072818059E-16,-3.26102902890503E-17,-1.));
#5131=DIRECTION('',(0.202712658346403,0.979238264237123,-4.83324684247712E-18));
#5132=DIRECTION('',(0.202712658346403,0.979238264237124,3.68187583588705E-16));
#5133=DIRECTION('',(-7.80625564189563E-16,1.66533453693774E-16,1.));
#5134=DIRECTION('center_axis',(1.,1.63607748775696E-31,7.80625564189563E-16));
#5135=DIRECTION('ref_axis',(5.51985630006015E-16,0.707106781186547,-0.707106781186548));
#5136=DIRECTION('center_axis',(0.979238264237113,0.202712658346456,7.30659983394223E-16));
#5137=DIRECTION('ref_axis',(-0.202712658346456,0.979238264237113,-3.21318613422571E-16));
#5138=DIRECTION('',(1.,1.63607748775696E-31,7.80625564189563E-16));
#5139=DIRECTION('center_axis',(-0.979238264237116,0.202712658346438,-7.98176861597986E-16));
#5140=DIRECTION('ref_axis',(0.202712658346438,0.979238264237116,-4.83324684244895E-18));
#5141=DIRECTION('',(-1.,-1.63607748775696E-31,-7.80625564189563E-16));
#5142=DIRECTION('center_axis',(7.80625564189563E-16,-1.66533453693774E-16,
-1.));
#5143=DIRECTION('ref_axis',(-1.79111484828014E-32,1.,-1.66533453693774E-16));
#5144=DIRECTION('',(-0.202712658346438,-0.979238264237116,4.83324684244897E-18));
#5145=DIRECTION('center_axis',(7.80625564189563E-16,-1.66533453693774E-16,
-1.));
#5146=DIRECTION('ref_axis',(-0.979238264237089,0.202712658346568,-7.98176861597986E-16));
#5147=DIRECTION('',(-0.202712658346456,0.979238264237113,-3.21318613422571E-16));
#5148=DIRECTION('center_axis',(-0.979238264237116,0.202712658346438,-7.98176861597986E-16));
#5149=DIRECTION('ref_axis',(0.202712658346438,0.979238264237116,-4.83324684244897E-18));
#5150=DIRECTION('',(8.08349072818064E-16,-3.26102902890503E-17,-1.));
#5151=DIRECTION('',(0.202712658346438,0.979238264237116,-4.83324684244897E-18));
#5152=DIRECTION('',(0.202712658346438,0.979238264237116,3.68187583588731E-16));
#5153=DIRECTION('',(-7.80625564189563E-16,1.66533453693774E-16,1.));
#5154=DIRECTION('center_axis',(1.,1.63607748775696E-31,7.80625564189563E-16));
#5155=DIRECTION('ref_axis',(5.51985630006015E-16,-0.707106781186547,-0.707106781186548));
#5156=DIRECTION('center_axis',(0.979238264237127,-0.202712658346388,7.98176861597985E-16));
#5157=DIRECTION('ref_axis',(-0.202712658346388,-0.979238264237127,-1.2691974573177E-15));
#5158=DIRECTION('',(1.,1.63607748775696E-31,7.80625564189563E-16));
#5159=DIRECTION('center_axis',(-0.979238264237116,-0.202712658346438,-7.30659983394229E-16));
#5160=DIRECTION('ref_axis',(0.202712658346438,-0.979238264237116,6.61060134531938E-16));
#5161=DIRECTION('center_axis',(7.80625564189563E-16,-1.66533453693774E-16,
-1.));
#5162=DIRECTION('ref_axis',(-1.79111484828014E-32,1.,-1.66533453693774E-16));
#5163=DIRECTION('',(0.202712658346388,0.979238264237127,-4.83324684248986E-18));
#5164=DIRECTION('center_axis',(7.80625564189563E-16,-1.66533453693774E-16,
-1.));
#5165=DIRECTION('ref_axis',(0.97923826423713,-0.202712658346373,7.98176861597985E-16));
#5166=DIRECTION('',(0.202712658346438,-0.979238264237116,3.21318613422557E-16));
#5167=DIRECTION('center_axis',(0.979238264237127,-0.202712658346388,7.98176861597985E-16));
#5168=DIRECTION('ref_axis',(-0.202712658346388,-0.979238264237127,4.83324684248986E-18));
#5169=DIRECTION('',(-0.202712658346388,-0.979238264237127,4.83324684248986E-18));
#5170=DIRECTION('',(-0.202712658346388,-0.979238264237127,3.77854077273673E-16));
#5171=DIRECTION('',(-7.80625564189563E-16,1.66533453693774E-16,1.));
#5172=DIRECTION('center_axis',(-7.80625564189563E-16,1.66533453693774E-16,
1.));
#5173=DIRECTION('ref_axis',(0.979238264237122,-0.20271265834641,7.98176861597986E-16));
#5174=DIRECTION('center_axis',(-7.80625564189563E-16,5.47463043615165E-16,
1.));
#5175=DIRECTION('ref_axis',(0.979238264237122,-0.20271265834641,7.98176861597986E-16));
#5176=DIRECTION('',(-7.80625564189563E-16,1.66533453693774E-16,1.));
#5177=DIRECTION('center_axis',(-7.80625564189563E-16,1.66533453693774E-16,
1.));
#5178=DIRECTION('ref_axis',(0.97923826423713,-0.202712658346373,7.98176861597985E-16));
#5179=DIRECTION('center_axis',(-7.80625564189563E-16,5.47463043615165E-16,
1.));
#5180=DIRECTION('ref_axis',(0.97923826423713,-0.202712658346373,7.98176861597985E-16));
#5181=DIRECTION('',(-7.80625564189563E-16,1.66533453693774E-16,1.));
#5182=DIRECTION('center_axis',(7.80625564189562E-16,-1.66533453693773E-16,
-1.));
#5183=DIRECTION('ref_axis',(-1.79111484828016E-32,1.,-1.66533453693773E-16));
#5184=DIRECTION('',(1.,1.63607748775696E-31,7.80625564189563E-16));
#5185=DIRECTION('',(1.79111484828016E-32,-1.,1.66533453693773E-16));
#5186=DIRECTION('',(-1.,-1.63607748775696E-31,-7.80625564189562E-16));
#5187=DIRECTION('',(0.202712658346456,-0.979238264237113,3.21318613422571E-16));
#5188=DIRECTION('center_axis',(7.80625564189562E-16,-1.66533453693773E-16,
-1.));
#5189=DIRECTION('ref_axis',(-1.79111484828016E-32,1.,-1.66533453693773E-16));
#5190=DIRECTION('',(1.,1.63607748775696E-31,7.80625564189563E-16));
#5191=DIRECTION('',(-1.,-1.63607748775696E-31,-7.80625564189562E-16));
#5192=DIRECTION('',(-1.79111484828016E-32,1.,-1.66533453693773E-16));
#5193=DIRECTION('center_axis',(7.80625564189562E-16,-1.66533453693773E-16,
-1.));
#5194=DIRECTION('ref_axis',(-1.79111484828016E-32,1.,-1.66533453693773E-16));
#5195=DIRECTION('',(1.,1.63607748775696E-31,7.80625564189563E-16));
#5196=DIRECTION('',(-1.,-1.63607748775696E-31,-7.80625564189562E-16));
#5197=DIRECTION('',(0.20271265834641,-0.979238264237122,3.21318613422536E-16));
#5198=DIRECTION('center_axis',(7.80625564189562E-16,-1.66533453693773E-16,
-1.));
#5199=DIRECTION('ref_axis',(-1.79111484828016E-32,1.,-1.66533453693773E-16));
#5200=DIRECTION('',(1.,1.63607748775696E-31,7.80625564189563E-16));
#5201=DIRECTION('',(1.79111484828016E-32,-1.,1.66533453693773E-16));
#5202=DIRECTION('center_axis',(7.80625564189562E-16,-1.66533453693773E-16,
-1.));
#5203=DIRECTION('ref_axis',(-1.79111484828016E-32,1.,-1.66533453693773E-16));
#5204=DIRECTION('',(1.,1.63607748775696E-31,7.80625564189563E-16));
#5205=DIRECTION('',(-0.202712658346438,0.979238264237116,-3.21318613422557E-16));
#5206=DIRECTION('center_axis',(0.979238264237113,0.202712658346456,7.30659983394223E-16));
#5207=DIRECTION('ref_axis',(0.202712658346456,-0.979238264237113,3.21318613422571E-16));
#5208=DIRECTION('',(-7.80625564189563E-16,1.66533453693774E-16,1.));
#5209=DIRECTION('',(0.202712658346456,-0.979238264237113,-5.17022170086077E-17));
#5210=DIRECTION('',(-7.5290205556106E-16,3.26102902890503E-17,1.));
#5211=DIRECTION('center_axis',(-7.80625564189563E-16,1.66533453693774E-16,
1.));
#5212=DIRECTION('ref_axis',(-0.979238264237089,0.202712658346568,-7.98176861597986E-16));
#5213=DIRECTION('center_axis',(-7.80625564189563E-16,-2.14396136227618E-16,
1.));
#5214=DIRECTION('ref_axis',(-0.979238264237089,0.202712658346568,-7.98176861597986E-16));
#5215=DIRECTION('center_axis',(0.979238264237122,0.20271265834641,7.30659983394238E-16));
#5216=DIRECTION('ref_axis',(0.20271265834641,-0.979238264237122,3.21318613422536E-16));
#5217=DIRECTION('',(-7.80625564189563E-16,1.66533453693774E-16,1.));
#5218=DIRECTION('',(0.20271265834641,-0.979238264237122,-5.17022170086456E-17));
#5219=DIRECTION('',(-7.52902055561066E-16,3.26102902890503E-17,1.));
#5220=DIRECTION('center_axis',(-7.80625564189563E-16,1.66533453693774E-16,
1.));
#5221=DIRECTION('ref_axis',(-0.979238264237122,0.202712658346411,-7.98176861597985E-16));
#5222=DIRECTION('center_axis',(-7.80625564189563E-16,-2.14396136227618E-16,
1.));
#5223=DIRECTION('ref_axis',(-0.979238264237122,0.202712658346411,-7.98176861597985E-16));
#5224=DIRECTION('center_axis',(-0.979238264237122,-0.20271265834641,-7.30659983394238E-16));
#5225=DIRECTION('ref_axis',(-0.20271265834641,0.979238264237122,-3.21318613422536E-16));
#5226=DIRECTION('',(-0.20271265834641,0.979238264237122,-6.94339443853718E-16));
#5227=DIRECTION('',(-0.20271265834641,0.979238264237122,-3.21318613422536E-16));
#5228=DIRECTION('center_axis',(-0.979238264237116,-0.202712658346438,-7.30659983394229E-16));
#5229=DIRECTION('ref_axis',(-0.202712658346438,0.979238264237116,-3.21318613422557E-16));
#5230=DIRECTION('',(-0.202712658346438,0.979238264237116,-6.94339443853737E-16));
#5231=DIRECTION('center_axis',(7.80625564189562E-16,-1.66533453693773E-16,
-1.));
#5232=DIRECTION('ref_axis',(-1.79111484828016E-32,1.,-1.66533453693773E-16));
#5233=DIRECTION('',(1.,1.63607748775696E-31,7.80625564189563E-16));
#5234=DIRECTION('',(-1.79111484828016E-32,1.,-1.66533453693773E-16));
#5235=DIRECTION('center_axis',(1.,1.63607748775696E-31,7.80625564189563E-16));
#5236=DIRECTION('ref_axis',(1.79111484828014E-32,-1.,1.66533453693774E-16));
#5237=DIRECTION('',(7.80625564189563E-16,-1.66533453693774E-16,-1.));
#5238=DIRECTION('center_axis',(1.,1.63607748775696E-31,7.80625564189563E-16));
#5239=DIRECTION('ref_axis',(7.80625564189563E-16,-1.66533453693774E-16,
-1.));
#5240=DIRECTION('',(-7.80625564189563E-16,1.66533453693774E-16,1.));
#5241=DIRECTION('center_axis',(-1.,-1.63607748775696E-31,-7.80625564189563E-16));
#5242=DIRECTION('ref_axis',(-7.80625564189563E-16,1.66533453693774E-16,
1.));
#5243=DIRECTION('center_axis',(-7.80625564189563E-16,5.47463043615165E-16,
1.));
#5244=DIRECTION('ref_axis',(-2.79452227566083E-31,-1.,5.47463043615165E-16));
#5245=DIRECTION('',(1.,1.63607748775696E-31,7.80625564189563E-16));
#5246=DIRECTION('center_axis',(-7.80625564189563E-16,5.47463043615165E-16,
1.));
#5247=DIRECTION('ref_axis',(-2.79452227566083E-31,-1.,5.47463043615165E-16));
#5248=DIRECTION('',(1.,1.63607748775696E-31,7.80625564189563E-16));
#5249=DIRECTION('center_axis',(1.,1.63607748775696E-31,7.80625564189563E-16));
#5250=DIRECTION('ref_axis',(1.79111484828014E-32,-1.,1.66533453693774E-16));
#5251=DIRECTION('center_axis',(1.,1.63607748775696E-31,7.80625564189563E-16));
#5252=DIRECTION('ref_axis',(-7.80625564189563E-16,1.66533453693774E-16,
1.));
#5253=DIRECTION('',(7.80625564189563E-16,-1.66533453693774E-16,-1.));
#5254=DIRECTION('center_axis',(-1.,-1.63607748775696E-31,-7.80625564189563E-16));
#5255=DIRECTION('ref_axis',(7.80625564189563E-16,-1.66533453693774E-16,
-1.));
#5256=DIRECTION('',(-7.80625564189563E-16,1.66533453693774E-16,1.));
#5257=DIRECTION('center_axis',(-7.80625564189563E-16,-2.14396136227618E-16,
1.));
#5258=DIRECTION('ref_axis',(3.15274524531686E-31,-1.,-2.14396136227618E-16));
#5259=DIRECTION('',(1.,1.63607748775696E-31,7.80625564189563E-16));
#5260=DIRECTION('center_axis',(-7.80625564189563E-16,-2.14396136227618E-16,
1.));
#5261=DIRECTION('ref_axis',(3.15274524531686E-31,-1.,-2.14396136227618E-16));
#5262=DIRECTION('',(1.,1.63607748775696E-31,7.80625564189563E-16));
#5263=DIRECTION('center_axis',(1.,1.63607748775696E-31,7.80625564189563E-16));
#5264=DIRECTION('ref_axis',(1.79111484828014E-32,-1.,1.66533453693774E-16));
#5265=DIRECTION('',(7.80625564189563E-16,-2.38312654386121E-17,-1.));
#5266=DIRECTION('center_axis',(-1.,-1.63607748775696E-31,-7.80625564189563E-16));
#5267=DIRECTION('ref_axis',(1.79111484828014E-32,-1.,1.66533453693774E-16));
#5268=DIRECTION('',(-7.80625564189563E-16,1.66533453693774E-16,1.));
#5269=DIRECTION('center_axis',(1.,1.63607748775696E-31,7.80625564189563E-16));
#5270=DIRECTION('ref_axis',(-1.79111484828014E-32,1.,-1.66533453693774E-16));
#5271=DIRECTION('',(-7.80625564189563E-16,3.26102902890503E-17,1.));
#5272=DIRECTION('center_axis',(0.926020420318092,6.28619519456559E-17,0.377473417810983));
#5273=DIRECTION('ref_axis',(1.79111484828014E-32,-1.,1.66533453693774E-16));
#5274=DIRECTION('',(0.377473417810983,-4.28858134558641E-17,-0.926020420318091));
#5275=DIRECTION('',(1.79111484828014E-32,-1.,1.66533453693774E-16));
#5276=DIRECTION('',(0.377473417810983,-3.01977947201613E-17,-0.926020420318091));
#5277=DIRECTION('',(1.79111484828014E-32,-1.,1.66533453693774E-16));
#5278=DIRECTION('center_axis',(7.80625564189563E-16,-1.66533453693774E-16,
-1.));
#5279=DIRECTION('ref_axis',(-1.79111484828014E-32,1.,-1.66533453693774E-16));
#5280=DIRECTION('',(-1.,4.53860908960489E-19,-7.80625564189563E-16));
#5281=DIRECTION('',(1.79111484828014E-32,-1.,1.66533453693774E-16));
#5282=DIRECTION('',(-1.,-1.63607748775696E-31,-7.80625564189563E-16));
#5283=DIRECTION('center_axis',(-0.926020420318092,-6.28619519456558E-17,
-0.377473417810983));
#5284=DIRECTION('ref_axis',(-1.79111484828014E-32,1.,-1.66533453693774E-16));
#5285=DIRECTION('',(-0.377473417810983,4.28858134558641E-17,0.926020420318092));
#5286=DIRECTION('',(1.79111484828014E-32,-1.,1.66533453693774E-16));
#5287=DIRECTION('',(-0.377473417810983,3.01977947201613E-17,0.926020420318092));
#5288=DIRECTION('center_axis',(-1.18214392400554E-16,1.66533453693774E-16,
1.));
#5289=DIRECTION('ref_axis',(1.79111484828014E-32,-1.,1.66533453693774E-16));
#5290=DIRECTION('',(1.,-4.5386090896052E-19,1.18214392400554E-16));
#5291=DIRECTION('',(1.79111484828014E-32,-1.,1.66533453693774E-16));
#5292=DIRECTION('',(1.,1.42006328172946E-31,1.18214392400554E-16));
#5293=DIRECTION('center_axis',(-0.926020420318091,-6.28619519456562E-17,
-0.377473417810985));
#5294=DIRECTION('ref_axis',(-1.79111484828014E-32,1.,-1.66533453693774E-16));
#5295=DIRECTION('',(-0.377473417810985,4.28858134558641E-17,0.926020420318091));
#5296=DIRECTION('',(1.79111484828014E-32,-1.,1.66533453693774E-16));
#5297=DIRECTION('',(-0.377473417810985,3.01977947201613E-17,0.926020420318091));
#5298=DIRECTION('center_axis',(3.39018116330224E-16,-1.66533453693774E-16,
-1.));
#5299=DIRECTION('ref_axis',(-1.79111484828014E-32,1.,-1.66533453693774E-16));
#5300=DIRECTION('',(-1.,4.5386090896051E-19,-3.39018116330224E-16));
#5301=DIRECTION('',(1.79111484828014E-32,-1.,1.66533453693774E-16));
#5302=DIRECTION('',(-1.,-1.49206801707196E-31,-3.39018116330224E-16));
#5303=DIRECTION('center_axis',(-0.926020420318092,-6.28619519456559E-17,
-0.377473417810983));
#5304=DIRECTION('ref_axis',(-1.79111484828014E-32,1.,-1.66533453693774E-16));
#5305=DIRECTION('',(-0.377473417810983,4.28858134558641E-17,0.926020420318092));
#5306=DIRECTION('',(1.79111484828014E-32,-1.,1.66533453693774E-16));
#5307=DIRECTION('',(-0.377473417810983,3.01977947201613E-17,0.926020420318092));
#5308=DIRECTION('center_axis',(-5.59821840259893E-16,1.66533453693774E-16,
1.));
#5309=DIRECTION('ref_axis',(1.79111484828014E-32,-1.,1.66533453693774E-16));
#5310=DIRECTION('',(1.,-4.538609089605E-19,5.59821840259893E-16));
#5311=DIRECTION('',(1.79111484828014E-32,-1.,1.66533453693774E-16));
#5312=DIRECTION('',(1.,1.56407275241446E-31,5.59821840259893E-16));
#5313=DIRECTION('center_axis',(-0.926020420318091,-6.28619519456559E-17,
-0.377473417810984));
#5314=DIRECTION('ref_axis',(-1.79111484828014E-32,1.,-1.66533453693774E-16));
#5315=DIRECTION('',(-0.377473417810984,4.28858134558641E-17,0.926020420318091));
#5316=DIRECTION('',(1.79111484828014E-32,-1.,1.66533453693774E-16));
#5317=DIRECTION('',(-0.377473417810984,3.01977947201613E-17,0.926020420318091));
#5318=DIRECTION('center_axis',(5.59821840259893E-16,-1.66533453693774E-16,
-1.));
#5319=DIRECTION('ref_axis',(-1.79111484828014E-32,1.,-1.66533453693774E-16));
#5320=DIRECTION('',(-1.,4.538609089605E-19,-5.59821840259893E-16));
#5321=DIRECTION('',(1.79111484828014E-32,-1.,1.66533453693774E-16));
#5322=DIRECTION('',(-1.,-1.56407275241446E-31,-5.59821840259893E-16));
#5323=DIRECTION('center_axis',(-0.926020420318091,-6.2861951945656E-17,
-0.377473417810984));
#5324=DIRECTION('ref_axis',(-1.79111484828014E-32,1.,-1.66533453693774E-16));
#5325=DIRECTION('',(-0.377473417810984,4.28858134558641E-17,0.926020420318091));
#5326=DIRECTION('',(1.79111484828014E-32,-1.,1.66533453693774E-16));
#5327=DIRECTION('',(-0.377473417810984,3.01977947201613E-17,0.926020420318091));
#5328=DIRECTION('center_axis',(-6.85808417049717E-16,1.66533453693774E-16,
1.));
#5329=DIRECTION('ref_axis',(1.79111484828014E-32,-1.,1.66533453693774E-16));
#5330=DIRECTION('',(1.,-4.53860908960494E-19,6.85808417049717E-16));
#5331=DIRECTION('',(1.,1.60515734083086E-31,6.85808417049717E-16));
#5332=DIRECTION('center_axis',(-3.39018116330224E-16,1.66533453693774E-16,
1.));
#5333=DIRECTION('ref_axis',(1.79111484828014E-32,-1.,1.66533453693774E-16));
#5334=DIRECTION('',(1.,1.49206801707196E-31,3.39018116330224E-16));
#5335=DIRECTION('',(1.79111484828014E-32,-1.,1.66533453693774E-16));
#5336=DIRECTION('',(-1.,-1.49206801707196E-31,-3.39018116330224E-16));
#5337=DIRECTION('',(1.79111484828014E-32,-1.,1.66533453693774E-16));
#5338=DIRECTION('center_axis',(-0.926020420318092,-6.28619519456558E-17,
-0.377473417810983));
#5339=DIRECTION('ref_axis',(-1.79111484828014E-32,1.,-1.66533453693774E-16));
#5340=DIRECTION('',(-0.377473417810983,3.01977947201613E-17,0.926020420318092));
#5341=DIRECTION('',(0.377473417810983,-3.01977947201613E-17,-0.926020420318092));
#5342=DIRECTION('',(1.79111484828014E-32,-1.,1.66533453693774E-16));
#5343=DIRECTION('center_axis',(5.59821840259893E-16,-1.66533453693774E-16,
-1.));
#5344=DIRECTION('ref_axis',(-1.79111484828014E-32,1.,-1.66533453693774E-16));
#5345=DIRECTION('',(-1.,-1.56407275241446E-31,-5.59821840259893E-16));
#5346=DIRECTION('',(1.,1.56407275241446E-31,5.59821840259893E-16));
#5347=DIRECTION('',(1.79111484828014E-32,-1.,1.66533453693774E-16));
#5348=DIRECTION('center_axis',(-0.926020420318092,-6.28619519456557E-17,
-0.377473417810982));
#5349=DIRECTION('ref_axis',(-1.79111484828014E-32,1.,-1.66533453693774E-16));
#5350=DIRECTION('',(-0.377473417810982,3.01977947201613E-17,0.926020420318092));
#5351=DIRECTION('',(0.377473417810982,-3.01977947201613E-17,-0.926020420318092));
#5352=DIRECTION('',(1.79111484828014E-32,-1.,1.66533453693774E-16));
#5353=DIRECTION('center_axis',(-5.59821840259893E-16,1.66533453693774E-16,
1.));
#5354=DIRECTION('ref_axis',(1.79111484828014E-32,-1.,1.66533453693774E-16));
#5355=DIRECTION('',(1.,1.56407275241446E-31,5.59821840259893E-16));
#5356=DIRECTION('',(-1.,-1.56407275241446E-31,-5.59821840259893E-16));
#5357=DIRECTION('',(1.79111484828014E-32,-1.,1.66533453693774E-16));
#5358=DIRECTION('center_axis',(-0.926020420318092,-6.28619519456559E-17,
-0.377473417810983));
#5359=DIRECTION('ref_axis',(-1.79111484828014E-32,1.,-1.66533453693774E-16));
#5360=DIRECTION('',(-0.377473417810983,3.01977947201613E-17,0.926020420318092));
#5361=DIRECTION('',(0.377473417810983,-3.01977947201613E-17,-0.926020420318092));
#5362=DIRECTION('',(1.79111484828014E-32,-1.,1.66533453693774E-16));
#5363=DIRECTION('center_axis',(7.80625564189563E-16,-1.66533453693774E-16,
-1.));
#5364=DIRECTION('ref_axis',(-1.79111484828014E-32,1.,-1.66533453693774E-16));
#5365=DIRECTION('',(-1.,-1.63607748775696E-31,-7.80625564189563E-16));
#5366=DIRECTION('',(1.,1.63607748775696E-31,7.80625564189563E-16));
#5367=DIRECTION('',(1.79111484828014E-32,-1.,1.66533453693774E-16));
#5368=DIRECTION('center_axis',(-0.926020420318092,-6.28619519456559E-17,
-0.377473417810983));
#5369=DIRECTION('ref_axis',(-1.79111484828014E-32,1.,-1.66533453693774E-16));
#5370=DIRECTION('',(-0.377473417810983,3.01977947201613E-17,0.926020420318092));
#5371=DIRECTION('',(0.377473417810983,-3.01977947201613E-17,-0.926020420318092));
#5372=DIRECTION('',(1.79111484828014E-32,-1.,1.66533453693774E-16));
#5373=DIRECTION('center_axis',(-5.95588393418704E-16,1.66533453693774E-16,
1.));
#5374=DIRECTION('ref_axis',(1.79111484828014E-32,-1.,1.66533453693774E-16));
#5375=DIRECTION('',(1.,1.57573632922594E-31,5.95588393418704E-16));
#5376=DIRECTION('',(-1.,-1.57573632922594E-31,-5.95588393418704E-16));
#5377=DIRECTION('',(1.79111484828014E-32,-1.,1.66533453693774E-16));
#5378=DIRECTION('center_axis',(0.926020420318092,6.28619519456559E-17,0.377473417810983));
#5379=DIRECTION('ref_axis',(1.79111484828014E-32,-1.,1.66533453693774E-16));
#5380=DIRECTION('',(0.377473417810983,-3.01977947201613E-17,-0.926020420318092));
#5381=DIRECTION('',(-0.377473417810983,3.01977947201613E-17,0.926020420318092));
#5382=DIRECTION('',(1.79111484828014E-32,-1.,1.66533453693774E-16));
#5383=DIRECTION('center_axis',(5.95588393418704E-16,-1.66533453693774E-16,
-1.));
#5384=DIRECTION('ref_axis',(-1.79111484828014E-32,1.,-1.66533453693774E-16));
#5385=DIRECTION('',(-1.,-1.57573632922594E-31,-5.95588393418704E-16));
#5386=DIRECTION('',(1.,1.57573632922594E-31,5.95588393418704E-16));
#5387=DIRECTION('',(1.79111484828014E-32,-1.,1.66533453693774E-16));
#5388=DIRECTION('center_axis',(-0.926020420318091,-6.28619519456562E-17,
-0.377473417810985));
#5389=DIRECTION('ref_axis',(-1.79111484828014E-32,1.,-1.66533453693774E-16));
#5390=DIRECTION('',(-0.377473417810985,3.01977947201613E-17,0.926020420318091));
#5391=DIRECTION('',(0.377473417810985,-3.01977947201613E-17,-0.926020420318091));
#5392=DIRECTION('center_axis',(4.53860908960541E-19,1.,-4.61269450328918E-17));
#5393=DIRECTION('ref_axis',(1.,-4.53860908960489E-19,7.80625564189563E-16));
#5394=DIRECTION('center_axis',(-1.22454993473665E-31,1.,-3.26102902890503E-17));
#5395=DIRECTION('ref_axis',(1.,1.63607748775696E-31,7.80625564189563E-16));
#5396=DIRECTION('',(1.,1.63607748775696E-31,7.80625564189563E-16));
#5397=DIRECTION('',(7.80625564189563E-16,-3.26102902890503E-17,-1.));
#5398=DIRECTION('center_axis',(1.79111484828014E-32,-1.,1.66533453693774E-16));
#5399=DIRECTION('ref_axis',(-1.,-1.63607748775696E-31,-7.80625564189563E-16));
#5400=DIRECTION('',(7.80625564189563E-16,-1.66533453693774E-16,-1.));
#5401=DIRECTION('',(-1.,-1.63607748775696E-31,-7.80625564189563E-16));
#5402=DIRECTION('',(-1.,-1.63607748775696E-31,-7.80625564189563E-16));
#5403=DIRECTION('center_axis',(-1.79111484828014E-32,1.,-1.66533453693774E-16));
#5404=DIRECTION('ref_axis',(1.,1.63607748775696E-31,7.80625564189563E-16));
#5405=DIRECTION('',(-7.80625564189563E-16,1.66533453693774E-16,1.));
#5406=DIRECTION('',(-1.,-1.63607748775696E-31,-7.80625564189563E-16));
#5407=DIRECTION('',(-1.,-1.63607748775696E-31,-7.80625564189563E-16));
#5408=DIRECTION('center_axis',(1.,1.72221732633829E-31,7.80625564189595E-16));
#5409=DIRECTION('ref_axis',(2.6525132340929E-32,-1.,1.66533453693774E-16));
#5410=DIRECTION('',(1.79111484828014E-32,-1.,1.66533453693774E-16));
#5411=DIRECTION('',(1.35210490205229E-31,1.,-3.6268593154274E-16));
#5412=DIRECTION('center_axis',(1.79111484828014E-32,-1.,1.66533453693774E-16));
#5413=DIRECTION('ref_axis',(-1.,-1.63607748775696E-31,-7.80625564189563E-16));
#5414=DIRECTION('',(-7.80625564189563E-16,1.66533453693774E-16,1.));
#5415=DIRECTION('',(1.,1.63607748775696E-31,7.80625564189563E-16));
#5416=DIRECTION('',(1.,1.63607748775696E-31,7.80625564189563E-16));
#5417=DIRECTION('center_axis',(-1.79111484828014E-32,1.,-1.66533453693774E-16));
#5418=DIRECTION('ref_axis',(1.,1.63607748775696E-31,7.80625564189563E-16));
#5419=DIRECTION('',(7.80625564189563E-16,-1.66533453693774E-16,-1.));
#5420=DIRECTION('',(1.,1.63607748775696E-31,7.80625564189563E-16));
#5421=DIRECTION('',(7.80625564189563E-16,-1.66533453693774E-16,-1.));
#5422=DIRECTION('',(1.,1.63607748775696E-31,7.80625564189563E-16));
#5423=DIRECTION('center_axis',(1.,1.70786068657469E-31,7.80625564189533E-16));
#5424=DIRECTION('ref_axis',(2.50894683645791E-32,-1.,1.66533453693774E-16));
#5425=DIRECTION('',(1.71032787170832E-31,-1.,-2.96190241551927E-17));
#5426=DIRECTION('',(-2.47593606514847E-31,1.,1.27695263079676E-16));
#5427=DIRECTION('center_axis',(1.,1.63607748775696E-31,7.80625564189563E-16));
#5428=DIRECTION('ref_axis',(1.79111484828014E-32,-1.,1.66533453693774E-16));
#5429=DIRECTION('center_axis',(-1.,-1.63607748775696E-31,-7.80625564189563E-16));
#5430=DIRECTION('ref_axis',(-1.79111484828014E-32,1.,-1.66533453693774E-16));
#5431=DIRECTION('center_axis',(1.,1.63607748775696E-31,7.80625564189563E-16));
#5432=DIRECTION('ref_axis',(1.79111484828014E-32,-1.,1.66533453693774E-16));
#5433=DIRECTION('',(-7.80625564189563E-16,2.38312654386121E-17,1.));
#5434=DIRECTION('center_axis',(-1.22454993473665E-31,1.,-3.26102902890503E-17));
#5435=DIRECTION('ref_axis',(1.,1.63607748775696E-31,7.80625564189563E-16));
#5436=DIRECTION('center_axis',(-1.,-1.63607748775696E-31,-7.80625564189563E-16));
#5437=DIRECTION('ref_axis',(-1.79111484828014E-32,1.,-1.66533453693774E-16));
#5438=DIRECTION('',(1.,1.63607748775696E-31,7.80625564189563E-16));
#5439=DIRECTION('center_axis',(-7.80625564189563E-16,6.84572147692905E-17,
1.));
#5440=DIRECTION('ref_axis',(9.44719678268165E-32,-1.,6.84572147692905E-17));
#5441=DIRECTION('',(1.,1.63607748775696E-31,7.80625564189563E-16));
#5442=DIRECTION('center_axis',(-1.,-1.63607748775696E-31,-7.80625564189563E-16));
#5443=DIRECTION('ref_axis',(-7.80625564189563E-16,1.66533453693774E-16,
1.));
#5444=DIRECTION('center_axis',(2.26998838464528E-31,-1.,-1.01312873115673E-16));
#5445=DIRECTION('ref_axis',(-1.,-1.63607748775696E-31,-7.80625564189563E-16));
#5446=DIRECTION('center_axis',(-1.79111484828014E-32,1.,-1.66533453693774E-16));
#5447=DIRECTION('ref_axis',(1.,1.63607748775696E-31,7.80625564189563E-16));
#5448=DIRECTION('',(1.,1.63607748775696E-31,7.80625564189563E-16));
#5449=DIRECTION('center_axis',(-1.,-1.63607748775696E-31,-7.80625564189563E-16));
#5450=DIRECTION('ref_axis',(7.80625564189563E-16,-1.66533453693774E-16,
-1.));
#5451=DIRECTION('',(1.,1.63607748775696E-31,7.80625564189563E-16));
#5452=DIRECTION('center_axis',(7.80625564189563E-16,2.96190241551927E-17,
-1.));
#5453=DIRECTION('ref_axis',(-1.71032787170832E-31,1.,2.96190241551927E-17));
#5454=DIRECTION('',(1.,1.63607748775696E-31,7.80625564189563E-16));
#5455=DIRECTION('center_axis',(-1.,-1.63607748775696E-31,-7.80625564189563E-16));
#5456=DIRECTION('ref_axis',(1.79111484828014E-32,-1.,1.66533453693774E-16));
#5457=DIRECTION('',(1.,1.63607748775696E-31,7.80625564189563E-16));
#5458=DIRECTION('center_axis',(1.29308124700572E-31,-1.,2.38312654386121E-17));
#5459=DIRECTION('ref_axis',(-1.,-1.63607748775696E-31,-7.80625564189563E-16));
#5460=DIRECTION('center_axis',(1.11022302462516E-16,2.55826306452342E-14,
-1.));
#5461=DIRECTION('ref_axis',(-0.987014705258263,-0.160629921259843,-4.21891659130574E-15));
#5462=DIRECTION('center_axis',(-1.11022302462516E-16,-2.55826306452342E-14,
1.));
#5463=DIRECTION('ref_axis',(-0.987014705258264,-0.160629921259843,-4.21891659130574E-15));
#5464=DIRECTION('center_axis',(1.11022302462516E-16,2.55826306452342E-14,
-1.));
#5465=DIRECTION('ref_axis',(-0.987014705258264,-0.160629921259843,-4.21891659130574E-15));
#5466=DIRECTION('center_axis',(-1.11022302462516E-16,-2.55826306452342E-14,
1.));
#5467=DIRECTION('ref_axis',(-1.,-4.30211422042246E-16,-1.11022302462527E-16));
#5468=DIRECTION('',(1.,4.30211422042246E-16,1.11022302462527E-16));
#5469=DIRECTION('',(9.74438394897718E-16,-1.,-2.55826306452342E-14));
#5470=DIRECTION('',(-1.,-4.30211422042246E-16,-1.11022302462527E-16));
#5471=DIRECTION('center_axis',(1.11022302462516E-16,2.55826306452342E-14,
-1.));
#5472=DIRECTION('ref_axis',(1.,4.30211422042246E-16,1.11022302462527E-16));
#5473=DIRECTION('center_axis',(-4.30211422042249E-16,1.,2.55826306452342E-14));
#5474=DIRECTION('ref_axis',(1.11022302462516E-16,2.55826306452342E-14,-1.));
#5475=DIRECTION('',(-1.11022302462516E-16,-2.55826306452342E-14,1.));
#5476=DIRECTION('',(-1.,-4.30211422042246E-16,-1.11022302462527E-16));
#5477=DIRECTION('',(-1.11022302462516E-16,-2.55826306452342E-14,1.));
#5478=DIRECTION('center_axis',(-1.11022302462516E-16,-2.55826306452342E-14,
1.));
#5479=DIRECTION('ref_axis',(1.,4.30211422042246E-16,1.11022302462527E-16));
#5480=DIRECTION('center_axis',(-1.11022302462516E-16,-2.55826306452342E-14,
1.));
#5481=DIRECTION('ref_axis',(1.,4.30211422042246E-16,1.11022302462527E-16));
#5482=DIRECTION('',(-1.11022302462516E-16,-2.55826306452342E-14,1.));
#5483=DIRECTION('center_axis',(4.30211422042249E-16,-1.,-2.55826306452342E-14));
#5484=DIRECTION('ref_axis',(-1.11022302462516E-16,-2.55826306452342E-14,
1.));
#5485=DIRECTION('',(-1.11022302462516E-16,-2.55826306452342E-14,1.));
#5486=DIRECTION('',(1.,4.30211422042246E-16,1.11022302462527E-16));
#5487=DIRECTION('',(-1.11022302462516E-16,-2.55826306452342E-14,1.));
#5488=DIRECTION('center_axis',(1.,9.74438394897715E-16,1.11022302462541E-16));
#5489=DIRECTION('ref_axis',(-1.11022302462516E-16,-2.55826306452342E-14,
1.));
#5490=DIRECTION('',(-9.74438394897718E-16,1.,2.55826306452342E-14));
#5491=DIRECTION('center_axis',(-1.11022302462516E-16,-2.55826306452342E-14,
1.));
#5492=DIRECTION('ref_axis',(-1.,-2.18547839493355E-16,-1.11022302462522E-16));
#5493=DIRECTION('center_axis',(-1.11022302462516E-16,-2.55826306452342E-14,
1.));
#5494=DIRECTION('ref_axis',(0.987014705258264,0.160629921259843,4.21891659130574E-15));
#5495=DIRECTION('center_axis',(-1.11022302462516E-16,-2.55826306452342E-14,
1.));
#5496=DIRECTION('ref_axis',(-1.,-4.30211422042246E-16,-1.11022302462527E-16));
#5497=DIRECTION('center_axis',(0.186449227726664,-5.47486332918199E-17,
-0.98246459757089));
#5498=DIRECTION('ref_axis',(-2.40191630200524E-15,-1.,-4.00102769354779E-16));
#5499=DIRECTION('center_axis',(-0.186449227726664,5.47486332918213E-17,
0.98246459757089));
#5500=DIRECTION('ref_axis',(-2.37352662324766E-15,-1.,-3.94715060023729E-16));
#5501=DIRECTION('',(-0.133707124842377,-0.696946102454474,0.704548461810756));
#5502=DIRECTION('center_axis',(0.186449227726664,-5.47486332918213E-17,
-0.98246459757089));
#5503=DIRECTION('ref_axis',(-2.4336852294822E-15,-1.,-4.06131782520677E-16));
#5504=DIRECTION('center_axis',(-0.186449227726664,5.47486332918213E-17,
0.98246459757089));
#5505=DIRECTION('ref_axis',(-2.4336852294822E-15,-1.,-4.06131782520677E-16));
#5506=DIRECTION('',(0.186373319058574,-0.0285322605470536,-0.982064608898603));
#5507=DIRECTION('center_axis',(-0.186449227726664,5.47486332918213E-17,
0.98246459757089));
#5508=DIRECTION('ref_axis',(-2.4336852294822E-15,-1.,-4.06131782520677E-16));
#5509=DIRECTION('center_axis',(-0.186449227726664,5.47486332918213E-17,
0.98246459757089));
#5510=DIRECTION('ref_axis',(-2.4336852294822E-15,-1.,-4.06131782520677E-16));
#5511=DIRECTION('center_axis',(0.186449227726664,-5.47486332918213E-17,
-0.98246459757089));
#5512=DIRECTION('ref_axis',(-2.4336852294822E-15,-1.,-4.06131782520677E-16));
#5513=DIRECTION('center_axis',(-0.186449227726664,1.15980973249189E-16,
0.98246459757089));
#5514=DIRECTION('ref_axis',(2.4336852294822E-15,1.,0.));
#5515=DIRECTION('center_axis',(0.98246459757089,-2.27280217786817E-15,0.186449227726664));
#5516=DIRECTION('ref_axis',(-2.31336801701312E-15,-1.,0.));
#5517=DIRECTION('center_axis',(2.20309881449055E-16,0.,-1.));
#5518=DIRECTION('ref_axis',(-1.,0.,-2.20309881449055E-16));
#5519=DIRECTION('center_axis',(1.01974455351161E-15,1.,-3.46944695195361E-16));
#5520=DIRECTION('ref_axis',(-0.707106781186547,4.75741342196765E-16,-0.707106781186548));
#5521=DIRECTION('center_axis',(0.577350269189625,-0.577350269189627,-0.577350269189626));
#5522=DIRECTION('ref_axis',(3.46150861888789E-16,0.707106781186547,-0.707106781186548));
#5523=DIRECTION('center_axis',(-1.,6.72799858316245E-16,-3.07385278532696E-16));
#5524=DIRECTION('ref_axis',(3.07385278532696E-16,-6.67645319298774E-34,
-1.));
#5525=DIRECTION('center_axis',(0.577350269189626,-0.577350269189626,-0.577350269189626));
#5526=DIRECTION('ref_axis',(-0.408248290463863,0.408248290463863,-0.816496580927726));
#5527=DIRECTION('center_axis',(3.07385278532696E-16,-6.67645319298774E-34,
-1.));
#5528=DIRECTION('ref_axis',(-0.707106781186547,0.707106781186548,-2.17354214887385E-16));
#5529=DIRECTION('',(0.577350269189626,-0.577350269189626,-0.577350269189626));
#5530=DIRECTION('',(-0.577350269189626,0.577350269189626,0.577350269189626));
#5531=DIRECTION('center_axis',(2.20309881449054E-16,0.,-1.));
#5532=DIRECTION('ref_axis',(-1.,0.,-2.20309881449054E-16));
#5533=DIRECTION('center_axis',(-1.,5.29090660172926E-16,-6.54329973728057E-16));
#5534=DIRECTION('ref_axis',(8.85575678859817E-17,-0.707106781186547,-0.707106781186548));
#5535=DIRECTION('center_axis',(0.577350269189626,0.577350269189626,-0.577350269189626));
#5536=DIRECTION('ref_axis',(-0.707106781186547,1.28796647001404E-16,-0.707106781186548));
#5537=DIRECTION('center_axis',(-6.72799858316244E-16,-1.,-2.06141126525998E-31));
#5538=DIRECTION('ref_axis',(3.07385278532696E-16,-6.67645319298774E-34,
-1.));
#5539=DIRECTION('center_axis',(0.577350269189626,0.577350269189626,-0.577350269189626));
#5540=DIRECTION('ref_axis',(-0.408248290463863,-0.408248290463863,-0.816496580927726));
#5541=DIRECTION('center_axis',(3.07385278532696E-16,-6.67645319298774E-34,
-1.));
#5542=DIRECTION('ref_axis',(-0.707106781186548,-0.707106781186547,-2.17354214887385E-16));
#5543=DIRECTION('',(0.577350269189626,0.577350269189626,-0.577350269189626));
#5544=DIRECTION('',(-0.577350269189626,-0.577350269189626,0.577350269189626));
#5545=DIRECTION('center_axis',(-4.32760643222521E-16,-1.,-1.32356605535645E-31));
#5546=DIRECTION('ref_axis',(-0.38268343236509,6.9704243069066E-17,-0.923879532511287));
#5547=DIRECTION('',(4.32760643222521E-16,1.,1.49788133519855E-31));
#5548=DIRECTION('',(-4.32760643222521E-16,-1.,-1.32356605535645E-31));
#5549=DIRECTION('center_axis',(2.20309881449054E-16,0.,-1.));
#5550=DIRECTION('ref_axis',(-1.,0.,-2.20309881449054E-16));
#5551=DIRECTION('center_axis',(1.,-3.55618312575246E-16,1.33912930935015E-16));
#5552=DIRECTION('ref_axis',(3.46150861888789E-16,0.707106781186547,-0.707106781186548));
#5553=DIRECTION('center_axis',(-0.577350269189626,-0.577350269189626,-0.577350269189626));
#5554=DIRECTION('ref_axis',(0.707106781186548,-1.28796647001404E-16,-0.707106781186547));
#5555=DIRECTION('center_axis',(1.16345375165492E-15,1.,3.5696091019306E-31));
#5556=DIRECTION('ref_axis',(3.07385278532696E-16,-6.67645319298774E-34,
-1.));
#5557=DIRECTION('center_axis',(-0.577350269189626,-0.577350269189626,-0.577350269189626));
#5558=DIRECTION('ref_axis',(0.408248290463863,0.408248290463863,-0.816496580927726));
#5559=DIRECTION('center_axis',(3.07385278532696E-16,-6.67645319298774E-34,
-1.));
#5560=DIRECTION('ref_axis',(0.707106781186548,0.707106781186547,2.17354214887385E-16));
#5561=DIRECTION('',(-0.577350269189626,-0.577350269189626,-0.577350269189626));
#5562=DIRECTION('',(0.577350269189626,0.577350269189626,0.577350269189626));
#5563=DIRECTION('center_axis',(2.20309881449054E-16,0.,-1.));
#5564=DIRECTION('ref_axis',(-1.,0.,-2.20309881449054E-16));
#5565=DIRECTION('center_axis',(5.11743425413158E-16,-1.,6.93889390390723E-16));
#5566=DIRECTION('ref_axis',(0.707106781186548,-1.28796647001404E-16,-0.707106781186547));
#5567=DIRECTION('center_axis',(-0.577350269189626,0.577350269189626,-0.577350269189626));
#5568=DIRECTION('ref_axis',(8.85575678859816E-17,-0.707106781186547,-0.707106781186547));
#5569=DIRECTION('center_axis',(1.,-1.82145964977565E-16,3.07385278532696E-16));
#5570=DIRECTION('ref_axis',(3.07385278532696E-16,-6.67645319298774E-34,
-1.));
#5571=DIRECTION('center_axis',(-0.577350269189625,0.577350269189626,-0.577350269189626));
#5572=DIRECTION('ref_axis',(0.408248290463863,-0.408248290463863,-0.816496580927726));
#5573=DIRECTION('center_axis',(3.07385278532696E-16,-6.67645319298774E-34,
-1.));
#5574=DIRECTION('ref_axis',(0.707106781186547,-0.707106781186548,2.17354214887385E-16));
#5575=DIRECTION('',(-0.577350269189625,0.577350269189626,-0.577350269189626));
#5576=DIRECTION('',(0.577350269189625,-0.577350269189626,0.577350269189626));
#5577=DIRECTION('center_axis',(1.,-3.57814165076482E-16,3.07385278532696E-16));
#5578=DIRECTION('ref_axis',(2.14282724362573E-16,-0.382683432365089,-0.923879532511287));
#5579=DIRECTION('',(-1.,3.57814165076482E-16,-3.07385278532696E-16));
#5580=DIRECTION('',(1.,-3.57814165076482E-16,3.07385278532696E-16));
#5581=DIRECTION('center_axis',(3.07453304100043E-16,1.,9.38389741972907E-32));
#5582=DIRECTION('ref_axis',(0.38268343236509,-6.9704243069066E-17,-0.923879532511287));
#5583=DIRECTION('',(-3.07453304100043E-16,-1.,-8.51232102051854E-32));
#5584=DIRECTION('',(3.07453304100043E-16,1.,9.38389741972907E-32));
#5585=DIRECTION('center_axis',(-1.,3.57814165076482E-16,-3.07385278532696E-16));
#5586=DIRECTION('ref_axis',(3.53691210500705E-16,0.382683432365089,-0.923879532511287));
#5587=DIRECTION('',(1.,-3.57814165076482E-16,3.07385278532696E-16));
#5588=DIRECTION('',(-1.,3.57814165076482E-16,-3.07385278532696E-16));
#5589=DIRECTION('center_axis',(-0.707106781186547,3.06007985453297E-16,
-0.707106781186548));
#5590=DIRECTION('ref_axis',(-0.707106781186548,3.06007985453297E-16,0.707106781186547));
#5591=DIRECTION('',(-4.32760643222521E-16,-1.,-1.32356605535645E-31));
#5592=DIRECTION('center_axis',(-3.56586076427981E-17,-0.707106781186548,
-0.707106781186547));
#5593=DIRECTION('ref_axis',(-4.70367037417568E-16,-0.707106781186547,0.707106781186548));
#5594=DIRECTION('',(1.,-3.57814165076482E-16,3.07385278532696E-16));
#5595=DIRECTION('center_axis',(3.07385278532696E-16,-6.67645319298774E-34,
-1.));
#5596=DIRECTION('ref_axis',(-1.,1.82145964977565E-16,-3.07385278532696E-16));
#5597=DIRECTION('',(3.07453304100043E-16,1.,9.38389741972907E-32));
#5598=DIRECTION('',(-1.,3.57814165076482E-16,-3.07385278532696E-16));
#5599=DIRECTION('center_axis',(3.07385278532696E-16,-6.67645319298774E-34,
-1.));
#5600=DIRECTION('ref_axis',(-1.,1.82145964977565E-16,-3.07385278532696E-16));
#5601=DIRECTION('',(1.,-3.64748436133018E-16,3.07385278532696E-16));
#5602=DIRECTION('',(3.87236425191572E-16,1.,1.18363131096218E-31));
#5603=DIRECTION('',(-1.,1.82145964977565E-16,-3.07385278532696E-16));
#5604=DIRECTION('',(-5.23963398667576E-16,-1.,-1.60390989921072E-31));
#5605=DIRECTION('center_axis',(0.707106781186548,-2.1740231622735E-16,-0.707106781186547));
#5606=DIRECTION('ref_axis',(-0.707106781186547,2.1740231622735E-16,-0.707106781186548));
#5607=DIRECTION('center_axis',(4.70367037417568E-16,0.707106781186548,-0.707106781186547));
#5608=DIRECTION('ref_axis',(-3.56586076427981E-17,-0.707106781186547,-0.707106781186548));
#5609=DIRECTION('center_axis',(3.64748436133018E-16,1.,1.11450654315814E-31));
#5610=DIRECTION('ref_axis',(3.07385278532696E-16,-6.67645319298774E-34,
-1.));
#5611=DIRECTION('',(3.07385278532696E-16,-6.67645319298774E-34,-1.));
#5612=DIRECTION('',(1.,-3.64748436133018E-16,3.07385278532696E-16));
#5613=DIRECTION('',(3.07385278532696E-16,-6.67645319298774E-34,-1.));
#5614=DIRECTION('center_axis',(1.,-5.23963398667576E-16,3.07385278532696E-16));
#5615=DIRECTION('ref_axis',(3.07385278532696E-16,-6.67645319298774E-34,
-1.));
#5616=DIRECTION('',(3.07385278532696E-16,-6.67645319298774E-34,-1.));
#5617=DIRECTION('center_axis',(-1.,5.23963398667576E-16,-3.07385278532696E-16));
#5618=DIRECTION('ref_axis',(8.85575678859814E-17,-0.707106781186548,-0.707106781186547));
#5619=DIRECTION('',(5.23963398667576E-16,1.,1.60390989921072E-31));
#5620=DIRECTION('center_axis',(-1.,5.23963398667576E-16,-3.07385278532696E-16));
#5621=DIRECTION('ref_axis',(4.68814335223458E-16,0.707106781186548,-0.707106781186547));
#5622=DIRECTION('center_axis',(-1.,5.23963398667576E-16,-3.07385278532696E-16));
#5623=DIRECTION('ref_axis',(1.82145964977565E-16,1.,5.53213428589367E-32));
#5624=DIRECTION('',(-3.07385278532696E-16,-1.75668200098917E-16,1.));
#5625=DIRECTION('center_axis',(-1.,5.23963398667576E-16,-3.07385278532696E-16));
#5626=DIRECTION('ref_axis',(-1.82145964977565E-16,-1.,9.3296052489509E-16));
#5627=DIRECTION('',(3.07385278532696E-16,3.51336400197834E-16,-1.));
#5628=DIRECTION('center_axis',(1.,-1.82145964977565E-16,3.07385278532696E-16));
#5629=DIRECTION('ref_axis',(8.85575678859814E-17,-0.707106781186548,-0.707106781186547));
#5630=DIRECTION('',(-1.,1.82145964977565E-16,-3.07385278532696E-16));
#5631=DIRECTION('center_axis',(1.,-3.87236425191572E-16,3.07385278532696E-16));
#5632=DIRECTION('ref_axis',(8.85575678859814E-17,-0.707106781186548,-0.707106781186547));
#5633=DIRECTION('',(1.,-1.82145964977565E-16,3.07385278532696E-16));
#5634=DIRECTION('center_axis',(3.07385278532696E-16,-6.67645319298774E-34,
-1.));
#5635=DIRECTION('ref_axis',(-1.,1.82145964977565E-16,-3.07385278532696E-16));
#5636=DIRECTION('',(-3.87236425191572E-16,-1.,-1.18363131096218E-31));
#5637=DIRECTION('',(-1.,3.64748436133018E-16,-3.07385278532696E-16));
#5638=DIRECTION('center_axis',(-1.,3.64748436133018E-16,-3.07385278532696E-16));
#5639=DIRECTION('ref_axis',(4.68814335223458E-16,0.707106781186548,-0.707106781186547));
#5640=DIRECTION('center_axis',(1.,-3.87236425191572E-16,3.07385278532696E-16));
#5641=DIRECTION('ref_axis',(4.68814335223458E-16,0.707106781186548,-0.707106781186547));
#5642=DIRECTION('center_axis',(-1.,1.82145964977565E-16,-3.07385278532696E-16));
#5643=DIRECTION('ref_axis',(-1.82145964977565E-16,-1.,9.3296052489509E-16));
#5644=DIRECTION('',(-1.,1.82145964977565E-16,-3.07385278532696E-16));
#5645=DIRECTION('center_axis',(1.,-3.87236425191572E-16,3.07385278532696E-16));
#5646=DIRECTION('ref_axis',(-1.82145964977565E-16,-1.,9.3296052489509E-16));
#5647=DIRECTION('',(-1.,1.82145964977565E-16,-3.07385278532696E-16));
#5648=DIRECTION('center_axis',(1.82145964977565E-16,1.,3.51336400197835E-16));
#5649=DIRECTION('ref_axis',(3.07385278532696E-16,3.51336400197834E-16,-1.));
#5650=DIRECTION('',(-3.07385278532696E-16,-3.51336400197834E-16,1.));
#5651=DIRECTION('',(-1.,1.82145964977565E-16,-3.07385278532696E-16));
#5652=DIRECTION('center_axis',(-1.82145964977565E-16,-1.,-1.75668200098917E-16));
#5653=DIRECTION('ref_axis',(-3.07385278532696E-16,-1.75668200098917E-16,
1.));
#5654=DIRECTION('',(-1.,1.82145964977565E-16,-3.07385278532696E-16));
#5655=DIRECTION('',(3.07385278532696E-16,1.75668200098917E-16,-1.));
#5656=DIRECTION('center_axis',(-1.,1.82145964977565E-16,-3.07385278532696E-16));
#5657=DIRECTION('ref_axis',(1.82145964977565E-16,1.,5.53213428589367E-32));
#5658=DIRECTION('center_axis',(1.,-3.87236425191572E-16,3.07385278532696E-16));
#5659=DIRECTION('ref_axis',(1.82145964977565E-16,1.,5.53213428589367E-32));
#5660=DIRECTION('center_axis',(-1.,3.87236425191572E-16,-3.07385278532696E-16));
#5661=DIRECTION('ref_axis',(-3.07385278532696E-16,6.67645319298774E-34,
1.));
#5662=DIRECTION('',(3.07385278532696E-16,-6.67645319298774E-34,-1.));
#5663=DIRECTION('center_axis',(-1.82145964977565E-16,-1.,-5.53213428589367E-32));
#5664=DIRECTION('ref_axis',(-3.07385278532696E-16,6.67645319298774E-34,
1.));
#5665=DIRECTION('center_axis',(0.,0.,-1.));
#5666=DIRECTION('ref_axis',(-1.,0.,-2.20309881449055E-16));
#5667=DIRECTION('center_axis',(2.06057863909769E-15,1.,-1.38777878078144E-15));
#5668=DIRECTION('ref_axis',(-0.707106781186548,4.75741342196765E-16,-0.707106781186547));
#5669=DIRECTION('center_axis',(0.577350269189623,-0.577350269189628,-0.577350269189627));
#5670=DIRECTION('ref_axis',(3.46150861888789E-16,0.707106781186547,-0.707106781186548));
#5671=DIRECTION('center_axis',(-1.,4.107377111687E-15,-3.07385278532696E-16));
#5672=DIRECTION('ref_axis',(3.07385278532696E-16,-6.67645319298774E-34,
-1.));
#5673=DIRECTION('center_axis',(0.577350269189626,-0.577350269189626,-0.577350269189626));
#5674=DIRECTION('ref_axis',(-0.408248290463863,0.408248290463863,-0.816496580927726));
#5675=DIRECTION('center_axis',(3.07385278532696E-16,-6.67645319298774E-34,
-1.));
#5676=DIRECTION('ref_axis',(-0.707106781186547,0.707106781186548,-2.17354214887385E-16));
#5677=DIRECTION('',(0.577350269189626,-0.577350269189626,-0.577350269189626));
#5678=DIRECTION('',(-0.577350269189626,0.577350269189626,0.577350269189626));
#5679=DIRECTION('center_axis',(0.,0.,-1.));
#5680=DIRECTION('ref_axis',(-1.,0.,-2.20309881449055E-16));
#5681=DIRECTION('center_axis',(-1.,1.82145964977565E-16,-3.07385278532696E-16));
#5682=DIRECTION('ref_axis',(8.85575678859816E-17,-0.707106781186547,-0.707106781186547));
#5683=DIRECTION('center_axis',(0.577350269189626,0.577350269189626,-0.577350269189626));
#5684=DIRECTION('ref_axis',(-0.707106781186548,1.28796647001404E-16,-0.707106781186547));
#5685=DIRECTION('center_axis',(3.08507928361115E-16,-1.,9.54984408081251E-32));
#5686=DIRECTION('ref_axis',(3.07385278532696E-16,-6.67645319298774E-34,
-1.));
#5687=DIRECTION('center_axis',(0.577350269189626,0.577350269189626,-0.577350269189626));
#5688=DIRECTION('ref_axis',(-0.408248290463863,-0.408248290463863,-0.816496580927726));
#5689=DIRECTION('center_axis',(3.07385278532696E-16,-6.67645319298774E-34,
-1.));
#5690=DIRECTION('ref_axis',(-0.707106781186548,-0.707106781186547,-2.17354214887385E-16));
#5691=DIRECTION('',(0.577350269189626,0.577350269189626,-0.577350269189626));
#5692=DIRECTION('',(-0.577350269189626,-0.577350269189626,0.577350269189626));
#5693=DIRECTION('center_axis',(-4.32760643222521E-16,-1.,-1.32356605535645E-31));
#5694=DIRECTION('ref_axis',(-0.38268343236509,6.9704243069066E-17,-0.923879532511287));
#5695=DIRECTION('',(4.32760643222521E-16,1.,1.49788133519855E-31));
#5696=DIRECTION('',(-4.32760643222521E-16,-1.,-1.32356605535645E-31));
#5697=DIRECTION('center_axis',(0.,0.,-1.));
#5698=DIRECTION('ref_axis',(-1.,0.,-2.20309881449055E-16));
#5699=DIRECTION('center_axis',(1.,-2.95770352654046E-15,-2.46817228303019E-15));
#5700=DIRECTION('ref_axis',(3.46150861888789E-16,0.707106781186547,-0.707106781186547));
#5701=DIRECTION('center_axis',(-0.577350269189626,-0.577350269189625,-0.577350269189626));
#5702=DIRECTION('ref_axis',(0.707106781186548,-1.28796647001404E-16,-0.707106781186547));
#5703=DIRECTION('center_axis',(6.72799858316244E-16,1.,2.06141126525998E-31));
#5704=DIRECTION('ref_axis',(3.07385278532696E-16,-6.67645319298774E-34,
-1.));
#5705=DIRECTION('center_axis',(-0.577350269189626,-0.577350269189626,-0.577350269189626));
#5706=DIRECTION('ref_axis',(0.408248290463865,0.408248290463863,-0.816496580927725));
#5707=DIRECTION('center_axis',(3.07385278532696E-16,-6.67645319298774E-34,
-1.));
#5708=DIRECTION('ref_axis',(0.707106781186548,0.707106781186547,2.17354214887385E-16));
#5709=DIRECTION('',(-0.577350269189626,-0.577350269189626,-0.577350269189626));
#5710=DIRECTION('',(0.577350269189626,0.577350269189626,0.577350269189626));
#5711=DIRECTION('center_axis',(0.,0.,-1.));
#5712=DIRECTION('ref_axis',(-1.,0.,-2.20309881449055E-16));
#5713=DIRECTION('center_axis',(-6.72799858316244E-16,-1.,-2.06141126525998E-31));
#5714=DIRECTION('ref_axis',(0.707106781186548,-4.75741342196765E-16,-0.707106781186547));
#5715=DIRECTION('center_axis',(-0.577350269189625,0.577350269189626,-0.577350269189626));
#5716=DIRECTION('ref_axis',(8.85575678859816E-17,-0.707106781186547,-0.707106781186548));
#5717=DIRECTION('center_axis',(1.,-1.82145964977565E-16,3.07385278532696E-16));
#5718=DIRECTION('ref_axis',(3.07385278532696E-16,-6.67645319298774E-34,
-1.));
#5719=DIRECTION('center_axis',(-0.577350269189625,0.577350269189626,-0.577350269189626));
#5720=DIRECTION('ref_axis',(0.408248290463865,-0.408248290463863,-0.816496580927725));
#5721=DIRECTION('center_axis',(3.07385278532696E-16,-6.67645319298774E-34,
-1.));
#5722=DIRECTION('ref_axis',(0.707106781186548,-0.707106781186547,2.17354214887385E-16));
#5723=DIRECTION('',(-0.577350269189625,0.577350269189626,-0.577350269189626));
#5724=DIRECTION('',(0.577350269189625,-0.577350269189626,0.577350269189626));
#5725=DIRECTION('center_axis',(1.,-3.57814165076482E-16,3.07385278532696E-16));
#5726=DIRECTION('ref_axis',(2.14282724362573E-16,-0.38268343236509,-0.923879532511287));
#5727=DIRECTION('',(-1.,3.57814165076482E-16,-3.07385278532696E-16));
#5728=DIRECTION('',(1.,-3.57814165076482E-16,3.07385278532696E-16));
#5729=DIRECTION('center_axis',(4.32760643222521E-16,1.,1.32356605535645E-31));
#5730=DIRECTION('ref_axis',(0.382683432365091,-6.97042430690662E-17,-0.923879532511286));
#5731=DIRECTION('',(-4.32760643222521E-16,-1.,-1.14925077551434E-31));
#5732=DIRECTION('',(4.32760643222521E-16,1.,1.32356605535645E-31));
#5733=DIRECTION('center_axis',(-1.,3.57814165076482E-16,-3.07385278532696E-16));
#5734=DIRECTION('ref_axis',(3.53691210500705E-16,0.38268343236509,-0.923879532511287));
#5735=DIRECTION('',(1.,-3.57814165076482E-16,3.07385278532696E-16));
#5736=DIRECTION('',(-1.,3.57814165076482E-16,-3.07385278532696E-16));
#5737=DIRECTION('center_axis',(-0.707106781186547,3.06007985453297E-16,
-0.707106781186548));
#5738=DIRECTION('ref_axis',(-0.707106781186548,3.06007985453297E-16,0.707106781186547));
#5739=DIRECTION('',(-4.32760643222521E-16,-1.,-1.32356605535645E-31));
#5740=DIRECTION('center_axis',(-3.56586076427981E-17,-0.707106781186548,
-0.707106781186547));
#5741=DIRECTION('ref_axis',(-4.70367037417568E-16,-0.707106781186547,0.707106781186548));
#5742=DIRECTION('',(1.,-3.57814165076482E-16,3.07385278532696E-16));
#5743=DIRECTION('center_axis',(3.07385278532696E-16,-6.67645319298774E-34,
-1.));
#5744=DIRECTION('ref_axis',(-1.,1.82145964977565E-16,-3.07385278532696E-16));
#5745=DIRECTION('',(4.32760643222521E-16,1.,1.32356605535645E-31));
#5746=DIRECTION('',(-1.,3.57814165076482E-16,-3.07385278532696E-16));
#5747=DIRECTION('center_axis',(3.07385278532696E-16,-6.67645319298774E-34,
-1.));
#5748=DIRECTION('ref_axis',(-1.,1.82145964977565E-16,-3.07385278532696E-16));
#5749=DIRECTION('',(1.,-3.64748436133018E-16,3.07385278532696E-16));
#5750=DIRECTION('',(1.82145964977565E-16,1.,5.53213428589367E-32));
#5751=DIRECTION('',(-1.,3.64748436133018E-16,-3.07385278532696E-16));
#5752=DIRECTION('',(-1.82145964977565E-16,-1.,-5.53213428589367E-32));
#5753=DIRECTION('center_axis',(0.707106781186548,-3.06007985453297E-16,
-0.707106781186547));
#5754=DIRECTION('ref_axis',(-0.707106781186547,3.06007985453297E-16,-0.707106781186548));
#5755=DIRECTION('center_axis',(4.70367037417568E-16,0.707106781186548,-0.707106781186547));
#5756=DIRECTION('ref_axis',(-3.5658607642798E-17,-0.707106781186547,-0.707106781186548));
#5757=DIRECTION('center_axis',(-3.64748436133018E-16,-1.,-1.11450654315814E-31));
#5758=DIRECTION('ref_axis',(-3.07385278532696E-16,6.67645319298774E-34,
1.));
#5759=DIRECTION('',(3.07385278532696E-16,-6.67645319298774E-34,-1.));
#5760=DIRECTION('',(-1.,3.64748436133018E-16,-3.07385278532696E-16));
#5761=DIRECTION('',(3.07385278532696E-16,-6.67645319298774E-34,-1.));
#5762=DIRECTION('center_axis',(-1.,1.82145964977565E-16,-3.07385278532696E-16));
#5763=DIRECTION('ref_axis',(-3.07385278532696E-16,6.67645319298774E-34,
1.));
#5764=DIRECTION('',(3.07385278532696E-16,-6.67645319298774E-34,-1.));
#5765=DIRECTION('center_axis',(1.,-1.82145964977565E-16,3.07385278532696E-16));
#5766=DIRECTION('ref_axis',(3.46150861888789E-16,0.707106781186548,-0.707106781186547));
#5767=DIRECTION('',(-1.82145964977565E-16,-1.,-5.53213428589367E-32));
#5768=DIRECTION('center_axis',(1.,-1.82145964977565E-16,3.07385278532696E-16));
#5769=DIRECTION('ref_axis',(8.85575678859814E-17,-0.707106781186548,-0.707106781186547));
#5770=DIRECTION('center_axis',(1.,-1.82145964977565E-16,3.07385278532696E-16));
#5771=DIRECTION('ref_axis',(1.82145964977565E-16,1.,5.53213428589367E-32));
#5772=DIRECTION('',(-3.07385278532696E-16,-3.51336400197834E-16,1.));
#5773=DIRECTION('center_axis',(1.,-1.82145964977565E-16,3.07385278532696E-16));
#5774=DIRECTION('ref_axis',(-1.82145964977565E-16,-1.,9.3296052489509E-16));
#5775=DIRECTION('',(3.07385278532696E-16,1.75668200098917E-16,-1.));
#5776=DIRECTION('center_axis',(1.,-3.64748436133018E-16,3.07385278532696E-16));
#5777=DIRECTION('ref_axis',(8.85575678859814E-17,-0.707106781186548,-0.707106781186547));
#5778=DIRECTION('center_axis',(-1.,1.82145964977565E-16,-3.07385278532696E-16));
#5779=DIRECTION('ref_axis',(8.85575678859814E-17,-0.707106781186548,-0.707106781186547));
#5780=DIRECTION('',(1.,-3.64748436133018E-16,3.07385278532696E-16));
#5781=DIRECTION('center_axis',(3.07385278532696E-16,-6.67645319298774E-34,
-1.));
#5782=DIRECTION('ref_axis',(-1.,1.82145964977565E-16,-3.07385278532696E-16));
#5783=DIRECTION('',(-1.,3.64748436133018E-16,-3.07385278532696E-16));
#5784=DIRECTION('',(1.82145964977565E-16,1.,5.53213428589367E-32));
#5785=DIRECTION('center_axis',(-1.,3.64748436133018E-16,-3.07385278532696E-16));
#5786=DIRECTION('ref_axis',(3.46150861888789E-16,0.707106781186548,-0.707106781186547));
#5787=DIRECTION('',(1.,-3.64748436133018E-16,3.07385278532696E-16));
#5788=DIRECTION('center_axis',(-1.,1.82145964977565E-16,-3.07385278532696E-16));
#5789=DIRECTION('ref_axis',(3.46150861888789E-16,0.707106781186548,-0.707106781186547));
#5790=DIRECTION('center_axis',(3.64748436133018E-16,1.,1.11450654315814E-31));
#5791=DIRECTION('ref_axis',(3.07385278532696E-16,-6.67645319298774E-34,
-1.));
#5792=DIRECTION('',(3.07385278532696E-16,-6.67645319298774E-34,-1.));
#5793=DIRECTION('center_axis',(1.,-1.82145964977565E-16,3.07385278532696E-16));
#5794=DIRECTION('ref_axis',(3.07385278532696E-16,-6.67645319298774E-34,
-1.));
#5795=DIRECTION('center_axis',(-1.,1.82145964977565E-16,-3.07385278532696E-16));
#5796=DIRECTION('ref_axis',(1.82145964977565E-16,1.,5.53213428589367E-32));
#5797=DIRECTION('',(-3.07385278532696E-16,-1.75668200098917E-16,1.));
#5798=DIRECTION('center_axis',(-1.,1.82145964977565E-16,-3.07385278532696E-16));
#5799=DIRECTION('ref_axis',(-1.82145964977565E-16,-1.,9.3296052489509E-16));
#5800=DIRECTION('',(3.07385278532696E-16,3.51336400197834E-16,-1.));
#5801=DIRECTION('center_axis',(1.82145964977565E-16,1.,3.51336400197835E-16));
#5802=DIRECTION('ref_axis',(3.07385278532696E-16,3.51336400197834E-16,-1.));
#5803=DIRECTION('',(-1.,1.82145964977565E-16,-3.07385278532696E-16));
#5804=DIRECTION('',(-1.,1.82145964977565E-16,-3.07385278532696E-16));
#5805=DIRECTION('center_axis',(-1.,1.82145964977565E-16,-3.07385278532696E-16));
#5806=DIRECTION('ref_axis',(1.82145964977565E-16,1.,5.53213428589367E-32));
#5807=DIRECTION('',(-1.,1.82145964977565E-16,-3.07385278532696E-16));
#5808=DIRECTION('center_axis',(-1.82145964977565E-16,-1.,-1.75668200098917E-16));
#5809=DIRECTION('ref_axis',(-3.07385278532696E-16,-1.75668200098917E-16,
1.));
#5810=DIRECTION('',(-1.,1.82145964977565E-16,-3.07385278532696E-16));
#5811=DIRECTION('center_axis',(-1.,1.82145964977565E-16,-3.07385278532696E-16));
#5812=DIRECTION('ref_axis',(-1.82145964977565E-16,-1.,9.3296052489509E-16));
#5813=DIRECTION('center_axis',(0.,0.,-1.));
#5814=DIRECTION('ref_axis',(-1.,0.,-2.20309881449055E-16));
#5815=DIRECTION('center_axis',(3.25855163120883E-16,1.,3.46944695195361E-16));
#5816=DIRECTION('ref_axis',(-0.707106781186547,4.75741342196765E-16,-0.707106781186548));
#5817=DIRECTION('center_axis',(0.577350269189626,-0.577350269189626,-0.577350269189626));
#5818=DIRECTION('ref_axis',(3.46150861888789E-16,0.707106781186548,-0.707106781186547));
#5819=DIRECTION('center_axis',(-1.,1.82145964977565E-16,-3.07385278532696E-16));
#5820=DIRECTION('ref_axis',(3.07385278532696E-16,-6.67645319298774E-34,
-1.));
#5821=DIRECTION('center_axis',(0.577350269189626,-0.577350269189626,-0.577350269189626));
#5822=DIRECTION('ref_axis',(-0.408248290463861,0.408248290463863,-0.816496580927727));
#5823=DIRECTION('center_axis',(3.07385278532696E-16,-6.67645319298774E-34,
-1.));
#5824=DIRECTION('ref_axis',(-0.707106781186547,0.707106781186548,-2.17354214887385E-16));
#5825=DIRECTION('',(0.577350269189626,-0.577350269189626,-0.577350269189626));
#5826=DIRECTION('',(-0.577350269189626,0.577350269189626,0.577350269189626));
#5827=DIRECTION('center_axis',(0.,0.,-1.));
#5828=DIRECTION('ref_axis',(-1.,0.,-2.20309881449055E-16));
#5829=DIRECTION('center_axis',(-1.,2.95770352654046E-15,-3.08294284009559E-15));
#5830=DIRECTION('ref_axis',(8.85575678859817E-17,-0.707106781186547,-0.707106781186548));
#5831=DIRECTION('center_axis',(0.577350269189628,0.577350269189623,-0.577350269189627));
#5832=DIRECTION('ref_axis',(-0.707106781186547,1.28796647001404E-16,-0.707106781186548));
#5833=DIRECTION('center_axis',(-1.6541076449936E-15,-1.,-5.07780693860122E-31));
#5834=DIRECTION('ref_axis',(3.07385278532696E-16,-6.67645319298774E-34,
-1.));
#5835=DIRECTION('center_axis',(0.577350269189626,0.577350269189626,-0.577350269189626));
#5836=DIRECTION('ref_axis',(-0.408248290463861,-0.408248290463863,-0.816496580927727));
#5837=DIRECTION('center_axis',(3.07385278532696E-16,-6.67645319298774E-34,
-1.));
#5838=DIRECTION('ref_axis',(-0.707106781186547,-0.707106781186548,-2.17354214887385E-16));
#5839=DIRECTION('',(0.577350269189626,0.577350269189626,-0.577350269189626));
#5840=DIRECTION('',(-0.577350269189626,-0.577350269189626,0.577350269189626));
#5841=DIRECTION('center_axis',(-4.32760643222521E-16,-1.,-1.32356605535645E-31));
#5842=DIRECTION('ref_axis',(-0.382683432365088,6.97042430690657E-17,-0.923879532511287));
#5843=DIRECTION('',(4.32760643222521E-16,1.,1.49788133519855E-31));
#5844=DIRECTION('',(-4.32760643222521E-16,-1.,-1.32356605535645E-31));
#5845=DIRECTION('center_axis',(0.,0.,-1.));
#5846=DIRECTION('ref_axis',(-1.,0.,-2.20309881449055E-16));
#5847=DIRECTION('center_axis',(1.,-1.82145964977565E-16,3.07385278532696E-16));
#5848=DIRECTION('ref_axis',(3.46150861888789E-16,0.707106781186547,-0.707106781186548));
#5849=DIRECTION('center_axis',(-0.577350269189625,-0.577350269189627,-0.577350269189626));
#5850=DIRECTION('ref_axis',(0.707106781186548,-1.28796647001404E-16,-0.707106781186547));
#5851=DIRECTION('center_axis',(1.82145964977565E-16,1.,5.53213428589367E-32));
#5852=DIRECTION('ref_axis',(3.07385278532696E-16,-6.67645319298774E-34,
-1.));
#5853=DIRECTION('center_axis',(-0.577350269189626,-0.577350269189626,-0.577350269189626));
#5854=DIRECTION('ref_axis',(0.408248290463863,0.408248290463863,-0.816496580927726));
#5855=DIRECTION('center_axis',(3.07385278532696E-16,-6.67645319298774E-34,
-1.));
#5856=DIRECTION('ref_axis',(0.707106781186548,0.707106781186547,2.17354214887385E-16));
#5857=DIRECTION('',(-0.577350269189626,-0.577350269189626,-0.577350269189626));
#5858=DIRECTION('',(0.577350269189626,0.577350269189626,0.577350269189626));
#5859=DIRECTION('center_axis',(0.,0.,-1.));
#5860=DIRECTION('ref_axis',(-1.,0.,-2.20309881449055E-16));
#5861=DIRECTION('center_axis',(1.64798730217796E-16,-1.,3.46944695195361E-16));
#5862=DIRECTION('ref_axis',(0.707106781186548,-1.28796647001404E-16,-0.707106781186547));
#5863=DIRECTION('center_axis',(-0.577350269189625,0.577350269189626,-0.577350269189626));
#5864=DIRECTION('ref_axis',(8.85575678859816E-17,-0.707106781186547,-0.707106781186547));
#5865=DIRECTION('center_axis',(1.,-1.82145964977565E-16,3.07385278532696E-16));
#5866=DIRECTION('ref_axis',(3.07385278532696E-16,-6.67645319298774E-34,
-1.));
#5867=DIRECTION('center_axis',(-0.577350269189625,0.577350269189626,-0.577350269189626));
#5868=DIRECTION('ref_axis',(0.408248290463863,-0.408248290463863,-0.816496580927726));
#5869=DIRECTION('center_axis',(3.07385278532696E-16,-6.67645319298774E-34,
-1.));
#5870=DIRECTION('ref_axis',(0.707106781186547,-0.707106781186548,2.17354214887385E-16));
#5871=DIRECTION('',(-0.577350269189625,0.577350269189626,-0.577350269189626));
#5872=DIRECTION('',(0.577350269189625,-0.577350269189626,0.577350269189626));
#5873=DIRECTION('center_axis',(1.,-3.57814165076482E-16,3.07385278532696E-16));
#5874=DIRECTION('ref_axis',(2.14282724362573E-16,-0.382683432365089,-0.923879532511287));
#5875=DIRECTION('',(-1.,3.57814165076482E-16,-3.07385278532696E-16));
#5876=DIRECTION('',(1.,-3.57814165076482E-16,3.07385278532696E-16));
#5877=DIRECTION('center_axis',(3.07453304100043E-16,1.,9.38389741972907E-32));
#5878=DIRECTION('ref_axis',(0.38268343236509,-6.9704243069066E-17,-0.923879532511287));
#5879=DIRECTION('',(-3.07453304100043E-16,-1.,-8.51232102051854E-32));
#5880=DIRECTION('',(3.07453304100043E-16,1.,9.38389741972907E-32));
#5881=DIRECTION('center_axis',(-1.,3.57814165076482E-16,-3.07385278532696E-16));
#5882=DIRECTION('ref_axis',(3.53691210500705E-16,0.382683432365089,-0.923879532511287));
#5883=DIRECTION('',(1.,-3.57814165076482E-16,3.07385278532696E-16));
#5884=DIRECTION('',(-1.,3.57814165076482E-16,-3.07385278532696E-16));
#5885=DIRECTION('center_axis',(-0.707106781186547,3.06007985453297E-16,
-0.707106781186548));
#5886=DIRECTION('ref_axis',(-0.707106781186548,3.06007985453297E-16,0.707106781186547));
#5887=DIRECTION('',(-4.32760643222521E-16,-1.,-1.32356605535645E-31));
#5888=DIRECTION('center_axis',(-3.56586076427981E-17,-0.707106781186548,
-0.707106781186547));
#5889=DIRECTION('ref_axis',(-4.70367037417568E-16,-0.707106781186547,0.707106781186548));
#5890=DIRECTION('',(1.,-3.57814165076482E-16,3.07385278532696E-16));
#5891=DIRECTION('center_axis',(3.07385278532696E-16,-6.67645319298774E-34,
-1.));
#5892=DIRECTION('ref_axis',(-1.,1.82145964977565E-16,-3.07385278532696E-16));
#5893=DIRECTION('',(3.07453304100043E-16,1.,9.38389741972907E-32));
#5894=DIRECTION('',(-1.,3.57814165076482E-16,-3.07385278532696E-16));
#5895=DIRECTION('center_axis',(3.07385278532696E-16,-6.67645319298774E-34,
-1.));
#5896=DIRECTION('ref_axis',(-1.,1.82145964977565E-16,-3.07385278532696E-16));
#5897=DIRECTION('',(1.,-5.47350907288471E-16,3.07385278532696E-16));
#5898=DIRECTION('',(1.82145964977565E-16,1.,5.53213428589367E-32));
#5899=DIRECTION('',(-1.,1.82145964977565E-16,-3.07385278532696E-16));
#5900=DIRECTION('',(-4.55599911929574E-16,-1.,-1.39377060508645E-31));
#5901=DIRECTION('center_axis',(0.707106781186548,-2.1740231622735E-16,-0.707106781186547));
#5902=DIRECTION('ref_axis',(-0.707106781186547,2.1740231622735E-16,-0.707106781186548));
#5903=DIRECTION('center_axis',(4.70367037417568E-16,0.707106781186548,-0.707106781186547));
#5904=DIRECTION('ref_axis',(-3.56586076427981E-17,-0.707106781186547,-0.707106781186548));
#5905=DIRECTION('center_axis',(5.47350907288471E-16,1.,1.67579965772692E-31));
#5906=DIRECTION('ref_axis',(3.07385278532696E-16,-6.67645319298774E-34,
-1.));
#5907=DIRECTION('',(3.07385278532696E-16,-6.67645319298774E-34,-1.));
#5908=DIRECTION('',(1.,-5.47350907288471E-16,3.07385278532696E-16));
#5909=DIRECTION('',(3.07385278532696E-16,-6.67645319298774E-34,-1.));
#5910=DIRECTION('center_axis',(1.,-4.55599911929574E-16,3.07385278532696E-16));
#5911=DIRECTION('ref_axis',(3.07385278532696E-16,-6.67645319298774E-34,
-1.));
#5912=DIRECTION('',(3.07385278532696E-16,-6.67645319298774E-34,-1.));
#5913=DIRECTION('center_axis',(-1.,4.55599911929574E-16,-3.07385278532696E-16));
#5914=DIRECTION('ref_axis',(8.85575678859814E-17,-0.707106781186548,-0.707106781186547));
#5915=DIRECTION('',(4.55599911929574E-16,1.,1.39377060508645E-31));
#5916=DIRECTION('center_axis',(-1.,4.55599911929574E-16,-3.07385278532696E-16));
#5917=DIRECTION('ref_axis',(1.32745864856615E-15,0.707106781186548,-0.707106781186547));
#5918=DIRECTION('center_axis',(-1.,4.55599911929574E-16,-3.07385278532696E-16));
#5919=DIRECTION('ref_axis',(1.82145964977565E-16,1.,5.53213428589367E-32));
#5920=DIRECTION('',(-3.07385278532696E-16,-1.75668200098917E-16,1.));
#5921=DIRECTION('center_axis',(-1.,4.55599911929574E-16,-3.07385278532696E-16));
#5922=DIRECTION('ref_axis',(-1.82145964977565E-16,-1.,9.3296052489509E-16));
#5923=DIRECTION('',(3.07385278532696E-16,3.51336400197834E-16,-1.));
#5924=DIRECTION('center_axis',(-1.,5.47350907288471E-16,-3.07385278532696E-16));
#5925=DIRECTION('ref_axis',(1.32745864856615E-15,0.707106781186548,-0.707106781186547));
#5926=DIRECTION('center_axis',(1.,-1.82145964977565E-16,3.07385278532696E-16));
#5927=DIRECTION('ref_axis',(1.32745864856615E-15,0.707106781186548,-0.707106781186547));
#5928=DIRECTION('',(-1.,5.47350907288471E-16,-3.07385278532696E-16));
#5929=DIRECTION('center_axis',(-1.,1.82145964977565E-16,-3.07385278532696E-16));
#5930=DIRECTION('ref_axis',(-3.07385278532696E-16,6.67645319298774E-34,
1.));
#5931=DIRECTION('',(-1.82145964977565E-16,-1.,-5.53213428589367E-32));
#5932=DIRECTION('center_axis',(1.,-1.82145964977565E-16,3.07385278532696E-16));
#5933=DIRECTION('ref_axis',(8.85575678859814E-17,-0.707106781186548,-0.707106781186547));
#5934=DIRECTION('',(3.07385278532696E-16,-6.67645319298774E-34,-1.));
#5935=DIRECTION('center_axis',(1.,-1.82145964977565E-16,3.07385278532696E-16));
#5936=DIRECTION('ref_axis',(1.82145964977565E-16,1.,5.53213428589367E-32));
#5937=DIRECTION('',(-3.07385278532696E-16,-3.51336400197834E-16,1.));
#5938=DIRECTION('center_axis',(1.,-1.82145964977565E-16,3.07385278532696E-16));
#5939=DIRECTION('ref_axis',(-1.82145964977565E-16,-1.,9.3296052489509E-16));
#5940=DIRECTION('',(3.07385278532696E-16,1.75668200098917E-16,-1.));
#5941=DIRECTION('center_axis',(3.07385278532696E-16,-6.67645319298774E-34,
-1.));
#5942=DIRECTION('ref_axis',(-1.,1.82145964977565E-16,-3.07385278532696E-16));
#5943=DIRECTION('',(1.,-1.82145964977565E-16,3.07385278532696E-16));
#5944=DIRECTION('center_axis',(1.,-1.82145964977565E-16,3.07385278532696E-16));
#5945=DIRECTION('ref_axis',(8.85575678859814E-17,-0.707106781186548,-0.707106781186547));
#5946=DIRECTION('',(-1.,1.82145964977565E-16,-3.07385278532696E-16));
#5947=DIRECTION('center_axis',(-1.,1.82145964977565E-16,-3.07385278532696E-16));
#5948=DIRECTION('ref_axis',(-1.82145964977565E-16,-1.,9.3296052489509E-16));
#5949=DIRECTION('',(-1.,1.82145964977565E-16,-3.07385278532696E-16));
#5950=DIRECTION('',(-1.,1.82145964977565E-16,-3.07385278532696E-16));
#5951=DIRECTION('center_axis',(1.82145964977565E-16,1.,3.51336400197835E-16));
#5952=DIRECTION('ref_axis',(3.07385278532696E-16,3.51336400197834E-16,-1.));
#5953=DIRECTION('',(-1.,1.82145964977565E-16,-3.07385278532696E-16));
#5954=DIRECTION('center_axis',(-1.82145964977565E-16,-1.,-1.75668200098917E-16));
#5955=DIRECTION('ref_axis',(-3.07385278532696E-16,-1.75668200098917E-16,
1.));
#5956=DIRECTION('',(-1.,1.82145964977565E-16,-3.07385278532696E-16));
#5957=DIRECTION('center_axis',(-1.,1.82145964977565E-16,-3.07385278532696E-16));
#5958=DIRECTION('ref_axis',(1.82145964977565E-16,1.,5.53213428589367E-32));
#5959=DIRECTION('center_axis',(-1.82145964977565E-16,-1.,-5.53213428589367E-32));
#5960=DIRECTION('ref_axis',(-3.07385278532696E-16,6.67645319298774E-34,
1.));
#5961=CARTESIAN_POINT('',(0.,0.,0.));
#5962=CARTESIAN_POINT('Origin',(-0.0935039370078735,0.105118110236219,0.32007874015748));
#5963=CARTESIAN_POINT('',(-0.187007874015748,0.114960629921259,0.32007874015748));
#5964=CARTESIAN_POINT('',(-0.187007874015748,0.10511811023622,0.32992125984252));
#5965=CARTESIAN_POINT('Origin',(-0.187007874015748,0.10511811023622,0.32007874015748));
#5966=CARTESIAN_POINT('',(0.187007874015747,0.105118110236217,0.32992125984252));
#5967=CARTESIAN_POINT('',(-0.0935039370078735,0.105118110236219,0.32992125984252));
#5968=CARTESIAN_POINT('',(0.187007874015748,0.114960629921256,0.32007874015748));
#5969=CARTESIAN_POINT('Origin',(0.187007874015747,0.105118110236217,0.32007874015748));
#5970=CARTESIAN_POINT('',(-0.0935039370078734,0.114960629921258,0.32007874015748));
#5971=CARTESIAN_POINT('Origin',(4.50754918954603E-17,-5.70956230675831E-16,
0.32992125984252));
#5972=CARTESIAN_POINT('',(0.187007874015748,0.135039370078737,0.32992125984252));
#5973=CARTESIAN_POINT('',(0.187007874015748,0.114960629921256,0.32992125984252));
#5974=CARTESIAN_POINT('',(-0.187007874015748,0.135039370078739,0.32992125984252));
#5975=CARTESIAN_POINT('',(-0.187007874015748,0.0675196850393694,0.32992125984252));
#5976=CARTESIAN_POINT('',(-0.25,0.13503937007874,0.32992125984252));
#5977=CARTESIAN_POINT('',(-0.25,0.13503937007874,0.32992125984252));
#5978=CARTESIAN_POINT('',(-0.25,-0.13503937007874,0.32992125984252));
#5979=CARTESIAN_POINT('',(-0.25,-0.13503937007874,0.32992125984252));
#5980=CARTESIAN_POINT('',(-0.187007874015748,-0.13503937007874,0.32992125984252));
#5981=CARTESIAN_POINT('',(-0.187007874015748,-0.13503937007874,0.32992125984252));
#5982=CARTESIAN_POINT('',(-0.187007874015748,-0.105118110236221,0.32992125984252));
#5983=CARTESIAN_POINT('',(-0.187007874015748,-0.11496062992126,0.32992125984252));
#5984=CARTESIAN_POINT('',(0.187007874015747,-0.10511811023622,0.32992125984252));
#5985=CARTESIAN_POINT('',(0.0935039370078738,-0.10511811023622,0.32992125984252));
#5986=CARTESIAN_POINT('',(0.187007874015748,-0.13503937007874,0.32992125984252));
#5987=CARTESIAN_POINT('',(0.187007874015747,-0.0675196850393696,0.32992125984252));
#5988=CARTESIAN_POINT('',(0.25,-0.13503937007874,0.32992125984252));
#5989=CARTESIAN_POINT('',(0.25,-0.13503937007874,0.32992125984252));
#5990=CARTESIAN_POINT('',(0.25,0.13503937007874,0.32992125984252));
#5991=CARTESIAN_POINT('',(0.25,0.13503937007874,0.32992125984252));
#5992=CARTESIAN_POINT('',(0.187007874015748,0.135039370078737,0.32992125984252));
#5993=CARTESIAN_POINT('Origin',(0.0935039370078738,-0.10511811023622,0.32007874015748));
#5994=CARTESIAN_POINT('',(0.187007874015747,-0.11496062992126,0.32007874015748));
#5995=CARTESIAN_POINT('Origin',(0.187007874015747,-0.10511811023622,0.32007874015748));
#5996=CARTESIAN_POINT('',(-0.187007874015748,-0.11496062992126,0.32007874015748));
#5997=CARTESIAN_POINT('Origin',(-0.187007874015748,-0.105118110236221,0.32007874015748));
#5998=CARTESIAN_POINT('',(0.0935039370078738,-0.11496062992126,0.32007874015748));
#5999=CARTESIAN_POINT('Origin',(-0.120078740157481,-0.114960629921256,0.));
#6000=CARTESIAN_POINT('',(-0.120078740157481,-0.114960629921256,0.0275590551181102));
#6001=CARTESIAN_POINT('',(-0.112777743214453,-0.0796919119635223,0.0275590551181102));
#6002=CARTESIAN_POINT('',(-0.112777743214453,-0.0796919119635223,0.0275590551181102));
#6003=CARTESIAN_POINT('',(-0.120078740157481,-0.114960629921256,0.));
#6004=CARTESIAN_POINT('',(-0.120078740157482,-0.11496062992126,0.));
#6005=CARTESIAN_POINT('',(-0.112777743214453,-0.0796919119635223,0.));
#6006=CARTESIAN_POINT('',(-0.106201505070601,-0.0479242656916097,0.));
#6007=CARTESIAN_POINT('',(-0.112777743214453,-0.0796919119635223,0.));
#6008=CARTESIAN_POINT('Origin',(-0.0856299212598354,-0.0853117977029976,
0.));
#6009=CARTESIAN_POINT('',(-0.0584820993052235,-0.0796919119635164,0.0275590551181102));
#6010=CARTESIAN_POINT('Origin',(-0.0856299212598354,-0.0853117977029976,
0.0275590551181102));
#6011=CARTESIAN_POINT('',(-0.0584820993052235,-0.0796919119635164,0.));
#6012=CARTESIAN_POINT('Origin',(-0.0856299212598354,-0.0853117977029976,
0.));
#6013=CARTESIAN_POINT('',(-0.0584820993052235,-0.0796919119635164,0.));
#6014=CARTESIAN_POINT('Origin',(-0.0584820993052235,-0.0796919119635164,
0.));
#6015=CARTESIAN_POINT('',(-0.0511811023622054,-0.114960629921258,0.0275590551181102));
#6016=CARTESIAN_POINT('',(-0.0511811023622054,-0.114960629921258,0.0275590551181102));
#6017=CARTESIAN_POINT('',(-0.0511811023622054,-0.114960629921258,0.));
#6018=CARTESIAN_POINT('',(-0.0651900950728501,-0.047287787891613,0.));
#6019=CARTESIAN_POINT('',(-0.051181102362205,-0.11496062992126,0.));
#6020=CARTESIAN_POINT('Origin',(-0.0856299212598396,-0.0922777130338813,
0.0275590551181102));
#6021=CARTESIAN_POINT('',(0.0506889763779539,-0.11496062992126,0.0275590551181102));
#6022=CARTESIAN_POINT('Origin',(0.051181102362205,-0.11496062992126,0.));
#6023=CARTESIAN_POINT('',(0.051181102362205,-0.11496062992126,0.0275590551181102));
#6024=CARTESIAN_POINT('',(0.0584820993052243,-0.0796919119635185,0.0275590551181102));
#6025=CARTESIAN_POINT('',(0.051181102362205,-0.11496062992126,0.0275590551181102));
#6026=CARTESIAN_POINT('',(0.051181102362205,-0.11496062992126,0.));
#6027=CARTESIAN_POINT('',(0.051181102362205,-0.11496062992126,0.));
#6028=CARTESIAN_POINT('',(0.0584820993052243,-0.0796919119635185,0.));
#6029=CARTESIAN_POINT('',(0.0615395966013423,-0.0649221468704863,0.));
#6030=CARTESIAN_POINT('',(0.0584820993052243,-0.0796919119635185,0.));
#6031=CARTESIAN_POINT('Origin',(0.0856299212598421,-0.0853117977029946,
0.));
#6032=CARTESIAN_POINT('',(0.11277774321446,-0.0796919119635184,0.0275590551181102));
#6033=CARTESIAN_POINT('Origin',(0.0856299212598421,-0.0853117977029946,
0.0275590551181102));
#6034=CARTESIAN_POINT('',(0.11277774321446,-0.0796919119635184,0.));
#6035=CARTESIAN_POINT('Origin',(0.0856299212598421,-0.0853117977029946,
0.));
#6036=CARTESIAN_POINT('',(0.11277774321446,-0.0796919119635184,0.));
#6037=CARTESIAN_POINT('Origin',(0.11277774321446,-0.0796919119635184,0.));
#6038=CARTESIAN_POINT('',(0.120078740157481,-0.11496062992126,0.0275590551181102));
#6039=CARTESIAN_POINT('',(0.11277774321446,-0.0796919119635184,0.0275590551181102));
#6040=CARTESIAN_POINT('',(0.120078740157481,-0.11496062992126,0.));
#6041=CARTESIAN_POINT('',(0.102551006599107,-0.0302899067127488,0.));
#6042=CARTESIAN_POINT('',(0.120078740157481,-0.11496062992126,0.));
#6043=CARTESIAN_POINT('Origin',(0.0856299212598425,-0.0922777130338815,
0.0275590551181102));
#6044=CARTESIAN_POINT('',(0.136318897637795,-0.11496062992126,0.0275590551181102));
#6045=CARTESIAN_POINT('Origin',(0.0856299212598421,0.0853117977029939,0.));
#6046=CARTESIAN_POINT('',(0.11277774321446,0.0796919119635177,0.0275590551181102));
#6047=CARTESIAN_POINT('',(0.0584820993052243,0.0796919119635178,0.0275590551181102));
#6048=CARTESIAN_POINT('Origin',(0.0856299212598421,0.0853117977029939,0.0275590551181102));
#6049=CARTESIAN_POINT('',(0.11277774321446,0.0796919119635177,0.));
#6050=CARTESIAN_POINT('',(0.11277774321446,0.0796919119635177,0.));
#6051=CARTESIAN_POINT('',(0.0584820993052243,0.0796919119635178,0.));
#6052=CARTESIAN_POINT('Origin',(0.0856299212598421,0.0853117977029939,0.));
#6053=CARTESIAN_POINT('',(0.0584820993052243,0.0796919119635178,0.));
#6054=CARTESIAN_POINT('Origin',(0.0584820993052243,0.0796919119635178,0.));
#6055=CARTESIAN_POINT('',(0.051181102362205,0.114960629921259,0.0275590551181102));
#6056=CARTESIAN_POINT('',(0.0584820993052243,0.0796919119635178,0.0275590551181102));
#6057=CARTESIAN_POINT('',(0.051181102362205,0.114960629921259,0.));
#6058=CARTESIAN_POINT('',(0.065190095072852,0.0472877878916147,0.));
#6059=CARTESIAN_POINT('',(0.0511811023622054,0.114960629921257,0.));
#6060=CARTESIAN_POINT('Origin',(0.120078740157481,0.114960629921259,0.));
#6061=CARTESIAN_POINT('',(0.120078740157481,0.114960629921259,0.0275590551181102));
#6062=CARTESIAN_POINT('',(0.120078740157481,0.114960629921259,0.0275590551181102));
#6063=CARTESIAN_POINT('',(0.120078740157481,0.114960629921259,0.));
#6064=CARTESIAN_POINT('',(0.12007874015748,0.114960629921257,0.));
#6065=CARTESIAN_POINT('',(0.106201505070617,0.0479242656916185,0.));
#6066=CARTESIAN_POINT('Origin',(0.0856299212598425,0.0922777130338808,0.0275590551181102));
#6067=CARTESIAN_POINT('',(-0.0506889763779525,0.114960629921258,0.0275590551181102));
#6068=CARTESIAN_POINT('Origin',(-0.0856299212598354,0.0853117977029969,
0.));
#6069=CARTESIAN_POINT('',(-0.0584820993052235,0.0796919119635157,0.0275590551181102));
#6070=CARTESIAN_POINT('',(-0.112777743214453,0.0796919119635216,0.0275590551181102));
#6071=CARTESIAN_POINT('Origin',(-0.0856299212598354,0.0853117977029969,
0.0275590551181102));
#6072=CARTESIAN_POINT('',(-0.0584820993052235,0.0796919119635157,0.));
#6073=CARTESIAN_POINT('',(-0.0584820993052235,0.0796919119635157,0.));
#6074=CARTESIAN_POINT('',(-0.112777743214453,0.0796919119635216,0.));
#6075=CARTESIAN_POINT('Origin',(-0.0856299212598354,0.0853117977029969,
0.));
#6076=CARTESIAN_POINT('',(-0.112777743214453,0.0796919119635216,0.));
#6077=CARTESIAN_POINT('Origin',(-0.112777743214453,0.0796919119635216,0.));
#6078=CARTESIAN_POINT('',(-0.120078740157481,0.114960629921255,0.0275590551181102));
#6079=CARTESIAN_POINT('',(-0.120078740157481,0.114960629921255,0.0275590551181102));
#6080=CARTESIAN_POINT('',(-0.120078740157481,0.114960629921255,0.));
#6081=CARTESIAN_POINT('',(-0.102551006599087,0.0302899067127422,0.));
#6082=CARTESIAN_POINT('',(-0.120078740157482,0.114960629921259,0.));
#6083=CARTESIAN_POINT('Origin',(-0.0511811023622054,0.114960629921257,0.));
#6084=CARTESIAN_POINT('',(-0.0511811023622054,0.114960629921257,0.0275590551181102));
#6085=CARTESIAN_POINT('',(-0.0584820993052235,0.0796919119635157,0.0275590551181102));
#6086=CARTESIAN_POINT('',(-0.0511811023622054,0.114960629921257,0.));
#6087=CARTESIAN_POINT('',(-0.0511811023622052,0.114960629921258,0.));
#6088=CARTESIAN_POINT('',(-0.061539596601341,0.0649221468704829,0.));
#6089=CARTESIAN_POINT('Origin',(-0.0856299212598396,0.0922777130338806,
0.0275590551181102));
#6090=CARTESIAN_POINT('',(-0.136318897637794,0.114960629921259,0.0275590551181102));
#6091=CARTESIAN_POINT('Origin',(-0.187007874015748,0.114960629921259,0.));
#6092=CARTESIAN_POINT('',(0.187007874015748,0.114960629921256,0.));
#6093=CARTESIAN_POINT('',(0.187007874015748,0.114960629921256,0.));
#6094=CARTESIAN_POINT('',(-0.187007874015748,0.114960629921259,0.));
#6095=CARTESIAN_POINT('',(-0.187007874015748,0.114960629921259,0.));
#6096=CARTESIAN_POINT('',(-0.187007874015748,0.114960629921259,0.));
#6097=CARTESIAN_POINT('',(-0.187007874015748,0.114960629921259,0.));
#6098=CARTESIAN_POINT('',(-0.187007874015748,0.114960629921259,0.));
#6099=CARTESIAN_POINT('Origin',(5.46369598732853E-17,-5.74371040667911E-16,
0.));
#6100=CARTESIAN_POINT('',(-0.187007874015748,-0.11496062992126,0.));
#6101=CARTESIAN_POINT('',(0.187007874015747,-0.11496062992126,0.));
#6102=CARTESIAN_POINT('',(-0.187007874015748,-0.13503937007874,0.));
#6103=CARTESIAN_POINT('',(-0.187007874015748,-0.11496062992126,0.));
#6104=CARTESIAN_POINT('',(-0.25,-0.13503937007874,0.));
#6105=CARTESIAN_POINT('',(-0.187007874015748,-0.13503937007874,0.));
#6106=CARTESIAN_POINT('',(-0.25,0.13503937007874,0.));
#6107=CARTESIAN_POINT('',(-0.25,-0.13503937007874,0.));
#6108=CARTESIAN_POINT('',(-0.187007874015748,0.135039370078739,0.));
#6109=CARTESIAN_POINT('',(-0.25,0.13503937007874,0.));
#6110=CARTESIAN_POINT('',(-0.187007874015748,0.135039370078739,0.));
#6111=CARTESIAN_POINT('',(0.187007874015748,0.135039370078737,0.));
#6112=CARTESIAN_POINT('',(0.187007874015748,0.114960629921256,0.));
#6113=CARTESIAN_POINT('',(0.25,0.13503937007874,0.));
#6114=CARTESIAN_POINT('',(0.187007874015748,0.135039370078737,0.));
#6115=CARTESIAN_POINT('',(0.25,-0.13503937007874,0.));
#6116=CARTESIAN_POINT('',(0.25,0.13503937007874,0.));
#6117=CARTESIAN_POINT('',(0.187007874015748,-0.13503937007874,0.));
#6118=CARTESIAN_POINT('',(0.25,-0.13503937007874,0.));
#6119=CARTESIAN_POINT('',(0.187007874015747,-0.11496062992126,0.));
#6120=CARTESIAN_POINT('',(0.187007874015748,-0.13503937007874,0.));
#6121=CARTESIAN_POINT('',(0.187007874015747,-0.11496062992126,0.));
#6122=CARTESIAN_POINT('',(0.187007874015747,-0.11496062992126,0.));
#6123=CARTESIAN_POINT('Origin',(-0.25,0.13503937007874,0.));
#6124=CARTESIAN_POINT('',(-0.187007874015748,0.135039370078739,0.));
#6125=CARTESIAN_POINT('',(-0.25,0.13503937007874,0.));
#6126=CARTESIAN_POINT('Origin',(-0.187007874015748,0.135039370078739,0.));
#6127=CARTESIAN_POINT('Origin',(0.187007874015748,0.114960629921256,0.));
#6128=CARTESIAN_POINT('',(0.187007874015748,0.135039370078737,0.));
#6129=CARTESIAN_POINT('Origin',(0.187007874015748,0.135039370078737,0.));
#6130=CARTESIAN_POINT('',(0.25,0.13503937007874,0.));
#6131=CARTESIAN_POINT('Origin',(0.25,0.13503937007874,0.));
#6132=CARTESIAN_POINT('',(0.25,-0.13503937007874,0.));
#6133=CARTESIAN_POINT('Origin',(0.25,-0.13503937007874,0.));
#6134=CARTESIAN_POINT('',(0.187007874015748,-0.13503937007874,0.));
#6135=CARTESIAN_POINT('Origin',(0.187007874015748,-0.13503937007874,0.));
#6136=CARTESIAN_POINT('',(0.187007874015747,-0.11496062992126,0.));
#6137=CARTESIAN_POINT('Origin',(0.187007874015747,-0.11496062992126,0.));
#6138=CARTESIAN_POINT('',(-0.187007874015748,-0.11496062992126,0.));
#6139=CARTESIAN_POINT('Origin',(-0.187007874015748,-0.11496062992126,0.));
#6140=CARTESIAN_POINT('',(-0.187007874015748,-0.13503937007874,0.));
#6141=CARTESIAN_POINT('Origin',(-0.187007874015748,-0.13503937007874,0.));
#6142=CARTESIAN_POINT('',(-0.25,-0.13503937007874,0.));
#6143=CARTESIAN_POINT('Origin',(-0.25,-0.13503937007874,0.));
#6144=CARTESIAN_POINT('Origin',(-0.105603252985131,-0.13503937007874,0.256411564037685));
#6145=CARTESIAN_POINT('',(-0.105603252985131,-0.13503937007874,0.256411564037685));
#6146=CARTESIAN_POINT('',(-0.110086400849083,-0.13503937007874,0.256411564037685));
#6147=CARTESIAN_POINT('',(-0.0528016264925654,-0.13503937007874,0.256411564037685));
#6148=CARTESIAN_POINT('',(-0.105603252985131,-0.133858267716535,0.256411564037685));
#6149=CARTESIAN_POINT('',(-0.105603252985131,-0.13503937007874,0.256411564037685));
#6150=CARTESIAN_POINT('',(-0.110086400849083,-0.133858267716535,0.256411564037685));
#6151=CARTESIAN_POINT('',(-0.105603252985131,-0.133858267716535,0.256411564037685));
#6152=CARTESIAN_POINT('',(-0.110086400849083,-0.13503937007874,0.256411564037685));
#6153=CARTESIAN_POINT('Origin',(-0.105603252985131,-0.13503937007874,0.284228686326061));
#6154=CARTESIAN_POINT('',(-0.105603252985131,-0.13503937007874,0.284228686326061));
#6155=CARTESIAN_POINT('',(-0.105603252985131,-0.13503937007874,0.305303319540983));
#6156=CARTESIAN_POINT('',(-0.105603252985131,-0.133858267716535,0.284228686326061));
#6157=CARTESIAN_POINT('',(-0.105603252985131,-0.13503937007874,0.284228686326061));
#6158=CARTESIAN_POINT('',(-0.105603252985131,-0.133858267716535,0.284228686326061));
#6159=CARTESIAN_POINT('Origin',(-0.0869684817434033,-0.13503937007874,0.256411564037685));
#6160=CARTESIAN_POINT('',(-0.0869684817434033,-0.13503937007874,0.256411564037685));
#6161=CARTESIAN_POINT('',(-0.0896748637551159,-0.13503937007874,0.260451525591401));
#6162=CARTESIAN_POINT('',(-0.0869684817434033,-0.133858267716535,0.256411564037685));
#6163=CARTESIAN_POINT('',(-0.0869684817434033,-0.13503937007874,0.256411564037685));
#6164=CARTESIAN_POINT('',(-0.0869684817434033,-0.133858267716535,0.256411564037685));
#6165=CARTESIAN_POINT('Origin',(-0.0821612509013345,-0.13503937007874,0.256411564037685));
#6166=CARTESIAN_POINT('',(-0.0821612509013345,-0.13503937007874,0.256411564037685));
#6167=CARTESIAN_POINT('',(-0.0410806254506672,-0.13503937007874,0.256411564037685));
#6168=CARTESIAN_POINT('',(-0.0821612509013345,-0.133858267716535,0.256411564037685));
#6169=CARTESIAN_POINT('',(-0.0821612509013345,-0.13503937007874,0.256411564037685));
#6170=CARTESIAN_POINT('',(-0.0821612509013345,-0.133858267716535,0.256411564037685));
#6171=CARTESIAN_POINT('Origin',(-0.0821612509013345,-0.13503937007874,0.291844636311811));
#6172=CARTESIAN_POINT('',(-0.0821612509013345,-0.13503937007874,0.291844636311811));
#6173=CARTESIAN_POINT('',(-0.0821612509013345,-0.13503937007874,0.309111294533858));
#6174=CARTESIAN_POINT('',(-0.0821612509013345,-0.133858267716535,0.291844636311811));
#6175=CARTESIAN_POINT('',(-0.0821612509013345,-0.13503937007874,0.291844636311811));
#6176=CARTESIAN_POINT('',(-0.0821612509013345,-0.133858267716535,0.291844636311811));
#6177=CARTESIAN_POINT('Origin',(-0.0866443987652864,-0.13503937007874,0.291844636311811));
#6178=CARTESIAN_POINT('',(-0.0866443987652864,-0.13503937007874,0.291844636311811));
#6179=CARTESIAN_POINT('',(-0.0433221993826432,-0.13503937007874,0.291844636311811));
#6180=CARTESIAN_POINT('',(-0.0866443987652864,-0.133858267716535,0.291844636311811));
#6181=CARTESIAN_POINT('',(-0.0866443987652864,-0.13503937007874,0.291844636311811));
#6182=CARTESIAN_POINT('',(-0.0866443987652864,-0.133858267716535,0.291844636311811));
#6183=CARTESIAN_POINT('Origin',(-0.0866443987652864,-0.13503937007874,0.264027514023435));
#6184=CARTESIAN_POINT('',(-0.0866443987652864,-0.13503937007874,0.264027514023435));
#6185=CARTESIAN_POINT('',(-0.0866443987652864,-0.13503937007874,0.29520273338967));
#6186=CARTESIAN_POINT('',(-0.0866443987652864,-0.133858267716535,0.264027514023435));
#6187=CARTESIAN_POINT('',(-0.0866443987652864,-0.13503937007874,0.264027514023435));
#6188=CARTESIAN_POINT('',(-0.0866443987652864,-0.133858267716535,0.264027514023435));
#6189=CARTESIAN_POINT('Origin',(-0.105279170007014,-0.13503937007874,0.291844636311811));
#6190=CARTESIAN_POINT('',(-0.105279170007014,-0.13503937007874,0.291844636311811));
#6191=CARTESIAN_POINT('',(-0.096957574417059,-0.13503937007874,0.279422544344197));
#6192=CARTESIAN_POINT('',(-0.105279170007014,-0.133858267716535,0.291844636311811));
#6193=CARTESIAN_POINT('',(-0.105279170007014,-0.13503937007874,0.291844636311811));
#6194=CARTESIAN_POINT('',(-0.105279170007014,-0.133858267716535,0.291844636311811));
#6195=CARTESIAN_POINT('Origin',(-0.110086400849083,-0.13503937007874,0.291844636311811));
#6196=CARTESIAN_POINT('',(-0.110086400849083,-0.13503937007874,0.291844636311811));
#6197=CARTESIAN_POINT('',(-0.0550432004245414,-0.13503937007874,0.291844636311811));
#6198=CARTESIAN_POINT('',(-0.110086400849083,-0.133858267716535,0.291844636311811));
#6199=CARTESIAN_POINT('',(-0.110086400849083,-0.13503937007874,0.291844636311811));
#6200=CARTESIAN_POINT('',(-0.110086400849083,-0.133858267716535,0.291844636311811));
#6201=CARTESIAN_POINT('Origin',(-0.110086400849083,-0.13503937007874,0.256411564037685));
#6202=CARTESIAN_POINT('',(-0.110086400849083,-0.13503937007874,0.291394758396795));
#6203=CARTESIAN_POINT('',(-0.110086400849083,-0.133858267716535,0.256411564037685));
#6204=CARTESIAN_POINT('Origin',(-0.0961238258752086,-0.133858267716535,
0.274128100174748));
#6205=CARTESIAN_POINT('Ctrl Pts',(-0.120916173701159,-0.13503937007874,
0.274128100174748));
#6206=CARTESIAN_POINT('Ctrl Pts',(-0.120916173701159,-0.133858267716535,
0.274128100174748));
#6207=CARTESIAN_POINT('Ctrl Pts',(-0.120916173701159,-0.13503937007874,
0.267268343804605));
#6208=CARTESIAN_POINT('Ctrl Pts',(-0.120916173701159,-0.133858267716535,
0.267268343804605));
#6209=CARTESIAN_POINT('Ctrl Pts',(-0.127748923156459,-0.13503937007874,
0.259841442222757));
#6210=CARTESIAN_POINT('Ctrl Pts',(-0.127748923156459,-0.133858267716535,
0.259841442222757));
#6211=CARTESIAN_POINT('Ctrl Pts',(-0.133042278465704,-0.13503937007874,
0.259841442222757));
#6212=CARTESIAN_POINT('Ctrl Pts',(-0.133042278465704,-0.133858267716535,
0.259841442222757));
#6213=CARTESIAN_POINT('',(-0.133042278465704,-0.13503937007874,0.259841442222757));
#6214=CARTESIAN_POINT('',(-0.120916173701159,-0.13503937007874,0.274128100174748));
#6215=CARTESIAN_POINT('Ctrl Pts',(-0.133042278465704,-0.13503937007874,
0.259841442222757));
#6216=CARTESIAN_POINT('Ctrl Pts',(-0.127748923156459,-0.13503937007874,
0.259841442222757));
#6217=CARTESIAN_POINT('Ctrl Pts',(-0.120916173701159,-0.13503937007874,
0.267268343804605));
#6218=CARTESIAN_POINT('Ctrl Pts',(-0.120916173701159,-0.13503937007874,
0.274128100174748));
#6219=CARTESIAN_POINT('',(-0.133042278465704,-0.133858267716535,0.259841442222757));
#6220=CARTESIAN_POINT('',(-0.133042278465704,-0.13503937007874,0.259841442222757));
#6221=CARTESIAN_POINT('',(-0.120916173701159,-0.133858267716535,0.274128100174748));
#6222=CARTESIAN_POINT('Ctrl Pts',(-0.133042278465704,-0.133858267716535,
0.259841442222757));
#6223=CARTESIAN_POINT('Ctrl Pts',(-0.127748923156459,-0.133858267716535,
0.259841442222757));
#6224=CARTESIAN_POINT('Ctrl Pts',(-0.120916173701159,-0.133858267716535,
0.267268343804605));
#6225=CARTESIAN_POINT('Ctrl Pts',(-0.120916173701159,-0.133858267716535,
0.274128100174748));
#6226=CARTESIAN_POINT('',(-0.120916173701159,-0.13503937007874,0.274128100174748));
#6227=CARTESIAN_POINT('Ctrl Pts',(-0.132988264636018,-0.13503937007874,
0.288441765041582));
#6228=CARTESIAN_POINT('Ctrl Pts',(-0.132988264636018,-0.133858267716535,
0.288441765041582));
#6229=CARTESIAN_POINT('Ctrl Pts',(-0.129477365706417,-0.13503937007874,
0.288441765041582));
#6230=CARTESIAN_POINT('Ctrl Pts',(-0.129477365706417,-0.133858267716535,
0.288441765041582));
#6231=CARTESIAN_POINT('Ctrl Pts',(-0.123832920504212,-0.13503937007874,
0.284903859197138));
#6232=CARTESIAN_POINT('Ctrl Pts',(-0.123832920504212,-0.133858267716535,
0.284903859197138));
#6233=CARTESIAN_POINT('Ctrl Pts',(-0.120916173701159,-0.13503937007874,
0.278449206549642));
#6234=CARTESIAN_POINT('Ctrl Pts',(-0.120916173701159,-0.133858267716535,
0.278449206549642));
#6235=CARTESIAN_POINT('Ctrl Pts',(-0.120916173701159,-0.13503937007874,
0.274128100174748));
#6236=CARTESIAN_POINT('Ctrl Pts',(-0.120916173701159,-0.133858267716535,
0.274128100174748));
#6237=CARTESIAN_POINT('',(-0.132988264636018,-0.13503937007874,0.288441765041582));
#6238=CARTESIAN_POINT('Ctrl Pts',(-0.120916173701159,-0.13503937007874,
0.274128100174748));
#6239=CARTESIAN_POINT('Ctrl Pts',(-0.120916173701159,-0.13503937007874,
0.278449206549642));
#6240=CARTESIAN_POINT('Ctrl Pts',(-0.123832920504212,-0.13503937007874,
0.284903859197138));
#6241=CARTESIAN_POINT('Ctrl Pts',(-0.129477365706417,-0.13503937007874,
0.288441765041582));
#6242=CARTESIAN_POINT('Ctrl Pts',(-0.132988264636018,-0.13503937007874,
0.288441765041582));
#6243=CARTESIAN_POINT('',(-0.132988264636018,-0.133858267716535,0.288441765041582));
#6244=CARTESIAN_POINT('Ctrl Pts',(-0.120916173701159,-0.133858267716535,
0.274128100174748));
#6245=CARTESIAN_POINT('Ctrl Pts',(-0.120916173701159,-0.133858267716535,
0.278449206549642));
#6246=CARTESIAN_POINT('Ctrl Pts',(-0.123832920504212,-0.133858267716535,
0.284903859197138));
#6247=CARTESIAN_POINT('Ctrl Pts',(-0.129477365706417,-0.133858267716535,
0.288441765041582));
#6248=CARTESIAN_POINT('Ctrl Pts',(-0.132988264636018,-0.133858267716535,
0.288441765041582));
#6249=CARTESIAN_POINT('',(-0.132988264636018,-0.13503937007874,0.288441765041582));
#6250=CARTESIAN_POINT('Ctrl Pts',(-0.145141376315405,-0.13503937007874,
0.27361496879273));
#6251=CARTESIAN_POINT('Ctrl Pts',(-0.145141376315405,-0.133858267716535,
0.27361496879273));
#6252=CARTESIAN_POINT('Ctrl Pts',(-0.145141376315405,-0.13503937007874,
0.281609015586282));
#6253=CARTESIAN_POINT('Ctrl Pts',(-0.145141376315405,-0.133858267716535,
0.281609015586282));
#6254=CARTESIAN_POINT('Ctrl Pts',(-0.137957536967145,-0.13503937007874,
0.288441765041582));
#6255=CARTESIAN_POINT('Ctrl Pts',(-0.137957536967145,-0.133858267716535,
0.288441765041582));
#6256=CARTESIAN_POINT('Ctrl Pts',(-0.132988264636018,-0.13503937007874,
0.288441765041582));
#6257=CARTESIAN_POINT('Ctrl Pts',(-0.132988264636018,-0.133858267716535,
0.288441765041582));
#6258=CARTESIAN_POINT('',(-0.145141376315405,-0.13503937007874,0.27361496879273));
#6259=CARTESIAN_POINT('Ctrl Pts',(-0.132988264636018,-0.13503937007874,
0.288441765041582));
#6260=CARTESIAN_POINT('Ctrl Pts',(-0.137957536967145,-0.13503937007874,
0.288441765041582));
#6261=CARTESIAN_POINT('Ctrl Pts',(-0.145141376315405,-0.13503937007874,
0.281609015586282));
#6262=CARTESIAN_POINT('Ctrl Pts',(-0.145141376315405,-0.13503937007874,
0.27361496879273));
#6263=CARTESIAN_POINT('',(-0.145141376315405,-0.133858267716535,0.27361496879273));
#6264=CARTESIAN_POINT('Ctrl Pts',(-0.132988264636018,-0.133858267716535,
0.288441765041582));
#6265=CARTESIAN_POINT('Ctrl Pts',(-0.137957536967145,-0.133858267716535,
0.288441765041582));
#6266=CARTESIAN_POINT('Ctrl Pts',(-0.145141376315405,-0.133858267716535,
0.281609015586282));
#6267=CARTESIAN_POINT('Ctrl Pts',(-0.145141376315405,-0.133858267716535,
0.27361496879273));
#6268=CARTESIAN_POINT('',(-0.145141376315405,-0.13503937007874,0.27361496879273));
#6269=CARTESIAN_POINT('Ctrl Pts',(-0.133042278465704,-0.13503937007874,
0.259841442222757));
#6270=CARTESIAN_POINT('Ctrl Pts',(-0.133042278465704,-0.133858267716535,
0.259841442222757));
#6271=CARTESIAN_POINT('Ctrl Pts',(-0.138254613030419,-0.13503937007874,
0.259841442222757));
#6272=CARTESIAN_POINT('Ctrl Pts',(-0.138254613030419,-0.133858267716535,
0.259841442222757));
#6273=CARTESIAN_POINT('Ctrl Pts',(-0.145141376315405,-0.13503937007874,
0.267214329974919));
#6274=CARTESIAN_POINT('Ctrl Pts',(-0.145141376315405,-0.133858267716535,
0.267214329974919));
#6275=CARTESIAN_POINT('Ctrl Pts',(-0.145141376315405,-0.13503937007874,
0.27361496879273));
#6276=CARTESIAN_POINT('Ctrl Pts',(-0.145141376315405,-0.133858267716535,
0.27361496879273));
#6277=CARTESIAN_POINT('Ctrl Pts',(-0.145141376315405,-0.13503937007874,
0.27361496879273));
#6278=CARTESIAN_POINT('Ctrl Pts',(-0.145141376315405,-0.13503937007874,
0.267214329974919));
#6279=CARTESIAN_POINT('Ctrl Pts',(-0.138254613030419,-0.13503937007874,
0.259841442222757));
#6280=CARTESIAN_POINT('Ctrl Pts',(-0.133042278465704,-0.13503937007874,
0.259841442222757));
#6281=CARTESIAN_POINT('Ctrl Pts',(-0.145141376315405,-0.133858267716535,
0.27361496879273));
#6282=CARTESIAN_POINT('Ctrl Pts',(-0.145141376315405,-0.133858267716535,
0.267214329974919));
#6283=CARTESIAN_POINT('Ctrl Pts',(-0.138254613030419,-0.133858267716535,
0.259841442222757));
#6284=CARTESIAN_POINT('Ctrl Pts',(-0.133042278465704,-0.133858267716535,
0.259841442222757));
#6285=CARTESIAN_POINT('Ctrl Pts',(-0.133015271550861,-0.13503937007874,
0.255817411911137));
#6286=CARTESIAN_POINT('Ctrl Pts',(-0.133015271550861,-0.133858267716535,
0.255817411911137));
#6287=CARTESIAN_POINT('Ctrl Pts',(-0.138038557711674,-0.13503937007874,
0.255817411911137));
#6288=CARTESIAN_POINT('Ctrl Pts',(-0.138038557711674,-0.133858267716535,
0.255817411911137));
#6289=CARTESIAN_POINT('Ctrl Pts',(-0.145924576845854,-0.13503937007874,
0.260651649668049));
#6290=CARTESIAN_POINT('Ctrl Pts',(-0.145924576845854,-0.133858267716535,
0.260651649668049));
#6291=CARTESIAN_POINT('Ctrl Pts',(-0.149975614072317,-0.13503937007874,
0.268996786354562));
#6292=CARTESIAN_POINT('Ctrl Pts',(-0.149975614072317,-0.133858267716535,
0.268996786354562));
#6293=CARTESIAN_POINT('Ctrl Pts',(-0.149975614072317,-0.13503937007874,
0.273668982622416));
#6294=CARTESIAN_POINT('Ctrl Pts',(-0.149975614072317,-0.133858267716535,
0.273668982622416));
#6295=CARTESIAN_POINT('',(-0.133015271550861,-0.13503937007874,0.255817411911137));
#6296=CARTESIAN_POINT('',(-0.149975614072317,-0.13503937007874,0.273668982622416));
#6297=CARTESIAN_POINT('Ctrl Pts',(-0.133015271550861,-0.13503937007874,
0.255817411911137));
#6298=CARTESIAN_POINT('Ctrl Pts',(-0.138038557711674,-0.13503937007874,
0.255817411911137));
#6299=CARTESIAN_POINT('Ctrl Pts',(-0.145924576845854,-0.13503937007874,
0.260651649668049));
#6300=CARTESIAN_POINT('Ctrl Pts',(-0.149975614072317,-0.13503937007874,
0.268996786354562));
#6301=CARTESIAN_POINT('Ctrl Pts',(-0.149975614072317,-0.13503937007874,
0.273668982622416));
#6302=CARTESIAN_POINT('',(-0.133015271550861,-0.133858267716535,0.255817411911137));
#6303=CARTESIAN_POINT('',(-0.133015271550861,-0.13503937007874,0.255817411911137));
#6304=CARTESIAN_POINT('',(-0.149975614072317,-0.133858267716535,0.273668982622416));
#6305=CARTESIAN_POINT('Ctrl Pts',(-0.133015271550861,-0.133858267716535,
0.255817411911137));
#6306=CARTESIAN_POINT('Ctrl Pts',(-0.138038557711674,-0.133858267716535,
0.255817411911137));
#6307=CARTESIAN_POINT('Ctrl Pts',(-0.145924576845854,-0.133858267716535,
0.260651649668049));
#6308=CARTESIAN_POINT('Ctrl Pts',(-0.149975614072317,-0.133858267716535,
0.268996786354562));
#6309=CARTESIAN_POINT('Ctrl Pts',(-0.149975614072317,-0.133858267716535,
0.273668982622416));
#6310=CARTESIAN_POINT('',(-0.149975614072317,-0.13503937007874,0.273668982622416));
#6311=CARTESIAN_POINT('Ctrl Pts',(-0.116081935944247,-0.13503937007874,
0.274074086345062));
#6312=CARTESIAN_POINT('Ctrl Pts',(-0.116081935944247,-0.133858267716535,
0.274074086345062));
#6313=CARTESIAN_POINT('Ctrl Pts',(-0.116081935944247,-0.13503937007874,
0.268699710291288));
#6314=CARTESIAN_POINT('Ctrl Pts',(-0.116081935944247,-0.133858267716535,
0.268699710291288));
#6315=CARTESIAN_POINT('Ctrl Pts',(-0.120430049233984,-0.13503937007874,
0.260192532115717));
#6316=CARTESIAN_POINT('Ctrl Pts',(-0.120430049233984,-0.133858267716535,
0.260192532115717));
#6317=CARTESIAN_POINT('Ctrl Pts',(-0.128424096027536,-0.13503937007874,
0.255817411911138));
#6318=CARTESIAN_POINT('Ctrl Pts',(-0.128424096027536,-0.133858267716535,
0.255817411911138));
#6319=CARTESIAN_POINT('Ctrl Pts',(-0.133015271550861,-0.13503937007874,
0.255817411911137));
#6320=CARTESIAN_POINT('Ctrl Pts',(-0.133015271550861,-0.133858267716535,
0.255817411911137));
#6321=CARTESIAN_POINT('',(-0.116081935944247,-0.13503937007874,0.274074086345062));
#6322=CARTESIAN_POINT('Ctrl Pts',(-0.116081935944247,-0.13503937007874,
0.274074086345062));
#6323=CARTESIAN_POINT('Ctrl Pts',(-0.116081935944247,-0.13503937007874,
0.268699710291288));
#6324=CARTESIAN_POINT('Ctrl Pts',(-0.120430049233984,-0.13503937007874,
0.260192532115717));
#6325=CARTESIAN_POINT('Ctrl Pts',(-0.128424096027536,-0.13503937007874,
0.255817411911138));
#6326=CARTESIAN_POINT('Ctrl Pts',(-0.133015271550861,-0.13503937007874,
0.255817411911137));
#6327=CARTESIAN_POINT('',(-0.116081935944247,-0.133858267716535,0.274074086345062));
#6328=CARTESIAN_POINT('',(-0.116081935944247,-0.13503937007874,0.274074086345062));
#6329=CARTESIAN_POINT('Ctrl Pts',(-0.116081935944247,-0.133858267716535,
0.274074086345062));
#6330=CARTESIAN_POINT('Ctrl Pts',(-0.116081935944247,-0.133858267716535,
0.268699710291288));
#6331=CARTESIAN_POINT('Ctrl Pts',(-0.120430049233984,-0.133858267716535,
0.260192532115717));
#6332=CARTESIAN_POINT('Ctrl Pts',(-0.128424096027536,-0.133858267716535,
0.255817411911138));
#6333=CARTESIAN_POINT('Ctrl Pts',(-0.133015271550861,-0.133858267716535,
0.255817411911137));
#6334=CARTESIAN_POINT('Ctrl Pts',(-0.133015271550861,-0.13503937007874,
0.292465795353202));
#6335=CARTESIAN_POINT('Ctrl Pts',(-0.133015271550861,-0.133858267716535,
0.292465795353202));
#6336=CARTESIAN_POINT('Ctrl Pts',(-0.128100013049419,-0.13503937007874,
0.292465795353202));
#6337=CARTESIAN_POINT('Ctrl Pts',(-0.128100013049419,-0.133858267716535,
0.292465795353202));
#6338=CARTESIAN_POINT('Ctrl Pts',(-0.120213993915239,-0.13503937007874,
0.287766592170505));
#6339=CARTESIAN_POINT('Ctrl Pts',(-0.120213993915239,-0.133858267716535,
0.287766592170505));
#6340=CARTESIAN_POINT('Ctrl Pts',(-0.116081935944247,-0.13503937007874,
0.279394448569149));
#6341=CARTESIAN_POINT('Ctrl Pts',(-0.116081935944247,-0.133858267716535,
0.279394448569149));
#6342=CARTESIAN_POINT('Ctrl Pts',(-0.116081935944247,-0.13503937007874,
0.274074086345062));
#6343=CARTESIAN_POINT('Ctrl Pts',(-0.116081935944247,-0.133858267716535,
0.274074086345062));
#6344=CARTESIAN_POINT('',(-0.133015271550861,-0.13503937007874,0.292465795353202));
#6345=CARTESIAN_POINT('Ctrl Pts',(-0.133015271550861,-0.13503937007874,
0.292465795353202));
#6346=CARTESIAN_POINT('Ctrl Pts',(-0.128100013049419,-0.13503937007874,
0.292465795353202));
#6347=CARTESIAN_POINT('Ctrl Pts',(-0.120213993915239,-0.13503937007874,
0.287766592170505));
#6348=CARTESIAN_POINT('Ctrl Pts',(-0.116081935944247,-0.13503937007874,
0.279394448569149));
#6349=CARTESIAN_POINT('Ctrl Pts',(-0.116081935944247,-0.13503937007874,
0.274074086345062));
#6350=CARTESIAN_POINT('',(-0.133015271550861,-0.133858267716535,0.292465795353202));
#6351=CARTESIAN_POINT('',(-0.133015271550861,-0.13503937007874,0.292465795353202));
#6352=CARTESIAN_POINT('Ctrl Pts',(-0.133015271550861,-0.133858267716535,
0.292465795353202));
#6353=CARTESIAN_POINT('Ctrl Pts',(-0.128100013049419,-0.133858267716535,
0.292465795353202));
#6354=CARTESIAN_POINT('Ctrl Pts',(-0.120213993915239,-0.133858267716535,
0.287766592170505));
#6355=CARTESIAN_POINT('Ctrl Pts',(-0.116081935944247,-0.133858267716535,
0.279394448569149));
#6356=CARTESIAN_POINT('Ctrl Pts',(-0.116081935944247,-0.133858267716535,
0.274074086345062));
#6357=CARTESIAN_POINT('Ctrl Pts',(-0.149975614072317,-0.13503937007874,
0.273668982622416));
#6358=CARTESIAN_POINT('Ctrl Pts',(-0.149975614072317,-0.133858267716535,
0.273668982622416));
#6359=CARTESIAN_POINT('Ctrl Pts',(-0.149975614072317,-0.13503937007874,
0.282500243776104));
#6360=CARTESIAN_POINT('Ctrl Pts',(-0.149975614072317,-0.133858267716535,
0.282500243776104));
#6361=CARTESIAN_POINT('Ctrl Pts',(-0.140496186962395,-0.13503937007874,
0.292465795353202));
#6362=CARTESIAN_POINT('Ctrl Pts',(-0.140496186962395,-0.133858267716535,
0.292465795353202));
#6363=CARTESIAN_POINT('Ctrl Pts',(-0.133015271550861,-0.13503937007874,
0.292465795353202));
#6364=CARTESIAN_POINT('Ctrl Pts',(-0.133015271550861,-0.133858267716535,
0.292465795353202));
#6365=CARTESIAN_POINT('Ctrl Pts',(-0.149975614072317,-0.13503937007874,
0.273668982622416));
#6366=CARTESIAN_POINT('Ctrl Pts',(-0.149975614072317,-0.13503937007874,
0.282500243776104));
#6367=CARTESIAN_POINT('Ctrl Pts',(-0.140496186962395,-0.13503937007874,
0.292465795353202));
#6368=CARTESIAN_POINT('Ctrl Pts',(-0.133015271550861,-0.13503937007874,
0.292465795353202));
#6369=CARTESIAN_POINT('Ctrl Pts',(-0.149975614072317,-0.133858267716535,
0.273668982622416));
#6370=CARTESIAN_POINT('Ctrl Pts',(-0.149975614072317,-0.133858267716535,
0.282500243776104));
#6371=CARTESIAN_POINT('Ctrl Pts',(-0.140496186962395,-0.133858267716535,
0.292465795353202));
#6372=CARTESIAN_POINT('Ctrl Pts',(-0.133015271550861,-0.133858267716535,
0.292465795353202));
#6373=CARTESIAN_POINT('Origin',(-0.133027994486139,-0.133858267716535,0.274150962572009));
#6374=CARTESIAN_POINT('Ctrl Pts',(0.104564558323744,-0.13503937007874,0.274128100174748));
#6375=CARTESIAN_POINT('Ctrl Pts',(0.104564558323744,-0.133858267716535,
0.274128100174748));
#6376=CARTESIAN_POINT('Ctrl Pts',(0.104564558323744,-0.13503937007874,0.267268343804605));
#6377=CARTESIAN_POINT('Ctrl Pts',(0.104564558323744,-0.133858267716535,
0.267268343804605));
#6378=CARTESIAN_POINT('Ctrl Pts',(0.0977318088684443,-0.13503937007874,
0.259841442222757));
#6379=CARTESIAN_POINT('Ctrl Pts',(0.0977318088684443,-0.133858267716535,
0.259841442222757));
#6380=CARTESIAN_POINT('Ctrl Pts',(0.0924384535592,-0.13503937007874,0.259841442222757));
#6381=CARTESIAN_POINT('Ctrl Pts',(0.0924384535592,-0.133858267716535,0.259841442222757));
#6382=CARTESIAN_POINT('',(0.0924384535592,-0.13503937007874,0.259841442222757));
#6383=CARTESIAN_POINT('',(0.104564558323744,-0.13503937007874,0.274128100174748));
#6384=CARTESIAN_POINT('Ctrl Pts',(0.0924384535592,-0.13503937007874,0.259841442222757));
#6385=CARTESIAN_POINT('Ctrl Pts',(0.0977318088684443,-0.13503937007874,
0.259841442222757));
#6386=CARTESIAN_POINT('Ctrl Pts',(0.104564558323744,-0.13503937007874,0.267268343804605));
#6387=CARTESIAN_POINT('Ctrl Pts',(0.104564558323744,-0.13503937007874,0.274128100174748));
#6388=CARTESIAN_POINT('',(0.0924384535592,-0.133858267716535,0.259841442222757));
#6389=CARTESIAN_POINT('',(0.0924384535592,-0.13503937007874,0.259841442222757));
#6390=CARTESIAN_POINT('',(0.104564558323744,-0.133858267716535,0.274128100174748));
#6391=CARTESIAN_POINT('Ctrl Pts',(0.0924384535592,-0.133858267716535,0.259841442222757));
#6392=CARTESIAN_POINT('Ctrl Pts',(0.0977318088684443,-0.133858267716535,
0.259841442222757));
#6393=CARTESIAN_POINT('Ctrl Pts',(0.104564558323744,-0.133858267716535,
0.267268343804605));
#6394=CARTESIAN_POINT('Ctrl Pts',(0.104564558323744,-0.133858267716535,
0.274128100174748));
#6395=CARTESIAN_POINT('',(0.104564558323744,-0.13503937007874,0.274128100174748));
#6396=CARTESIAN_POINT('Ctrl Pts',(0.0924924673888861,-0.13503937007874,
0.288441765041583));
#6397=CARTESIAN_POINT('Ctrl Pts',(0.0924924673888861,-0.133858267716535,
0.288441765041583));
#6398=CARTESIAN_POINT('Ctrl Pts',(0.0960033663184869,-0.13503937007874,
0.288441765041583));
#6399=CARTESIAN_POINT('Ctrl Pts',(0.0960033663184869,-0.133858267716535,
0.288441765041583));
#6400=CARTESIAN_POINT('Ctrl Pts',(0.101647811520691,-0.13503937007874,0.284903859197139));
#6401=CARTESIAN_POINT('Ctrl Pts',(0.101647811520691,-0.133858267716535,
0.284903859197139));
#6402=CARTESIAN_POINT('Ctrl Pts',(0.104564558323744,-0.13503937007874,0.278449206549642));
#6403=CARTESIAN_POINT('Ctrl Pts',(0.104564558323744,-0.133858267716535,
0.278449206549642));
#6404=CARTESIAN_POINT('Ctrl Pts',(0.104564558323744,-0.13503937007874,0.274128100174748));
#6405=CARTESIAN_POINT('Ctrl Pts',(0.104564558323744,-0.133858267716535,
0.274128100174748));
#6406=CARTESIAN_POINT('',(0.0924924673888861,-0.13503937007874,0.288441765041583));
#6407=CARTESIAN_POINT('Ctrl Pts',(0.104564558323744,-0.13503937007874,0.274128100174748));
#6408=CARTESIAN_POINT('Ctrl Pts',(0.104564558323744,-0.13503937007874,0.278449206549642));
#6409=CARTESIAN_POINT('Ctrl Pts',(0.101647811520691,-0.13503937007874,0.284903859197139));
#6410=CARTESIAN_POINT('Ctrl Pts',(0.0960033663184869,-0.13503937007874,
0.288441765041583));
#6411=CARTESIAN_POINT('Ctrl Pts',(0.0924924673888861,-0.13503937007874,
0.288441765041583));
#6412=CARTESIAN_POINT('',(0.0924924673888861,-0.133858267716535,0.288441765041583));
#6413=CARTESIAN_POINT('Ctrl Pts',(0.104564558323744,-0.133858267716535,
0.274128100174748));
#6414=CARTESIAN_POINT('Ctrl Pts',(0.104564558323744,-0.133858267716535,
0.278449206549642));
#6415=CARTESIAN_POINT('Ctrl Pts',(0.101647811520691,-0.133858267716535,
0.284903859197139));
#6416=CARTESIAN_POINT('Ctrl Pts',(0.0960033663184869,-0.133858267716535,
0.288441765041583));
#6417=CARTESIAN_POINT('Ctrl Pts',(0.0924924673888861,-0.133858267716535,
0.288441765041583));
#6418=CARTESIAN_POINT('',(0.0924924673888861,-0.13503937007874,0.288441765041583));
#6419=CARTESIAN_POINT('Ctrl Pts',(0.0803393557094985,-0.13503937007874,
0.27361496879273));
#6420=CARTESIAN_POINT('Ctrl Pts',(0.0803393557094985,-0.133858267716535,
0.27361496879273));
#6421=CARTESIAN_POINT('Ctrl Pts',(0.0803393557094985,-0.13503937007874,
0.281609015586282));
#6422=CARTESIAN_POINT('Ctrl Pts',(0.0803393557094985,-0.133858267716535,
0.281609015586282));
#6423=CARTESIAN_POINT('Ctrl Pts',(0.0875231950577587,-0.13503937007874,
0.288441765041582));
#6424=CARTESIAN_POINT('Ctrl Pts',(0.0875231950577587,-0.133858267716535,
0.288441765041582));
#6425=CARTESIAN_POINT('Ctrl Pts',(0.0924924673888861,-0.13503937007874,
0.288441765041583));
#6426=CARTESIAN_POINT('Ctrl Pts',(0.0924924673888861,-0.133858267716535,
0.288441765041583));
#6427=CARTESIAN_POINT('',(0.0803393557094985,-0.13503937007874,0.27361496879273));
#6428=CARTESIAN_POINT('Ctrl Pts',(0.0924924673888861,-0.13503937007874,
0.288441765041583));
#6429=CARTESIAN_POINT('Ctrl Pts',(0.0875231950577587,-0.13503937007874,
0.288441765041582));
#6430=CARTESIAN_POINT('Ctrl Pts',(0.0803393557094985,-0.13503937007874,
0.281609015586282));
#6431=CARTESIAN_POINT('Ctrl Pts',(0.0803393557094985,-0.13503937007874,
0.27361496879273));
#6432=CARTESIAN_POINT('',(0.0803393557094985,-0.133858267716535,0.27361496879273));
#6433=CARTESIAN_POINT('Ctrl Pts',(0.0924924673888861,-0.133858267716535,
0.288441765041583));
#6434=CARTESIAN_POINT('Ctrl Pts',(0.0875231950577587,-0.133858267716535,
0.288441765041582));
#6435=CARTESIAN_POINT('Ctrl Pts',(0.0803393557094985,-0.133858267716535,
0.281609015586282));
#6436=CARTESIAN_POINT('Ctrl Pts',(0.0803393557094985,-0.133858267716535,
0.27361496879273));
#6437=CARTESIAN_POINT('',(0.0803393557094985,-0.13503937007874,0.27361496879273));
#6438=CARTESIAN_POINT('Ctrl Pts',(0.0924384535592,-0.13503937007874,0.259841442222757));
#6439=CARTESIAN_POINT('Ctrl Pts',(0.0924384535592,-0.133858267716535,0.259841442222757));
#6440=CARTESIAN_POINT('Ctrl Pts',(0.0872261189944848,-0.13503937007874,
0.259841442222757));
#6441=CARTESIAN_POINT('Ctrl Pts',(0.0872261189944848,-0.133858267716535,
0.259841442222757));
#6442=CARTESIAN_POINT('Ctrl Pts',(0.0803393557094985,-0.13503937007874,
0.267214329974919));
#6443=CARTESIAN_POINT('Ctrl Pts',(0.0803393557094985,-0.133858267716535,
0.267214329974919));
#6444=CARTESIAN_POINT('Ctrl Pts',(0.0803393557094985,-0.13503937007874,
0.27361496879273));
#6445=CARTESIAN_POINT('Ctrl Pts',(0.0803393557094985,-0.133858267716535,
0.27361496879273));
#6446=CARTESIAN_POINT('Ctrl Pts',(0.0803393557094985,-0.13503937007874,
0.27361496879273));
#6447=CARTESIAN_POINT('Ctrl Pts',(0.0803393557094985,-0.13503937007874,
0.267214329974919));
#6448=CARTESIAN_POINT('Ctrl Pts',(0.0872261189944848,-0.13503937007874,
0.259841442222757));
#6449=CARTESIAN_POINT('Ctrl Pts',(0.0924384535592,-0.13503937007874,0.259841442222757));
#6450=CARTESIAN_POINT('Ctrl Pts',(0.0803393557094985,-0.133858267716535,
0.27361496879273));
#6451=CARTESIAN_POINT('Ctrl Pts',(0.0803393557094985,-0.133858267716535,
0.267214329974919));
#6452=CARTESIAN_POINT('Ctrl Pts',(0.0872261189944848,-0.133858267716535,
0.259841442222757));
#6453=CARTESIAN_POINT('Ctrl Pts',(0.0924384535592,-0.133858267716535,0.259841442222757));
#6454=CARTESIAN_POINT('Ctrl Pts',(0.092465460474043,-0.13503937007874,0.255817411911138));
#6455=CARTESIAN_POINT('Ctrl Pts',(0.092465460474043,-0.133858267716535,
0.255817411911138));
#6456=CARTESIAN_POINT('Ctrl Pts',(0.0874421743132295,-0.13503937007874,
0.255817411911138));
#6457=CARTESIAN_POINT('Ctrl Pts',(0.0874421743132295,-0.133858267716535,
0.255817411911138));
#6458=CARTESIAN_POINT('Ctrl Pts',(0.0795561551790492,-0.13503937007874,
0.26065164966805));
#6459=CARTESIAN_POINT('Ctrl Pts',(0.0795561551790492,-0.133858267716535,
0.26065164966805));
#6460=CARTESIAN_POINT('Ctrl Pts',(0.0755051179525866,-0.13503937007874,
0.268996786354562));
#6461=CARTESIAN_POINT('Ctrl Pts',(0.0755051179525866,-0.133858267716535,
0.268996786354562));
#6462=CARTESIAN_POINT('Ctrl Pts',(0.0755051179525866,-0.13503937007874,
0.273668982622416));
#6463=CARTESIAN_POINT('Ctrl Pts',(0.0755051179525866,-0.133858267716535,
0.273668982622416));
#6464=CARTESIAN_POINT('',(0.092465460474043,-0.13503937007874,0.255817411911138));
#6465=CARTESIAN_POINT('',(0.0755051179525866,-0.13503937007874,0.273668982622416));
#6466=CARTESIAN_POINT('Ctrl Pts',(0.092465460474043,-0.13503937007874,0.255817411911138));
#6467=CARTESIAN_POINT('Ctrl Pts',(0.0874421743132295,-0.13503937007874,
0.255817411911138));
#6468=CARTESIAN_POINT('Ctrl Pts',(0.0795561551790492,-0.13503937007874,
0.26065164966805));
#6469=CARTESIAN_POINT('Ctrl Pts',(0.0755051179525866,-0.13503937007874,
0.268996786354562));
#6470=CARTESIAN_POINT('Ctrl Pts',(0.0755051179525866,-0.13503937007874,
0.273668982622416));
#6471=CARTESIAN_POINT('',(0.092465460474043,-0.133858267716535,0.255817411911138));
#6472=CARTESIAN_POINT('',(0.092465460474043,-0.13503937007874,0.255817411911138));
#6473=CARTESIAN_POINT('',(0.0755051179525866,-0.133858267716535,0.273668982622416));
#6474=CARTESIAN_POINT('Ctrl Pts',(0.092465460474043,-0.133858267716535,
0.255817411911138));
#6475=CARTESIAN_POINT('Ctrl Pts',(0.0874421743132295,-0.133858267716535,
0.255817411911138));
#6476=CARTESIAN_POINT('Ctrl Pts',(0.0795561551790492,-0.133858267716535,
0.26065164966805));
#6477=CARTESIAN_POINT('Ctrl Pts',(0.0755051179525866,-0.133858267716535,
0.268996786354562));
#6478=CARTESIAN_POINT('Ctrl Pts',(0.0755051179525866,-0.133858267716535,
0.273668982622416));
#6479=CARTESIAN_POINT('',(0.0755051179525866,-0.13503937007874,0.273668982622416));
#6480=CARTESIAN_POINT('Ctrl Pts',(0.109398796080656,-0.13503937007874,0.274074086345062));
#6481=CARTESIAN_POINT('Ctrl Pts',(0.109398796080656,-0.133858267716535,
0.274074086345062));
#6482=CARTESIAN_POINT('Ctrl Pts',(0.109398796080656,-0.13503937007874,0.268699710291289));
#6483=CARTESIAN_POINT('Ctrl Pts',(0.109398796080656,-0.133858267716535,
0.268699710291289));
#6484=CARTESIAN_POINT('Ctrl Pts',(0.10505068279092,-0.13503937007874,0.260192532115717));
#6485=CARTESIAN_POINT('Ctrl Pts',(0.10505068279092,-0.133858267716535,0.260192532115717));
#6486=CARTESIAN_POINT('Ctrl Pts',(0.0970566359973672,-0.13503937007874,
0.255817411911138));
#6487=CARTESIAN_POINT('Ctrl Pts',(0.0970566359973672,-0.133858267716535,
0.255817411911138));
#6488=CARTESIAN_POINT('Ctrl Pts',(0.092465460474043,-0.13503937007874,0.255817411911138));
#6489=CARTESIAN_POINT('Ctrl Pts',(0.092465460474043,-0.133858267716535,
0.255817411911138));
#6490=CARTESIAN_POINT('',(0.109398796080656,-0.13503937007874,0.274074086345062));
#6491=CARTESIAN_POINT('Ctrl Pts',(0.109398796080656,-0.13503937007874,0.274074086345062));
#6492=CARTESIAN_POINT('Ctrl Pts',(0.109398796080656,-0.13503937007874,0.268699710291289));
#6493=CARTESIAN_POINT('Ctrl Pts',(0.10505068279092,-0.13503937007874,0.260192532115717));
#6494=CARTESIAN_POINT('Ctrl Pts',(0.0970566359973672,-0.13503937007874,
0.255817411911138));
#6495=CARTESIAN_POINT('Ctrl Pts',(0.092465460474043,-0.13503937007874,0.255817411911138));
#6496=CARTESIAN_POINT('',(0.109398796080656,-0.133858267716535,0.274074086345062));
#6497=CARTESIAN_POINT('',(0.109398796080656,-0.13503937007874,0.274074086345062));
#6498=CARTESIAN_POINT('Ctrl Pts',(0.109398796080656,-0.133858267716535,
0.274074086345062));
#6499=CARTESIAN_POINT('Ctrl Pts',(0.109398796080656,-0.133858267716535,
0.268699710291289));
#6500=CARTESIAN_POINT('Ctrl Pts',(0.10505068279092,-0.133858267716535,0.260192532115717));
#6501=CARTESIAN_POINT('Ctrl Pts',(0.0970566359973672,-0.133858267716535,
0.255817411911138));
#6502=CARTESIAN_POINT('Ctrl Pts',(0.092465460474043,-0.133858267716535,
0.255817411911138));
#6503=CARTESIAN_POINT('Ctrl Pts',(0.092465460474043,-0.13503937007874,0.292465795353202));
#6504=CARTESIAN_POINT('Ctrl Pts',(0.092465460474043,-0.133858267716535,
0.292465795353202));
#6505=CARTESIAN_POINT('Ctrl Pts',(0.0973807189754842,-0.13503937007874,
0.292465795353202));
#6506=CARTESIAN_POINT('Ctrl Pts',(0.0973807189754842,-0.133858267716535,
0.292465795353202));
#6507=CARTESIAN_POINT('Ctrl Pts',(0.105266738109665,-0.13503937007874,0.287766592170505));
#6508=CARTESIAN_POINT('Ctrl Pts',(0.105266738109665,-0.133858267716535,
0.287766592170505));
#6509=CARTESIAN_POINT('Ctrl Pts',(0.109398796080656,-0.13503937007874,0.27939444856915));
#6510=CARTESIAN_POINT('Ctrl Pts',(0.109398796080656,-0.133858267716535,
0.27939444856915));
#6511=CARTESIAN_POINT('Ctrl Pts',(0.109398796080656,-0.13503937007874,0.274074086345062));
#6512=CARTESIAN_POINT('Ctrl Pts',(0.109398796080656,-0.133858267716535,
0.274074086345062));
#6513=CARTESIAN_POINT('',(0.092465460474043,-0.13503937007874,0.292465795353202));
#6514=CARTESIAN_POINT('Ctrl Pts',(0.092465460474043,-0.13503937007874,0.292465795353202));
#6515=CARTESIAN_POINT('Ctrl Pts',(0.0973807189754842,-0.13503937007874,
0.292465795353202));
#6516=CARTESIAN_POINT('Ctrl Pts',(0.105266738109665,-0.13503937007874,0.287766592170505));
#6517=CARTESIAN_POINT('Ctrl Pts',(0.109398796080656,-0.13503937007874,0.27939444856915));
#6518=CARTESIAN_POINT('Ctrl Pts',(0.109398796080656,-0.13503937007874,0.274074086345062));
#6519=CARTESIAN_POINT('',(0.092465460474043,-0.133858267716535,0.292465795353202));
#6520=CARTESIAN_POINT('',(0.092465460474043,-0.13503937007874,0.292465795353202));
#6521=CARTESIAN_POINT('Ctrl Pts',(0.092465460474043,-0.133858267716535,
0.292465795353202));
#6522=CARTESIAN_POINT('Ctrl Pts',(0.0973807189754842,-0.133858267716535,
0.292465795353202));
#6523=CARTESIAN_POINT('Ctrl Pts',(0.105266738109665,-0.133858267716535,
0.287766592170505));
#6524=CARTESIAN_POINT('Ctrl Pts',(0.109398796080656,-0.133858267716535,
0.27939444856915));
#6525=CARTESIAN_POINT('Ctrl Pts',(0.109398796080656,-0.133858267716535,
0.274074086345062));
#6526=CARTESIAN_POINT('Ctrl Pts',(0.0755051179525866,-0.13503937007874,
0.273668982622416));
#6527=CARTESIAN_POINT('Ctrl Pts',(0.0755051179525866,-0.133858267716535,
0.273668982622416));
#6528=CARTESIAN_POINT('Ctrl Pts',(0.0755051179525866,-0.13503937007874,
0.282500243776104));
#6529=CARTESIAN_POINT('Ctrl Pts',(0.0755051179525866,-0.133858267716535,
0.282500243776104));
#6530=CARTESIAN_POINT('Ctrl Pts',(0.0849845450625089,-0.13503937007874,
0.292465795353202));
#6531=CARTESIAN_POINT('Ctrl Pts',(0.0849845450625089,-0.133858267716535,
0.292465795353202));
#6532=CARTESIAN_POINT('Ctrl Pts',(0.092465460474043,-0.13503937007874,0.292465795353202));
#6533=CARTESIAN_POINT('Ctrl Pts',(0.092465460474043,-0.133858267716535,
0.292465795353202));
#6534=CARTESIAN_POINT('Ctrl Pts',(0.0755051179525866,-0.13503937007874,
0.273668982622416));
#6535=CARTESIAN_POINT('Ctrl Pts',(0.0755051179525866,-0.13503937007874,
0.282500243776104));
#6536=CARTESIAN_POINT('Ctrl Pts',(0.0849845450625089,-0.13503937007874,
0.292465795353202));
#6537=CARTESIAN_POINT('Ctrl Pts',(0.092465460474043,-0.13503937007874,0.292465795353202));
#6538=CARTESIAN_POINT('Ctrl Pts',(0.0755051179525866,-0.133858267716535,
0.273668982622416));
#6539=CARTESIAN_POINT('Ctrl Pts',(0.0755051179525866,-0.133858267716535,
0.282500243776104));
#6540=CARTESIAN_POINT('Ctrl Pts',(0.0849845450625089,-0.133858267716535,
0.292465795353202));
#6541=CARTESIAN_POINT('Ctrl Pts',(0.092465460474043,-0.133858267716535,
0.292465795353202));
#6542=CARTESIAN_POINT('Origin',(0.0924527375387651,-0.133858267716535,0.274150962572009));
#6543=CARTESIAN_POINT('Origin',(0.119877479039773,-0.13503937007874,0.256411564037686));
#6544=CARTESIAN_POINT('',(0.119877479039773,-0.13503937007874,0.256411564037686));
#6545=CARTESIAN_POINT('',(0.115394331175821,-0.13503937007874,0.256411564037686));
#6546=CARTESIAN_POINT('',(0.0599387395198864,-0.13503937007874,0.256411564037686));
#6547=CARTESIAN_POINT('',(0.119877479039773,-0.133858267716535,0.256411564037686));
#6548=CARTESIAN_POINT('',(0.119877479039773,-0.13503937007874,0.256411564037686));
#6549=CARTESIAN_POINT('',(0.115394331175821,-0.133858267716535,0.256411564037686));
#6550=CARTESIAN_POINT('',(0.119877479039773,-0.133858267716535,0.256411564037686));
#6551=CARTESIAN_POINT('',(0.115394331175821,-0.13503937007874,0.256411564037686));
#6552=CARTESIAN_POINT('Origin',(0.119877479039773,-0.13503937007874,0.284228686326062));
#6553=CARTESIAN_POINT('',(0.119877479039773,-0.13503937007874,0.284228686326062));
#6554=CARTESIAN_POINT('',(0.119877479039773,-0.13503937007874,0.305303319540983));
#6555=CARTESIAN_POINT('',(0.119877479039773,-0.133858267716535,0.284228686326062));
#6556=CARTESIAN_POINT('',(0.119877479039773,-0.13503937007874,0.284228686326062));
#6557=CARTESIAN_POINT('',(0.119877479039773,-0.133858267716535,0.284228686326062));
#6558=CARTESIAN_POINT('Origin',(0.1385122502815,-0.13503937007874,0.256411564037686));
#6559=CARTESIAN_POINT('',(0.1385122502815,-0.13503937007874,0.256411564037686));
#6560=CARTESIAN_POINT('',(0.100883494646803,-0.13503937007874,0.312582025347452));
#6561=CARTESIAN_POINT('',(0.1385122502815,-0.133858267716535,0.256411564037686));
#6562=CARTESIAN_POINT('',(0.1385122502815,-0.13503937007874,0.256411564037686));
#6563=CARTESIAN_POINT('',(0.1385122502815,-0.133858267716535,0.256411564037686));
#6564=CARTESIAN_POINT('Origin',(0.143319481123569,-0.13503937007874,0.256411564037686));
#6565=CARTESIAN_POINT('',(0.143319481123569,-0.13503937007874,0.256411564037686));
#6566=CARTESIAN_POINT('',(0.0716597405617846,-0.13503937007874,0.256411564037686));
#6567=CARTESIAN_POINT('',(0.143319481123569,-0.133858267716535,0.256411564037686));
#6568=CARTESIAN_POINT('',(0.143319481123569,-0.13503937007874,0.256411564037686));
#6569=CARTESIAN_POINT('',(0.143319481123569,-0.133858267716535,0.256411564037686));
#6570=CARTESIAN_POINT('Origin',(0.143319481123569,-0.13503937007874,0.291844636311811));
#6571=CARTESIAN_POINT('',(0.143319481123569,-0.13503937007874,0.291844636311811));
#6572=CARTESIAN_POINT('',(0.143319481123569,-0.13503937007874,0.309111294533858));
#6573=CARTESIAN_POINT('',(0.143319481123569,-0.133858267716535,0.291844636311811));
#6574=CARTESIAN_POINT('',(0.143319481123569,-0.13503937007874,0.291844636311811));
#6575=CARTESIAN_POINT('',(0.143319481123569,-0.133858267716535,0.291844636311811));
#6576=CARTESIAN_POINT('Origin',(0.138836333259617,-0.13503937007874,0.291844636311811));
#6577=CARTESIAN_POINT('',(0.138836333259617,-0.13503937007874,0.291844636311811));
#6578=CARTESIAN_POINT('',(0.0694181666298086,-0.13503937007874,0.291844636311811));
#6579=CARTESIAN_POINT('',(0.138836333259617,-0.133858267716535,0.291844636311811));
#6580=CARTESIAN_POINT('',(0.138836333259617,-0.13503937007874,0.291844636311811));
#6581=CARTESIAN_POINT('',(0.138836333259617,-0.133858267716535,0.291844636311811));
#6582=CARTESIAN_POINT('Origin',(0.138836333259617,-0.13503937007874,0.264027514023435));
#6583=CARTESIAN_POINT('',(0.138836333259617,-0.13503937007874,0.264027514023435));
#6584=CARTESIAN_POINT('',(0.138836333259617,-0.13503937007874,0.29520273338967));
#6585=CARTESIAN_POINT('',(0.138836333259617,-0.133858267716535,0.264027514023435));
#6586=CARTESIAN_POINT('',(0.138836333259617,-0.13503937007874,0.264027514023435));
#6587=CARTESIAN_POINT('',(0.138836333259617,-0.133858267716535,0.264027514023435));
#6588=CARTESIAN_POINT('Origin',(0.12020156201789,-0.13503937007874,0.291844636311811));
#6589=CARTESIAN_POINT('',(0.12020156201789,-0.13503937007874,0.291844636311811));
#6590=CARTESIAN_POINT('',(0.0936007839848594,-0.13503937007874,0.331553044100248));
#6591=CARTESIAN_POINT('',(0.12020156201789,-0.133858267716535,0.291844636311811));
#6592=CARTESIAN_POINT('',(0.12020156201789,-0.13503937007874,0.291844636311811));
#6593=CARTESIAN_POINT('',(0.12020156201789,-0.133858267716535,0.291844636311811));
#6594=CARTESIAN_POINT('Origin',(0.115394331175821,-0.13503937007874,0.291844636311811));
#6595=CARTESIAN_POINT('',(0.115394331175821,-0.13503937007874,0.291844636311811));
#6596=CARTESIAN_POINT('',(0.0576971655879104,-0.13503937007874,0.291844636311811));
#6597=CARTESIAN_POINT('',(0.115394331175821,-0.133858267716535,0.291844636311811));
#6598=CARTESIAN_POINT('',(0.115394331175821,-0.13503937007874,0.291844636311811));
#6599=CARTESIAN_POINT('',(0.115394331175821,-0.133858267716535,0.291844636311811));
#6600=CARTESIAN_POINT('Origin',(0.115394331175821,-0.13503937007874,0.256411564037686));
#6601=CARTESIAN_POINT('',(0.115394331175821,-0.13503937007874,0.291394758396796));
#6602=CARTESIAN_POINT('',(0.115394331175821,-0.133858267716535,0.256411564037686));
#6603=CARTESIAN_POINT('Origin',(0.129356906149695,-0.133858267716535,0.274128100174748));
#6604=CARTESIAN_POINT('Origin',(1.8439973957234E-17,-0.13503937007874,0.326377952755905));
#6605=CARTESIAN_POINT('',(0.124235251337873,-0.13503937007874,0.015748031496063));
#6606=CARTESIAN_POINT('',(0.0470245911818125,-0.13503937007874,0.015748031496063));
#6607=CARTESIAN_POINT('',(2.60925631494858E-16,-0.13503937007874,0.0157480314960629));
#6608=CARTESIAN_POINT('',(0.124235251337873,-0.135039370078741,0.0200787401574803));
#6609=CARTESIAN_POINT('',(0.124235251337873,-0.13503937007874,0.163188976377953));
#6610=CARTESIAN_POINT('',(0.187007874015748,-0.13503937007874,0.0200787401574804));
#6611=CARTESIAN_POINT('',(-2.76471444026922E-11,-0.13503937007874,0.0200787401574802));
#6612=CARTESIAN_POINT('',(0.187007874015748,-0.13503937007874,0.326377952755906));
#6613=CARTESIAN_POINT('',(0.187007874015748,-0.13503937007874,0.326377952755906));
#6614=CARTESIAN_POINT('',(-0.187007874015748,-0.13503937007874,0.326377952755905));
#6615=CARTESIAN_POINT('',(1.8439973957234E-17,-0.13503937007874,0.326377952755905));
#6616=CARTESIAN_POINT('',(-0.187007874015748,-0.13503937007874,0.02007874015748));
#6617=CARTESIAN_POINT('',(-0.187007874015748,-0.13503937007874,0.326377952755905));
#6618=CARTESIAN_POINT('',(-0.124235251337869,-0.13503937007874,0.0200787401574801));
#6619=CARTESIAN_POINT('',(-2.76471444026922E-11,-0.13503937007874,0.0200787401574802));
#6620=CARTESIAN_POINT('',(-0.124235251337869,-0.13503937007874,0.0157480314960629));
#6621=CARTESIAN_POINT('',(-0.124235251337869,-0.13503937007874,0.163188976377953));
#6622=CARTESIAN_POINT('',(-0.0470245911818096,-0.13503937007874,0.0157480314960629));
#6623=CARTESIAN_POINT('',(2.60925631494858E-16,-0.13503937007874,0.0157480314960629));
#6624=CARTESIAN_POINT('',(-0.0470245911818095,-0.135039370078741,0.0200787401574802));
#6625=CARTESIAN_POINT('',(-0.0470245911818097,-0.13503937007874,0.163188976377953));
#6626=CARTESIAN_POINT('',(0.0470245911818124,-0.135039370078741,0.0200787401574802));
#6627=CARTESIAN_POINT('',(-2.76471444026922E-11,-0.13503937007874,0.0200787401574802));
#6628=CARTESIAN_POINT('',(0.0470245911818124,-0.13503937007874,0.163188976377953));
#6629=CARTESIAN_POINT('Origin',(1.8439973957234E-17,-0.13503937007874,0.326377952755905));
#6630=CARTESIAN_POINT('Origin',(2.60925631494858E-16,-0.119291338582677,
0.0157480314960629));
#6631=CARTESIAN_POINT('',(0.120975242568938,-0.119291338582677,-2.18547839493141E-17));
#6632=CARTESIAN_POINT('Origin',(0.120975242568938,-0.119291338582677,0.015748031496063));
#6633=CARTESIAN_POINT('',(0.0502845999507478,-0.119291338582677,-6.55643518479423E-17));
#6634=CARTESIAN_POINT('Origin',(0.0502845999507477,-0.119291338582677,0.0157480314960629));
#6635=CARTESIAN_POINT('',(2.73218947466347E-16,-0.119291338582677,-1.09273919746571E-16));
#6636=CARTESIAN_POINT('Origin',(2.73218947466347E-16,-0.13503937007874,
-6.55643518479423E-17));
#6637=CARTESIAN_POINT('',(0.0584820993052251,-0.0796919119635183,-6.55643518479423E-17));
#6638=CARTESIAN_POINT('',(0.0517871680743445,-0.112032925549908,-6.55643518479423E-17));
#6639=CARTESIAN_POINT('',(0.112777743214461,-0.0796919119635183,-2.18547839493141E-17));
#6640=CARTESIAN_POINT('Origin',(0.0856299212598428,-0.0853117977029944,
-4.37095678986282E-17));
#6641=CARTESIAN_POINT('',(0.121682687659324,-0.122708773428652,-2.18547839493141E-17));
#6642=CARTESIAN_POINT('Origin',(0.0584820993052251,-0.0796919119635183,
-6.55643518479423E-17));
#6643=CARTESIAN_POINT('',(0.0511811023622049,-0.11496062992126,0.0200787401574803));
#6644=CARTESIAN_POINT('',(0.058482099305225,-0.0796919119635183,0.0200787401574802));
#6645=CARTESIAN_POINT('',(0.058482099305225,-0.0796919119635183,0.0200787401574802));
#6646=CARTESIAN_POINT('',(0.0594743324597314,-0.0748987595286225,0.0200787401574803));
#6647=CARTESIAN_POINT('',(0.0584820993052251,-0.0796919119635183,-6.55643518479423E-17));
#6648=CARTESIAN_POINT('Origin',(2.60925631494858E-16,0.119291338582679,
0.0157480314960629));
#6649=CARTESIAN_POINT('',(0.124235251337873,0.135039370078742,0.0157480314960629));
#6650=CARTESIAN_POINT('',(0.120975242568938,0.119291338582679,-2.18547839493141E-17));
#6651=CARTESIAN_POINT('Origin',(0.120975242568938,0.119291338582679,0.015748031496063));
#6652=CARTESIAN_POINT('',(0.0502845999507475,0.119291338582679,-6.55643518479423E-17));
#6653=CARTESIAN_POINT('',(2.73218947466347E-16,0.119291338582679,-1.09273919746571E-16));
#6654=CARTESIAN_POINT('',(0.0470245911818123,0.135039370078742,0.0157480314960629));
#6655=CARTESIAN_POINT('Origin',(0.0502845999507475,0.119291338582679,0.0157480314960629));
#6656=CARTESIAN_POINT('',(2.60925631494858E-16,0.135039370078742,0.0157480314960629));
#6657=CARTESIAN_POINT('Origin',(2.73218947466347E-16,0.057588389676485,
-1.09273919746571E-16));
#6658=CARTESIAN_POINT('',(0.112777743214461,0.0796919119635183,-2.18547839493141E-17));
#6659=CARTESIAN_POINT('',(0.108266769212232,0.0579008783497566,-2.18547839493141E-17));
#6660=CARTESIAN_POINT('',(0.0584820993052251,0.0796919119635183,-6.55643518479423E-17));
#6661=CARTESIAN_POINT('Origin',(0.0856299212598428,0.0853117977029944,-4.37095678986282E-17));
#6662=CARTESIAN_POINT('',(0.0537455783980249,0.102572488586234,-6.55643518479423E-17));
#6663=CARTESIAN_POINT('Origin',(0.112777743214461,0.0796919119635183,-2.18547839493141E-17));
#6664=CARTESIAN_POINT('',(0.124235251337873,0.135039370078741,0.0200787401574802));
#6665=CARTESIAN_POINT('',(0.124235251337873,0.135039370078742,-6.55643518479423E-17));
#6666=CARTESIAN_POINT('',(0.120078740157481,0.114960629921261,0.0200787401574803));
#6667=CARTESIAN_POINT('',(0.112777743214461,0.0796919119635183,0.0200787401574803));
#6668=CARTESIAN_POINT('',(0.112777743214461,0.0796919119635183,0.0200787401574802));
#6669=CARTESIAN_POINT('',(0.113961078562855,0.0854082163227248,0.0200787401574803));
#6670=CARTESIAN_POINT('',(0.112777743214461,0.0796919119635183,-2.18547839493141E-17));
#6671=CARTESIAN_POINT('Origin',(2.60925631494858E-16,0.119291338582679,
0.0157480314960629));
#6672=CARTESIAN_POINT('',(-0.120975242568938,0.119291338582679,-1.96693055543827E-16));
#6673=CARTESIAN_POINT('',(-0.124235251337874,0.135039370078742,0.0157480314960628));
#6674=CARTESIAN_POINT('Origin',(-0.120975242568938,0.119291338582679,0.0157480314960628));
#6675=CARTESIAN_POINT('',(-0.0470245911818093,0.135039370078742,0.0157480314960628));
#6676=CARTESIAN_POINT('',(2.60925631494858E-16,0.135039370078742,0.0157480314960629));
#6677=CARTESIAN_POINT('',(-0.050284599950745,0.119291338582679,-1.52983487645199E-16));
#6678=CARTESIAN_POINT('Origin',(-0.050284599950745,0.119291338582679,0.0157480314960629));
#6679=CARTESIAN_POINT('',(2.73218947466347E-16,0.119291338582679,-1.09273919746571E-16));
#6680=CARTESIAN_POINT('Origin',(2.73218947466347E-16,0.057588389676485,
-1.09273919746571E-16));
#6681=CARTESIAN_POINT('',(-0.0584820993052245,0.0796919119635146,-1.52983487645199E-16));
#6682=CARTESIAN_POINT('',(-0.0594743324597303,0.0748987595286221,-1.52983487645199E-16));
#6683=CARTESIAN_POINT('',(-0.112777743214458,0.07969191196352,-1.96693055543827E-16));
#6684=CARTESIAN_POINT('Origin',(-0.0856299212598408,0.085311797702995,-1.74838271594513E-16));
#6685=CARTESIAN_POINT('',(-0.113995523273935,0.0855746074073659,-1.96693055543827E-16));
#6686=CARTESIAN_POINT('Origin',(-0.0584820993052245,0.0796919119635146,
-1.52983487645199E-16));
#6687=CARTESIAN_POINT('',(-0.0470245911818095,0.135039370078741,0.0200787401574801));
#6688=CARTESIAN_POINT('',(-0.0470245911818093,0.135039370078742,-1.96693055543827E-16));
#6689=CARTESIAN_POINT('',(-0.0511811023622024,0.114960629921261,0.0200787401574802));
#6690=CARTESIAN_POINT('',(-0.0584820993052246,0.0796919119635146,0.0200787401574802));
#6691=CARTESIAN_POINT('',(-0.0584820993052246,0.0796919119635146,0.0200787401574801));
#6692=CARTESIAN_POINT('',(-0.0537800231091063,0.10240609750159,0.0200787401574802));
#6693=CARTESIAN_POINT('',(-0.0584820993052245,0.0796919119635146,-1.52983487645199E-16));
#6694=CARTESIAN_POINT('Origin',(2.60925631494858E-16,-0.119291338582677,
0.0157480314960629));
#6695=CARTESIAN_POINT('',(-0.120975242568934,-0.119291338582677,-1.96693055543827E-16));
#6696=CARTESIAN_POINT('Origin',(-0.120975242568934,-0.119291338582677,0.0157480314960628));
#6697=CARTESIAN_POINT('',(-0.0502845999507453,-0.119291338582677,-1.52983487645199E-16));
#6698=CARTESIAN_POINT('',(2.73218947466347E-16,-0.119291338582677,-1.09273919746571E-16));
#6699=CARTESIAN_POINT('Origin',(-0.0502845999507453,-0.119291338582677,
0.0157480314960629));
#6700=CARTESIAN_POINT('Origin',(2.73218947466347E-16,-0.13503937007874,
-6.55643518479423E-17));
#6701=CARTESIAN_POINT('',(-0.112777743214458,-0.0796919119635199,-1.96693055543827E-16));
#6702=CARTESIAN_POINT('',(-0.115953933597616,-0.0950350443710437,-1.96693055543827E-16));
#6703=CARTESIAN_POINT('',(-0.0584820993052245,-0.0796919119635146,-1.52983487645199E-16));
#6704=CARTESIAN_POINT('Origin',(-0.0856299212598408,-0.085311797702995,
-1.74838271594513E-16));
#6705=CARTESIAN_POINT('',(-0.046058414012635,-0.13970665460752,-1.09273919746571E-16));
#6706=CARTESIAN_POINT('Origin',(-0.112777743214458,-0.0796919119635199,
-1.96693055543827E-16));
#6707=CARTESIAN_POINT('',(-0.120078740157477,-0.11496062992126,0.0200787401574802));
#6708=CARTESIAN_POINT('',(-0.112777743214458,-0.0796919119635199,0.0200787401574801));
#6709=CARTESIAN_POINT('',(-0.112777743214458,-0.0796919119635199,0.0200787401574801));
#6710=CARTESIAN_POINT('',(-0.10826676921223,-0.0579008783497578,0.0200787401574801));
#6711=CARTESIAN_POINT('',(-0.112777743214458,-0.0796919119635199,-1.96693055543827E-16));
#6712=CARTESIAN_POINT('Origin',(0.0856299212598428,-0.0853117977029944,
-4.37095678986282E-17));
#6713=CARTESIAN_POINT('',(0.112777743214461,-0.0796919119635183,0.0200787401574802));
#6714=CARTESIAN_POINT('Origin',(0.0856299212598428,-0.0853117977029944,
0.0200787401574803));
#6715=CARTESIAN_POINT('',(0.112777743214461,-0.0796919119635183,-2.18547839493141E-17));
#6716=CARTESIAN_POINT('Origin',(-0.0856299212598408,-0.085311797702995,
-1.74838271594513E-16));
#6717=CARTESIAN_POINT('',(-0.0584820993052246,-0.0796919119635146,0.0200787401574801));
#6718=CARTESIAN_POINT('Origin',(-0.0856299212598408,-0.085311797702995,
0.0200787401574802));
#6719=CARTESIAN_POINT('',(-0.0584820993052245,-0.0796919119635146,-1.52983487645199E-16));
#6720=CARTESIAN_POINT('Origin',(-5.5294546350354E-11,4.92097216923281E-11,
0.0200787401574802));
#6721=CARTESIAN_POINT('',(-0.187007874015748,0.114960629921261,0.0200787401574801));
#6722=CARTESIAN_POINT('',(-0.12007874015748,0.114960629921261,0.0200787401574801));
#6723=CARTESIAN_POINT('',(2.57544969602699E-16,0.114960629921261,0.0200787401574802));
#6724=CARTESIAN_POINT('',(-0.187007874015748,0.135039370591643,0.02007874015748));
#6725=CARTESIAN_POINT('',(-0.187007874015748,2.46051992183202E-11,0.02007874015748));
#6726=CARTESIAN_POINT('',(-0.124235251337874,0.135039370078742,0.02007874015748));
#6727=CARTESIAN_POINT('',(-2.76471444026922E-11,0.135039370078742,0.0200787401574801));
#6728=CARTESIAN_POINT('',(-0.124235251337874,0.135039370078742,0.0200787401574801));
#6729=CARTESIAN_POINT('Origin',(-5.5294546350354E-11,4.92097216923281E-11,
0.0200787401574802));
#6730=CARTESIAN_POINT('',(0.187007874015748,0.114960629921261,0.0200787401574804));
#6731=CARTESIAN_POINT('',(2.57544969602699E-16,0.114960629921261,0.0200787401574802));
#6732=CARTESIAN_POINT('',(0.187007874015748,0.135039370078742,0.0200787401574803));
#6733=CARTESIAN_POINT('',(-2.76471444026922E-11,0.135039370078742,0.0200787401574801));
#6734=CARTESIAN_POINT('',(0.187007874015748,2.46051983646177E-11,0.0200787401574803));
#6735=CARTESIAN_POINT('Origin',(-5.5294546350354E-11,4.92097216923281E-11,
0.0200787401574802));
#6736=CARTESIAN_POINT('',(0.0511811023622046,0.114960629921261,0.0200787401574802));
#6737=CARTESIAN_POINT('',(2.57544969602699E-16,0.114960629921261,0.0200787401574802));
#6738=CARTESIAN_POINT('',(0.0470245911818124,0.135039370078741,0.0200787401574802));
#6739=CARTESIAN_POINT('',(-2.76471444026922E-11,0.135039370078742,0.0200787401574801));
#6740=CARTESIAN_POINT('',(0.0470245911818124,0.135039370078741,0.0200787401574802));
#6741=CARTESIAN_POINT('Origin',(-5.5294546350354E-11,4.92097216923281E-11,
0.0200787401574802));
#6742=CARTESIAN_POINT('',(-0.187007874015748,-0.11496062992126,0.0200787401574801));
#6743=CARTESIAN_POINT('',(2.57544969602699E-16,-0.11496062992126,0.0200787401574802));
#6744=CARTESIAN_POINT('',(-0.187007874015748,2.46051992183202E-11,0.02007874015748));
#6745=CARTESIAN_POINT('Origin',(-5.5294546350354E-11,4.92097216923281E-11,
0.0200787401574802));
#6746=CARTESIAN_POINT('',(-0.0511811023622026,-0.11496062992126,0.0200787401574802));
#6747=CARTESIAN_POINT('',(2.57544969602699E-16,-0.11496062992126,0.0200787401574802));
#6748=CARTESIAN_POINT('',(-0.0470245911818095,-0.135039370078741,0.0200787401574802));
#6749=CARTESIAN_POINT('Origin',(-0.124235251337874,0.135039370078742,-2.40402623442455E-16));
#6750=CARTESIAN_POINT('',(-0.112777743214458,0.07969191196352,0.0200787401574801));
#6751=CARTESIAN_POINT('',(-0.112777743214458,0.07969191196352,-1.96693055543827E-16));
#6752=CARTESIAN_POINT('',(-0.11968983262456,0.113081945380334,0.0200787401574801));
#6753=CARTESIAN_POINT('',(-0.124235251337874,0.135039370078742,-2.40402623442455E-16));
#6754=CARTESIAN_POINT('Origin',(-0.0856299212598408,0.085311797702995,-1.74838271594513E-16));
#6755=CARTESIAN_POINT('Origin',(-0.0856299212598408,0.085311797702995,0.0200787401574802));
#6756=CARTESIAN_POINT('Origin',(0.0470245911818124,0.135039370078741,-1.09273919746571E-16));
#6757=CARTESIAN_POINT('',(0.058482099305225,0.0796919119635183,0.0200787401574802));
#6758=CARTESIAN_POINT('',(0.0584820993052251,0.0796919119635183,-6.55643518479423E-17));
#6759=CARTESIAN_POINT('',(0.0480512690474017,0.130079826559203,0.0200787401574803));
#6760=CARTESIAN_POINT('',(0.0470245911818123,0.135039370078742,-1.09273919746571E-16));
#6761=CARTESIAN_POINT('Origin',(0.0856299212598428,0.0853117977029944,-4.37095678986282E-17));
#6762=CARTESIAN_POINT('Origin',(0.0856299212598428,0.0853117977029944,0.0200787401574803));
#6763=CARTESIAN_POINT('Origin',(0.124235251337873,-0.135039370078741,2.18547839493141E-17));
#6764=CARTESIAN_POINT('',(0.120078740157481,-0.11496062992126,0.0200787401574803));
#6765=CARTESIAN_POINT('',(0.113995523273938,-0.0855746074073668,0.0200787401574803));
#6766=CARTESIAN_POINT('',(0.124235251337873,-0.135039370078741,0.0200787401574803));
#6767=CARTESIAN_POINT('Origin',(-0.0470245911818095,-0.135039370078741,
-1.09273919746571E-16));
#6768=CARTESIAN_POINT('',(-0.053745578398023,-0.102572488586235,0.0200787401574802));
#6769=CARTESIAN_POINT('Origin',(-5.5294546350354E-11,4.92097216923281E-11,
0.0200787401574802));
#6770=CARTESIAN_POINT('',(0.187007874015748,-0.11496062992126,0.0200787401574804));
#6771=CARTESIAN_POINT('',(2.57544969602699E-16,-0.11496062992126,0.0200787401574802));
#6772=CARTESIAN_POINT('',(0.187007874015748,2.46051983646177E-11,0.0200787401574803));
#6773=CARTESIAN_POINT('Origin',(0.187007874015748,7.02991114270722E-16,
0.18793814790823));
#6774=CARTESIAN_POINT('',(0.187007874015748,-0.11496062992126,0.326377952755906));
#6775=CARTESIAN_POINT('',(0.187007874015748,-0.11496062992126,0.0200787401574804));
#6776=CARTESIAN_POINT('',(0.187007874015748,-0.111417322834646,0.32992125984252));
#6777=CARTESIAN_POINT('Origin',(0.187007874015748,-0.111417322834646,0.326377952755906));
#6778=CARTESIAN_POINT('',(0.187007874015748,-0.111417322834646,0.35));
#6779=CARTESIAN_POINT('',(0.187007874015748,-0.111417322834646,0.258929703875375));
#6780=CARTESIAN_POINT('Origin',(0.187007874015748,-0.111417322834646,0.326377952755906));
#6781=CARTESIAN_POINT('Origin',(2.57544969602699E-16,-0.0575883896764837,
0.0200787401574802));
#6782=CARTESIAN_POINT('',(2.57544969602699E-16,-0.11496062992126,0.0200787401574802));
#6783=CARTESIAN_POINT('Origin',(2.57544969602699E-16,-0.0575883896764837,
0.0200787401574802));
#6784=CARTESIAN_POINT('',(2.57544969602699E-16,-0.11496062992126,0.0200787401574802));
#6785=CARTESIAN_POINT('Origin',(-0.187007874015748,7.04698519266762E-16,
0.187938147908229));
#6786=CARTESIAN_POINT('',(-0.187007874015748,-0.111417322834646,0.35));
#6787=CARTESIAN_POINT('Origin',(-0.187007874015748,-0.111417322834646,0.326377952755905));
#6788=CARTESIAN_POINT('',(-0.187007874015748,-0.111417322834646,0.329921259842519));
#6789=CARTESIAN_POINT('',(-0.187007874015748,-0.111417322834646,0.268969073954114));
#6790=CARTESIAN_POINT('',(-0.187007874015748,-0.11496062992126,0.326377952755905));
#6791=CARTESIAN_POINT('Origin',(-0.187007874015748,-0.111417322834646,0.326377952755905));
#6792=CARTESIAN_POINT('',(-0.187007874015748,-0.11496062992126,0.0200787401574801));
#6793=CARTESIAN_POINT('Origin',(2.57544969602699E-16,0.114960629921261,
0.0200787401574802));
#6794=CARTESIAN_POINT('',(2.57544969602699E-16,0.114960629921261,0.0200787401574802));
#6795=CARTESIAN_POINT('Origin',(2.57544969602699E-16,0.114960629921261,
0.0200787401574802));
#6796=CARTESIAN_POINT('',(2.57544969602699E-16,0.114960629921261,0.0200787401574802));
#6797=CARTESIAN_POINT('Origin',(-0.187007874015748,7.04698519266762E-16,
0.187938147908229));
#6798=CARTESIAN_POINT('',(-0.187007874015748,0.114960629921261,0.326377952755905));
#6799=CARTESIAN_POINT('',(-0.187007874015748,0.114960629921261,0.326377952755905));
#6800=CARTESIAN_POINT('',(-0.187007874015748,0.111417322834647,0.329921259842519));
#6801=CARTESIAN_POINT('Origin',(-0.187007874015748,0.111417322834647,0.326377952755905));
#6802=CARTESIAN_POINT('',(-0.187007874015748,0.111417322834647,0.35));
#6803=CARTESIAN_POINT('',(-0.187007874015748,0.111417322834647,0.258929703875374));
#6804=CARTESIAN_POINT('',(-0.187007874015748,0.135039370078742,0.326377952755905));
#6805=CARTESIAN_POINT('Origin',(-0.187007874015748,0.111417322834647,0.326377952755905));
#6806=CARTESIAN_POINT('',(-0.187007874015748,0.135039370078742,-2.84112191341083E-16));
#6807=CARTESIAN_POINT('Origin',(0.0409680394269924,0.135039370078742,0.256438149287489));
#6808=CARTESIAN_POINT('',(0.0409680394269924,0.133070866141734,0.256438149287489));
#6809=CARTESIAN_POINT('',(0.0719840707986381,0.133070866141734,0.180349404882837));
#6810=CARTESIAN_POINT('',(0.0445233404833196,0.133070866141734,0.247716259948553));
#6811=CARTESIAN_POINT('',(0.0719840707986381,0.135039370078742,0.180349404882837));
#6812=CARTESIAN_POINT('',(0.0719840707986381,0.135039370078742,0.180349404882837));
#6813=CARTESIAN_POINT('',(0.0409680394269924,0.135039370078742,0.256438149287489));
#6814=CARTESIAN_POINT('',(0.0828680827138749,0.135039370078742,0.153648670969061));
#6815=CARTESIAN_POINT('',(0.0409680394269924,0.135039370078742,0.256438149287489));
#6816=CARTESIAN_POINT('Origin',(0.0719840707986381,0.135039370078742,0.180349404882837));
#6817=CARTESIAN_POINT('',(-0.0432629315029623,0.133070866141734,0.180349404882837));
#6818=CARTESIAN_POINT('',(0.0347625963383918,0.133070866141734,0.180349404882837));
#6819=CARTESIAN_POINT('',(-0.0432629315029623,0.135039370078742,0.180349404882837));
#6820=CARTESIAN_POINT('',(-0.0432629315029623,0.135039370078742,0.180349404882837));
#6821=CARTESIAN_POINT('',(0.0359920353993191,0.135039370078742,0.180349404882837));
#6822=CARTESIAN_POINT('Origin',(-0.0432629315029623,0.135039370078742,0.180349404882837));
#6823=CARTESIAN_POINT('',(-0.0494039226746667,0.133070866141734,0.195414527240245));
#6824=CARTESIAN_POINT('',(-0.0470050935087628,0.133070866141734,0.189529702805815));
#6825=CARTESIAN_POINT('',(-0.0494039226746667,0.135039370078742,0.195414527240245));
#6826=CARTESIAN_POINT('',(-0.0494039226746667,0.135039370078742,0.195414527240245));
#6827=CARTESIAN_POINT('',(-0.00866035127820748,0.135039370078742,0.0954621138263229));
#6828=CARTESIAN_POINT('Origin',(-0.0494039226746667,0.135039370078742,0.195414527240245));
#6829=CARTESIAN_POINT('',(0.0495744077645214,0.133070866141734,0.195414527240245));
#6830=CARTESIAN_POINT('',(-0.0259314003982607,0.133070866141734,0.195414527240245));
#6831=CARTESIAN_POINT('',(0.0495744077645214,0.135039370078742,0.195414527240245));
#6832=CARTESIAN_POINT('',(0.0495744077645214,0.135039370078742,0.195414527240245));
#6833=CARTESIAN_POINT('',(-0.0247019613373333,0.135039370078742,0.195414527240245));
#6834=CARTESIAN_POINT('Origin',(0.0495744077645214,0.135039370078742,0.195414527240245));
#6835=CARTESIAN_POINT('',(0.043277878836255,0.133070866141734,0.210861215906459));
#6836=CARTESIAN_POINT('',(0.0418512191839384,0.133070866141734,0.214361107312192));
#6837=CARTESIAN_POINT('',(0.043277878836255,0.135039370078742,0.210861215906459));
#6838=CARTESIAN_POINT('',(0.043277878836255,0.135039370078742,0.210861215906459));
#6839=CARTESIAN_POINT('',(0.0801959614144939,0.135039370078742,0.1202935183327));
#6840=CARTESIAN_POINT('Origin',(0.043277878836255,0.135039370078742,0.210861215906459));
#6841=CARTESIAN_POINT('',(-0.0557004516029331,0.133070866141734,0.210861215906459));
#6842=CARTESIAN_POINT('',(0.0204095003572002,0.133070866141734,0.210861215906459));
#6843=CARTESIAN_POINT('',(-0.0557004516029331,0.135039370078742,0.210861215906459));
#6844=CARTESIAN_POINT('',(-0.0557004516029331,0.135039370078742,0.210861215906459));
#6845=CARTESIAN_POINT('',(0.0216389394181276,0.135039370078742,0.210861215906459));
#6846=CARTESIAN_POINT('Origin',(-0.0557004516029331,0.135039370078742,0.210861215906459));
#6847=CARTESIAN_POINT('',(-0.0618414427746375,0.133070866141734,0.225926338263867));
#6848=CARTESIAN_POINT('',(-0.0532238535587482,0.133070866141734,0.204785608317627));
#6849=CARTESIAN_POINT('',(-0.0618414427746375,0.135039370078742,0.225926338263867));
#6850=CARTESIAN_POINT('',(-0.0618414427746375,0.135039370078742,0.225926338263867));
#6851=CARTESIAN_POINT('',(-0.0148791113281928,0.135039370078742,0.110718019338134));
#6852=CARTESIAN_POINT('Origin',(-0.0618414427746375,0.135039370078742,0.225926338263867));
#6853=CARTESIAN_POINT('',(0.0371368876645505,0.133070866141734,0.225926338263867));
#6854=CARTESIAN_POINT('',(-0.0321501604482461,0.133070866141734,0.225926338263867));
#6855=CARTESIAN_POINT('',(0.0371368876645505,0.135039370078742,0.225926338263867));
#6856=CARTESIAN_POINT('',(0.0371368876645505,0.135039370078742,0.225926338263867));
#6857=CARTESIAN_POINT('',(-0.0309207213873187,0.135039370078742,0.225926338263867));
#6858=CARTESIAN_POINT('Origin',(0.0371368876645505,0.135039370078742,0.225926338263867));
#6859=CARTESIAN_POINT('',(0.0308403587362841,0.133070866141734,0.241373026930082));
#6860=CARTESIAN_POINT('',(0.035632459133953,0.133070866141734,0.229617012824003));
#6861=CARTESIAN_POINT('',(0.0308403587362841,0.135039370078742,0.241373026930082));
#6862=CARTESIAN_POINT('',(0.0308403587362841,0.135039370078742,0.241373026930082));
#6863=CARTESIAN_POINT('',(0.0739772013645084,0.135039370078742,0.135549423844511));
#6864=CARTESIAN_POINT('Origin',(0.0308403587362841,0.135039370078742,0.241373026930082));
#6865=CARTESIAN_POINT('',(-0.0681379717029039,0.133070866141734,0.241373026930082));
#6866=CARTESIAN_POINT('',(0.0141907403072147,0.133070866141734,0.241373026930082));
#6867=CARTESIAN_POINT('',(-0.0681379717029039,0.135039370078742,0.241373026930082));
#6868=CARTESIAN_POINT('',(-0.0681379717029039,0.135039370078742,0.241373026930082));
#6869=CARTESIAN_POINT('',(0.0154201793681421,0.135039370078742,0.241373026930082));
#6870=CARTESIAN_POINT('Origin',(-0.0681379717029039,0.135039370078742,0.241373026930082));
#6871=CARTESIAN_POINT('',(-0.074278962874608,0.133070866141734,0.256438149287489));
#6872=CARTESIAN_POINT('',(-0.0594426136087336,0.133070866141734,0.220041513829438));
#6873=CARTESIAN_POINT('',(-0.074278962874608,0.135039370078742,0.256438149287489));
#6874=CARTESIAN_POINT('',(-0.074278962874608,0.135039370078742,0.256438149287489));
#6875=CARTESIAN_POINT('',(-0.0210978713781782,0.135039370078742,0.125973924849946));
#6876=CARTESIAN_POINT('Origin',(-0.074278962874608,0.135039370078742,0.256438149287489));
#6877=CARTESIAN_POINT('',(-0.0383689204982313,0.133070866141734,0.256438149287489));
#6878=CARTESIAN_POINT('',(-0.037139481437304,0.135039370078742,0.256438149287489));
#6879=CARTESIAN_POINT('Origin',(-0.0513759369797655,0.135039370078742,0.196740233778076));
#6880=CARTESIAN_POINT('',(-0.0513759369797655,0.133070866141734,0.196740233778076));
#6881=CARTESIAN_POINT('',(0.0476023934594226,0.133070866141734,0.196740233778076));
#6882=CARTESIAN_POINT('',(-0.0513759369797655,0.133070866141734,0.196740233778076));
#6883=CARTESIAN_POINT('',(-0.0513759369797655,0.135039370078742,0.196740233778076));
#6884=CARTESIAN_POINT('',(-0.0513759369797655,0.135039370078742,0.196740233778076));
#6885=CARTESIAN_POINT('',(0.0476023934594226,0.135039370078742,0.196740233778076));
#6886=CARTESIAN_POINT('',(-0.0256879684898826,0.135039370078742,0.196740233778076));
#6887=CARTESIAN_POINT('',(0.0476023934594226,0.135039370078742,0.196740233778076));
#6888=CARTESIAN_POINT('Origin',(0.0476023934594226,0.135039370078742,0.196740233778076));
#6889=CARTESIAN_POINT('',(0.0423866592239507,0.133070866141734,0.209535509368628));
#6890=CARTESIAN_POINT('',(0.0476023934594226,0.133070866141734,0.196740233778076));
#6891=CARTESIAN_POINT('',(0.0423866592239507,0.135039370078742,0.209535509368628));
#6892=CARTESIAN_POINT('',(0.0785961385992539,0.135039370078742,0.12070616211269));
#6893=CARTESIAN_POINT('',(0.0423866592239507,0.135039370078742,0.209535509368628));
#6894=CARTESIAN_POINT('Origin',(0.0423866592239507,0.135039370078742,0.209535509368628));
#6895=CARTESIAN_POINT('',(-0.0565916712152374,0.133070866141734,0.209535509368628));
#6896=CARTESIAN_POINT('',(0.0423866592239507,0.133070866141734,0.209535509368628));
#6897=CARTESIAN_POINT('',(-0.0565916712152374,0.135039370078742,0.209535509368628));
#6898=CARTESIAN_POINT('',(0.0211933296119754,0.135039370078742,0.209535509368628));
#6899=CARTESIAN_POINT('',(-0.0565916712152374,0.135039370078742,0.209535509368628));
#6900=CARTESIAN_POINT('Origin',(-0.0565916712152374,0.135039370078742,0.209535509368628));
#6901=CARTESIAN_POINT('',(-0.0638134570797363,0.133070866141734,0.227252044801699));
#6902=CARTESIAN_POINT('',(-0.0565916712152374,0.133070866141734,0.209535509368628));
#6903=CARTESIAN_POINT('',(-0.0638134570797363,0.135039370078742,0.227252044801699));
#6904=CARTESIAN_POINT('',(-0.0159385367970356,0.135039370078742,0.109804956580294));
#6905=CARTESIAN_POINT('',(-0.0638134570797363,0.135039370078742,0.227252044801699));
#6906=CARTESIAN_POINT('Origin',(-0.0638134570797363,0.135039370078742,0.227252044801699));
#6907=CARTESIAN_POINT('',(0.0351648733594517,0.133070866141734,0.227252044801699));
#6908=CARTESIAN_POINT('',(-0.0638134570797363,0.133070866141734,0.227252044801699));
#6909=CARTESIAN_POINT('',(0.0351648733594517,0.135039370078742,0.227252044801699));
#6910=CARTESIAN_POINT('',(-0.0319067285398681,0.135039370078742,0.227252044801699));
#6911=CARTESIAN_POINT('',(0.0351648733594517,0.135039370078742,0.227252044801699));
#6912=CARTESIAN_POINT('Origin',(0.0351648733594517,0.135039370078742,0.227252044801699));
#6913=CARTESIAN_POINT('',(0.0299491391239803,0.133070866141734,0.24004732039225));
#6914=CARTESIAN_POINT('',(0.0351648733594517,0.133070866141734,0.227252044801699));
#6915=CARTESIAN_POINT('',(0.0299491391239803,0.135039370078742,0.24004732039225));
#6916=CARTESIAN_POINT('',(0.0723773785492685,0.135039370078742,0.135962067624502));
#6917=CARTESIAN_POINT('',(0.0299491391239803,0.135039370078742,0.24004732039225));
#6918=CARTESIAN_POINT('Origin',(0.0299491391239803,0.135039370078742,0.24004732039225));
#6919=CARTESIAN_POINT('',(-0.069029191315208,0.133070866141734,0.24004732039225));
#6920=CARTESIAN_POINT('',(0.0299491391239803,0.133070866141734,0.24004732039225));
#6921=CARTESIAN_POINT('',(-0.069029191315208,0.135039370078742,0.24004732039225));
#6922=CARTESIAN_POINT('',(0.0149745695619902,0.135039370078742,0.24004732039225));
#6923=CARTESIAN_POINT('',(-0.069029191315208,0.135039370078742,0.24004732039225));
#6924=CARTESIAN_POINT('Origin',(-0.069029191315208,0.135039370078742,0.24004732039225));
#6925=CARTESIAN_POINT('',(-0.076250977179707,0.133070866141734,0.25776385582532));
#6926=CARTESIAN_POINT('',(-0.069029191315208,0.133070866141734,0.24004732039225));
#6927=CARTESIAN_POINT('',(-0.076250977179707,0.135039370078742,0.25776385582532));
#6928=CARTESIAN_POINT('',(-0.0221572968470209,0.135039370078742,0.125060862092105));
#6929=CARTESIAN_POINT('',(-0.076250977179707,0.135039370078742,0.25776385582532));
#6930=CARTESIAN_POINT('Origin',(-0.076250977179707,0.135039370078742,0.25776385582532));
#6931=CARTESIAN_POINT('',(0.0418592590407658,0.133070866141734,0.25776385582532));
#6932=CARTESIAN_POINT('',(-0.076250977179707,0.133070866141734,0.25776385582532));
#6933=CARTESIAN_POINT('',(0.0418592590407658,0.135039370078742,0.25776385582532));
#6934=CARTESIAN_POINT('',(-0.0381254885898534,0.135039370078742,0.25776385582532));
#6935=CARTESIAN_POINT('',(0.0418592590407658,0.135039370078742,0.25776385582532));
#6936=CARTESIAN_POINT('Origin',(0.0418592590407658,0.135039370078742,0.25776385582532));
#6937=CARTESIAN_POINT('',(0.073956085105206,0.133070866141734,0.179023698345005));
#6938=CARTESIAN_POINT('',(0.0418592590407658,0.133070866141734,0.25776385582532));
#6939=CARTESIAN_POINT('',(0.073956085105206,0.135039370078742,0.179023698345005));
#6940=CARTESIAN_POINT('',(0.083927508184082,0.135039370078742,0.154561733727158));
#6941=CARTESIAN_POINT('',(0.073956085105206,0.135039370078742,0.179023698345005));
#6942=CARTESIAN_POINT('Origin',(0.073956085105206,0.135039370078742,0.179023698345005));
#6943=CARTESIAN_POINT('',(-0.0441541511152665,0.133070866141734,0.179023698345005));
#6944=CARTESIAN_POINT('',(0.073956085105206,0.133070866141734,0.179023698345005));
#6945=CARTESIAN_POINT('',(-0.0441541511152665,0.135039370078742,0.179023698345005));
#6946=CARTESIAN_POINT('',(0.0369780425526031,0.135039370078742,0.179023698345005));
#6947=CARTESIAN_POINT('',(-0.0441541511152665,0.135039370078742,0.179023698345005));
#6948=CARTESIAN_POINT('Origin',(-0.0441541511152665,0.135039370078742,0.179023698345005));
#6949=CARTESIAN_POINT('',(-0.0441541511152665,0.133070866141734,0.179023698345005));
#6950=CARTESIAN_POINT('',(-0.00971977674704983,0.135039370078742,0.0945490510684826));
#6951=CARTESIAN_POINT('Origin',(-0.0024588781218546,0.133070866141734,0.218393777085163));
#6952=CARTESIAN_POINT('Origin',(2.73218947466347E-16,0.135039370078742,
-1.52983487645199E-16));
#6953=CARTESIAN_POINT('',(0.187007874015748,0.135039370078742,0.326377952755906));
#6954=CARTESIAN_POINT('',(1.8439973957234E-17,0.135039370078742,0.326377952755905));
#6955=CARTESIAN_POINT('',(0.187007874015748,0.135039370078742,2.18547839493141E-17));
#6956=CARTESIAN_POINT('Origin',(-0.187007874015748,-0.111417322834646,0.35));
#6957=CARTESIAN_POINT('',(-0.25,-0.111417322834646,0.35));
#6958=CARTESIAN_POINT('',(-0.25,-0.111417322834646,0.329921259842519));
#6959=CARTESIAN_POINT('',(-0.25,-0.111417322834646,0.329921259842519));
#6960=CARTESIAN_POINT('',(-0.187007874015748,-0.111417322834646,0.32992125984252));
#6961=CARTESIAN_POINT('',(-0.187007874015748,-0.111417322834646,0.35));
#6962=CARTESIAN_POINT('Origin',(-0.187007874015748,0.111417322834647,0.329921259842519));
#6963=CARTESIAN_POINT('',(-0.25,0.111417322834647,0.329921259842519));
#6964=CARTESIAN_POINT('',(-0.25,0.111417322834647,0.35));
#6965=CARTESIAN_POINT('',(-0.25,0.111417322834647,0.35));
#6966=CARTESIAN_POINT('',(-0.187007874015748,0.111417322834647,0.35));
#6967=CARTESIAN_POINT('',(-0.187007874015748,0.111417322834647,0.329921259842519));
#6968=CARTESIAN_POINT('Origin',(-0.25,6.78793198354286E-16,0.33996062992126));
#6969=CARTESIAN_POINT('',(-0.25,-0.111417322834646,0.35));
#6970=CARTESIAN_POINT('',(-0.25,0.111417322834647,0.329921259842519));
#6971=CARTESIAN_POINT('Origin',(0.187007874015748,-0.111417322834646,0.32992125984252));
#6972=CARTESIAN_POINT('',(0.25,-0.111417322834646,0.32992125984252));
#6973=CARTESIAN_POINT('',(0.25,-0.111417322834646,0.35));
#6974=CARTESIAN_POINT('',(0.25,-0.111417322834646,0.35));
#6975=CARTESIAN_POINT('',(0.187007874015748,-0.111417322834646,0.35));
#6976=CARTESIAN_POINT('',(0.187007874015748,-0.111417322834646,0.32992125984252));
#6977=CARTESIAN_POINT('Origin',(0.187007874015748,0.111417322834647,0.35));
#6978=CARTESIAN_POINT('',(0.25,0.111417322834647,0.35));
#6979=CARTESIAN_POINT('',(0.25,0.111417322834647,0.32992125984252));
#6980=CARTESIAN_POINT('',(0.25,0.111417322834647,0.32992125984252));
#6981=CARTESIAN_POINT('',(0.187007874015748,0.111417322834647,0.32992125984252));
#6982=CARTESIAN_POINT('',(0.187007874015748,0.111417322834647,0.32992125984252));
#6983=CARTESIAN_POINT('',(0.187007874015748,0.111417322834647,0.35));
#6984=CARTESIAN_POINT('',(0.187007874015748,0.111417322834647,0.268969073954115));
#6985=CARTESIAN_POINT('',(0.187007874015748,0.111417322834647,0.35));
#6986=CARTESIAN_POINT('Origin',(0.25,6.73308471122274E-16,0.33996062992126));
#6987=CARTESIAN_POINT('',(0.25,-0.111417322834646,0.32992125984252));
#6988=CARTESIAN_POINT('',(0.25,0.111417322834647,0.35));
#6989=CARTESIAN_POINT('Origin',(0.187007874015748,7.02991114270722E-16,
0.18793814790823));
#6990=CARTESIAN_POINT('Origin',(0.187007874015748,0.111417322834647,0.326377952755906));
#6991=CARTESIAN_POINT('',(0.187007874015748,0.114960629921261,0.326377952755906));
#6992=CARTESIAN_POINT('Origin',(0.187007874015748,0.111417322834647,0.326377952755906));
#6993=CARTESIAN_POINT('',(0.187007874015748,0.114960629921261,0.326377952755906));
#6994=CARTESIAN_POINT('Origin',(2.73218947466347E-16,0.135039370078742,
-1.52983487645199E-16));
#6995=CARTESIAN_POINT('Origin',(1.8439973957234E-17,0.111417322834647,0.326377952755905));
#6996=CARTESIAN_POINT('',(2.25901021263247E-31,0.111417322834647,0.35));
#6997=CARTESIAN_POINT('Origin',(2.25901021263247E-31,0.111417322834647,
0.35));
#6998=CARTESIAN_POINT('',(2.52800879081374E-31,-0.111417322834646,0.35));
#6999=CARTESIAN_POINT('Origin',(1.8439973957234E-17,-0.111417322834646,
0.326377952755905));
#7000=CARTESIAN_POINT('Origin',(1.8439973957234E-17,-0.13503937007874,0.326377952755905));
#7001=CARTESIAN_POINT('Origin',(2.57544969602699E-16,-0.11496062992126,
0.0200787401574802));
#7002=CARTESIAN_POINT('',(1.8439973957234E-17,-0.11496062992126,0.326377952755905));
#7003=CARTESIAN_POINT('Origin',(1.8439973957234E-17,-0.111417322834646,
0.326377952755905));
#7004=CARTESIAN_POINT('',(1.56739778636489E-17,-0.111417322834646,0.32992125984252));
#7005=CARTESIAN_POINT('Origin',(1.56739778636489E-17,-0.111417322834646,
0.32992125984252));
#7006=CARTESIAN_POINT('',(1.56739778636489E-17,0.111417322834647,0.32992125984252));
#7007=CARTESIAN_POINT('Origin',(1.8439973957234E-17,0.111417322834647,0.326377952755905));
#7008=CARTESIAN_POINT('',(1.8439973957234E-17,0.114960629921261,0.326377952755905));
#7009=CARTESIAN_POINT('Origin',(1.8439973957234E-17,0.114960629921261,0.326377952755905));
#7010=CARTESIAN_POINT('Origin',(-5.6539576827872E-17,-1.76812236605151E-14,
0.691141732283463));
#7011=CARTESIAN_POINT('',(0.105387788491703,0.0200787401574625,0.699999999999999));
#7012=CARTESIAN_POINT('',(0.123376838157283,0.0200787401574629,0.682283464566928));
#7013=CARTESIAN_POINT('Ctrl Pts',(0.105387788491703,0.0200787401574625,
0.699999999999999));
#7014=CARTESIAN_POINT('Ctrl Pts',(0.113696290243994,0.0200787401574627,
0.691838307712301));
#7015=CARTESIAN_POINT('Ctrl Pts',(0.123376838157283,0.0200787401574629,
0.682283464566928));
#7016=CARTESIAN_POINT('',(0.123376838157283,-0.0200787401574977,0.682283464566927));
#7017=CARTESIAN_POINT('Origin',(-5.55561115501529E-17,-1.74546058693664E-14,
0.682283464566927));
#7018=CARTESIAN_POINT('',(0.105387788491703,-0.0200787401574982,0.699999999999998));
#7019=CARTESIAN_POINT('Ctrl Pts',(0.123376838157283,-0.0200787401574977,
0.682283464566927));
#7020=CARTESIAN_POINT('Ctrl Pts',(0.113696290243994,-0.020078740157498,
0.691838307712299));
#7021=CARTESIAN_POINT('Ctrl Pts',(0.105387788491703,-0.0200787401574982,
0.699999999999998));
#7022=CARTESIAN_POINT('Origin',(-5.75230421055911E-17,-1.79078414516639E-14,
0.699999999999998));
#7023=CARTESIAN_POINT('Origin',(0.0162673475892673,-1.79028065686701E-14,
0.699999999999998));
#7024=CARTESIAN_POINT('',(0.0970472440944881,-0.0200787401574982,0.699999999999998));
#7025=CARTESIAN_POINT('',(0.123376838157283,-0.0200787401574982,0.699999999999998));
#7026=CARTESIAN_POINT('',(0.0970472440944881,0.0200787401574624,0.699999999999999));
#7027=CARTESIAN_POINT('',(0.0970472440944881,-0.0200787401574982,0.699999999999998));
#7028=CARTESIAN_POINT('',(0.0970472440944881,0.0200787401574624,0.699999999999999));
#7029=CARTESIAN_POINT('',(-0.0846456692913386,-1.79546230902153E-14,0.699999999999998));
#7030=CARTESIAN_POINT('Origin',(-5.75230421055911E-17,-1.79078414516639E-14,
0.699999999999998));
#7031=CARTESIAN_POINT('Origin',(0.0970472440944882,-0.0200787401574892,
0.349999999999998));
#7032=CARTESIAN_POINT('',(0.123376838157283,-0.0200787401574892,0.349999999999998));
#7033=CARTESIAN_POINT('',(0.123376838157283,-0.0200787401574892,0.349999999999998));
#7034=CARTESIAN_POINT('',(0.0970472440944882,-0.0200787401574892,0.349999999999998));
#7035=CARTESIAN_POINT('',(0.123376838157283,-0.0200787401574892,0.349999999999998));
#7036=CARTESIAN_POINT('',(0.0970472440944882,-0.0200787401574892,0.349999999999998));
#7037=CARTESIAN_POINT('Origin',(-1.86652362437106E-17,-8.95392072583191E-15,
0.349999999999998));
#7038=CARTESIAN_POINT('',(-0.0846456692913386,-9.00070236438339E-15,0.349999999999998));
#7039=CARTESIAN_POINT('Origin',(-1.86652362437106E-17,-8.95392072583191E-15,
0.349999999999998));
#7040=CARTESIAN_POINT('',(-0.0846456692913386,-9.00070236438339E-15,0.349999999999998));
#7041=CARTESIAN_POINT('Origin',(0.123376838157283,0.0200787401574714,0.349999999999999));
#7042=CARTESIAN_POINT('',(0.0970472440944881,0.0200787401574714,0.349999999999999));
#7043=CARTESIAN_POINT('',(0.0970472440944881,0.0200787401574714,0.349999999999999));
#7044=CARTESIAN_POINT('',(0.123376838157283,0.0200787401574714,0.349999999999999));
#7045=CARTESIAN_POINT('',(0.0970472440944881,0.0200787401574714,0.349999999999999));
#7046=CARTESIAN_POINT('',(0.123376838157283,0.0200787401574714,0.349999999999999));
#7047=CARTESIAN_POINT('Origin',(0.0970472440944881,0.0200787401574714,0.349999999999999));
#7048=CARTESIAN_POINT('',(0.0970472440944882,-0.0200787401574892,0.349999999999998));
#7049=CARTESIAN_POINT('Origin',(-1.86652362437106E-17,-8.95392072583191E-15,
0.349999999999998));
#7050=CARTESIAN_POINT('Origin',(-1.86652362437106E-17,-8.95392072583191E-15,
0.349999999999998));
#7051=CARTESIAN_POINT('Origin',(0.0162673475892673,-8.94888584283812E-15,
0.349999999999998));
#7052=CARTESIAN_POINT('Origin',(-0.134111583556941,3.93802967052692E-17,
1.23384504711026));
#7053=CARTESIAN_POINT('',(-0.133451205654764,0.0647216479708116,1.23036529062204));
#7054=CARTESIAN_POINT('Origin',(-0.133451205654764,3.9186384464167E-17,
1.23036529062204));
#7055=CARTESIAN_POINT('',(-0.134771961459116,0.0578372309195703,1.23732480359848));
#7056=CARTESIAN_POINT('',(-0.13411158355694,0.0612794394451909,1.23384504711026));
#7057=CARTESIAN_POINT('Origin',(-0.134771961459117,3.95742089463714E-17,
1.23732480359848));
#7058=CARTESIAN_POINT('Origin',(-6.4139603142319E-17,-1.44515826393942E-31,
0.527165354330707));
#7059=CARTESIAN_POINT('',(-0.0127778007502352,0.0462475174073375,0.594495946283197));
#7060=CARTESIAN_POINT('',(3.83225629655457E-17,0.0442913385826772,0.527165354330707));
#7061=CARTESIAN_POINT('',(-0.0127778007502354,-0.0462475174073375,0.594495946283197));
#7062=CARTESIAN_POINT('Origin',(-0.0127778007502353,3.75205162327692E-18,
0.594495946283197));
#7063=CARTESIAN_POINT('Origin',(-0.0127778007502353,3.75205162327692E-18,
0.594495946283197));
#7064=CARTESIAN_POINT('Origin',(-0.134771961459117,3.95742089463714E-17,
1.23732480359848));
#7065=CARTESIAN_POINT('Origin',(-6.4139603142319E-17,-1.44515826393942E-31,
0.527165354330707));
#7066=CARTESIAN_POINT('',(0.0154150936309446,-4.07233008807782E-17,0.445937966342563));
#7067=CARTESIAN_POINT('Origin',(-6.4139603142319E-17,-1.44515826393942E-31,
0.527165354330707));
#7068=CARTESIAN_POINT('Origin',(-0.0163115974429434,0.0413115974429434,
-0.0236220472440945));
#7069=CARTESIAN_POINT('',(-0.0274471373041489,0.0413115974429434,-0.0347575871053));
#7070=CARTESIAN_POINT('',(-0.0163115974429434,0.0413115974429434,-0.0393700787401575));
#7071=CARTESIAN_POINT('Origin',(-0.0163115974429434,0.0413115974429434,
-0.0236220472440945));
#7072=CARTESIAN_POINT('',(-0.0163115974429434,0.0524471373041488,-0.0347575871053));
#7073=CARTESIAN_POINT('Origin',(-0.0163115974429434,0.0413115974429434,
-0.0236220472440945));
#7074=CARTESIAN_POINT('Origin',(-0.0163115974429434,0.0413115974429434,
-0.0236220472440945));
#7075=CARTESIAN_POINT('Origin',(-0.0340461230321622,0.0590461230321622,
-0.00588752165487566));
#7076=CARTESIAN_POINT('',(-0.0622047244094488,0.0760691845482433,-1.9120816538648E-17));
#7077=CARTESIAN_POINT('',(-0.0510691845482433,0.0872047244094488,-1.56979155167994E-17));
#7078=CARTESIAN_POINT('Origin',(-0.0399336446870379,0.0649336446870379,
-1.29579764933669E-17));
#7079=CARTESIAN_POINT('',(-0.0340461230321622,0.0701816628933677,-0.0170230615160811));
#7080=CARTESIAN_POINT('',(-0.0451816628933677,0.0590461230321622,-0.0170230615160811));
#7081=CARTESIAN_POINT('Origin',(-0.0163115974429434,-0.0413115974429434,
-0.0236220472440945));
#7082=CARTESIAN_POINT('',(-0.0163115974429434,-0.0524471373041489,-0.0347575871053));
#7083=CARTESIAN_POINT('',(-0.0163115974429434,-0.0413115974429434,-0.0393700787401575));
#7084=CARTESIAN_POINT('Origin',(-0.0163115974429434,-0.0413115974429434,
-0.0236220472440945));
#7085=CARTESIAN_POINT('',(-0.0274471373041489,-0.0413115974429434,-0.0347575871053));
#7086=CARTESIAN_POINT('Origin',(-0.0163115974429434,-0.0413115974429434,
-0.0236220472440945));
#7087=CARTESIAN_POINT('Origin',(-0.0163115974429434,-0.0413115974429434,
-0.0236220472440945));
#7088=CARTESIAN_POINT('Origin',(-0.0257127896988289,-0.0507127896988289,
-0.014220854988209));
#7089=CARTESIAN_POINT('',(-0.0510691845482434,-0.0872047244094488,-1.56979155167995E-17));
#7090=CARTESIAN_POINT('',(-0.0622047244094489,-0.0760691845482434,-1.9120816538648E-17));
#7091=CARTESIAN_POINT('Origin',(-0.0399336446870379,-0.0649336446870379,
-1.22750144949509E-17));
#7092=CARTESIAN_POINT('',(-0.0368483295600344,-0.0507127896988289,-0.0253563948494145));
#7093=CARTESIAN_POINT('',(-0.0257127896988289,-0.0618483295600344,-0.0253563948494145));
#7094=CARTESIAN_POINT('Origin',(-0.0163115974429434,0.0436023622047244,
-0.0236220472440945));
#7095=CARTESIAN_POINT('',(-0.0274471373041489,0.0436023622047244,-0.0347575871053));
#7096=CARTESIAN_POINT('',(-0.0163115974429434,0.0436023622047244,-0.0393700787401575));
#7097=CARTESIAN_POINT('Origin',(0.0163115974429434,0.0413115974429433,-0.0236220472440945));
#7098=CARTESIAN_POINT('',(0.0163115974429434,0.0524471373041488,-0.0347575871053));
#7099=CARTESIAN_POINT('',(0.0163115974429434,0.0413115974429433,-0.0393700787401575));
#7100=CARTESIAN_POINT('Origin',(0.0163115974429434,0.0413115974429433,-0.0236220472440945));
#7101=CARTESIAN_POINT('',(0.0274471373041489,0.0413115974429433,-0.0347575871052999));
#7102=CARTESIAN_POINT('Origin',(0.0163115974429434,0.0413115974429433,-0.0236220472440945));
#7103=CARTESIAN_POINT('Origin',(0.0163115974429434,0.0413115974429433,-0.0236220472440945));
#7104=CARTESIAN_POINT('Origin',(0.0257127896988289,0.0507127896988289,-0.014220854988209));
#7105=CARTESIAN_POINT('',(0.0510691845482434,0.0872047244094488,1.56979155167995E-17));
#7106=CARTESIAN_POINT('',(0.0622047244094488,0.0760691845482433,1.9120816538648E-17));
#7107=CARTESIAN_POINT('Origin',(0.0399336446870379,0.0649336446870378,1.22750144949509E-17));
#7108=CARTESIAN_POINT('',(0.0368483295600344,0.0507127896988288,-0.0253563948494144));
#7109=CARTESIAN_POINT('',(0.0257127896988289,0.0618483295600343,-0.0253563948494144));
#7110=CARTESIAN_POINT('Origin',(0.0163115974429434,-0.0413115974429434,
-0.0236220472440945));
#7111=CARTESIAN_POINT('',(0.0274471373041489,-0.0413115974429434,-0.0347575871052999));
#7112=CARTESIAN_POINT('',(0.0163115974429434,-0.0413115974429434,-0.0393700787401575));
#7113=CARTESIAN_POINT('Origin',(0.0163115974429434,-0.0413115974429434,
-0.0236220472440945));
#7114=CARTESIAN_POINT('',(0.0163115974429434,-0.0524471373041489,-0.0347575871053));
#7115=CARTESIAN_POINT('Origin',(0.0163115974429434,-0.0413115974429434,
-0.0236220472440945));
#7116=CARTESIAN_POINT('Origin',(0.0163115974429434,-0.0413115974429434,
-0.0236220472440945));
#7117=CARTESIAN_POINT('Origin',(0.0340461230321622,-0.0590461230321623,
-0.00588752165487564));
#7118=CARTESIAN_POINT('',(0.0622047244094488,-0.0760691845482434,1.9120816538648E-17));
#7119=CARTESIAN_POINT('',(0.0510691845482433,-0.0872047244094489,1.56979155167994E-17));
#7120=CARTESIAN_POINT('Origin',(0.0399336446870378,-0.0649336446870379,
1.22750144949509E-17));
#7121=CARTESIAN_POINT('',(0.0340461230321622,-0.0701816628933677,-0.0170230615160811));
#7122=CARTESIAN_POINT('',(0.0451816628933677,-0.0590461230321623,-0.0170230615160811));
#7123=CARTESIAN_POINT('Origin',(-0.0311023622047244,-0.0413115974429434,
-0.0236220472440945));
#7124=CARTESIAN_POINT('',(-0.0311023622047244,-0.0524471373041489,-0.0347575871053));
#7125=CARTESIAN_POINT('',(-0.0311023622047244,-0.0413115974429434,-0.0393700787401575));
#7126=CARTESIAN_POINT('Origin',(0.0163115974429434,-0.0436023622047245,
-0.0236220472440945));
#7127=CARTESIAN_POINT('',(0.0274471373041489,-0.0436023622047245,-0.0347575871052999));
#7128=CARTESIAN_POINT('',(0.0163115974429434,-0.0436023622047245,-0.0393700787401575));
#7129=CARTESIAN_POINT('Origin',(0.0311023622047244,0.0413115974429433,-0.0236220472440945));
#7130=CARTESIAN_POINT('',(0.0311023622047244,0.0524471373041488,-0.0347575871052999));
#7131=CARTESIAN_POINT('',(0.0311023622047244,0.0413115974429433,-0.0393700787401575));
#7132=CARTESIAN_POINT('Origin',(-0.0622047244094488,0.0872047244094488,
-1.9120816538648E-17));
#7133=CARTESIAN_POINT('',(-0.0622047244094488,0.0872047244094488,-1.9120816538648E-17));
#7134=CARTESIAN_POINT('Origin',(-0.0622047244094489,-0.0872047244094488,
-1.9120816538648E-17));
#7135=CARTESIAN_POINT('',(-0.0622047244094489,-0.0872047244094488,-1.9120816538648E-17));
#7136=CARTESIAN_POINT('Origin',(-7.03836012098641E-33,-3.86413178126308E-17,
7.6375544088851E-33));
#7137=CARTESIAN_POINT('',(0.0622047244094488,-0.0872047244094489,1.9120816538648E-17));
#7138=CARTESIAN_POINT('',(0.0622047244094488,0.0872047244094488,1.9120816538648E-17));
#7139=CARTESIAN_POINT('Origin',(-1.52166973172452E-17,-3.40307963508274E-17,
-0.0393700787401575));
#7140=CARTESIAN_POINT('',(-0.0149606299212598,0.0399606299212598,-0.0393700787401575));
#7141=CARTESIAN_POINT('',(0.0149606299212599,0.0399606299212598,-0.0393700787401575));
#7142=CARTESIAN_POINT('',(0.00748031496062994,0.0399606299212598,-0.0393700787401575));
#7143=CARTESIAN_POINT('',(-0.0149606299212598,-0.0399606299212599,-0.0393700787401575));
#7144=CARTESIAN_POINT('',(-0.0149606299212598,0.0199803149606299,-0.0393700787401575));
#7145=CARTESIAN_POINT('',(0.0149606299212598,-0.0399606299212599,-0.0393700787401575));
#7146=CARTESIAN_POINT('',(-0.00748031496062993,-0.0399606299212599,-0.0393700787401575));
#7147=CARTESIAN_POINT('',(0.0149606299212598,-0.01998031496063,-0.0393700787401575));
#7148=CARTESIAN_POINT('Origin',(0.0622047244094488,-0.0872047244094489,
1.9120816538648E-17));
#7149=CARTESIAN_POINT('Origin',(0.0622047244094488,0.0872047244094488,1.9120816538648E-17));
#7150=CARTESIAN_POINT('Origin',(0.0149606299212599,0.0399606299212598,4.59867739537106E-18));
#7151=CARTESIAN_POINT('',(0.0149606299212599,0.0399606299212598,-0.124409448818898));
#7152=CARTESIAN_POINT('',(0.0149606299212599,0.0399606299212598,4.59867739537106E-18));
#7153=CARTESIAN_POINT('',(-0.0149606299212598,0.0399606299212598,-0.124409448818898));
#7154=CARTESIAN_POINT('',(0.00748031496062998,0.0399606299212598,-0.124409448818898));
#7155=CARTESIAN_POINT('',(-0.0149606299212598,0.0399606299212598,-4.59867739537103E-18));
#7156=CARTESIAN_POINT('Origin',(0.0149606299212598,-0.0399606299212599,
4.59867739537104E-18));
#7157=CARTESIAN_POINT('',(0.0149606299212599,-0.0399606299212599,-0.124409448818898));
#7158=CARTESIAN_POINT('',(0.0149606299212598,-0.0399606299212599,4.59867739537104E-18));
#7159=CARTESIAN_POINT('',(0.0149606299212599,-0.00846456692913389,-0.155905511811024));
#7160=CARTESIAN_POINT('Origin',(0.0149606299212599,-0.00846456692913389,
-0.124409448818898));
#7161=CARTESIAN_POINT('',(0.0149606299212599,0.0084645669291338,-0.155905511811024));
#7162=CARTESIAN_POINT('',(0.0149606299212599,0.0399606299212598,-0.155905511811024));
#7163=CARTESIAN_POINT('Origin',(0.0149606299212599,0.0084645669291338,-0.124409448818898));
#7164=CARTESIAN_POINT('',(0.0149606299212599,0.0234251968503937,-0.108661417322835));
#7165=CARTESIAN_POINT('',(0.0149606299212599,-0.0234251968503937,-0.108661417322835));
#7166=CARTESIAN_POINT('Origin',(0.0149606299212599,-4.64345862723083E-17,
-0.108661417322835));
#7167=CARTESIAN_POINT('',(0.0149606299212599,-0.0234251968503938,-0.0775590551181102));
#7168=CARTESIAN_POINT('',(0.0149606299212598,-0.0234251968503938,-0.0387795275590551));
#7169=CARTESIAN_POINT('',(0.0149606299212599,0.0234251968503936,-0.0775590551181103));
#7170=CARTESIAN_POINT('Origin',(0.0149606299212599,-5.73619782469654E-17,
-0.0775590551181102));
#7171=CARTESIAN_POINT('',(0.0149606299212599,0.0234251968503936,-0.0543307086614173));
#7172=CARTESIAN_POINT('Origin',(-0.00748031496062989,-0.00846456692913389,
-0.124409448818898));
#7173=CARTESIAN_POINT('',(-0.0149606299212598,-0.0399606299212599,-0.124409448818898));
#7174=CARTESIAN_POINT('',(-0.00748031496062989,-0.0399606299212599,-0.124409448818898));
#7175=CARTESIAN_POINT('',(-0.0149606299212598,-0.00846456692913389,-0.155905511811024));
#7176=CARTESIAN_POINT('Origin',(-0.0149606299212598,-0.00846456692913389,
-0.124409448818898));
#7177=CARTESIAN_POINT('',(-0.00748031496062988,-0.00846456692913389,-0.155905511811024));
#7178=CARTESIAN_POINT('Origin',(4.7923059172814E-17,-3.91222174146436E-17,
-0.155905511811024));
#7179=CARTESIAN_POINT('',(-0.0149606299212598,0.00846456692913381,-0.155905511811024));
#7180=CARTESIAN_POINT('',(-0.0149606299212598,-0.0399606299212599,-0.155905511811024));
#7181=CARTESIAN_POINT('',(0.00748031496062997,0.0084645669291338,-0.155905511811024));
#7182=CARTESIAN_POINT('Origin',(0.00748031496062997,0.0084645669291338,
-0.124409448818898));
#7183=CARTESIAN_POINT('Origin',(-0.0149606299212598,0.00846456692913381,
-0.124409448818898));
#7184=CARTESIAN_POINT('Origin',(0.2,-9.10661528687983E-17,-0.0775590551181102));
#7185=CARTESIAN_POINT('',(-0.0149606299212598,-0.0234251968503937,-0.0775590551181102));
#7186=CARTESIAN_POINT('',(0.2,-0.0234251968503938,-0.0775590551181102));
#7187=CARTESIAN_POINT('',(-0.0149606299212598,0.0234251968503936,-0.0775590551181103));
#7188=CARTESIAN_POINT('Origin',(-0.0149606299212598,-5.19119414996051E-17,
-0.0775590551181102));
#7189=CARTESIAN_POINT('',(0.2,0.0234251968503936,-0.0775590551181102));
#7190=CARTESIAN_POINT('Origin',(0.2,0.0234251968503936,-0.108661417322835));
#7191=CARTESIAN_POINT('',(-0.0149606299212598,0.0234251968503937,-0.108661417322835));
#7192=CARTESIAN_POINT('',(-0.0149606299212598,0.0234251968503936,-0.0543307086614173));
#7193=CARTESIAN_POINT('',(0.2,0.0234251968503936,-0.108661417322835));
#7194=CARTESIAN_POINT('Origin',(0.2,-0.0234251968503938,-0.0775590551181102));
#7195=CARTESIAN_POINT('',(-0.0149606299212598,-0.0234251968503937,-0.108661417322835));
#7196=CARTESIAN_POINT('',(0.2,-0.0234251968503938,-0.108661417322835));
#7197=CARTESIAN_POINT('',(-0.0149606299212599,-0.0234251968503938,-0.0387795275590551));
#7198=CARTESIAN_POINT('Origin',(0.2,-8.01387608941412E-17,-0.108661417322835));
#7199=CARTESIAN_POINT('Origin',(-0.0149606299212598,-4.09845495249481E-17,
-0.108661417322835));
#7200=CARTESIAN_POINT('Origin',(-0.0149606299212598,0.0399606299212598,
-4.59867739537103E-18));
#7201=CARTESIAN_POINT('',(-0.0149606299212599,-0.0399606299212599,-4.59867739537104E-18));
#7202=CARTESIAN_POINT('Origin',(-0.0149606299212599,-0.0399606299212599,
-4.59867739537104E-18));
#7203=CARTESIAN_POINT('Origin',(0.168727772635797,0.0413115974429433,-0.0236220472440944));
#7204=CARTESIAN_POINT('',(0.157592232774591,0.0413115974429434,-0.0347575871052999));
#7205=CARTESIAN_POINT('',(0.168727772635797,0.0413115974429433,-0.0393700787401574));
#7206=CARTESIAN_POINT('Origin',(0.168727772635797,0.0413115974429433,-0.0236220472440944));
#7207=CARTESIAN_POINT('',(0.168727772635797,0.0524471373041488,-0.0347575871052999));
#7208=CARTESIAN_POINT('Origin',(0.168727772635797,0.0413115974429433,-0.0236220472440944));
#7209=CARTESIAN_POINT('Origin',(0.168727772635797,0.0413115974429433,-0.0236220472440944));
#7210=CARTESIAN_POINT('Origin',(0.150993247046578,0.0590461230321622,-0.0058875216548756));
#7211=CARTESIAN_POINT('',(0.122834645669291,0.0760691845482433,3.77575617725202E-17));
#7212=CARTESIAN_POINT('',(0.133970185530497,0.0872047244094488,4.11804627943688E-17));
#7213=CARTESIAN_POINT('Origin',(0.145105725391702,0.0649336446870378,4.39204018178013E-17));
#7214=CARTESIAN_POINT('',(0.150993247046578,0.0701816628933676,-0.0170230615160811));
#7215=CARTESIAN_POINT('',(0.139857707185372,0.0590461230321622,-0.0170230615160811));
#7216=CARTESIAN_POINT('Origin',(0.168727772635797,-0.0413115974429435,-0.0236220472440944));
#7217=CARTESIAN_POINT('',(0.168727772635797,-0.0524471373041489,-0.0347575871052999));
#7218=CARTESIAN_POINT('',(0.168727772635797,-0.0413115974429435,-0.0393700787401574));
#7219=CARTESIAN_POINT('Origin',(0.168727772635797,-0.0413115974429435,-0.0236220472440944));
#7220=CARTESIAN_POINT('',(0.157592232774591,-0.0413115974429435,-0.0347575871052999));
#7221=CARTESIAN_POINT('Origin',(0.168727772635797,-0.0413115974429435,-0.0236220472440944));
#7222=CARTESIAN_POINT('Origin',(0.168727772635797,-0.0413115974429435,-0.0236220472440944));
#7223=CARTESIAN_POINT('Origin',(0.159326580379911,-0.050712789698829,-0.0142208549882089));
#7224=CARTESIAN_POINT('',(0.133970185530497,-0.0872047244094489,4.11804627943687E-17));
#7225=CARTESIAN_POINT('',(0.122834645669291,-0.0760691845482434,3.77575617725201E-17));
#7226=CARTESIAN_POINT('Origin',(0.145105725391702,-0.0649336446870379,4.73352118098816E-17));
#7227=CARTESIAN_POINT('',(0.148191040518706,-0.050712789698829,-0.0253563948494144));
#7228=CARTESIAN_POINT('',(0.159326580379911,-0.0618483295600344,-0.0253563948494144));
#7229=CARTESIAN_POINT('Origin',(0.168727772635797,0.0436023622047243,-0.0236220472440944));
#7230=CARTESIAN_POINT('',(0.157592232774591,0.0436023622047243,-0.0347575871052999));
#7231=CARTESIAN_POINT('',(0.168727772635797,0.0436023622047243,-0.0393700787401574));
#7232=CARTESIAN_POINT('Origin',(0.201350967521684,0.0413115974429433,-0.0236220472440944));
#7233=CARTESIAN_POINT('',(0.201350967521684,0.0524471373041488,-0.0347575871052999));
#7234=CARTESIAN_POINT('',(0.201350967521684,0.0413115974429433,-0.0393700787401574));
#7235=CARTESIAN_POINT('Origin',(0.201350967521684,0.0413115974429433,-0.0236220472440944));
#7236=CARTESIAN_POINT('',(0.212486507382889,0.0413115974429433,-0.0347575871052999));
#7237=CARTESIAN_POINT('Origin',(0.201350967521684,0.0413115974429433,-0.0236220472440944));
#7238=CARTESIAN_POINT('Origin',(0.201350967521684,0.0413115974429433,-0.0236220472440944));
#7239=CARTESIAN_POINT('Origin',(0.210752159777569,0.0507127896988288,-0.0142208549882089));
#7240=CARTESIAN_POINT('',(0.236108554626984,0.0872047244094487,7.25762938279676E-17));
#7241=CARTESIAN_POINT('',(0.247244094488189,0.0760691845482432,7.59991948498162E-17));
#7242=CARTESIAN_POINT('Origin',(0.224973014765778,0.0649336446870378,6.9153392806119E-17));
#7243=CARTESIAN_POINT('',(0.221887699638775,0.0507127896988288,-0.0253563948494144));
#7244=CARTESIAN_POINT('',(0.210752159777569,0.0618483295600343,-0.0253563948494144));
#7245=CARTESIAN_POINT('Origin',(0.201350967521684,-0.0413115974429435,-0.0236220472440944));
#7246=CARTESIAN_POINT('',(0.212486507382889,-0.0413115974429435,-0.0347575871052999));
#7247=CARTESIAN_POINT('',(0.201350967521684,-0.0413115974429435,-0.0393700787401574));
#7248=CARTESIAN_POINT('Origin',(0.201350967521684,-0.0413115974429435,-0.0236220472440944));
#7249=CARTESIAN_POINT('',(0.201350967521684,-0.0524471373041489,-0.0347575871052999));
#7250=CARTESIAN_POINT('Origin',(0.201350967521684,-0.0413115974429435,-0.0236220472440944));
#7251=CARTESIAN_POINT('Origin',(0.201350967521684,-0.0413115974429435,-0.0236220472440944));
#7252=CARTESIAN_POINT('Origin',(0.219085493110902,-0.0590461230321623,-0.00588752165487559));
#7253=CARTESIAN_POINT('',(0.247244094488189,-0.0760691845482435,7.59991948498162E-17));
#7254=CARTESIAN_POINT('',(0.236108554626983,-0.0872047244094489,7.25762938279676E-17));
#7255=CARTESIAN_POINT('Origin',(0.224973014765778,-0.064933644687038,6.9153392806119E-17));
#7256=CARTESIAN_POINT('',(0.219085493110902,-0.0701816628933678,-0.0170230615160811));
#7257=CARTESIAN_POINT('',(0.230221032972108,-0.0590461230321623,-0.0170230615160811));
#7258=CARTESIAN_POINT('Origin',(0.153937007874016,-0.0413115974429435,-0.0236220472440944));
#7259=CARTESIAN_POINT('',(0.153937007874016,-0.0524471373041489,-0.0347575871052999));
#7260=CARTESIAN_POINT('',(0.153937007874016,-0.0413115974429435,-0.0393700787401574));
#7261=CARTESIAN_POINT('Origin',(0.201350967521684,-0.0436023622047245,-0.0236220472440944));
#7262=CARTESIAN_POINT('',(0.212486507382889,-0.0436023622047245,-0.0347575871052999));
#7263=CARTESIAN_POINT('',(0.201350967521684,-0.0436023622047245,-0.0393700787401574));
#7264=CARTESIAN_POINT('Origin',(0.216141732283465,0.0413115974429433,-0.0236220472440944));
#7265=CARTESIAN_POINT('',(0.216141732283465,0.0524471373041488,-0.0347575871052999));
#7266=CARTESIAN_POINT('',(0.216141732283465,0.0413115974429433,-0.0393700787401574));
#7267=CARTESIAN_POINT('Origin',(0.122834645669291,0.0872047244094488,4.86849537471772E-17));
#7268=CARTESIAN_POINT('',(0.122834645669291,0.0872047244094488,3.77575617725202E-17));
#7269=CARTESIAN_POINT('Origin',(0.122834645669291,-0.0872047244094489,2.68301697978631E-17));
#7270=CARTESIAN_POINT('',(0.122834645669291,-0.0872047244094489,3.77575617725201E-17));
#7271=CARTESIAN_POINT('Origin',(0.18503937007874,-7.87796665172932E-17,
5.68783783111682E-17));
#7272=CARTESIAN_POINT('',(0.247244094488189,-0.0872047244094489,7.59991948498162E-17));
#7273=CARTESIAN_POINT('',(0.247244094488189,0.0872047244094487,7.59991948498162E-17));
#7274=CARTESIAN_POINT('Origin',(0.18503937007874,-8.60326918558438E-17,
-0.0393700787401574));
#7275=CARTESIAN_POINT('',(0.17007874015748,0.0399606299212598,-0.0393700787401574));
#7276=CARTESIAN_POINT('',(0.2,0.0399606299212597,-0.0393700787401574));
#7277=CARTESIAN_POINT('',(0.19251968503937,0.0399606299212598,-0.0393700787401574));
#7278=CARTESIAN_POINT('',(0.17007874015748,-0.0399606299212599,-0.0393700787401574));
#7279=CARTESIAN_POINT('',(0.17007874015748,0.0199803149606298,-0.0393700787401574));
#7280=CARTESIAN_POINT('',(0.2,-0.0399606299212599,-0.0393700787401574));
#7281=CARTESIAN_POINT('',(0.17755905511811,-0.0399606299212599,-0.0393700787401574));
#7282=CARTESIAN_POINT('',(0.2,-0.01998031496063,-0.0393700787401574));
#7283=CARTESIAN_POINT('Origin',(0.247244094488189,-0.0872047244094489,5.41444109005021E-17));
#7284=CARTESIAN_POINT('Origin',(0.247244094488189,0.0872047244094487,6.50718028751592E-17));
#7285=CARTESIAN_POINT('Origin',(0.17007874015748,-0.0399606299212599,5.22797009157971E-17));
#7286=CARTESIAN_POINT('',(0.17007874015748,-0.0399606299212599,-0.124409448818898));
#7287=CARTESIAN_POINT('',(0.17007874015748,-0.0399606299212599,5.22797009157971E-17));
#7288=CARTESIAN_POINT('',(0.2,-0.0399606299212599,-0.124409448818898));
#7289=CARTESIAN_POINT('',(0.17755905511811,-0.0399606299212599,-0.124409448818898));
#7290=CARTESIAN_POINT('',(0.2,-0.0399606299212599,6.14770557065392E-17));
#7291=CARTESIAN_POINT('Origin',(0.17007874015748,0.0399606299212598,5.22797009157971E-17));
#7292=CARTESIAN_POINT('',(0.17007874015748,0.0399606299212598,-0.124409448818898));
#7293=CARTESIAN_POINT('',(0.17007874015748,0.0399606299212598,5.22797009157971E-17));
#7294=CARTESIAN_POINT('',(0.17007874015748,0.00846456692913377,-0.155905511811024));
#7295=CARTESIAN_POINT('Origin',(0.17007874015748,0.00846456692913377,-0.124409448818898));
#7296=CARTESIAN_POINT('',(0.17007874015748,-0.00846456692913392,-0.155905511811024));
#7297=CARTESIAN_POINT('',(0.17007874015748,-0.0399606299212599,-0.155905511811024));
#7298=CARTESIAN_POINT('Origin',(0.17007874015748,-0.00846456692913392,-0.124409448818898));
#7299=CARTESIAN_POINT('',(0.17007874015748,-0.0234251968503938,-0.108661417322835));
#7300=CARTESIAN_POINT('',(0.17007874015748,0.0234251968503936,-0.108661417322835));
#7301=CARTESIAN_POINT('Origin',(0.17007874015748,-7.4688724146781E-17,-0.108661417322835));
#7302=CARTESIAN_POINT('',(0.17007874015748,0.0234251968503936,-0.0775590551181102));
#7303=CARTESIAN_POINT('',(0.17007874015748,0.0234251968503936,-0.0543307086614173));
#7304=CARTESIAN_POINT('',(0.17007874015748,-0.0234251968503938,-0.0775590551181102));
#7305=CARTESIAN_POINT('Origin',(0.17007874015748,-8.5616116121438E-17,-0.0775590551181102));
#7306=CARTESIAN_POINT('',(0.17007874015748,-0.0234251968503938,-0.0387795275590551));
#7307=CARTESIAN_POINT('Origin',(0.17755905511811,-0.00846456692913393,-0.124409448818898));
#7308=CARTESIAN_POINT('',(0.2,-0.00846456692913393,-0.155905511811024));
#7309=CARTESIAN_POINT('Origin',(0.2,-0.00846456692913393,-0.124409448818898));
#7310=CARTESIAN_POINT('',(0.17755905511811,-0.00846456692913393,-0.155905511811024));
#7311=CARTESIAN_POINT('Origin',(0.18503937007874,-7.87796665172932E-17,
-0.155905511811024));
#7312=CARTESIAN_POINT('',(0.2,0.00846456692913376,-0.155905511811024));
#7313=CARTESIAN_POINT('',(0.19251968503937,0.00846456692913377,-0.155905511811024));
#7314=CARTESIAN_POINT('',(0.2,0.0399606299212597,-0.155905511811024));
#7315=CARTESIAN_POINT('Origin',(0.19251968503937,0.00846456692913377,-0.124409448818898));
#7316=CARTESIAN_POINT('',(0.2,0.0399606299212597,-0.124409448818898));
#7317=CARTESIAN_POINT('',(0.19251968503937,0.0399606299212598,-0.124409448818898));
#7318=CARTESIAN_POINT('Origin',(0.2,0.00846456692913376,-0.124409448818898));
#7319=CARTESIAN_POINT('Origin',(0.2,0.0399606299212597,6.14770557065392E-17));
#7320=CARTESIAN_POINT('',(0.2,0.0399606299212597,6.14770557065392E-17));
#7321=CARTESIAN_POINT('Origin',(0.2,-0.0399606299212599,6.14770557065392E-17));
#7322=CARTESIAN_POINT('',(0.2,0.0234251968503936,-0.108661417322835));
#7323=CARTESIAN_POINT('',(0.2,-0.0234251968503938,-0.108661417322835));
#7324=CARTESIAN_POINT('Origin',(0.2,-8.01387608941412E-17,-0.108661417322835));
#7325=CARTESIAN_POINT('',(0.2,-0.0234251968503938,-0.0775590551181102));
#7326=CARTESIAN_POINT('',(0.2,-0.0234251968503938,-0.0387795275590551));
#7327=CARTESIAN_POINT('',(0.2,0.0234251968503936,-0.0775590551181102));
#7328=CARTESIAN_POINT('Origin',(0.2,-9.10661528687983E-17,-0.0775590551181102));
#7329=CARTESIAN_POINT('',(0.2,0.0234251968503936,-0.0543307086614172));
#7330=CARTESIAN_POINT('Origin',(0.2,0.0234251968503936,-0.108661417322835));
#7331=CARTESIAN_POINT('',(0.2,0.0234251968503936,-0.108661417322835));
#7332=CARTESIAN_POINT('',(0.2,0.0234251968503936,-0.0775590551181102));
#7333=CARTESIAN_POINT('Origin',(0.2,-8.01387608941412E-17,-0.108661417322835));
#7334=CARTESIAN_POINT('',(0.2,-0.0234251968503938,-0.108661417322835));
#7335=CARTESIAN_POINT('Origin',(0.2,-0.0234251968503938,-0.0775590551181102));
#7336=CARTESIAN_POINT('',(0.2,-0.0234251968503938,-0.0775590551181102));
#7337=CARTESIAN_POINT('Origin',(0.2,-9.10661528687983E-17,-0.0775590551181102));
#7338=CARTESIAN_POINT('Origin',(-0.201350967521684,0.0413115974429434,-0.0236220472440946));
#7339=CARTESIAN_POINT('',(-0.212486507382889,0.0413115974429434,-0.0347575871053));
#7340=CARTESIAN_POINT('',(-0.201350967521684,0.0413115974429434,-0.0393700787401575));
#7341=CARTESIAN_POINT('Origin',(-0.201350967521684,0.0413115974429434,-0.0236220472440945));
#7342=CARTESIAN_POINT('',(-0.201350967521684,0.0524471373041489,-0.0347575871053));
#7343=CARTESIAN_POINT('Origin',(-0.201350967521684,0.0413115974429434,-0.0236220472440946));
#7344=CARTESIAN_POINT('Origin',(-0.201350967521684,0.0413115974429434,-0.0236220472440945));
#7345=CARTESIAN_POINT('Origin',(-0.219085493110902,0.0590461230321622,-0.00588752165487572));
#7346=CARTESIAN_POINT('',(-0.247244094488189,0.0760691845482434,-7.59991948498162E-17));
#7347=CARTESIAN_POINT('',(-0.236108554626984,0.0872047244094488,-7.25762938279676E-17));
#7348=CARTESIAN_POINT('Origin',(-0.224973014765778,0.0649336446870379,-6.9153392806119E-17));
#7349=CARTESIAN_POINT('',(-0.219085493110902,0.0701816628933677,-0.0170230615160812));
#7350=CARTESIAN_POINT('',(-0.230221032972108,0.0590461230321622,-0.0170230615160812));
#7351=CARTESIAN_POINT('Origin',(-0.201350967521684,-0.0413115974429433,
-0.0236220472440946));
#7352=CARTESIAN_POINT('',(-0.201350967521684,-0.0524471373041488,-0.0347575871053));
#7353=CARTESIAN_POINT('',(-0.201350967521684,-0.0413115974429434,-0.0393700787401575));
#7354=CARTESIAN_POINT('Origin',(-0.201350967521684,-0.0413115974429434,
-0.0236220472440945));
#7355=CARTESIAN_POINT('',(-0.212486507382889,-0.0413115974429434,-0.0347575871053));
#7356=CARTESIAN_POINT('Origin',(-0.201350967521684,-0.0413115974429433,
-0.0236220472440946));
#7357=CARTESIAN_POINT('Origin',(-0.201350967521684,-0.0413115974429434,
-0.0236220472440945));
#7358=CARTESIAN_POINT('Origin',(-0.210752159777569,-0.0507127896988289,
-0.014220854988209));
#7359=CARTESIAN_POINT('',(-0.236108554626984,-0.0872047244094488,-7.25762938279676E-17));
#7360=CARTESIAN_POINT('',(-0.247244094488189,-0.0760691845482433,-7.59991948498162E-17));
#7361=CARTESIAN_POINT('Origin',(-0.224973014765778,-0.0649336446870378,
-6.64215448124548E-17));
#7362=CARTESIAN_POINT('',(-0.221887699638775,-0.0507127896988289,-0.0253563948494145));
#7363=CARTESIAN_POINT('',(-0.210752159777569,-0.0618483295600343,-0.0253563948494145));
#7364=CARTESIAN_POINT('Origin',(-0.201350967521684,0.0436023622047244,-0.0236220472440945));
#7365=CARTESIAN_POINT('',(-0.212486507382889,0.0436023622047244,-0.0347575871053));
#7366=CARTESIAN_POINT('',(-0.201350967521684,0.0436023622047244,-0.0393700787401575));
#7367=CARTESIAN_POINT('Origin',(-0.168727772635797,0.0413115974429434,-0.0236220472440945));
#7368=CARTESIAN_POINT('',(-0.168727772635797,0.0524471373041488,-0.0347575871053));
#7369=CARTESIAN_POINT('',(-0.168727772635797,0.0413115974429434,-0.0393700787401575));
#7370=CARTESIAN_POINT('Origin',(-0.168727772635797,0.0413115974429434,-0.0236220472440945));
#7371=CARTESIAN_POINT('',(-0.157592232774591,0.0413115974429434,-0.0347575871053));
#7372=CARTESIAN_POINT('Origin',(-0.168727772635797,0.0413115974429434,-0.0236220472440945));
#7373=CARTESIAN_POINT('Origin',(-0.168727772635797,0.0413115974429434,-0.0236220472440945));
#7374=CARTESIAN_POINT('Origin',(-0.159326580379911,0.0507127896988289,-0.014220854988209));
#7375=CARTESIAN_POINT('',(-0.133970185530497,0.0872047244094488,-4.11804627943687E-17));
#7376=CARTESIAN_POINT('',(-0.122834645669291,0.0760691845482433,-3.77575617725201E-17));
#7377=CARTESIAN_POINT('Origin',(-0.145105725391702,0.0649336446870378,-4.18715158225531E-17));
#7378=CARTESIAN_POINT('',(-0.148191040518706,0.0507127896988289,-0.0253563948494145));
#7379=CARTESIAN_POINT('',(-0.159326580379911,0.0618483295600344,-0.0253563948494145));
#7380=CARTESIAN_POINT('Origin',(-0.168727772635797,-0.0413115974429434,
-0.0236220472440945));
#7381=CARTESIAN_POINT('',(-0.157592232774591,-0.0413115974429434,-0.0347575871053));
#7382=CARTESIAN_POINT('',(-0.168727772635797,-0.0413115974429434,-0.0393700787401575));
#7383=CARTESIAN_POINT('Origin',(-0.168727772635797,-0.0413115974429434,
-0.0236220472440945));
#7384=CARTESIAN_POINT('',(-0.168727772635797,-0.0524471373041489,-0.0347575871053));
#7385=CARTESIAN_POINT('Origin',(-0.168727772635797,-0.0413115974429434,
-0.0236220472440945));
#7386=CARTESIAN_POINT('Origin',(-0.168727772635797,-0.0413115974429434,
-0.0236220472440945));
#7387=CARTESIAN_POINT('Origin',(-0.150993247046578,-0.0590461230321622,
-0.0058875216548757));
#7388=CARTESIAN_POINT('',(-0.122834645669291,-0.0760691845482433,-3.77575617725202E-17));
#7389=CARTESIAN_POINT('',(-0.133970185530497,-0.0872047244094488,-4.11804627943687E-17));
#7390=CARTESIAN_POINT('Origin',(-0.145105725391702,-0.0649336446870379,
-4.46033638162173E-17));
#7391=CARTESIAN_POINT('',(-0.150993247046578,-0.0701816628933677,-0.0170230615160812));
#7392=CARTESIAN_POINT('',(-0.139857707185372,-0.0590461230321622,-0.0170230615160812));
#7393=CARTESIAN_POINT('Origin',(-0.216141732283465,-0.0413115974429434,
-0.0236220472440946));
#7394=CARTESIAN_POINT('',(-0.216141732283465,-0.0524471373041488,-0.0347575871053));
#7395=CARTESIAN_POINT('',(-0.216141732283465,-0.0413115974429434,-0.0393700787401575));
#7396=CARTESIAN_POINT('Origin',(-0.168727772635797,-0.0436023622047244,
-0.0236220472440945));
#7397=CARTESIAN_POINT('',(-0.157592232774591,-0.0436023622047244,-0.0347575871053));
#7398=CARTESIAN_POINT('',(-0.168727772635797,-0.0436023622047244,-0.0393700787401575));
#7399=CARTESIAN_POINT('Origin',(-0.153937007874016,0.0413115974429434,-0.0236220472440945));
#7400=CARTESIAN_POINT('',(-0.153937007874016,0.0524471373041488,-0.0347575871053));
#7401=CARTESIAN_POINT('',(-0.153937007874016,0.0413115974429434,-0.0393700787401575));
#7402=CARTESIAN_POINT('Origin',(-0.247244094488189,0.0872047244094488,-9.78539787991303E-17));
#7403=CARTESIAN_POINT('',(-0.247244094488189,0.0872047244094488,-7.59991948498162E-17));
#7404=CARTESIAN_POINT('Origin',(-0.247244094488189,-0.0872047244094488,
-7.59991948498162E-17));
#7405=CARTESIAN_POINT('',(-0.247244094488189,-0.0872047244094488,-7.59991948498162E-17));
#7406=CARTESIAN_POINT('Origin',(-0.18503937007874,-2.88825719554977E-18,
-5.68783783111682E-17));
#7407=CARTESIAN_POINT('',(-0.122834645669291,-0.0872047244094488,-3.77575617725202E-17));
#7408=CARTESIAN_POINT('',(-0.122834645669291,0.0872047244094488,-3.77575617725201E-17));
#7409=CARTESIAN_POINT('Origin',(-0.18503937007874,-3.26621728994521E-19,
-0.0393700787401575));
#7410=CARTESIAN_POINT('',(-0.2,0.0399606299212598,-0.0393700787401575));
#7411=CARTESIAN_POINT('',(-0.17007874015748,0.0399606299212598,-0.0393700787401575));
#7412=CARTESIAN_POINT('',(-0.17755905511811,0.0399606299212598,-0.0393700787401575));
#7413=CARTESIAN_POINT('',(-0.2,-0.0399606299212598,-0.0393700787401575));
#7414=CARTESIAN_POINT('',(-0.2,0.0199803149606299,-0.0393700787401575));
#7415=CARTESIAN_POINT('',(-0.17007874015748,-0.0399606299212599,-0.0393700787401575));
#7416=CARTESIAN_POINT('',(-0.19251968503937,-0.0399606299212599,-0.0393700787401575));
#7417=CARTESIAN_POINT('',(-0.17007874015748,-0.0199803149606299,-0.0393700787401575));
#7418=CARTESIAN_POINT('Origin',(-0.122834645669291,-0.0872047244094488,
-4.86849537471772E-17));
#7419=CARTESIAN_POINT('Origin',(-0.122834645669291,0.0872047244094488,-3.77575617725201E-17));
#7420=CARTESIAN_POINT('Origin',(-0.17007874015748,0.0399606299212598,-5.22797009157971E-17));
#7421=CARTESIAN_POINT('',(-0.17007874015748,0.0399606299212598,-0.124409448818898));
#7422=CARTESIAN_POINT('',(-0.17007874015748,0.0399606299212598,-5.22797009157971E-17));
#7423=CARTESIAN_POINT('',(-0.2,0.0399606299212598,-0.124409448818898));
#7424=CARTESIAN_POINT('',(-0.17755905511811,0.0399606299212598,-0.124409448818898));
#7425=CARTESIAN_POINT('',(-0.2,0.0399606299212598,-6.14770557065392E-17));
#7426=CARTESIAN_POINT('Origin',(-0.17007874015748,-0.0399606299212599,-5.22797009157971E-17));
#7427=CARTESIAN_POINT('',(-0.17007874015748,-0.0399606299212599,-0.124409448818898));
#7428=CARTESIAN_POINT('',(-0.17007874015748,-0.0399606299212599,-5.22797009157971E-17));
#7429=CARTESIAN_POINT('',(-0.17007874015748,-0.00846456692913386,-0.155905511811024));
#7430=CARTESIAN_POINT('Origin',(-0.17007874015748,-0.00846456692913386,
-0.124409448818898));
#7431=CARTESIAN_POINT('',(-0.17007874015748,0.00846456692913383,-0.155905511811024));
#7432=CARTESIAN_POINT('',(-0.17007874015748,0.0399606299212598,-0.155905511811024));
#7433=CARTESIAN_POINT('Origin',(-0.17007874015748,0.00846456692913384,-0.124409448818898));
#7434=CARTESIAN_POINT('',(-0.17007874015748,0.0234251968503937,-0.108661417322835));
#7435=CARTESIAN_POINT('',(-0.17007874015748,-0.0234251968503937,-0.108661417322835));
#7436=CARTESIAN_POINT('Origin',(-0.17007874015748,-1.27304116504754E-17,
-0.108661417322835));
#7437=CARTESIAN_POINT('',(-0.17007874015748,-0.0234251968503937,-0.0775590551181103));
#7438=CARTESIAN_POINT('',(-0.17007874015748,-0.0234251968503937,-0.0387795275590552));
#7439=CARTESIAN_POINT('',(-0.17007874015748,0.0234251968503937,-0.0775590551181103));
#7440=CARTESIAN_POINT('Origin',(-0.17007874015748,-2.36578036251325E-17,
-0.0775590551181103));
#7441=CARTESIAN_POINT('',(-0.17007874015748,0.0234251968503937,-0.0543307086614174));
#7442=CARTESIAN_POINT('Origin',(-0.17755905511811,0.00846456692913384,-0.124409448818898));
#7443=CARTESIAN_POINT('',(-0.2,0.00846456692913385,-0.155905511811024));
#7444=CARTESIAN_POINT('Origin',(-0.2,0.00846456692913385,-0.124409448818898));
#7445=CARTESIAN_POINT('',(-0.17755905511811,0.00846456692913384,-0.155905511811024));
#7446=CARTESIAN_POINT('Origin',(-0.2,0.0399606299212598,-6.14770557065392E-17));
#7447=CARTESIAN_POINT('',(-0.2,-0.00846456692913385,-0.155905511811024));
#7448=CARTESIAN_POINT('',(-0.2,-0.0399606299212598,-0.155905511811024));
#7449=CARTESIAN_POINT('',(-0.2,-0.0399606299212598,-0.124409448818898));
#7450=CARTESIAN_POINT('Origin',(-0.2,-0.00846456692913385,-0.124409448818898));
#7451=CARTESIAN_POINT('',(-0.2,-0.0399606299212598,-6.14770557065392E-17));
#7452=CARTESIAN_POINT('',(-0.2,-0.0234251968503937,-0.108661417322835));
#7453=CARTESIAN_POINT('',(-0.2,0.0234251968503937,-0.108661417322835));
#7454=CARTESIAN_POINT('Origin',(-0.2,-7.28037490311522E-18,-0.108661417322835));
#7455=CARTESIAN_POINT('',(-0.2,0.0234251968503937,-0.0775590551181103));
#7456=CARTESIAN_POINT('',(-0.2,0.0234251968503937,-0.0543307086614174));
#7457=CARTESIAN_POINT('',(-0.2,-0.0234251968503937,-0.0775590551181103));
#7458=CARTESIAN_POINT('Origin',(-0.2,-1.82077668777723E-17,-0.0775590551181103));
#7459=CARTESIAN_POINT('',(-0.2,-0.0234251968503937,-0.0387795275590552));
#7460=CARTESIAN_POINT('Origin',(-0.18503937007874,-3.36915679756251E-18,
-0.155905511811024));
#7461=CARTESIAN_POINT('',(-0.19251968503937,-0.00846456692913386,-0.155905511811024));
#7462=CARTESIAN_POINT('Origin',(-0.19251968503937,-0.00846456692913386,
-0.124409448818898));
#7463=CARTESIAN_POINT('',(-0.19251968503937,-0.0399606299212599,-0.124409448818898));
#7464=CARTESIAN_POINT('Origin',(0.2,-9.10661528687983E-17,-0.0775590551181102));
#7465=CARTESIAN_POINT('',(0.2,-0.0234251968503938,-0.0775590551181102));
#7466=CARTESIAN_POINT('',(0.2,0.0234251968503936,-0.0775590551181102));
#7467=CARTESIAN_POINT('Origin',(0.2,0.0234251968503936,-0.108661417322835));
#7468=CARTESIAN_POINT('',(0.2,0.0234251968503936,-0.108661417322835));
#7469=CARTESIAN_POINT('Origin',(0.2,-0.0234251968503938,-0.0775590551181102));
#7470=CARTESIAN_POINT('',(0.2,-0.0234251968503938,-0.108661417322835));
#7471=CARTESIAN_POINT('Origin',(0.2,-8.01387608941412E-17,-0.108661417322835));
#7472=CARTESIAN_POINT('Origin',(-0.2,-0.0399606299212598,-6.14770557065392E-17));
#7473=UNCERTAINTY_MEASURE_WITH_UNIT(LENGTH_MEASURE(0.000393700787401575),
#7478,'DISTANCE_ACCURACY_VALUE',
'Maximum model space distance between geometric entities at asserted c
onnectivities');
#7474=UNCERTAINTY_MEASURE_WITH_UNIT(LENGTH_MEASURE(0.000393700787401575),
#7478,'DISTANCE_ACCURACY_VALUE',
'Maximum model space distance between geometric entities at asserted c
onnectivities');
#7475=(
GEOMETRIC_REPRESENTATION_CONTEXT(3)
GLOBAL_UNCERTAINTY_ASSIGNED_CONTEXT((#7473))
GLOBAL_UNIT_ASSIGNED_CONTEXT((#7478,#7482,#7483))
REPRESENTATION_CONTEXT('','3D')
);
#7476=(
GEOMETRIC_REPRESENTATION_CONTEXT(3)
GLOBAL_UNCERTAINTY_ASSIGNED_CONTEXT((#7474))
GLOBAL_UNIT_ASSIGNED_CONTEXT((#7478,#7482,#7483))
REPRESENTATION_CONTEXT('','3D')
);
#7477=DIMENSIONAL_EXPONENTS(1.,0.,0.,0.,0.,0.,0.);
#7478=(
CONVERSION_BASED_UNIT('inch',#7481)
LENGTH_UNIT()
NAMED_UNIT(#7477)
);
#7479=(
LENGTH_UNIT()
NAMED_UNIT(*)
SI_UNIT(.MILLI.,.METRE.)
);
#7480=(
LENGTH_UNIT()
NAMED_UNIT(*)
SI_UNIT(.CENTI.,.METRE.)
);
#7481=LENGTH_MEASURE_WITH_UNIT(LENGTH_MEASURE(25.4),#7479);
#7482=(
NAMED_UNIT(*)
PLANE_ANGLE_UNIT()
SI_UNIT($,.RADIAN.)
);
#7483=(
NAMED_UNIT(*)
SI_UNIT($,.STERADIAN.)
SOLID_ANGLE_UNIT()
);
#7484=SHAPE_DEFINITION_REPRESENTATION(#7485,#7486);
#7485=PRODUCT_DEFINITION_SHAPE('',$,#7488);
#7486=SHAPE_REPRESENTATION('',(#4436),#7475);
#7487=PRODUCT_DEFINITION_CONTEXT('part definition',#7492,'design');
#7488=PRODUCT_DEFINITION('T103024_Shrinkwrap_1','T103024_Shrinkwrap_1',
#7489,#7487);
#7489=PRODUCT_DEFINITION_FORMATION('',$,#7494);
#7490=PRODUCT_RELATED_PRODUCT_CATEGORY('T103024_Shrinkwrap_1',
'T103024_Shrinkwrap_1',(#7494));
#7491=APPLICATION_PROTOCOL_DEFINITION('international standard',
'automotive_design',2009,#7492);
#7492=APPLICATION_CONTEXT(
'Core Data for Automotive Mechanical Design Process');
#7493=PRODUCT_CONTEXT('part definition',#7492,'mechanical');
#7494=PRODUCT('T103024_Shrinkwrap_1','T103024_Shrinkwrap_1',$,(#7493));
#7495=PRESENTATION_STYLE_ASSIGNMENT((#7496));
#7496=SURFACE_STYLE_USAGE(.BOTH.,#7499);
#7497=SURFACE_STYLE_RENDERING_WITH_PROPERTIES($,#7503,(#7498));
#7498=SURFACE_STYLE_TRANSPARENT(0.);
#7499=SURFACE_SIDE_STYLE('',(#7500,#7497));
#7500=SURFACE_STYLE_FILL_AREA(#7501);
#7501=FILL_AREA_STYLE('',(#7502));
#7502=FILL_AREA_STYLE_COLOUR('',#7503);
#7503=COLOUR_RGB('',0.749019607843137,0.749019607843137,0.749019607843137);
ENDSEC;
END-ISO-10303-21;
