ISO-10303-21;
HEADER;
/****************************************************************
 * Generated by software with PDElib inside                    *
 * PDElib Version v51a, created Fri 09/10/2010                  *
 * ITI Transcendata (http://www.transcendata.com/)              *
 ****************************************************************/
FILE_DESCRIPTION((' '),'2;1');
FILE_NAME('P:\\E-Switch Secure\\3D_MODELS_STP_FORMAT\\200MDPxT2B1M2xx.stp','2017-08-03T13:21:40',(' '),(' '),' ','ACIS',' ');
FILE_SCHEMA(('CONFIG_CONTROL_DESIGN'));
ENDSEC;
DATA;
#5=APPLICATION_CONTEXT('configuration controlled 3D designs of mechanical parts and assemblies');
#6=APPLICATION_PROTOCOL_DEFINITION('International Standard','config_control_design',1995,#5);
#7=MECHANICAL_CONTEXT('None',#5,'mechanical');
#8=PRODUCT('P:\\E-Switch Secure\\3D_MODELS_STP_FORMAT\\200MDPxT2B1M2xx.stp','P:\\E-Switch Secure\\3D_MODELS_STP_FORMAT\\200MDPxT2B1M2xx.stp','None',(#7));
#9=PRODUCT_RELATED_PRODUCT_CATEGORY('detail',$,(#8));
#10=PRODUCT_CATEGORY('part',$);
#11=PRODUCT_CATEGORY_RELATIONSHIP('None','None',#10,#9);
#12=PERSON('PERSON1','None','None',$,$,$);
#13=ORGANIZATION('','None','None');
#14=PERSON_AND_ORGANIZATION(#12,#13);
#15=PERSON_AND_ORGANIZATION_ROLE('design_owner');
#16=CC_DESIGN_PERSON_AND_ORGANIZATION_ASSIGNMENT(#14,#15,(#8));
#17=PRODUCT_DEFINITION_FORMATION_WITH_SPECIFIED_SOURCE('None','None',#8,.NOT_KNOWN.);
#18=PERSON('PERSON2','None','None',$,$,$);
#19=ORGANIZATION('','None','None');
#20=PERSON_AND_ORGANIZATION(#18,#19);
#21=PERSON_AND_ORGANIZATION_ROLE('creator');
#22=CC_DESIGN_PERSON_AND_ORGANIZATION_ASSIGNMENT(#20,#21,(#17));
#23=PERSON('PERSON3','None','None',$,$,$);
#24=ORGANIZATION('','None','None');
#25=PERSON_AND_ORGANIZATION(#23,#24);
#26=PERSON_AND_ORGANIZATION_ROLE('part_supplier');
#27=CC_DESIGN_PERSON_AND_ORGANIZATION_ASSIGNMENT(#25,#26,(#17));
#28=APPROVAL_STATUS('approved');
#29=APPROVAL(#28,'None');
#30=PERSON('PERSON4','None','None',$,$,$);
#31=ORGANIZATION('','None','None');
#32=PERSON_AND_ORGANIZATION(#30,#31);
#33=APPROVAL_ROLE('None');
#34=APPROVAL_PERSON_ORGANIZATION(#32,#29,#33);
#35=CALENDAR_DATE(2017,3,8);
#36=COORDINATED_UNIVERSAL_TIME_OFFSET(0,0,.AHEAD.);
#37=LOCAL_TIME(13,21,40.0,#36);
#38=DATE_AND_TIME(#35,#37);
#39=APPROVAL_DATE_TIME(#38,#29);
#40=CC_DESIGN_APPROVAL(#29,(#17));
#41=SECURITY_CLASSIFICATION_LEVEL('unclassified');
#42=SECURITY_CLASSIFICATION('None','None',#41);
#43=CC_DESIGN_SECURITY_CLASSIFICATION(#42,(#17));
#44=APPROVAL_STATUS('approved');
#45=APPROVAL(#44,'None');
#46=PERSON('PERSON5','None','None',$,$,$);
#47=ORGANIZATION('','None','None');
#48=PERSON_AND_ORGANIZATION(#46,#47);
#49=APPROVAL_ROLE('None');
#50=APPROVAL_PERSON_ORGANIZATION(#48,#45,#49);
#51=CALENDAR_DATE(2017,3,8);
#52=COORDINATED_UNIVERSAL_TIME_OFFSET(0,0,.AHEAD.);
#53=LOCAL_TIME(13,21,40.0,#52);
#54=DATE_AND_TIME(#51,#53);
#55=APPROVAL_DATE_TIME(#54,#45);
#56=CC_DESIGN_APPROVAL(#45,(#42));
#57=PERSON('PERSON6','None','None',$,$,$);
#58=ORGANIZATION('','None','None');
#59=PERSON_AND_ORGANIZATION(#57,#58);
#60=PERSON_AND_ORGANIZATION_ROLE('classification_officer');
#61=CC_DESIGN_PERSON_AND_ORGANIZATION_ASSIGNMENT(#59,#60,(#42));
#62=DATE_TIME_ROLE('classification_date');
#63=CALENDAR_DATE(2017,3,8);
#64=COORDINATED_UNIVERSAL_TIME_OFFSET(0,0,.AHEAD.);
#65=LOCAL_TIME(13,21,40.0,#64);
#66=DATE_AND_TIME(#63,#65);
#67=CC_DESIGN_DATE_AND_TIME_ASSIGNMENT(#66,#62,(#42));
#68=DESIGN_CONTEXT('part definition',#5,'design');
#69=PRODUCT_DEFINITION('None','None',#17,#68);
#70=PERSON('PERSON7','None','None',$,$,$);
#71=ORGANIZATION('','None','None');
#72=PERSON_AND_ORGANIZATION(#70,#71);
#73=PERSON_AND_ORGANIZATION_ROLE('creator');
#74=CC_DESIGN_PERSON_AND_ORGANIZATION_ASSIGNMENT(#72,#73,(#69));
#75=DATE_TIME_ROLE('creation_date');
#76=CALENDAR_DATE(2017,3,8);
#77=COORDINATED_UNIVERSAL_TIME_OFFSET(0,0,.AHEAD.);
#78=LOCAL_TIME(13,21,40.0,#77);
#79=DATE_AND_TIME(#76,#78);
#80=CC_DESIGN_DATE_AND_TIME_ASSIGNMENT(#79,#75,(#69));
#81=APPROVAL_STATUS('approved');
#82=APPROVAL(#81,'None');
#83=PERSON('PERSON8','None','None',$,$,$);
#84=ORGANIZATION('','None','None');
#85=PERSON_AND_ORGANIZATION(#83,#84);
#86=APPROVAL_ROLE('None');
#87=APPROVAL_PERSON_ORGANIZATION(#85,#82,#86);
#88=CALENDAR_DATE(2017,3,8);
#89=COORDINATED_UNIVERSAL_TIME_OFFSET(0,0,.AHEAD.);
#90=LOCAL_TIME(13,21,40.0,#89);
#91=DATE_AND_TIME(#88,#90);
#92=APPROVAL_DATE_TIME(#91,#82);
#93=CC_DESIGN_APPROVAL(#82,(#69));
#99=(NAMED_UNIT(*)PLANE_ANGLE_UNIT()SI_UNIT($,.RADIAN.));
#100=DIMENSIONAL_EXPONENTS(0.0,0.0,0.0,0.0,0.0,0.0,0.0);
#101=PLANE_ANGLE_MEASURE_WITH_UNIT(PLANE_ANGLE_MEASURE(0.0174532925),#99);
#105=(CONVERSION_BASED_UNIT('DEGREE',#101)NAMED_UNIT(#100)PLANE_ANGLE_UNIT());
#109=(NAMED_UNIT(*)SI_UNIT($,.STERADIAN.)SOLID_ANGLE_UNIT());
#113=(LENGTH_UNIT()NAMED_UNIT(*)SI_UNIT(.CENTI.,.METRE.));
#114=DIMENSIONAL_EXPONENTS(1.0,0.0,0.0,0.0,0.0,0.0,0.0);
#115=LENGTH_MEASURE_WITH_UNIT(LENGTH_MEASURE(2.54),#113);
#119=(CONVERSION_BASED_UNIT('INCH',#115)LENGTH_UNIT()NAMED_UNIT(#114));
#121=UNCERTAINTY_MEASURE_WITH_UNIT(LENGTH_MEASURE(0.001),#119,'DISTANCE_ACCURACY_VALUE','');
#123=(GEOMETRIC_REPRESENTATION_CONTEXT(3)GLOBAL_UNCERTAINTY_ASSIGNED_CONTEXT((#121))GLOBAL_UNIT_ASSIGNED_CONTEXT((#105,#109,#119))REPRESENTATION_CONTEXT('None','None'));
#124=AXIS2_PLACEMENT_3D('',#125,#126,#127);
#125=CARTESIAN_POINT('',(0.0,0.0,0.0));
#126=DIRECTION('',(0.0,0.0,1.0));
#127=DIRECTION('',(1.0,0.0,0.0));
#128=SHAPE_REPRESENTATION('',(#124),#123);
#129=PRODUCT_DEFINITION_SHAPE('','',#69);
#130=SHAPE_DEFINITION_REPRESENTATION(#129,#128);
#136=(NAMED_UNIT(*)PLANE_ANGLE_UNIT()SI_UNIT($,.RADIAN.));
#137=DIMENSIONAL_EXPONENTS(0.0,0.0,0.0,0.0,0.0,0.0,0.0);
#138=PLANE_ANGLE_MEASURE_WITH_UNIT(PLANE_ANGLE_MEASURE(0.0174532925),#136);
#142=(CONVERSION_BASED_UNIT('DEGREE',#138)NAMED_UNIT(#137)PLANE_ANGLE_UNIT());
#146=(NAMED_UNIT(*)SI_UNIT($,.STERADIAN.)SOLID_ANGLE_UNIT());
#150=(LENGTH_UNIT()NAMED_UNIT(*)SI_UNIT(.CENTI.,.METRE.));
#152=UNCERTAINTY_MEASURE_WITH_UNIT(LENGTH_MEASURE(0.000001),#150,'DISTANCE_ACCURACY_VALUE','');
#154=(GEOMETRIC_REPRESENTATION_CONTEXT(3)GLOBAL_UNCERTAINTY_ASSIGNED_CONTEXT((#152))GLOBAL_UNIT_ASSIGNED_CONTEXT((#142,#146,#150))REPRESENTATION_CONTEXT('','3D'));
#155=CARTESIAN_POINT('',(-0.154133858267717,-0.162348877270121,-0.049606299212598));
#156=DIRECTION('',(0.0,1.0,0.0));
#157=DIRECTION('',(-0.599999925262895,0.0,-0.800000056052823));
#158=AXIS2_PLACEMENT_3D('',#155,#156,#157);
#159=CYLINDRICAL_SURFACE('',#158,0.051181102362205);
#160=CARTESIAN_POINT('',(-0.141535433070866,-0.155674771990355,-1.062270E-017));
#161=VERTEX_POINT('',#160);
#162=CARTESIAN_POINT('',(-0.139978413419908,-0.156593702634725,-0.000421661172152));
#163=VERTEX_POINT('',#162);
#164=CARTESIAN_POINT('',(-0.146617276752506,-0.16622451290352,-0.001023614972049));
#165=DIRECTION('',(-0.161577265536939,0.172117274109653,-0.971734753528281));
#166=DIRECTION('',(0.753163617259859,-0.614761051977676,-0.234122648642428));
#167=AXIS2_PLACEMENT_3D('',#164,#165,#166);
#168=ELLIPSE('',#167,0.01258578072761,0.011706297748414);
#169=EDGE_CURVE('',#161,#163,#168,.T.);
#170=ORIENTED_EDGE('',*,*,#169,.F.);
#171=CARTESIAN_POINT('',(-0.141535579520375,-0.041489847494255,0.000000011202073));
#172=VERTEX_POINT('',#171);
#173=CARTESIAN_POINT('',(-0.141535433070866,-0.041489847494255,0.0));
#174=DIRECTION('',(0.0,-1.0,0.0));
#175=VECTOR('',#174,0.114184924496101);
#176=LINE('',#173,#175);
#177=EDGE_CURVE('',#172,#161,#176,.T.);
#178=ORIENTED_EDGE('',*,*,#177,.F.);
#179=CARTESIAN_POINT('',(-0.11003937007874,-0.080254391278013,-0.023622047244095));
#180=VERTEX_POINT('',#179);
#181=CARTESIAN_POINT('',(-0.154133858267717,-0.025984251968504,-0.049606299212598));
#182=DIRECTION('',(-0.776114000116265,-0.630592625094466,6.628151E-016));
#183=DIRECTION('',(0.630592625094466,-0.776114000116265,7.358726E-032));
#184=AXIS2_PLACEMENT_3D('',#181,#182,#183);
#185=ELLIPSE('',#184,0.081163496567277,0.051181102362205);
#186=EDGE_CURVE('',#180,#172,#185,.T.);
#187=ORIENTED_EDGE('',*,*,#186,.F.);
#188=CARTESIAN_POINT('',(-0.11003937007874,-0.119745608721987,-0.023622047244095));
#189=VERTEX_POINT('',#188);
#190=CARTESIAN_POINT('',(-0.11003937007874,-0.080254391278013,-0.023622047244095));
#191=DIRECTION('',(0.0,-1.0,0.0));
#192=VECTOR('',#191,0.039491217443973);
#193=LINE('',#190,#192);
#194=EDGE_CURVE('',#180,#189,#193,.T.);
#195=ORIENTED_EDGE('',*,*,#194,.T.);
#196=CARTESIAN_POINT('',(-0.154133858267717,-0.174015748031496,-0.049606299212598));
#197=DIRECTION('',(-0.776114000116265,0.630592625094466,-3.314076E-016));
#198=DIRECTION('',(0.630592625094466,0.776114000116265,-3.679364E-032));
#199=AXIS2_PLACEMENT_3D('',#196,#197,#198);
#200=ELLIPSE('',#199,0.081163496567277,0.051181102362205);
#201=EDGE_CURVE('',#163,#189,#200,.T.);
#202=ORIENTED_EDGE('',*,*,#201,.F.);
#203=EDGE_LOOP('',(#170,#178,#187,#195,#202));
#204=FACE_OUTER_BOUND('',#203,.T.);
#205=ADVANCED_FACE('',(#204),#159,.F.);
#206=CARTESIAN_POINT('',(-0.115413385826772,-0.156043307086614,-3.032961E-034));
#207=DIRECTION('',(0.0,0.0,-1.0));
#208=DIRECTION('',(-1.0,0.0,0.0));
#209=AXIS2_PLACEMENT_3D('',#206,#207,#208);
#210=PLANE('',#209);
#211=CARTESIAN_POINT('',(-0.10492125984252,-0.156299212598425,-6.938894E-017));
#212=VERTEX_POINT('',#211);
#213=CARTESIAN_POINT('',(-0.10492125984252,-0.161417322834646,-1.365924E-018));
#214=VERTEX_POINT('',#213);
#215=CARTESIAN_POINT('',(-0.10492125984252,-0.156299212598425,0.0));
#216=DIRECTION('',(0.0,-1.0,0.0));
#217=VECTOR('',#216,0.005118110236221);
#218=LINE('',#215,#217);
#219=EDGE_CURVE('',#212,#214,#218,.T.);
#220=ORIENTED_EDGE('',*,*,#219,.T.);
#221=CARTESIAN_POINT('',(0.10492125984252,-0.161417322834646,-2.500000E-025));
#222=VERTEX_POINT('',#221);
#223=CARTESIAN_POINT('',(-0.10492125984252,-0.161417322834646,-5.463697E-018));
#224=DIRECTION('',(1.0,0.0,0.0));
#225=VECTOR('',#224,0.20984251968504);
#226=LINE('',#223,#225);
#227=EDGE_CURVE('',#214,#222,#226,.T.);
#228=ORIENTED_EDGE('',*,*,#227,.T.);
#229=CARTESIAN_POINT('',(0.10492125984252,-0.156299212598425,9.106160E-019));
#230=VERTEX_POINT('',#229);
#231=CARTESIAN_POINT('',(0.10492125984252,-0.161417322834646,2.731848E-018));
#232=DIRECTION('',(0.0,1.0,0.0));
#233=VECTOR('',#232,0.005118110236221);
#234=LINE('',#231,#233);
#235=EDGE_CURVE('',#222,#230,#234,.T.);
#236=ORIENTED_EDGE('',*,*,#235,.T.);
#237=CARTESIAN_POINT('',(0.10492125984252,-0.156299212598425,0.0));
#238=DIRECTION('',(-1.0,0.0,0.0));
#239=VECTOR('',#238,0.20984251968504);
#240=LINE('',#237,#239);
#241=EDGE_CURVE('',#230,#212,#240,.T.);
#242=ORIENTED_EDGE('',*,*,#241,.T.);
#243=EDGE_LOOP('',(#220,#228,#236,#242));
#244=FACE_OUTER_BOUND('',#243,.T.);
#245=ADVANCED_FACE('',(#244),#210,.F.);
#246=CARTESIAN_POINT('',(0.154133858267717,-0.162348879656596,-0.049606299212598));
#247=DIRECTION('',(0.0,1.0,0.0));
#248=DIRECTION('',(0.246153846153846,0.0,-0.969230769230769));
#249=AXIS2_PLACEMENT_3D('',#246,#247,#248);
#250=CYLINDRICAL_SURFACE('',#249,0.051181102362205);
#251=CARTESIAN_POINT('',(0.139978381950354,-0.156593724342795,-0.000421670249835));
#252=VERTEX_POINT('',#251);
#253=CARTESIAN_POINT('',(0.141535433070866,-0.155674771990355,3.558270E-018));
#254=VERTEX_POINT('',#253);
#255=CARTESIAN_POINT('',(0.14661711282402,-0.16622421583072,-0.001023572934745));
#256=DIRECTION('',(0.16157798626856,0.172116093855392,-0.971734842737132));
#257=DIRECTION('',(0.753187431614912,0.614732380879483,0.234121320591641));
#258=AXIS2_PLACEMENT_3D('',#255,#256,#257);
#259=ELLIPSE('',#258,0.012585591989766,0.011705963250167);
#260=EDGE_CURVE('',#252,#254,#259,.T.);
#261=ORIENTED_EDGE('',*,*,#260,.F.);
#262=CARTESIAN_POINT('',(0.11003937007874,-0.119745608721987,-0.023622047244094));
#263=VERTEX_POINT('',#262);
#264=CARTESIAN_POINT('',(0.154133858267717,-0.174015748031496,-0.049606299212598));
#265=DIRECTION('',(0.776114000116266,0.630592625094465,0.0));
#266=DIRECTION('',(-0.630592625094465,0.776114000116266,0.0));
#267=AXIS2_PLACEMENT_3D('',#264,#265,#266);
#268=ELLIPSE('',#267,0.081163496567277,0.051181102362205);
#269=EDGE_CURVE('',#263,#252,#268,.T.);
#270=ORIENTED_EDGE('',*,*,#269,.F.);
#271=CARTESIAN_POINT('',(0.11003937007874,-0.080254391278013,-0.023622047244094));
#272=VERTEX_POINT('',#271);
#273=CARTESIAN_POINT('',(0.11003937007874,-0.119745608721987,-0.023622047244094));
#274=DIRECTION('',(0.0,1.0,0.0));
#275=VECTOR('',#274,0.039491217443974);
#276=LINE('',#273,#275);
#277=EDGE_CURVE('',#263,#272,#276,.T.);
#278=ORIENTED_EDGE('',*,*,#277,.T.);
#279=CARTESIAN_POINT('',(0.141535492100612,-0.041489938729653,-3.812867E-011));
#280=VERTEX_POINT('',#279);
#281=CARTESIAN_POINT('',(0.154133858267717,-0.025984251968504,-0.049606299212598));
#282=DIRECTION('',(0.776114000116266,-0.630592625094465,0.0));
#283=DIRECTION('',(-0.630592625094465,-0.776114000116266,0.0));
#284=AXIS2_PLACEMENT_3D('',#281,#282,#283);
#285=ELLIPSE('',#284,0.081163496567277,0.051181102362205);
#286=EDGE_CURVE('',#280,#272,#285,.T.);
#287=ORIENTED_EDGE('',*,*,#286,.F.);
#288=CARTESIAN_POINT('',(0.141535433070866,-0.155674771990355,0.0));
#289=DIRECTION('',(0.0,1.0,0.0));
#290=VECTOR('',#289,0.114184833260703);
#291=LINE('',#288,#290);
#292=EDGE_CURVE('',#254,#280,#291,.T.);
#293=ORIENTED_EDGE('',*,*,#292,.F.);
#294=EDGE_LOOP('',(#261,#270,#278,#287,#293));
#295=FACE_OUTER_BOUND('',#294,.T.);
#296=ADVANCED_FACE('',(#295),#250,.F.);
#297=CARTESIAN_POINT('',(0.110036684118811,-0.119735963428459,-0.023626603093598));
#298=CARTESIAN_POINT('',(0.109360345289531,-0.122366062883919,-0.024777524562781));
#299=CARTESIAN_POINT('',(0.10643778919564,-0.126946231580103,-0.025754000762697));
#300=CARTESIAN_POINT('',(0.101830244200121,-0.129409477022257,-0.024490829697999));
#301=CARTESIAN_POINT('',(0.099858888053727,-0.12991733473263,-0.023628709195738));
#302=CARTESIAN_POINT('',(0.113017198966665,-0.12340444089778,-0.018567573964932));
#303=CARTESIAN_POINT('',(0.112151375797117,-0.12571873947856,-0.019725898380288));
#304=CARTESIAN_POINT('',(0.109322592531363,-0.129764253823678,-0.020694161249834));
#305=CARTESIAN_POINT('',(0.105264119672701,-0.132250803162665,-0.019438605261545));
#306=CARTESIAN_POINT('',(0.103526787460294,-0.132897503000465,-0.018569693604673));
#307=CARTESIAN_POINT('',(0.121518596658863,-0.133868430948619,-0.00855679060381));
#308=CARTESIAN_POINT('',(0.12038552241948,-0.135454638590698,-0.009379458835942));
#309=CARTESIAN_POINT('',(0.117957782896071,-0.138233903942507,-0.010024502656341));
#310=CARTESIAN_POINT('',(0.115179700744689,-0.140550372093939,-0.009176057057278));
#311=CARTESIAN_POINT('',(0.113989444743995,-0.141398412043472,-0.008558295992748));
#312=CARTESIAN_POINT('',(0.133198141817216,-0.148245060533945,-0.00237700341194));
#313=CARTESIAN_POINT('',(0.132358644363545,-0.14920678860194,-0.002710020654235));
#314=CARTESIAN_POINT('',(0.130768783912969,-0.150889751090342,-0.002964488239732));
#315=CARTESIAN_POINT('',(0.129085909466063,-0.152449328874105,-0.00262710440503));
#316=CARTESIAN_POINT('',(0.128364931215727,-0.153078494801755,-0.00237761279123));
#317=CARTESIAN_POINT('',(0.139987000220803,-0.156601733026448,-0.000419984253413));
#318=CARTESIAN_POINT('',(0.139397434985028,-0.157240423230166,-0.000590197639416));
#319=CARTESIAN_POINT('',(0.138317212748004,-0.158357875619263,-0.000719307313618));
#320=CARTESIAN_POINT('',(0.137199752683641,-0.159425897743869,-0.000547781457924));
#321=CARTESIAN_POINT('',(0.136721012386502,-0.159867810753009,-0.000420295721698));
#322=B_SPLINE_SURFACE_WITH_KNOTS('',3,3,((#297,#302,#307,#312,#317),(#298,#303,#308,#313,#318),(#299,#304,#309,#314,#319),(#300,#305,#310,#315,#320),(#301,#306,#311,#316,#321)),.UNSPECIFIED.,.F.,.F.,.U.,(4,1,4),(4,1,4),(-0.000348879958104,0.571428571428571,1.0),(0.532353021516182,0.87651596015167,1.290713922098054),.UNSPECIFIED.);
#323=CARTESIAN_POINT('',(0.136711844833365,-0.159860260170178,-0.000422073092137));
#324=VERTEX_POINT('',#323);
#325=CARTESIAN_POINT('',(0.14759367899998,-0.167457167641547,0.016775693650257));
#326=DIRECTION('',(0.563037314752966,-0.563037314752966,-0.60496112634742));
#327=DIRECTION('',(-0.428429910844119,0.427113948346085,-0.796254661915594));
#328=AXIS2_PLACEMENT_3D('',#325,#326,#327);
#329=ELLIPSE('',#328,0.021946294401335,0.013031778855657);
#330=EDGE_CURVE('',#324,#252,#329,.T.);
#331=ORIENTED_EDGE('',*,*,#330,.F.);
#332=CARTESIAN_POINT('',(0.110039370280307,-0.138188976541726,-0.013055681110707));
#333=VERTEX_POINT('',#332);
#334=CARTESIAN_POINT('',(0.154133858267717,-0.174015748031496,-0.049606299212598));
#335=DIRECTION('',(-0.630592625094465,-0.776114000116266,0.0));
#336=DIRECTION('',(-0.776114000116266,0.630592625094465,0.0));
#337=AXIS2_PLACEMENT_3D('',#334,#335,#336);
#338=ELLIPSE('',#337,0.081163496567277,0.051181102362205);
#339=EDGE_CURVE('',#324,#333,#338,.T.);
#340=ORIENTED_EDGE('',*,*,#339,.T.);
#341=CARTESIAN_POINT('',(0.11003937007874,-0.138188518057227,-0.013055212927574));
#342=CARTESIAN_POINT('',(0.11003937007874,-0.135987156903391,-0.015211427965063));
#343=CARTESIAN_POINT('',(0.110039370078739,-0.133106537462234,-0.017623076314398));
#344=CARTESIAN_POINT('',(0.110039370078739,-0.128336747053674,-0.020673856752803));
#345=CARTESIAN_POINT('',(0.11003937007874,-0.126580321911763,-0.02165303535354));
#346=CARTESIAN_POINT('',(0.11003937007874,-0.123069325775747,-0.023131596125373));
#347=CARTESIAN_POINT('',(0.11003937007874,-0.121322093676093,-0.023622047244095));
#348=CARTESIAN_POINT('',(0.11003937007874,-0.119745608721987,-0.023622047244094));
#349=B_SPLINE_CURVE_WITH_KNOTS('',3,(#341,#342,#343,#344,#345,#346,#347,#348),.UNSPECIFIED.,.F.,.U.,(4,2,2,4),(-0.018599650541882,-0.009363496110582,-0.004730075251742,-0.000000999977104),.UNSPECIFIED.);
#350=EDGE_CURVE('',#333,#263,#349,.T.);
#351=ORIENTED_EDGE('',*,*,#350,.T.);
#352=ORIENTED_EDGE('',*,*,#269,.T.);
#353=EDGE_LOOP('',(#331,#340,#351,#352));
#354=FACE_OUTER_BOUND('',#353,.T.);
#355=ADVANCED_FACE('',(#354),#322,.F.);
#356=CARTESIAN_POINT('',(-0.088956692913386,-0.08503937007874,-0.157775590551181));
#357=DIRECTION('',(0.0,-1.0,0.0));
#358=DIRECTION('',(0.0,0.0,-1.0));
#359=AXIS2_PLACEMENT_3D('',#356,#357,#358);
#360=PLANE('',#359);
#361=CARTESIAN_POINT('',(-0.11003937007874,-0.08503937007874,-0.02755905511811));
#362=VERTEX_POINT('',#361);
#363=CARTESIAN_POINT('',(-0.11003937007874,-0.08503937007874,-0.151574803149606));
#364=VERTEX_POINT('',#363);
#365=CARTESIAN_POINT('',(-0.11003937007874,-0.08503937007874,-0.02755905511811));
#366=DIRECTION('',(0.0,0.0,-1.0));
#367=VECTOR('',#366,0.124015748031496);
#368=LINE('',#365,#367);
#369=EDGE_CURVE('',#362,#364,#368,.T.);
#370=ORIENTED_EDGE('',*,*,#369,.F.);
#371=CARTESIAN_POINT('',(-0.08996062992126,-0.08503937007874,-0.02755905511811));
#372=VERTEX_POINT('',#371);
#373=CARTESIAN_POINT('',(-0.08996062992126,-0.08503937007874,-0.02755905511811));
#374=DIRECTION('',(-1.0,0.0,0.0));
#375=VECTOR('',#374,0.02007874015748);
#376=LINE('',#373,#375);
#377=EDGE_CURVE('',#372,#362,#376,.T.);
#378=ORIENTED_EDGE('',*,*,#377,.F.);
#379=CARTESIAN_POINT('',(-0.08996062992126,-0.08503937007874,-0.151574803149606));
#380=VERTEX_POINT('',#379);
#381=CARTESIAN_POINT('',(-0.08996062992126,-0.08503937007874,-0.02755905511811));
#382=DIRECTION('',(0.0,0.0,-1.0));
#383=VECTOR('',#382,0.124015748031496);
#384=LINE('',#381,#383);
#385=EDGE_CURVE('',#372,#380,#384,.T.);
#386=ORIENTED_EDGE('',*,*,#385,.T.);
#387=CARTESIAN_POINT('',(-0.08996062992126,-0.08503937007874,-0.151574803149606));
#388=DIRECTION('',(-1.0,0.0,0.0));
#389=VECTOR('',#388,0.02007874015748);
#390=LINE('',#387,#389);
#391=EDGE_CURVE('',#380,#364,#390,.T.);
#392=ORIENTED_EDGE('',*,*,#391,.T.);
#393=EDGE_LOOP('',(#370,#378,#386,#392));
#394=FACE_OUTER_BOUND('',#393,.T.);
#395=ADVANCED_FACE('',(#394),#360,.F.);
#396=CARTESIAN_POINT('',(-0.111043307086614,-0.09488188976378,-0.151574803149606));
#397=DIRECTION('',(1.0,0.0,0.0));
#398=DIRECTION('',(0.0,-0.707106781186547,0.707106781186548));
#399=AXIS2_PLACEMENT_3D('',#396,#397,#398);
#400=CYLINDRICAL_SURFACE('',#399,0.009842519685039);
#401=CARTESIAN_POINT('',(-0.11003937007874,-0.09488188976378,-0.161417322834646));
#402=VERTEX_POINT('',#401);
#403=CARTESIAN_POINT('',(-0.11003937007874,-0.09488188976378,-0.151574803149606));
#404=DIRECTION('',(-1.0,0.0,0.0));
#405=DIRECTION('',(0.0,1.0,0.0));
#406=AXIS2_PLACEMENT_3D('',#403,#404,#405);
#407=CIRCLE('',#406,0.009842519685039);
#408=EDGE_CURVE('',#364,#402,#407,.T.);
#409=ORIENTED_EDGE('',*,*,#408,.F.);
#410=ORIENTED_EDGE('',*,*,#391,.F.);
#411=CARTESIAN_POINT('',(-0.08996062992126,-0.09488188976378,-0.161417322834646));
#412=VERTEX_POINT('',#411);
#413=CARTESIAN_POINT('',(-0.08996062992126,-0.09488188976378,-0.151574803149606));
#414=DIRECTION('',(-1.0,0.0,0.0));
#415=DIRECTION('',(0.0,1.0,0.0));
#416=AXIS2_PLACEMENT_3D('',#413,#414,#415);
#417=CIRCLE('',#416,0.009842519685039);
#418=EDGE_CURVE('',#380,#412,#417,.T.);
#419=ORIENTED_EDGE('',*,*,#418,.T.);
#420=CARTESIAN_POINT('',(-0.08996062992126,-0.09488188976378,-0.161417322834646));
#421=DIRECTION('',(-1.0,0.0,0.0));
#422=VECTOR('',#421,0.02007874015748);
#423=LINE('',#420,#422);
#424=EDGE_CURVE('',#412,#402,#423,.T.);
#425=ORIENTED_EDGE('',*,*,#424,.T.);
#426=EDGE_LOOP('',(#409,#410,#419,#425));
#427=FACE_OUTER_BOUND('',#426,.T.);
#428=ADVANCED_FACE('',(#427),#400,.T.);
#429=CARTESIAN_POINT('',(-0.088956692913386,-0.094370078740158,-0.161417322834646));
#430=DIRECTION('',(0.0,0.0,1.0));
#431=DIRECTION('',(1.0,0.0,0.0));
#432=AXIS2_PLACEMENT_3D('',#429,#430,#431);
#433=PLANE('',#432);
#434=CARTESIAN_POINT('',(-0.11003937007874,-0.105118110236221,-0.161417322834646));
#435=VERTEX_POINT('',#434);
#436=CARTESIAN_POINT('',(-0.11003937007874,-0.09488188976378,-0.161417322834646));
#437=DIRECTION('',(0.0,-1.0,0.0));
#438=VECTOR('',#437,0.010236220472441);
#439=LINE('',#436,#438);
#440=EDGE_CURVE('',#402,#435,#439,.T.);
#441=ORIENTED_EDGE('',*,*,#440,.F.);
#442=ORIENTED_EDGE('',*,*,#424,.F.);
#443=CARTESIAN_POINT('',(-0.08996062992126,-0.105118110236221,-0.161417322834646));
#444=VERTEX_POINT('',#443);
#445=CARTESIAN_POINT('',(-0.08996062992126,-0.09488188976378,-0.161417322834646));
#446=DIRECTION('',(0.0,-1.0,0.0));
#447=VECTOR('',#446,0.010236220472441);
#448=LINE('',#445,#447);
#449=EDGE_CURVE('',#412,#444,#448,.T.);
#450=ORIENTED_EDGE('',*,*,#449,.T.);
#451=CARTESIAN_POINT('',(-0.08996062992126,-0.105118110236221,-0.161417322834646));
#452=DIRECTION('',(-1.0,0.0,0.0));
#453=VECTOR('',#452,0.02007874015748);
#454=LINE('',#451,#453);
#455=EDGE_CURVE('',#444,#435,#454,.T.);
#456=ORIENTED_EDGE('',*,*,#455,.T.);
#457=EDGE_LOOP('',(#441,#442,#450,#456));
#458=FACE_OUTER_BOUND('',#457,.T.);
#459=ADVANCED_FACE('',(#458),#433,.F.);
#460=CARTESIAN_POINT('',(-0.111043307086614,-0.105118110236221,-0.151574803149606));
#461=DIRECTION('',(1.0,0.0,0.0));
#462=DIRECTION('',(0.0,0.707106781186548,0.707106781186547));
#463=AXIS2_PLACEMENT_3D('',#460,#461,#462);
#464=CYLINDRICAL_SURFACE('',#463,0.009842519685039);
#465=CARTESIAN_POINT('',(-0.11003937007874,-0.11496062992126,-0.151574803149606));
#466=VERTEX_POINT('',#465);
#467=CARTESIAN_POINT('',(-0.11003937007874,-0.105118110236221,-0.151574803149606));
#468=DIRECTION('',(-1.0,0.0,0.0));
#469=DIRECTION('',(0.0,0.0,-1.0));
#470=AXIS2_PLACEMENT_3D('',#467,#468,#469);
#471=CIRCLE('',#470,0.009842519685039);
#472=EDGE_CURVE('',#435,#466,#471,.T.);
#473=ORIENTED_EDGE('',*,*,#472,.F.);
#474=ORIENTED_EDGE('',*,*,#455,.F.);
#475=CARTESIAN_POINT('',(-0.08996062992126,-0.11496062992126,-0.151574803149606));
#476=VERTEX_POINT('',#475);
#477=CARTESIAN_POINT('',(-0.08996062992126,-0.105118110236221,-0.151574803149606));
#478=DIRECTION('',(-1.0,0.0,0.0));
#479=DIRECTION('',(0.0,0.0,-1.0));
#480=AXIS2_PLACEMENT_3D('',#477,#478,#479);
#481=CIRCLE('',#480,0.009842519685039);
#482=EDGE_CURVE('',#444,#476,#481,.T.);
#483=ORIENTED_EDGE('',*,*,#482,.T.);
#484=CARTESIAN_POINT('',(-0.08996062992126,-0.11496062992126,-0.151574803149606));
#485=DIRECTION('',(-1.0,0.0,0.0));
#486=VECTOR('',#485,0.02007874015748);
#487=LINE('',#484,#486);
#488=EDGE_CURVE('',#476,#466,#487,.T.);
#489=ORIENTED_EDGE('',*,*,#488,.T.);
#490=EDGE_LOOP('',(#473,#474,#483,#489));
#491=FACE_OUTER_BOUND('',#490,.T.);
#492=ADVANCED_FACE('',(#491),#464,.T.);
#493=CARTESIAN_POINT('',(-0.088956692913386,-0.11496062992126,-0.021358267716535));
#494=DIRECTION('',(0.0,1.0,0.0));
#495=DIRECTION('',(0.0,0.0,1.0));
#496=AXIS2_PLACEMENT_3D('',#493,#494,#495);
#497=PLANE('',#496);
#498=CARTESIAN_POINT('',(-0.11003937007874,-0.11496062992126,-0.02755905511811));
#499=VERTEX_POINT('',#498);
#500=CARTESIAN_POINT('',(-0.11003937007874,-0.11496062992126,-0.151574803149606));
#501=DIRECTION('',(0.0,0.0,1.0));
#502=VECTOR('',#501,0.124015748031496);
#503=LINE('',#500,#502);
#504=EDGE_CURVE('',#466,#499,#503,.T.);
#505=ORIENTED_EDGE('',*,*,#504,.F.);
#506=ORIENTED_EDGE('',*,*,#488,.F.);
#507=CARTESIAN_POINT('',(-0.08996062992126,-0.11496062992126,-0.02755905511811));
#508=VERTEX_POINT('',#507);
#509=CARTESIAN_POINT('',(-0.08996062992126,-0.11496062992126,-0.151574803149606));
#510=DIRECTION('',(0.0,0.0,1.0));
#511=VECTOR('',#510,0.124015748031496);
#512=LINE('',#509,#511);
#513=EDGE_CURVE('',#476,#508,#512,.T.);
#514=ORIENTED_EDGE('',*,*,#513,.T.);
#515=CARTESIAN_POINT('',(-0.11003937007874,-0.11496062992126,-0.02755905511811));
#516=DIRECTION('',(1.0,0.0,0.0));
#517=VECTOR('',#516,0.02007874015748);
#518=LINE('',#515,#517);
#519=EDGE_CURVE('',#499,#508,#518,.T.);
#520=ORIENTED_EDGE('',*,*,#519,.F.);
#521=EDGE_LOOP('',(#505,#506,#514,#520));
#522=FACE_OUTER_BOUND('',#521,.T.);
#523=ADVANCED_FACE('',(#522),#497,.F.);
#524=CARTESIAN_POINT('',(0.011043307086614,-0.08503937007874,-0.157775590551181));
#525=DIRECTION('',(0.0,-1.0,0.0));
#526=DIRECTION('',(0.0,0.0,-1.0));
#527=AXIS2_PLACEMENT_3D('',#524,#525,#526);
#528=PLANE('',#527);
#529=CARTESIAN_POINT('',(-0.01003937007874,-0.08503937007874,-0.02755905511811));
#530=VERTEX_POINT('',#529);
#531=CARTESIAN_POINT('',(-0.01003937007874,-0.08503937007874,-0.151574803149606));
#532=VERTEX_POINT('',#531);
#533=CARTESIAN_POINT('',(-0.01003937007874,-0.08503937007874,-0.02755905511811));
#534=DIRECTION('',(0.0,0.0,-1.0));
#535=VECTOR('',#534,0.124015748031496);
#536=LINE('',#533,#535);
#537=EDGE_CURVE('',#530,#532,#536,.T.);
#538=ORIENTED_EDGE('',*,*,#537,.F.);
#539=CARTESIAN_POINT('',(0.01003937007874,-0.08503937007874,-0.02755905511811));
#540=VERTEX_POINT('',#539);
#541=CARTESIAN_POINT('',(0.01003937007874,-0.08503937007874,-0.02755905511811));
#542=DIRECTION('',(-1.0,0.0,0.0));
#543=VECTOR('',#542,0.02007874015748);
#544=LINE('',#541,#543);
#545=EDGE_CURVE('',#540,#530,#544,.T.);
#546=ORIENTED_EDGE('',*,*,#545,.F.);
#547=CARTESIAN_POINT('',(0.01003937007874,-0.08503937007874,-0.151574803149606));
#548=VERTEX_POINT('',#547);
#549=CARTESIAN_POINT('',(0.01003937007874,-0.08503937007874,-0.02755905511811));
#550=DIRECTION('',(0.0,0.0,-1.0));
#551=VECTOR('',#550,0.124015748031496);
#552=LINE('',#549,#551);
#553=EDGE_CURVE('',#540,#548,#552,.T.);
#554=ORIENTED_EDGE('',*,*,#553,.T.);
#555=CARTESIAN_POINT('',(0.01003937007874,-0.08503937007874,-0.151574803149606));
#556=DIRECTION('',(-1.0,0.0,0.0));
#557=VECTOR('',#556,0.02007874015748);
#558=LINE('',#555,#557);
#559=EDGE_CURVE('',#548,#532,#558,.T.);
#560=ORIENTED_EDGE('',*,*,#559,.T.);
#561=EDGE_LOOP('',(#538,#546,#554,#560));
#562=FACE_OUTER_BOUND('',#561,.T.);
#563=ADVANCED_FACE('',(#562),#528,.F.);
#564=CARTESIAN_POINT('',(-0.011043307086614,-0.09488188976378,-0.151574803149606));
#565=DIRECTION('',(1.0,0.0,0.0));
#566=DIRECTION('',(0.0,-0.707106781186547,0.707106781186548));
#567=AXIS2_PLACEMENT_3D('',#564,#565,#566);
#568=CYLINDRICAL_SURFACE('',#567,0.009842519685039);
#569=CARTESIAN_POINT('',(-0.01003937007874,-0.09488188976378,-0.161417322834646));
#570=VERTEX_POINT('',#569);
#571=CARTESIAN_POINT('',(-0.01003937007874,-0.09488188976378,-0.151574803149606));
#572=DIRECTION('',(-1.0,0.0,0.0));
#573=DIRECTION('',(0.0,1.0,0.0));
#574=AXIS2_PLACEMENT_3D('',#571,#572,#573);
#575=CIRCLE('',#574,0.009842519685039);
#576=EDGE_CURVE('',#532,#570,#575,.T.);
#577=ORIENTED_EDGE('',*,*,#576,.F.);
#578=ORIENTED_EDGE('',*,*,#559,.F.);
#579=CARTESIAN_POINT('',(0.01003937007874,-0.09488188976378,-0.161417322834646));
#580=VERTEX_POINT('',#579);
#581=CARTESIAN_POINT('',(0.01003937007874,-0.09488188976378,-0.151574803149606));
#582=DIRECTION('',(-1.0,0.0,0.0));
#583=DIRECTION('',(0.0,1.0,0.0));
#584=AXIS2_PLACEMENT_3D('',#581,#582,#583);
#585=CIRCLE('',#584,0.009842519685039);
#586=EDGE_CURVE('',#548,#580,#585,.T.);
#587=ORIENTED_EDGE('',*,*,#586,.T.);
#588=CARTESIAN_POINT('',(0.01003937007874,-0.09488188976378,-0.161417322834646));
#589=DIRECTION('',(-1.0,0.0,0.0));
#590=VECTOR('',#589,0.02007874015748);
#591=LINE('',#588,#590);
#592=EDGE_CURVE('',#580,#570,#591,.T.);
#593=ORIENTED_EDGE('',*,*,#592,.T.);
#594=EDGE_LOOP('',(#577,#578,#587,#593));
#595=FACE_OUTER_BOUND('',#594,.T.);
#596=ADVANCED_FACE('',(#595),#568,.T.);
#597=CARTESIAN_POINT('',(0.011043307086614,-0.094370078740158,-0.161417322834646));
#598=DIRECTION('',(0.0,0.0,1.0));
#599=DIRECTION('',(1.0,0.0,0.0));
#600=AXIS2_PLACEMENT_3D('',#597,#598,#599);
#601=PLANE('',#600);
#602=CARTESIAN_POINT('',(-0.01003937007874,-0.105118110236221,-0.161417322834646));
#603=VERTEX_POINT('',#602);
#604=CARTESIAN_POINT('',(-0.01003937007874,-0.09488188976378,-0.161417322834646));
#605=DIRECTION('',(0.0,-1.0,0.0));
#606=VECTOR('',#605,0.010236220472441);
#607=LINE('',#604,#606);
#608=EDGE_CURVE('',#570,#603,#607,.T.);
#609=ORIENTED_EDGE('',*,*,#608,.F.);
#610=ORIENTED_EDGE('',*,*,#592,.F.);
#611=CARTESIAN_POINT('',(0.01003937007874,-0.105118110236221,-0.161417322834646));
#612=VERTEX_POINT('',#611);
#613=CARTESIAN_POINT('',(0.01003937007874,-0.09488188976378,-0.161417322834646));
#614=DIRECTION('',(0.0,-1.0,0.0));
#615=VECTOR('',#614,0.010236220472441);
#616=LINE('',#613,#615);
#617=EDGE_CURVE('',#580,#612,#616,.T.);
#618=ORIENTED_EDGE('',*,*,#617,.T.);
#619=CARTESIAN_POINT('',(0.01003937007874,-0.105118110236221,-0.161417322834646));
#620=DIRECTION('',(-1.0,0.0,0.0));
#621=VECTOR('',#620,0.02007874015748);
#622=LINE('',#619,#621);
#623=EDGE_CURVE('',#612,#603,#622,.T.);
#624=ORIENTED_EDGE('',*,*,#623,.T.);
#625=EDGE_LOOP('',(#609,#610,#618,#624));
#626=FACE_OUTER_BOUND('',#625,.T.);
#627=ADVANCED_FACE('',(#626),#601,.F.);
#628=CARTESIAN_POINT('',(-0.011043307086614,-0.105118110236221,-0.151574803149606));
#629=DIRECTION('',(1.0,0.0,0.0));
#630=DIRECTION('',(0.0,0.707106781186548,0.707106781186547));
#631=AXIS2_PLACEMENT_3D('',#628,#629,#630);
#632=CYLINDRICAL_SURFACE('',#631,0.009842519685039);
#633=CARTESIAN_POINT('',(-0.01003937007874,-0.11496062992126,-0.151574803149606));
#634=VERTEX_POINT('',#633);
#635=CARTESIAN_POINT('',(-0.01003937007874,-0.105118110236221,-0.151574803149606));
#636=DIRECTION('',(-1.0,0.0,0.0));
#637=DIRECTION('',(0.0,0.0,-1.0));
#638=AXIS2_PLACEMENT_3D('',#635,#636,#637);
#639=CIRCLE('',#638,0.009842519685039);
#640=EDGE_CURVE('',#603,#634,#639,.T.);
#641=ORIENTED_EDGE('',*,*,#640,.F.);
#642=ORIENTED_EDGE('',*,*,#623,.F.);
#643=CARTESIAN_POINT('',(0.01003937007874,-0.11496062992126,-0.151574803149606));
#644=VERTEX_POINT('',#643);
#645=CARTESIAN_POINT('',(0.01003937007874,-0.105118110236221,-0.151574803149606));
#646=DIRECTION('',(-1.0,0.0,0.0));
#647=DIRECTION('',(0.0,0.0,-1.0));
#648=AXIS2_PLACEMENT_3D('',#645,#646,#647);
#649=CIRCLE('',#648,0.009842519685039);
#650=EDGE_CURVE('',#612,#644,#649,.T.);
#651=ORIENTED_EDGE('',*,*,#650,.T.);
#652=CARTESIAN_POINT('',(0.01003937007874,-0.11496062992126,-0.151574803149606));
#653=DIRECTION('',(-1.0,0.0,0.0));
#654=VECTOR('',#653,0.02007874015748);
#655=LINE('',#652,#654);
#656=EDGE_CURVE('',#644,#634,#655,.T.);
#657=ORIENTED_EDGE('',*,*,#656,.T.);
#658=EDGE_LOOP('',(#641,#642,#651,#657));
#659=FACE_OUTER_BOUND('',#658,.T.);
#660=ADVANCED_FACE('',(#659),#632,.T.);
#661=CARTESIAN_POINT('',(0.011043307086614,-0.11496062992126,-0.021358267716535));
#662=DIRECTION('',(0.0,1.0,0.0));
#663=DIRECTION('',(0.0,0.0,1.0));
#664=AXIS2_PLACEMENT_3D('',#661,#662,#663);
#665=PLANE('',#664);
#666=CARTESIAN_POINT('',(-0.01003937007874,-0.11496062992126,-0.02755905511811));
#667=VERTEX_POINT('',#666);
#668=CARTESIAN_POINT('',(-0.01003937007874,-0.11496062992126,-0.151574803149606));
#669=DIRECTION('',(0.0,0.0,1.0));
#670=VECTOR('',#669,0.124015748031496);
#671=LINE('',#668,#670);
#672=EDGE_CURVE('',#634,#667,#671,.T.);
#673=ORIENTED_EDGE('',*,*,#672,.F.);
#674=ORIENTED_EDGE('',*,*,#656,.F.);
#675=CARTESIAN_POINT('',(0.01003937007874,-0.11496062992126,-0.02755905511811));
#676=VERTEX_POINT('',#675);
#677=CARTESIAN_POINT('',(0.01003937007874,-0.11496062992126,-0.151574803149606));
#678=DIRECTION('',(0.0,0.0,1.0));
#679=VECTOR('',#678,0.124015748031496);
#680=LINE('',#677,#679);
#681=EDGE_CURVE('',#644,#676,#680,.T.);
#682=ORIENTED_EDGE('',*,*,#681,.T.);
#683=CARTESIAN_POINT('',(-0.01003937007874,-0.11496062992126,-0.02755905511811));
#684=DIRECTION('',(1.0,0.0,0.0));
#685=VECTOR('',#684,0.02007874015748);
#686=LINE('',#683,#685);
#687=EDGE_CURVE('',#667,#676,#686,.T.);
#688=ORIENTED_EDGE('',*,*,#687,.F.);
#689=EDGE_LOOP('',(#673,#674,#682,#688));
#690=FACE_OUTER_BOUND('',#689,.T.);
#691=ADVANCED_FACE('',(#690),#665,.F.);
#692=CARTESIAN_POINT('',(-0.111043307086614,-0.113248031496063,-0.02755905511811));
#693=DIRECTION('',(0.0,0.0,-1.0));
#694=DIRECTION('',(-1.0,0.0,0.0));
#695=AXIS2_PLACEMENT_3D('',#692,#693,#694);
#696=PLANE('',#695);
#697=ORIENTED_EDGE('',*,*,#519,.T.);
#698=CARTESIAN_POINT('',(-0.08996062992126,-0.149212598425197,-0.02755905511811));
#699=VERTEX_POINT('',#698);
#700=CARTESIAN_POINT('',(-0.08996062992126,-0.11496062992126,-0.02755905511811));
#701=DIRECTION('',(0.0,-1.0,0.0));
#702=VECTOR('',#701,0.034251968503937);
#703=LINE('',#700,#702);
#704=EDGE_CURVE('',#508,#699,#703,.T.);
#705=ORIENTED_EDGE('',*,*,#704,.T.);
#706=CARTESIAN_POINT('',(-0.11003937007874,-0.149212598425197,-0.02755905511811));
#707=VERTEX_POINT('',#706);
#708=CARTESIAN_POINT('',(-0.08996062992126,-0.149212598425197,-0.02755905511811));
#709=DIRECTION('',(-1.0,0.0,0.0));
#710=VECTOR('',#709,0.02007874015748);
#711=LINE('',#708,#710);
#712=EDGE_CURVE('',#699,#707,#711,.T.);
#713=ORIENTED_EDGE('',*,*,#712,.T.);
#714=CARTESIAN_POINT('',(-0.11003937007874,-0.149212598425197,-0.02755905511811));
#715=DIRECTION('',(0.0,1.0,0.0));
#716=VECTOR('',#715,0.034251968503937);
#717=LINE('',#714,#716);
#718=EDGE_CURVE('',#707,#499,#717,.T.);
#719=ORIENTED_EDGE('',*,*,#718,.T.);
#720=EDGE_LOOP('',(#697,#705,#713,#719));
#721=FACE_OUTER_BOUND('',#720,.T.);
#722=ADVANCED_FACE('',(#721),#696,.T.);
#723=CARTESIAN_POINT('',(-0.111043307086614,-0.049074803149606,-0.02755905511811));
#724=DIRECTION('',(0.0,0.0,-1.0));
#725=DIRECTION('',(-1.0,0.0,0.0));
#726=AXIS2_PLACEMENT_3D('',#723,#724,#725);
#727=PLANE('',#726);
#728=ORIENTED_EDGE('',*,*,#377,.T.);
#729=CARTESIAN_POINT('',(-0.11003937007874,-0.050787401574803,-0.02755905511811));
#730=VERTEX_POINT('',#729);
#731=CARTESIAN_POINT('',(-0.11003937007874,-0.08503937007874,-0.02755905511811));
#732=DIRECTION('',(0.0,1.0,0.0));
#733=VECTOR('',#732,0.034251968503937);
#734=LINE('',#731,#733);
#735=EDGE_CURVE('',#362,#730,#734,.T.);
#736=ORIENTED_EDGE('',*,*,#735,.T.);
#737=CARTESIAN_POINT('',(-0.08996062992126,-0.050787401574803,-0.02755905511811));
#738=VERTEX_POINT('',#737);
#739=CARTESIAN_POINT('',(-0.11003937007874,-0.050787401574803,-0.02755905511811));
#740=DIRECTION('',(1.0,0.0,0.0));
#741=VECTOR('',#740,0.02007874015748);
#742=LINE('',#739,#741);
#743=EDGE_CURVE('',#730,#738,#742,.T.);
#744=ORIENTED_EDGE('',*,*,#743,.T.);
#745=CARTESIAN_POINT('',(-0.08996062992126,-0.050787401574803,-0.02755905511811));
#746=DIRECTION('',(0.0,-1.0,0.0));
#747=VECTOR('',#746,0.034251968503937);
#748=LINE('',#745,#747);
#749=EDGE_CURVE('',#738,#372,#748,.T.);
#750=ORIENTED_EDGE('',*,*,#749,.T.);
#751=EDGE_LOOP('',(#728,#736,#744,#750));
#752=FACE_OUTER_BOUND('',#751,.T.);
#753=ADVANCED_FACE('',(#752),#727,.T.);
#754=CARTESIAN_POINT('',(-0.011043307086614,-0.113248031496063,-0.02755905511811));
#755=DIRECTION('',(0.0,0.0,-1.0));
#756=DIRECTION('',(-1.0,0.0,0.0));
#757=AXIS2_PLACEMENT_3D('',#754,#755,#756);
#758=PLANE('',#757);
#759=ORIENTED_EDGE('',*,*,#687,.T.);
#760=CARTESIAN_POINT('',(0.01003937007874,-0.149212598425197,-0.02755905511811));
#761=VERTEX_POINT('',#760);
#762=CARTESIAN_POINT('',(0.01003937007874,-0.11496062992126,-0.02755905511811));
#763=DIRECTION('',(0.0,-1.0,0.0));
#764=VECTOR('',#763,0.034251968503937);
#765=LINE('',#762,#764);
#766=EDGE_CURVE('',#676,#761,#765,.T.);
#767=ORIENTED_EDGE('',*,*,#766,.T.);
#768=CARTESIAN_POINT('',(-0.01003937007874,-0.149212598425197,-0.02755905511811));
#769=VERTEX_POINT('',#768);
#770=CARTESIAN_POINT('',(0.01003937007874,-0.149212598425197,-0.02755905511811));
#771=DIRECTION('',(-1.0,0.0,0.0));
#772=VECTOR('',#771,0.02007874015748);
#773=LINE('',#770,#772);
#774=EDGE_CURVE('',#761,#769,#773,.T.);
#775=ORIENTED_EDGE('',*,*,#774,.T.);
#776=CARTESIAN_POINT('',(-0.01003937007874,-0.149212598425197,-0.02755905511811));
#777=DIRECTION('',(0.0,1.0,0.0));
#778=VECTOR('',#777,0.034251968503937);
#779=LINE('',#776,#778);
#780=EDGE_CURVE('',#769,#667,#779,.T.);
#781=ORIENTED_EDGE('',*,*,#780,.T.);
#782=EDGE_LOOP('',(#759,#767,#775,#781));
#783=FACE_OUTER_BOUND('',#782,.T.);
#784=ADVANCED_FACE('',(#783),#758,.T.);
#785=CARTESIAN_POINT('',(-0.011043307086614,-0.049074803149606,-0.02755905511811));
#786=DIRECTION('',(0.0,0.0,-1.0));
#787=DIRECTION('',(-1.0,0.0,0.0));
#788=AXIS2_PLACEMENT_3D('',#785,#786,#787);
#789=PLANE('',#788);
#790=ORIENTED_EDGE('',*,*,#545,.T.);
#791=CARTESIAN_POINT('',(-0.01003937007874,-0.050787401574803,-0.02755905511811));
#792=VERTEX_POINT('',#791);
#793=CARTESIAN_POINT('',(-0.01003937007874,-0.08503937007874,-0.02755905511811));
#794=DIRECTION('',(0.0,1.0,0.0));
#795=VECTOR('',#794,0.034251968503937);
#796=LINE('',#793,#795);
#797=EDGE_CURVE('',#530,#792,#796,.T.);
#798=ORIENTED_EDGE('',*,*,#797,.T.);
#799=CARTESIAN_POINT('',(0.01003937007874,-0.050787401574803,-0.02755905511811));
#800=VERTEX_POINT('',#799);
#801=CARTESIAN_POINT('',(-0.01003937007874,-0.050787401574803,-0.02755905511811));
#802=DIRECTION('',(1.0,0.0,0.0));
#803=VECTOR('',#802,0.02007874015748);
#804=LINE('',#801,#803);
#805=EDGE_CURVE('',#792,#800,#804,.T.);
#806=ORIENTED_EDGE('',*,*,#805,.T.);
#807=CARTESIAN_POINT('',(0.01003937007874,-0.050787401574803,-0.02755905511811));
#808=DIRECTION('',(0.0,-1.0,0.0));
#809=VECTOR('',#808,0.034251968503937);
#810=LINE('',#807,#809);
#811=EDGE_CURVE('',#800,#540,#810,.T.);
#812=ORIENTED_EDGE('',*,*,#811,.T.);
#813=EDGE_LOOP('',(#790,#798,#806,#812));
#814=FACE_OUTER_BOUND('',#813,.T.);
#815=ADVANCED_FACE('',(#814),#789,.T.);
#816=CARTESIAN_POINT('',(0.111043307086614,-0.08503937007874,-0.157775590551181));
#817=DIRECTION('',(0.0,-1.0,0.0));
#818=DIRECTION('',(0.0,0.0,-1.0));
#819=AXIS2_PLACEMENT_3D('',#816,#817,#818);
#820=PLANE('',#819);
#821=CARTESIAN_POINT('',(0.08996062992126,-0.08503937007874,-0.02755905511811));
#822=VERTEX_POINT('',#821);
#823=CARTESIAN_POINT('',(0.08996062992126,-0.08503937007874,-0.151574803149606));
#824=VERTEX_POINT('',#823);
#825=CARTESIAN_POINT('',(0.08996062992126,-0.08503937007874,-0.02755905511811));
#826=DIRECTION('',(0.0,0.0,-1.0));
#827=VECTOR('',#826,0.124015748031496);
#828=LINE('',#825,#827);
#829=EDGE_CURVE('',#822,#824,#828,.T.);
#830=ORIENTED_EDGE('',*,*,#829,.F.);
#831=CARTESIAN_POINT('',(0.11003937007874,-0.08503937007874,-0.02755905511811));
#832=VERTEX_POINT('',#831);
#833=CARTESIAN_POINT('',(0.11003937007874,-0.08503937007874,-0.02755905511811));
#834=DIRECTION('',(-1.0,0.0,0.0));
#835=VECTOR('',#834,0.02007874015748);
#836=LINE('',#833,#835);
#837=EDGE_CURVE('',#832,#822,#836,.T.);
#838=ORIENTED_EDGE('',*,*,#837,.F.);
#839=CARTESIAN_POINT('',(0.11003937007874,-0.08503937007874,-0.151574803149606));
#840=VERTEX_POINT('',#839);
#841=CARTESIAN_POINT('',(0.11003937007874,-0.08503937007874,-0.02755905511811));
#842=DIRECTION('',(0.0,0.0,-1.0));
#843=VECTOR('',#842,0.124015748031496);
#844=LINE('',#841,#843);
#845=EDGE_CURVE('',#832,#840,#844,.T.);
#846=ORIENTED_EDGE('',*,*,#845,.T.);
#847=CARTESIAN_POINT('',(0.11003937007874,-0.08503937007874,-0.151574803149606));
#848=DIRECTION('',(-1.0,0.0,0.0));
#849=VECTOR('',#848,0.02007874015748);
#850=LINE('',#847,#849);
#851=EDGE_CURVE('',#840,#824,#850,.T.);
#852=ORIENTED_EDGE('',*,*,#851,.T.);
#853=EDGE_LOOP('',(#830,#838,#846,#852));
#854=FACE_OUTER_BOUND('',#853,.T.);
#855=ADVANCED_FACE('',(#854),#820,.F.);
#856=CARTESIAN_POINT('',(0.088956692913386,-0.09488188976378,-0.151574803149606));
#857=DIRECTION('',(1.0,0.0,0.0));
#858=DIRECTION('',(0.0,-0.707106781186547,0.707106781186548));
#859=AXIS2_PLACEMENT_3D('',#856,#857,#858);
#860=CYLINDRICAL_SURFACE('',#859,0.009842519685039);
#861=CARTESIAN_POINT('',(0.08996062992126,-0.09488188976378,-0.161417322834646));
#862=VERTEX_POINT('',#861);
#863=CARTESIAN_POINT('',(0.08996062992126,-0.09488188976378,-0.151574803149606));
#864=DIRECTION('',(-1.0,0.0,0.0));
#865=DIRECTION('',(0.0,1.0,0.0));
#866=AXIS2_PLACEMENT_3D('',#863,#864,#865);
#867=CIRCLE('',#866,0.009842519685039);
#868=EDGE_CURVE('',#824,#862,#867,.T.);
#869=ORIENTED_EDGE('',*,*,#868,.F.);
#870=ORIENTED_EDGE('',*,*,#851,.F.);
#871=CARTESIAN_POINT('',(0.11003937007874,-0.09488188976378,-0.161417322834646));
#872=VERTEX_POINT('',#871);
#873=CARTESIAN_POINT('',(0.11003937007874,-0.09488188976378,-0.151574803149606));
#874=DIRECTION('',(-1.0,0.0,0.0));
#875=DIRECTION('',(0.0,1.0,0.0));
#876=AXIS2_PLACEMENT_3D('',#873,#874,#875);
#877=CIRCLE('',#876,0.009842519685039);
#878=EDGE_CURVE('',#840,#872,#877,.T.);
#879=ORIENTED_EDGE('',*,*,#878,.T.);
#880=CARTESIAN_POINT('',(0.11003937007874,-0.09488188976378,-0.161417322834646));
#881=DIRECTION('',(-1.0,0.0,0.0));
#882=VECTOR('',#881,0.02007874015748);
#883=LINE('',#880,#882);
#884=EDGE_CURVE('',#872,#862,#883,.T.);
#885=ORIENTED_EDGE('',*,*,#884,.T.);
#886=EDGE_LOOP('',(#869,#870,#879,#885));
#887=FACE_OUTER_BOUND('',#886,.T.);
#888=ADVANCED_FACE('',(#887),#860,.T.);
#889=CARTESIAN_POINT('',(0.111043307086614,-0.094370078740158,-0.161417322834646));
#890=DIRECTION('',(0.0,0.0,1.0));
#891=DIRECTION('',(1.0,0.0,0.0));
#892=AXIS2_PLACEMENT_3D('',#889,#890,#891);
#893=PLANE('',#892);
#894=CARTESIAN_POINT('',(0.08996062992126,-0.105118110236221,-0.161417322834646));
#895=VERTEX_POINT('',#894);
#896=CARTESIAN_POINT('',(0.08996062992126,-0.09488188976378,-0.161417322834646));
#897=DIRECTION('',(0.0,-1.0,0.0));
#898=VECTOR('',#897,0.010236220472441);
#899=LINE('',#896,#898);
#900=EDGE_CURVE('',#862,#895,#899,.T.);
#901=ORIENTED_EDGE('',*,*,#900,.F.);
#902=ORIENTED_EDGE('',*,*,#884,.F.);
#903=CARTESIAN_POINT('',(0.11003937007874,-0.105118110236221,-0.161417322834646));
#904=VERTEX_POINT('',#903);
#905=CARTESIAN_POINT('',(0.11003937007874,-0.09488188976378,-0.161417322834646));
#906=DIRECTION('',(0.0,-1.0,0.0));
#907=VECTOR('',#906,0.010236220472441);
#908=LINE('',#905,#907);
#909=EDGE_CURVE('',#872,#904,#908,.T.);
#910=ORIENTED_EDGE('',*,*,#909,.T.);
#911=CARTESIAN_POINT('',(0.11003937007874,-0.105118110236221,-0.161417322834646));
#912=DIRECTION('',(-1.0,0.0,0.0));
#913=VECTOR('',#912,0.02007874015748);
#914=LINE('',#911,#913);
#915=EDGE_CURVE('',#904,#895,#914,.T.);
#916=ORIENTED_EDGE('',*,*,#915,.T.);
#917=EDGE_LOOP('',(#901,#902,#910,#916));
#918=FACE_OUTER_BOUND('',#917,.T.);
#919=ADVANCED_FACE('',(#918),#893,.F.);
#920=CARTESIAN_POINT('',(0.088956692913386,-0.105118110236221,-0.151574803149606));
#921=DIRECTION('',(1.0,0.0,0.0));
#922=DIRECTION('',(0.0,0.707106781186548,0.707106781186547));
#923=AXIS2_PLACEMENT_3D('',#920,#921,#922);
#924=CYLINDRICAL_SURFACE('',#923,0.009842519685039);
#925=CARTESIAN_POINT('',(0.08996062992126,-0.11496062992126,-0.151574803149606));
#926=VERTEX_POINT('',#925);
#927=CARTESIAN_POINT('',(0.08996062992126,-0.105118110236221,-0.151574803149606));
#928=DIRECTION('',(-1.0,0.0,0.0));
#929=DIRECTION('',(0.0,0.0,-1.0));
#930=AXIS2_PLACEMENT_3D('',#927,#928,#929);
#931=CIRCLE('',#930,0.009842519685039);
#932=EDGE_CURVE('',#895,#926,#931,.T.);
#933=ORIENTED_EDGE('',*,*,#932,.F.);
#934=ORIENTED_EDGE('',*,*,#915,.F.);
#935=CARTESIAN_POINT('',(0.11003937007874,-0.11496062992126,-0.151574803149606));
#936=VERTEX_POINT('',#935);
#937=CARTESIAN_POINT('',(0.11003937007874,-0.105118110236221,-0.151574803149606));
#938=DIRECTION('',(-1.0,0.0,0.0));
#939=DIRECTION('',(0.0,0.0,-1.0));
#940=AXIS2_PLACEMENT_3D('',#937,#938,#939);
#941=CIRCLE('',#940,0.009842519685039);
#942=EDGE_CURVE('',#904,#936,#941,.T.);
#943=ORIENTED_EDGE('',*,*,#942,.T.);
#944=CARTESIAN_POINT('',(0.11003937007874,-0.11496062992126,-0.151574803149606));
#945=DIRECTION('',(-1.0,0.0,0.0));
#946=VECTOR('',#945,0.02007874015748);
#947=LINE('',#944,#946);
#948=EDGE_CURVE('',#936,#926,#947,.T.);
#949=ORIENTED_EDGE('',*,*,#948,.T.);
#950=EDGE_LOOP('',(#933,#934,#943,#949));
#951=FACE_OUTER_BOUND('',#950,.T.);
#952=ADVANCED_FACE('',(#951),#924,.T.);
#953=CARTESIAN_POINT('',(0.111043307086614,-0.11496062992126,-0.021358267716535));
#954=DIRECTION('',(0.0,1.0,0.0));
#955=DIRECTION('',(0.0,0.0,1.0));
#956=AXIS2_PLACEMENT_3D('',#953,#954,#955);
#957=PLANE('',#956);
#958=CARTESIAN_POINT('',(0.08996062992126,-0.11496062992126,-0.02755905511811));
#959=VERTEX_POINT('',#958);
#960=CARTESIAN_POINT('',(0.08996062992126,-0.11496062992126,-0.151574803149606));
#961=DIRECTION('',(0.0,0.0,1.0));
#962=VECTOR('',#961,0.124015748031496);
#963=LINE('',#960,#962);
#964=EDGE_CURVE('',#926,#959,#963,.T.);
#965=ORIENTED_EDGE('',*,*,#964,.F.);
#966=ORIENTED_EDGE('',*,*,#948,.F.);
#967=CARTESIAN_POINT('',(0.11003937007874,-0.11496062992126,-0.02755905511811));
#968=VERTEX_POINT('',#967);
#969=CARTESIAN_POINT('',(0.11003937007874,-0.11496062992126,-0.151574803149606));
#970=DIRECTION('',(0.0,0.0,1.0));
#971=VECTOR('',#970,0.124015748031496);
#972=LINE('',#969,#971);
#973=EDGE_CURVE('',#936,#968,#972,.T.);
#974=ORIENTED_EDGE('',*,*,#973,.T.);
#975=CARTESIAN_POINT('',(0.08996062992126,-0.11496062992126,-0.02755905511811));
#976=DIRECTION('',(1.0,0.0,0.0));
#977=VECTOR('',#976,0.02007874015748);
#978=LINE('',#975,#977);
#979=EDGE_CURVE('',#959,#968,#978,.T.);
#980=ORIENTED_EDGE('',*,*,#979,.F.);
#981=EDGE_LOOP('',(#965,#966,#974,#980));
#982=FACE_OUTER_BOUND('',#981,.T.);
#983=ADVANCED_FACE('',(#982),#957,.F.);
#984=CARTESIAN_POINT('',(0.088956692913386,-0.113248031496063,-0.02755905511811));
#985=DIRECTION('',(0.0,0.0,-1.0));
#986=DIRECTION('',(-1.0,0.0,0.0));
#987=AXIS2_PLACEMENT_3D('',#984,#985,#986);
#988=PLANE('',#987);
#989=ORIENTED_EDGE('',*,*,#979,.T.);
#990=CARTESIAN_POINT('',(0.11003937007874,-0.149212598425197,-0.02755905511811));
#991=VERTEX_POINT('',#990);
#992=CARTESIAN_POINT('',(0.11003937007874,-0.11496062992126,-0.02755905511811));
#993=DIRECTION('',(0.0,-1.0,0.0));
#994=VECTOR('',#993,0.034251968503937);
#995=LINE('',#992,#994);
#996=EDGE_CURVE('',#968,#991,#995,.T.);
#997=ORIENTED_EDGE('',*,*,#996,.T.);
#998=CARTESIAN_POINT('',(0.08996062992126,-0.149212598425197,-0.02755905511811));
#999=VERTEX_POINT('',#998);
#1000=CARTESIAN_POINT('',(0.11003937007874,-0.149212598425197,-0.02755905511811));
#1001=DIRECTION('',(-1.0,0.0,0.0));
#1002=VECTOR('',#1001,0.02007874015748);
#1003=LINE('',#1000,#1002);
#1004=EDGE_CURVE('',#991,#999,#1003,.T.);
#1005=ORIENTED_EDGE('',*,*,#1004,.T.);
#1006=CARTESIAN_POINT('',(0.08996062992126,-0.149212598425197,-0.02755905511811));
#1007=DIRECTION('',(0.0,1.0,0.0));
#1008=VECTOR('',#1007,0.034251968503937);
#1009=LINE('',#1006,#1008);
#1010=EDGE_CURVE('',#999,#959,#1009,.T.);
#1011=ORIENTED_EDGE('',*,*,#1010,.T.);
#1012=EDGE_LOOP('',(#989,#997,#1005,#1011));
#1013=FACE_OUTER_BOUND('',#1012,.T.);
#1014=ADVANCED_FACE('',(#1013),#988,.T.);
#1015=CARTESIAN_POINT('',(0.088956692913386,-0.049074803149606,-0.02755905511811));
#1016=DIRECTION('',(0.0,0.0,-1.0));
#1017=DIRECTION('',(-1.0,0.0,0.0));
#1018=AXIS2_PLACEMENT_3D('',#1015,#1016,#1017);
#1019=PLANE('',#1018);
#1020=ORIENTED_EDGE('',*,*,#837,.T.);
#1021=CARTESIAN_POINT('',(0.08996062992126,-0.050787401574803,-0.02755905511811));
#1022=VERTEX_POINT('',#1021);
#1023=CARTESIAN_POINT('',(0.08996062992126,-0.08503937007874,-0.02755905511811));
#1024=DIRECTION('',(0.0,1.0,0.0));
#1025=VECTOR('',#1024,0.034251968503937);
#1026=LINE('',#1023,#1025);
#1027=EDGE_CURVE('',#822,#1022,#1026,.T.);
#1028=ORIENTED_EDGE('',*,*,#1027,.T.);
#1029=CARTESIAN_POINT('',(0.11003937007874,-0.050787401574803,-0.02755905511811));
#1030=VERTEX_POINT('',#1029);
#1031=CARTESIAN_POINT('',(0.08996062992126,-0.050787401574803,-0.02755905511811));
#1032=DIRECTION('',(1.0,0.0,0.0));
#1033=VECTOR('',#1032,0.02007874015748);
#1034=LINE('',#1031,#1033);
#1035=EDGE_CURVE('',#1022,#1030,#1034,.T.);
#1036=ORIENTED_EDGE('',*,*,#1035,.T.);
#1037=CARTESIAN_POINT('',(0.11003937007874,-0.050787401574803,-0.02755905511811));
#1038=DIRECTION('',(0.0,-1.0,0.0));
#1039=VECTOR('',#1038,0.034251968503937);
#1040=LINE('',#1037,#1039);
#1041=EDGE_CURVE('',#1030,#832,#1040,.T.);
#1042=ORIENTED_EDGE('',*,*,#1041,.T.);
#1043=EDGE_LOOP('',(#1020,#1028,#1036,#1042));
#1044=FACE_OUTER_BOUND('',#1043,.T.);
#1045=ADVANCED_FACE('',(#1044),#1019,.T.);
#1046=CARTESIAN_POINT('',(-0.089974657292586,-0.12056694906138,-0.023639581996242));
#1047=CARTESIAN_POINT('',(-0.090733602081491,-0.123063677287366,-0.02459036113423));
#1048=CARTESIAN_POINT('',(-0.093451867293597,-0.127416329178373,-0.025132440837123));
#1049=CARTESIAN_POINT('',(-0.097477855068448,-0.129972827249109,-0.023508541632648));
#1050=CARTESIAN_POINT('',(-0.099200888763575,-0.130591443660877,-0.022516908868133));
#1051=CARTESIAN_POINT('',(-0.084480990332913,-0.125843061503559,-0.016768214451899));
#1052=CARTESIAN_POINT('',(-0.085441694815731,-0.127901874727123,-0.017623328249515));
#1053=CARTESIAN_POINT('',(-0.087914034448743,-0.131509946385292,-0.018082754456663));
#1054=CARTESIAN_POINT('',(-0.091082604421952,-0.134075139656785,-0.016579497418724));
#1055=CARTESIAN_POINT('',(-0.092439800460608,-0.134877786061956,-0.015645407199156));
#1056=CARTESIAN_POINT('',(-0.074421674486807,-0.135431777861687,-0.009362886457011));
#1057=CARTESIAN_POINT('',(-0.075342711752042,-0.136927534310517,-0.009754085991824));
#1058=CARTESIAN_POINT('',(-0.077177620611775,-0.139552821894123,-0.009839817042969));
#1059=CARTESIAN_POINT('',(-0.079194773036084,-0.141808743420526,-0.008842196876273));
#1060=CARTESIAN_POINT('',(-0.080059035308276,-0.142667976551079,-0.008239428797773));
#1061=CARTESIAN_POINT('',(-0.057583627802525,-0.147307681279905,-0.004321810053517));
#1062=CARTESIAN_POINT('',(-0.057906982768696,-0.148291079838435,-0.00431409201208));
#1063=CARTESIAN_POINT('',(-0.058485620112964,-0.150020777676509,-0.00410621059223));
#1064=CARTESIAN_POINT('',(-0.059079673999372,-0.151646400145678,-0.003512486908849));
#1065=CARTESIAN_POINT('',(-0.059334253863986,-0.152316564292877,-0.003197793123339));
#1066=CARTESIAN_POINT('',(-0.042320074795084,-0.147367755719465,-0.004318808795916));
#1067=CARTESIAN_POINT('',(-0.041992758783245,-0.148349314387131,-0.004309799550912));
#1068=CARTESIAN_POINT('',(-0.0414072671542,-0.150076171168697,-0.004101744648745));
#1069=CARTESIAN_POINT('',(-0.040805227435842,-0.151697287500491,-0.003508724041157));
#1070=CARTESIAN_POINT('',(-0.040547219419535,-0.152365372678744,-0.003194790055799));
#1071=CARTESIAN_POINT('',(-0.025571054680867,-0.135660369779108,-0.009327355646588));
#1072=CARTESIAN_POINT('',(-0.024650373665267,-0.13714760944274,-0.009713773406391));
#1073=CARTESIAN_POINT('',(-0.022815825156582,-0.139757407356467,-0.009794763815085));
#1074=CARTESIAN_POINT('',(-0.020797010064597,-0.141999951095877,-0.008802941119509));
#1075=CARTESIAN_POINT('',(-0.019932016589769,-0.142853697779693,-0.008203891282982));
#1076=CARTESIAN_POINT('',(-0.015504449741499,-0.125829924915834,-0.01678543507238));
#1077=CARTESIAN_POINT('',(-0.014544353041617,-0.127889911157003,-0.017640956901387));
#1078=CARTESIAN_POINT('',(-0.012071426649793,-0.1315000334824,-0.01810080076802));
#1079=CARTESIAN_POINT('',(-0.008900487865783,-0.134065052654737,-0.016596991415865));
#1080=CARTESIAN_POINT('',(-0.007542280679231,-0.134867113920977,-0.015662628391731));
#1081=CARTESIAN_POINT('',(-0.010025343965041,-0.120566954235032,-0.023639574110073));
#1082=CARTESIAN_POINT('',(-0.009266347077384,-0.123063661410649,-0.024590326828991));
#1083=CARTESIAN_POINT('',(-0.006548156118274,-0.127416351334223,-0.025132448737552));
#1084=CARTESIAN_POINT('',(-0.00252215425828,-0.12997281792722,-0.023508533597644));
#1085=CARTESIAN_POINT('',(-0.000799112694429,-0.130591447840507,-0.022516900944949));
#1086=B_SPLINE_SURFACE_WITH_KNOTS('',3,3,((#1046,#1051,#1056,#1061,#1066,#1071,#1076,#1081),(#1047,#1052,#1057,#1062,#1067,#1072,#1077,#1082),(#1048,#1053,#1058,#1063,#1068,#1073,#1078,#1083),(#1049,#1054,#1059,#1064,#1069,#1074,#1079,#1084),(#1050,#1055,#1060,#1065,#1070,#1075,#1080,#1085)),.UNSPECIFIED.,.F.,.F.,.U.,(4,1,4),(4,1,1,1,1,4),(-0.000267239384741,0.571428571428571,1.0),(0.075000334362657,0.166112382214683,0.21171419916072,0.257316016106756,0.302917833052793,0.393809294942692),.UNSPECIFIED.);
#1087=CARTESIAN_POINT('',(-0.089952522738908,-0.136354092885081,-0.014894124720114));
#1088=VERTEX_POINT('',#1087);
#1089=CARTESIAN_POINT('',(-0.089960629883092,-0.120584943945851,-0.023622046169332));
#1090=VERTEX_POINT('',#1089);
#1091=CARTESIAN_POINT('',(-0.08996062992126,-0.136349180550911,-0.014899513598772));
#1092=CARTESIAN_POINT('',(-0.08996062992126,-0.134553523726294,-0.016866760182871));
#1093=CARTESIAN_POINT('',(-0.089960629921262,-0.132193186443995,-0.018934015296514));
#1094=CARTESIAN_POINT('',(-0.089960629921262,-0.12806173109785,-0.021447259744957));
#1095=CARTESIAN_POINT('',(-0.08996062992126,-0.126566520801728,-0.022197671006611));
#1096=CARTESIAN_POINT('',(-0.08996062992126,-0.123638365225847,-0.02325079715619));
#1097=CARTESIAN_POINT('',(-0.08996062992126,-0.122088097280323,-0.023621965915716));
#1098=CARTESIAN_POINT('',(-0.08996062992126,-0.120584943945801,-0.023622045221233));
#1099=B_SPLINE_CURVE_WITH_KNOTS('',3,(#1091,#1092,#1093,#1094,#1095,#1096,#1097,#1098),.UNSPECIFIED.,.F.,.U.,(4,2,2,4),(-0.018969669131174,-0.009332903898523,-0.004510221982279,-0.00000099959585),.UNSPECIFIED.);
#1100=EDGE_CURVE('',#1088,#1090,#1099,.T.);
#1101=ORIENTED_EDGE('',*,*,#1100,.T.);
#1102=CARTESIAN_POINT('',(-0.010039370097459,-0.120584948586113,-0.023622041631581));
#1103=VERTEX_POINT('',#1102);
#1104=CARTESIAN_POINT('',(-0.089960629209797,-0.120584943549964,-0.023622046355056));
#1105=CARTESIAN_POINT('',(-0.084469718544415,-0.125857649297892,-0.016760650548661));
#1106=CARTESIAN_POINT('',(-0.077796409555971,-0.132241331323613,-0.011789490428305));
#1107=CARTESIAN_POINT('',(-0.06602038143589,-0.141368485155038,-0.006804806685231));
#1108=CARTESIAN_POINT('',(-0.061799442646052,-0.144338772754117,-0.005577758162013));
#1109=CARTESIAN_POINT('',(-0.052500869752366,-0.147329084306372,-0.004265853888293));
#1110=CARTESIAN_POINT('',(-0.047402073322212,-0.147349108259548,-0.004271659505057));
#1111=CARTESIAN_POINT('',(-0.038127073549975,-0.144437445721476,-0.005596159923832));
#1112=CARTESIAN_POINT('',(-0.033929052751615,-0.141505759230226,-0.006822301397072));
#1113=CARTESIAN_POINT('',(-0.022203502171087,-0.132383991590157,-0.01179737257029));
#1114=CARTESIAN_POINT('',(-0.015516247005388,-0.125844829480938,-0.01677818886418));
#1115=CARTESIAN_POINT('',(-0.010039373034464,-0.120584948121764,-0.023622043550647));
#1116=B_SPLINE_CURVE_WITH_KNOTS('',3,(#1104,#1105,#1106,#1107,#1108,#1109,#1110,#1111,#1112,#1113,#1114,#1115),.UNSPECIFIED.,.F.,.U.,(4,2,2,2,2,4),(0.07508375462683,0.166112378573328,0.211714192688697,0.257316006804065,0.302917820919434,0.393725874676564),.UNSPECIFIED.);
#1117=EDGE_CURVE('',#1090,#1103,#1116,.T.);
#1118=ORIENTED_EDGE('',*,*,#1117,.T.);
#1119=CARTESIAN_POINT('',(-0.010034348584971,-0.136395846757392,-0.014893006828632));
#1120=VERTEX_POINT('',#1119);
#1121=CARTESIAN_POINT('',(-0.01003937007874,-0.12058494858542,-0.023622036037445));
#1122=CARTESIAN_POINT('',(-0.01003937007874,-0.12208677995765,-0.023621850005089));
#1123=CARTESIAN_POINT('',(-0.01003937007874,-0.123635977023756,-0.023251174716984));
#1124=CARTESIAN_POINT('',(-0.01003937007874,-0.126564434226142,-0.022200162304507));
#1125=CARTESIAN_POINT('',(-0.010039370078738,-0.128062025340298,-0.021450481778534));
#1126=CARTESIAN_POINT('',(-0.010039370078738,-0.132208082448045,-0.018937537120516));
#1127=CARTESIAN_POINT('',(-0.01003937007874,-0.134583075762953,-0.01686765816899));
#1128=CARTESIAN_POINT('',(-0.01003937007874,-0.136390862294946,-0.014898450854365));
#1129=B_SPLINE_CURVE_WITH_KNOTS('',3,(#1121,#1122,#1123,#1124,#1125,#1126,#1127,#1128),.UNSPECIFIED.,.F.,.U.,(4,2,2,4),(-0.015756398135321,-0.012021165162015,-0.008019106071315,0.0),.UNSPECIFIED.);
#1130=EDGE_CURVE('',#1103,#1120,#1129,.T.);
#1131=ORIENTED_EDGE('',*,*,#1130,.T.);
#1132=CARTESIAN_POINT('',(-0.010029066937531,-0.136392603253127,-0.014896529002898));
#1133=CARTESIAN_POINT('',(-0.014673117928325,-0.139244610589338,-0.011799195725699));
#1134=CARTESIAN_POINT('',(-0.024231002155455,-0.144837212248805,-0.007159319757272));
#1135=CARTESIAN_POINT('',(-0.040547219419535,-0.152365372678744,-0.003194790055799));
#1136=CARTESIAN_POINT('',(-0.059334253863986,-0.152316564292877,-0.003197793123339));
#1137=CARTESIAN_POINT('',(-0.075731779893887,-0.144682564915214,-0.007186754475092));
#1138=CARTESIAN_POINT('',(-0.085300150943649,-0.139172985432775,-0.011802218030113));
#1139=CARTESIAN_POINT('',(-0.089952522738908,-0.136354092885081,-0.014894124720114));
#1140=B_SPLINE_CURVE_WITH_KNOTS('',3,(#1132,#1133,#1134,#1135,#1136,#1137,#1138,#1139),.UNSPECIFIED.,.F.,.U.,(4,1,1,1,1,4),(-0.355836144990538,-0.302917833052793,-0.257316016106756,-0.21171419916072,-0.166112382214683,-0.113067154178148),.UNSPECIFIED.);
#1141=EDGE_CURVE('',#1120,#1088,#1140,.T.);
#1142=ORIENTED_EDGE('',*,*,#1141,.T.);
#1143=EDGE_LOOP('',(#1101,#1118,#1131,#1142));
#1144=FACE_OUTER_BOUND('',#1143,.T.);
#1145=ADVANCED_FACE('',(#1144),#1086,.F.);
#1146=CARTESIAN_POINT('',(-0.05,-0.151656374116845,-0.05560099806032));
#1147=DIRECTION('',(0.0,1.0,0.0));
#1148=DIRECTION('',(0.0,0.0,-1.0));
#1149=AXIS2_PLACEMENT_3D('',#1146,#1147,#1148);
#1150=CYLINDRICAL_SURFACE('',#1149,0.051181102362205);
#1151=ORIENTED_EDGE('',*,*,#1117,.F.);
#1152=CARTESIAN_POINT('',(-0.089960629904207,-0.079415051223457,-0.023622041801671));
#1153=VERTEX_POINT('',#1152);
#1154=CARTESIAN_POINT('',(-0.08996062992126,-0.120584943945851,-0.023622047244094));
#1155=DIRECTION('',(0.0,1.0,0.0));
#1156=VECTOR('',#1155,0.041169892722394);
#1157=LINE('',#1154,#1156);
#1158=EDGE_CURVE('',#1090,#1153,#1157,.T.);
#1159=ORIENTED_EDGE('',*,*,#1158,.T.);
#1160=CARTESIAN_POINT('',(-0.010039370158071,-0.079415056495873,-0.023622044884509));
#1161=VERTEX_POINT('',#1160);
#1162=CARTESIAN_POINT('',(-0.010039371623745,-0.079415057330261,-0.02362204531347));
#1163=CARTESIAN_POINT('',(-0.01552287609824,-0.07414967539143,-0.016769904587053));
#1164=CARTESIAN_POINT('',(-0.022200034525081,-0.067757888127266,-0.011793229013623));
#1165=CARTESIAN_POINT('',(-0.033968181917199,-0.058628417075988,-0.006808530198157));
#1166=CARTESIAN_POINT('',(-0.038186049933714,-0.055657661357884,-0.005581221789772));
#1167=CARTESIAN_POINT('',(-0.047483399626071,-0.052662971566313,-0.004266661044222));
#1168=CARTESIAN_POINT('',(-0.052584112060904,-0.052639037492846,-0.00427093424289));
#1169=CARTESIAN_POINT('',(-0.061860066054186,-0.055546557436252,-0.005593079489006));
#1170=CARTESIAN_POINT('',(-0.06605718780081,-0.058478011453125,-0.006817662708066));
#1171=CARTESIAN_POINT('',(-0.077787428271579,-0.067605396345815,-0.011791141688344));
#1172=CARTESIAN_POINT('',(-0.084485352313081,-0.074156659997095,-0.016780187317615));
#1173=CARTESIAN_POINT('',(-0.08996062705946,-0.079415051666133,-0.023622043668013));
#1174=B_SPLINE_CURVE_WITH_KNOTS('',3,(#1162,#1163,#1164,#1165,#1166,#1167,#1168,#1169,#1170,#1171,#1172,#1173),.UNSPECIFIED.,.F.,.U.,(4,2,2,2,2,4),(0.073637562045631,0.164599280796833,0.210212403553555,0.255825526310278,0.301438649067,0.392269331140779),.UNSPECIFIED.);
#1175=EDGE_CURVE('',#1161,#1153,#1174,.T.);
#1176=ORIENTED_EDGE('',*,*,#1175,.F.);
#1177=CARTESIAN_POINT('',(-0.01003937007874,-0.079415056495873,-0.023622047244095));
#1178=DIRECTION('',(0.0,-1.0,0.0));
#1179=VECTOR('',#1178,0.04116989209024);
#1180=LINE('',#1177,#1179);
#1181=EDGE_CURVE('',#1161,#1103,#1180,.T.);
#1182=ORIENTED_EDGE('',*,*,#1181,.T.);
#1183=EDGE_LOOP('',(#1151,#1159,#1176,#1182));
#1184=FACE_OUTER_BOUND('',#1183,.T.);
#1185=ADVANCED_FACE('',(#1184),#1150,.F.);
#1186=CARTESIAN_POINT('',(-0.139992246927901,-0.156607907982843,-0.00041796097285));
#1187=CARTESIAN_POINT('',(-0.139402546504997,-0.157246248856881,-0.000587909799739));
#1188=CARTESIAN_POINT('',(-0.13832230944277,-0.15836323982877,-0.000716705408184));
#1189=CARTESIAN_POINT('',(-0.137205291028451,-0.159431369801978,-0.000545495936104));
#1190=CARTESIAN_POINT('',(-0.136726631790251,-0.15987356986578,-0.00041812432324));
#1191=CARTESIAN_POINT('',(-0.135079704585178,-0.15056077015392,-0.001831334508361));
#1192=CARTESIAN_POINT('',(-0.134307902989482,-0.151432241385587,-0.002118361051441));
#1193=CARTESIAN_POINT('',(-0.132858206649358,-0.152957220573463,-0.002336750791017));
#1194=CARTESIAN_POINT('',(-0.131333203222195,-0.154382105257584,-0.00204674282798));
#1195=CARTESIAN_POINT('',(-0.130679718026265,-0.154960852457246,-0.001831610370338));
#1196=CARTESIAN_POINT('',(-0.123177083927127,-0.135909267165645,-0.007276292237778));
#1197=CARTESIAN_POINT('',(-0.122054488690692,-0.137391002590362,-0.007993795538462));
#1198=CARTESIAN_POINT('',(-0.119733806501547,-0.139984811643094,-0.008548128585169));
#1199=CARTESIAN_POINT('',(-0.117140207596179,-0.1422163905756,-0.007815492939362));
#1200=CARTESIAN_POINT('',(-0.116028801170054,-0.143057894060464,-0.007276980791333));
#1201=CARTESIAN_POINT('',(-0.114007905169146,-0.124623126203403,-0.01688438821758));
#1202=CARTESIAN_POINT('',(-0.113079021087783,-0.126832554206941,-0.018045463128158));
#1203=CARTESIAN_POINT('',(-0.110280702518498,-0.130701274804097,-0.019011422341498));
#1204=CARTESIAN_POINT('',(-0.106403655903474,-0.133195998104093,-0.017757503499998));
#1205=CARTESIAN_POINT('',(-0.104743355019152,-0.133888896218836,-0.016885501657351));
#1206=CARTESIAN_POINT('',(-0.110034087523791,-0.119732049031122,-0.023631010369543));
#1207=CARTESIAN_POINT('',(-0.109358013532077,-0.122362622115177,-0.024782086606831));
#1208=CARTESIAN_POINT('',(-0.106434722891041,-0.126944486327935,-0.025758897805029));
#1209=CARTESIAN_POINT('',(-0.101825200325,-0.129407878539072,-0.024494951145434));
#1210=CARTESIAN_POINT('',(-0.099852687775499,-0.129915327158628,-0.023632116609361));
#1211=B_SPLINE_SURFACE_WITH_KNOTS('',3,3,((#1186,#1191,#1196,#1201,#1206),(#1187,#1192,#1197,#1202,#1207),(#1188,#1193,#1198,#1203,#1208),(#1189,#1194,#1199,#1204,#1209),(#1190,#1195,#1200,#1205,#1210)),.UNSPECIFIED.,.F.,.F.,.U.,(4,1,4),(4,1,4),(-0.000388426715599,0.571428571428571,1.000205217287335),(-1.290824172757471,-0.991186580768275,-0.532247668133192),.UNSPECIFIED.);
#1212=CARTESIAN_POINT('',(-0.136711782299544,-0.159860348830433,-0.000421789081446));
#1213=VERTEX_POINT('',#1212);
#1214=CARTESIAN_POINT('',(-0.147327967945388,-0.167193528093006,0.01625192943068));
#1215=DIRECTION('',(-0.562646648181478,-0.562646648644012,-0.605687624159361));
#1216=DIRECTION('',(0.428898098387192,0.427673232983175,-0.795702222561663));
#1217=AXIS2_PLACEMENT_3D('',#1214,#1215,#1216);
#1218=ELLIPSE('',#1217,0.021301981980283,0.012848253934813);
#1219=EDGE_CURVE('',#163,#1213,#1218,.T.);
#1220=ORIENTED_EDGE('',*,*,#1219,.F.);
#1221=ORIENTED_EDGE('',*,*,#201,.T.);
#1222=CARTESIAN_POINT('',(-0.110038321652857,-0.138188179583672,-0.013056929925242));
#1223=VERTEX_POINT('',#1222);
#1224=CARTESIAN_POINT('',(-0.11003937007874,-0.119745608721987,-0.023622047244095));
#1225=CARTESIAN_POINT('',(-0.11003937007874,-0.12132169722183,-0.023622047244095));
#1226=CARTESIAN_POINT('',(-0.11003937007874,-0.123068278054456,-0.023132402332298));
#1227=CARTESIAN_POINT('',(-0.11003937007874,-0.126579781089918,-0.021657474468443));
#1228=CARTESIAN_POINT('',(-0.110039370078731,-0.128336833549253,-0.020681328893295));
#1229=CARTESIAN_POINT('',(-0.110039370078731,-0.133117161556374,-0.017631646636229));
#1230=CARTESIAN_POINT('',(-0.11003937007874,-0.135990719593513,-0.01522401271368));
#1231=CARTESIAN_POINT('',(-0.11003937007874,-0.138190000922603,-0.013063379671205));
#1232=B_SPLINE_CURVE_WITH_KNOTS('',3,(#1224,#1225,#1226,#1227,#1228,#1229,#1230,#1231),.UNSPECIFIED.,.F.,.U.,(4,2,2,4),(-0.01860338950019,-0.01387686064348,-0.009249138423576,0.0),.UNSPECIFIED.);
#1233=EDGE_CURVE('',#189,#1223,#1232,.T.);
#1234=ORIENTED_EDGE('',*,*,#1233,.T.);
#1235=CARTESIAN_POINT('',(-0.154133858267717,-0.174015748031496,-0.049606299212598));
#1236=DIRECTION('',(0.630592625094465,-0.776114000116266,2.692686E-016));
#1237=DIRECTION('',(0.776114000116266,0.630592625094465,0.0));
#1238=AXIS2_PLACEMENT_3D('',#1235,#1236,#1237);
#1239=ELLIPSE('',#1238,0.081163496567277,0.051181102362205);
#1240=EDGE_CURVE('',#1223,#1213,#1239,.T.);
#1241=ORIENTED_EDGE('',*,*,#1240,.T.);
#1242=EDGE_LOOP('',(#1220,#1221,#1234,#1241));
#1243=FACE_OUTER_BOUND('',#1242,.T.);
#1244=ADVANCED_FACE('',(#1243),#1211,.F.);
#1245=CARTESIAN_POINT('',(-0.150382978457147,-0.174015748031496,-0.049606299212598));
#1246=DIRECTION('',(1.0,0.0,0.0));
#1247=DIRECTION('',(0.0,-0.861538461538461,-0.507692307692308));
#1248=AXIS2_PLACEMENT_3D('',#1245,#1246,#1247);
#1249=CYLINDRICAL_SURFACE('',#1248,0.051181102362205);
#1250=CARTESIAN_POINT('',(-0.135792882226576,-0.161417322834646,3.374070E-018));
#1251=VERTEX_POINT('',#1250);
#1252=CARTESIAN_POINT('',(-0.146342339362294,-0.16649901180456,-0.001023575907594));
#1253=DIRECTION('',(0.172116246568962,-0.161577894449083,-0.971734830955654));
#1254=DIRECTION('',(-0.614733194889644,0.753186748918646,-0.234121379532353));
#1255=AXIS2_PLACEMENT_3D('',#1252,#1253,#1254);
#1256=ELLIPSE('',#1255,0.012585600766261,0.011705979450015);
#1257=EDGE_CURVE('',#1213,#1251,#1256,.T.);
#1258=ORIENTED_EDGE('',*,*,#1257,.F.);
#1259=ORIENTED_EDGE('',*,*,#1240,.F.);
#1260=CARTESIAN_POINT('',(-0.11003937007874,-0.149212598425197,-0.004836789402706));
#1261=VERTEX_POINT('',#1260);
#1262=CARTESIAN_POINT('',(-0.11003937007874,-0.174015748031496,-0.049606299212598));
#1263=DIRECTION('',(1.0,0.0,0.0));
#1264=DIRECTION('',(0.0,-0.861538461538461,-0.507692307692308));
#1265=AXIS2_PLACEMENT_3D('',#1262,#1263,#1264);
#1266=CIRCLE('',#1265,0.051181102362205);
#1267=EDGE_CURVE('',#1223,#1261,#1266,.T.);
#1268=ORIENTED_EDGE('',*,*,#1267,.T.);
#1269=CARTESIAN_POINT('',(-0.08996062992126,-0.149212598425197,-0.004836789402706));
#1270=VERTEX_POINT('',#1269);
#1271=CARTESIAN_POINT('',(-0.11003937007874,-0.149212598425197,-0.004836789402706));
#1272=DIRECTION('',(1.0,0.0,0.0));
#1273=VECTOR('',#1272,0.02007874015748);
#1274=LINE('',#1271,#1273);
#1275=EDGE_CURVE('',#1261,#1270,#1274,.T.);
#1276=ORIENTED_EDGE('',*,*,#1275,.T.);
#1277=CARTESIAN_POINT('',(-0.08996062992126,-0.174015748031496,-0.049606299212598));
#1278=DIRECTION('',(-1.0,0.0,0.0));
#1279=DIRECTION('',(0.0,-0.861538461538461,-0.507692307692308));
#1280=AXIS2_PLACEMENT_3D('',#1277,#1278,#1279);
#1281=CIRCLE('',#1280,0.051181102362205);
#1282=EDGE_CURVE('',#1270,#1088,#1281,.T.);
#1283=ORIENTED_EDGE('',*,*,#1282,.T.);
#1284=ORIENTED_EDGE('',*,*,#1141,.F.);
#1285=CARTESIAN_POINT('',(-0.01003937007874,-0.149212598425197,-0.004836789402706));
#1286=VERTEX_POINT('',#1285);
#1287=CARTESIAN_POINT('',(-0.01003937007874,-0.174015748031496,-0.049606299212598));
#1288=DIRECTION('',(1.0,0.0,0.0));
#1289=DIRECTION('',(0.0,-0.861538461538461,-0.507692307692308));
#1290=AXIS2_PLACEMENT_3D('',#1287,#1288,#1289);
#1291=CIRCLE('',#1290,0.051181102362205);
#1292=EDGE_CURVE('',#1120,#1286,#1291,.T.);
#1293=ORIENTED_EDGE('',*,*,#1292,.T.);
#1294=CARTESIAN_POINT('',(0.01003937007874,-0.149212598425197,-0.004836789402706));
#1295=VERTEX_POINT('',#1294);
#1296=CARTESIAN_POINT('',(-0.01003937007874,-0.149212598425197,-0.004836789402706));
#1297=DIRECTION('',(1.0,0.0,0.0));
#1298=VECTOR('',#1297,0.02007874015748);
#1299=LINE('',#1296,#1298);
#1300=EDGE_CURVE('',#1286,#1295,#1299,.T.);
#1301=ORIENTED_EDGE('',*,*,#1300,.T.);
#1302=CARTESIAN_POINT('',(0.010039405968147,-0.136387817045885,-0.014912725618162));
#1303=VERTEX_POINT('',#1302);
#1304=CARTESIAN_POINT('',(0.01003937007874,-0.174015748031496,-0.049606299212598));
#1305=DIRECTION('',(-1.0,0.0,0.0));
#1306=DIRECTION('',(0.0,-0.861538461538461,-0.507692307692308));
#1307=AXIS2_PLACEMENT_3D('',#1304,#1305,#1306);
#1308=CIRCLE('',#1307,0.051181102362205);
#1309=EDGE_CURVE('',#1295,#1303,#1308,.T.);
#1310=ORIENTED_EDGE('',*,*,#1309,.T.);
#1311=CARTESIAN_POINT('',(0.089947722752579,-0.136380020420513,-0.014921183583523));
#1312=VERTEX_POINT('',#1311);
#1313=CARTESIAN_POINT('',(0.089947722752579,-0.136380020420513,-0.014921183583523));
#1314=CARTESIAN_POINT('',(0.089280145377771,-0.136789978922864,-0.014476350511859));
#1315=CARTESIAN_POINT('',(0.088603703993949,-0.137202243060005,-0.014044852585332));
#1316=CARTESIAN_POINT('',(0.083795209533079,-0.140104187670826,-0.011108957259531));
#1317=CARTESIAN_POINT('',(0.079376024764563,-0.142616154760735,-0.009079234015116));
#1318=CARTESIAN_POINT('',(0.069764752381667,-0.147529388485592,-0.005710397022357));
#1319=CARTESIAN_POINT('',(0.064572664767287,-0.149963901763815,-0.004407702814523));
#1320=CARTESIAN_POINT('',(0.053138883470014,-0.152431036750242,-0.003178886360436));
#1321=CARTESIAN_POINT('',(0.046897189787122,-0.152428676987741,-0.003180500691942));
#1322=CARTESIAN_POINT('',(0.035467395684734,-0.149992583914695,-0.004392982696931));
#1323=CARTESIAN_POINT('',(0.030279295265238,-0.147591954585697,-0.005673521115323));
#1324=CARTESIAN_POINT('',(0.020669315054976,-0.142693058560907,-0.009020649338045));
#1325=CARTESIAN_POINT('',(0.01624743526421,-0.140164620681614,-0.011054331077247));
#1326=CARTESIAN_POINT('',(0.011417751961783,-0.137235321628208,-0.014010347861267));
#1327=CARTESIAN_POINT('',(0.010723920680055,-0.136810283863251,-0.014454526862584));
#1328=CARTESIAN_POINT('',(0.010039405968147,-0.136387817045885,-0.014912725618162));
#1329=B_SPLINE_CURVE_WITH_KNOTS('',3,(#1313,#1314,#1315,#1316,#1317,#1318,#1319,#1320,#1321,#1322,#1323,#1324,#1325,#1326,#1327,#1328),.UNSPECIFIED.,.F.,.U.,(4,2,2,2,2,2,2,4),(-0.354623652110852,-0.347051787355824,-0.301438667177894,-0.255825546999964,-0.210212426822034,-0.164599306644104,-0.118986186466173,-0.11122392334878),.UNSPECIFIED.);
#1330=EDGE_CURVE('',#1312,#1303,#1329,.T.);
#1331=ORIENTED_EDGE('',*,*,#1330,.F.);
#1332=CARTESIAN_POINT('',(0.08996062992126,-0.149212598425197,-0.004836789402706));
#1333=VERTEX_POINT('',#1332);
#1334=CARTESIAN_POINT('',(0.08996062992126,-0.174015748031496,-0.049606299212598));
#1335=DIRECTION('',(1.0,0.0,0.0));
#1336=DIRECTION('',(0.0,-0.861538461538461,-0.507692307692308));
#1337=AXIS2_PLACEMENT_3D('',#1334,#1335,#1336);
#1338=CIRCLE('',#1337,0.051181102362205);
#1339=EDGE_CURVE('',#1312,#1333,#1338,.T.);
#1340=ORIENTED_EDGE('',*,*,#1339,.T.);
#1341=CARTESIAN_POINT('',(0.11003937007874,-0.149212598425197,-0.004836789402706));
#1342=VERTEX_POINT('',#1341);
#1343=CARTESIAN_POINT('',(0.08996062992126,-0.149212598425197,-0.004836789402706));
#1344=DIRECTION('',(1.0,0.0,0.0));
#1345=VECTOR('',#1344,0.02007874015748);
#1346=LINE('',#1343,#1345);
#1347=EDGE_CURVE('',#1333,#1342,#1346,.T.);
#1348=ORIENTED_EDGE('',*,*,#1347,.T.);
#1349=CARTESIAN_POINT('',(0.11003937007874,-0.174015748031496,-0.049606299212598));
#1350=DIRECTION('',(-1.0,0.0,0.0));
#1351=DIRECTION('',(0.0,-0.861538461538461,-0.507692307692308));
#1352=AXIS2_PLACEMENT_3D('',#1349,#1350,#1351);
#1353=CIRCLE('',#1352,0.051181102362205);
#1354=EDGE_CURVE('',#1342,#333,#1353,.T.);
#1355=ORIENTED_EDGE('',*,*,#1354,.T.);
#1356=ORIENTED_EDGE('',*,*,#339,.F.);
#1357=CARTESIAN_POINT('',(0.135792882226576,-0.161417322834646,3.374070E-018));
#1358=VERTEX_POINT('',#1357);
#1359=CARTESIAN_POINT('',(0.146342635801176,-0.166499176169577,-0.001023624049809));
#1360=DIRECTION('',(-0.17211787687067,-0.161576912618798,-0.97173470544697));
#1361=DIRECTION('',(0.614762140363653,0.753162680271099,-0.234122805002748));
#1362=AXIS2_PLACEMENT_3D('',#1359,#1360,#1361);
#1363=ELLIPSE('',#1362,0.01258578965956,0.011706313924662);
#1364=EDGE_CURVE('',#1358,#324,#1363,.T.);
#1365=ORIENTED_EDGE('',*,*,#1364,.F.);
#1366=CARTESIAN_POINT('',(0.10492125984252,-0.161417322834646,0.0));
#1367=DIRECTION('',(1.0,0.0,0.0));
#1368=VECTOR('',#1367,0.030871622384056);
#1369=LINE('',#1366,#1368);
#1370=EDGE_CURVE('',#222,#1358,#1369,.T.);
#1371=ORIENTED_EDGE('',*,*,#1370,.F.);
#1372=ORIENTED_EDGE('',*,*,#227,.F.);
#1373=CARTESIAN_POINT('',(-0.135792882226576,-0.161417322834646,0.0));
#1374=DIRECTION('',(1.0,0.0,0.0));
#1375=VECTOR('',#1374,0.030871622384056);
#1376=LINE('',#1373,#1375);
#1377=EDGE_CURVE('',#1251,#214,#1376,.T.);
#1378=ORIENTED_EDGE('',*,*,#1377,.F.);
#1379=EDGE_LOOP('',(#1258,#1259,#1268,#1276,#1283,#1284,#1293,#1301,#1310,#1331,#1340,#1348,#1355,#1356,#1365,#1371,#1372,#1378));
#1380=FACE_OUTER_BOUND('',#1379,.T.);
#1381=ADVANCED_FACE('',(#1380),#1249,.F.);
#1382=CARTESIAN_POINT('',(0.089971595652827,-0.079428417343418,-0.023635754244133));
#1383=CARTESIAN_POINT('',(0.090730812551864,-0.076932404653689,-0.024586082554087));
#1384=CARTESIAN_POINT('',(0.093445165629928,-0.072586105937323,-0.025127442663515));
#1385=CARTESIAN_POINT('',(0.097463645082494,-0.070031057985718,-0.023508284171748));
#1386=CARTESIAN_POINT('',(0.099181371796965,-0.069411348316951,-0.02252135725893));
#1387=CARTESIAN_POINT('',(0.0872281741101,-0.076793341133414,-0.020205162539158));
#1388=CARTESIAN_POINT('',(0.08808801248361,-0.074515958979741,-0.021107649360231));
#1389=CARTESIAN_POINT('',(0.090679667322118,-0.070540931493931,-0.021607716335123));
#1390=CARTESIAN_POINT('',(0.09427098882146,-0.067982084232984,-0.020048695291982));
#1391=CARTESIAN_POINT('',(0.095806579590663,-0.067271316105373,-0.019090468527906));
#1392=CARTESIAN_POINT('',(0.081006794592729,-0.070689629835518,-0.014226429064687));
#1393=CARTESIAN_POINT('',(0.081958582051481,-0.068834589252635,-0.014906465007755));
#1394=CARTESIAN_POINT('',(0.084211133197459,-0.065589253896382,-0.015217573085333));
#1395=CARTESIAN_POINT('',(0.086971841817687,-0.063136328180083,-0.013914291352886));
#1396=CARTESIAN_POINT('',(0.088152747109128,-0.062313352867232,-0.013110169647413));
#1397=CARTESIAN_POINT('',(0.070230328884716,-0.061435347751659,-0.008058330329898));
#1398=CARTESIAN_POINT('',(0.071003467476654,-0.060074957991509,-0.008345069414509));
#1399=CARTESIAN_POINT('',(0.072519968242109,-0.057690752450051,-0.00835087073794));
#1400=CARTESIAN_POINT('',(0.074182177840001,-0.05560222337101,-0.007463551178491));
#1401=CARTESIAN_POINT('',(0.074893384006574,-0.054794470024844,-0.006939237381221));
#1402=CARTESIAN_POINT('',(0.057580056917171,-0.052551663705636,-0.004284598894339));
#1403=CARTESIAN_POINT('',(0.057905864971546,-0.051575569447889,-0.004269056336105));
#1404=CARTESIAN_POINT('',(0.058483917340407,-0.04986306410652,-0.004050614907002));
#1405=CARTESIAN_POINT('',(0.059074647241892,-0.048243754027814,-0.003470103804319));
#1406=CARTESIAN_POINT('',(0.059327407567051,-0.047575513173458,-0.003163306075819));
#1407=CARTESIAN_POINT('',(0.042363816565386,-0.052551950045353,-0.004287584881904));
#1408=CARTESIAN_POINT('',(0.042038147987924,-0.051575566216758,-0.004273157118567));
#1409=CARTESIAN_POINT('',(0.041452776618921,-0.049863457225277,-0.004054031118423));
#1410=CARTESIAN_POINT('',(0.04085796108403,-0.048243748212761,-0.003473466850299));
#1411=CARTESIAN_POINT('',(0.040603528643398,-0.047575743509517,-0.003166296362307));
#1412=CARTESIAN_POINT('',(0.029708802425288,-0.06158391523698,-0.008107165192447));
#1413=CARTESIAN_POINT('',(0.028934989412802,-0.060217707186287,-0.008396871813013));
#1414=CARTESIAN_POINT('',(0.027412994989211,-0.057822596288668,-0.008405950926774));
#1415=CARTESIAN_POINT('',(0.025745258619487,-0.055726090112866,-0.007514875703709));
#1416=CARTESIAN_POINT('',(0.025031720666019,-0.054915204770816,-0.006988096769899));
#1417=CARTESIAN_POINT('',(0.018955997187742,-0.070773082840348,-0.014262984167298));
#1418=CARTESIAN_POINT('',(0.018004961086415,-0.06891400628611,-0.014946002158029));
#1419=CARTESIAN_POINT('',(0.015748886206249,-0.065662294839258,-0.015258570121329));
#1420=CARTESIAN_POINT('',(0.012984096011745,-0.063204998391927,-0.013952744562091));
#1421=CARTESIAN_POINT('',(0.011801474217488,-0.062381163166801,-0.013146744078102));
#1422=CARTESIAN_POINT('',(0.012758394420791,-0.076805959440529,-0.020221922844438));
#1423=CARTESIAN_POINT('',(0.011899058332662,-0.074527510089592,-0.021124644837941));
#1424=CARTESIAN_POINT('',(0.009306853101687,-0.070550625610609,-0.021624944450474));
#1425=CARTESIAN_POINT('',(0.005713398650193,-0.067991861733756,-0.020065604438107));
#1426=CARTESIAN_POINT('',(0.004176897995589,-0.067281563532709,-0.019107230348648));
#1427=CARTESIAN_POINT('',(0.010028404732692,-0.079428411654547,-0.023635753239969));
#1428=CARTESIAN_POINT('',(0.009269135881812,-0.076932419989127,-0.024586054289867));
#1429=CARTESIAN_POINT('',(0.006554857583011,-0.072586082454574,-0.02512745600826));
#1430=CARTESIAN_POINT('',(0.002536363242581,-0.070031066872009,-0.023508282330751));
#1431=CARTESIAN_POINT('',(0.000818628691068,-0.069411343829253,-0.022521356223497));
#1432=B_SPLINE_SURFACE_WITH_KNOTS('',3,3,((#1382,#1387,#1392,#1397,#1402,#1407,#1412,#1417,#1422,#1427),(#1383,#1388,#1393,#1398,#1403,#1408,#1413,#1418,#1423,#1428),(#1384,#1389,#1394,#1399,#1404,#1409,#1414,#1419,#1424,#1429),(#1385,#1390,#1395,#1400,#1405,#1410,#1415,#1420,#1425,#1430),(#1386,#1391,#1396,#1401,#1406,#1411,#1416,#1421,#1426,#1431)),.UNSPECIFIED.,.F.,.F.,.U.,(4,1,4),(4,1,1,1,1,1,1,4),(-0.000167286375621,0.571428571428571,0.998734714994567),(0.075019454521436,0.120510565268632,0.166112382214672,0.211714199160712,0.257316016106753,0.302917833052793,0.348519649998833,0.393790217192899),.UNSPECIFIED.);
#1433=CARTESIAN_POINT('',(0.089960596445103,-0.063612181148725,-0.014912723660074));
#1434=VERTEX_POINT('',#1433);
#1435=CARTESIAN_POINT('',(0.08996062993004,-0.079415052941517,-0.023622047131716));
#1436=VERTEX_POINT('',#1435);
#1437=CARTESIAN_POINT('',(0.08996062992126,-0.063592902090677,-0.014930685646396));
#1438=CARTESIAN_POINT('',(0.08996062992126,-0.06539951522246,-0.016883542218293));
#1439=CARTESIAN_POINT('',(0.089960629921262,-0.067778032637845,-0.018948900977459));
#1440=CARTESIAN_POINT('',(0.089960629921262,-0.071933469182216,-0.021457623642683));
#1441=CARTESIAN_POINT('',(0.08996062992126,-0.073432980150671,-0.022205092947577));
#1442=CARTESIAN_POINT('',(0.08996062992126,-0.076363623132815,-0.023252403798101));
#1443=CARTESIAN_POINT('',(0.08996062992126,-0.077913728297367,-0.023622006685108));
#1444=CARTESIAN_POINT('',(0.08996062992126,-0.079415052941521,-0.023622046974739));
#1445=B_SPLINE_CURVE_WITH_KNOTS('',3,(#1437,#1438,#1439,#1440,#1441,#1442,#1443,#1444),.UNSPECIFIED.,.F.,.U.,(4,2,2,4),(-0.019019404595561,-0.009336819759644,-0.004504737119051,-0.000000999992629),.UNSPECIFIED.);
#1446=EDGE_CURVE('',#1434,#1436,#1445,.T.);
#1447=ORIENTED_EDGE('',*,*,#1446,.T.);
#1448=CARTESIAN_POINT('',(0.010039370057881,-0.079415046842561,-0.023622046799648));
#1449=VERTEX_POINT('',#1448);
#1450=CARTESIAN_POINT('',(0.089960629895069,-0.079415052904131,-0.023622047211367));
#1451=CARTESIAN_POINT('',(0.087220124693047,-0.076782726863568,-0.020197534799413));
#1452=CARTESIAN_POINT('',(0.08411492729798,-0.073739050799785,-0.01721907757618));
#1453=CARTESIAN_POINT('',(0.077417622870227,-0.067608381519554,-0.012179700481621));
#1454=CARTESIAN_POINT('',(0.073830048686854,-0.064521267426424,-0.010107686573208));
#1455=CARTESIAN_POINT('',(0.066012308265707,-0.058473037787985,-0.00680429126073));
#1456=CARTESIAN_POINT('',(0.06179166495233,-0.055511922242677,-0.005576789548806));
#1457=CARTESIAN_POINT('',(0.052511403787089,-0.052550902059237,-0.004267211422574));
#1458=CARTESIAN_POINT('',(0.047432815458688,-0.052550997421107,-0.004269778275099));
#1459=CARTESIAN_POINT('',(0.038149862419475,-0.055561633758674,-0.005590411176837));
#1460=CARTESIAN_POINT('',(0.033924205402259,-0.058572174734371,-0.006824838099484));
#1461=CARTESIAN_POINT('',(0.026103995336703,-0.064653061621957,-0.010141940507336));
#1462=CARTESIAN_POINT('',(0.022520393553255,-0.067723407533846,-0.01221918724297));
#1463=CARTESIAN_POINT('',(0.015850931460541,-0.073794402748857,-0.017251978098393));
#1464=CARTESIAN_POINT('',(0.012766447445253,-0.076795423009206,-0.020214314170885));
#1465=CARTESIAN_POINT('',(0.010039370231466,-0.079415046748003,-0.023622047053249));
#1466=B_SPLINE_CURVE_WITH_KNOTS('',3,(#1450,#1451,#1452,#1453,#1454,#1455,#1456,#1457,#1458,#1459,#1460,#1461,#1462,#1463,#1464,#1465),.UNSPECIFIED.,.F.,.U.,(4,2,2,2,2,2,2,4),(0.075083740386308,0.120510567010325,0.166112381388371,0.211714195766416,0.257316010144462,0.302917824522507,0.348519638900552,0.393725931328018),.UNSPECIFIED.);
#1467=EDGE_CURVE('',#1436,#1449,#1466,.T.);
#1468=ORIENTED_EDGE('',*,*,#1467,.T.);
#1469=CARTESIAN_POINT('',(0.010051578661674,-0.063619555937383,-0.014920723908439));
#1470=VERTEX_POINT('',#1469);
#1471=CARTESIAN_POINT('',(0.01003937007874,-0.079415046842593,-0.023622046233161));
#1472=CARTESIAN_POINT('',(0.01003937007874,-0.077913191474355,-0.023621959413842));
#1473=CARTESIAN_POINT('',(0.01003937007874,-0.076362735755525,-0.023252210186088));
#1474=CARTESIAN_POINT('',(0.01003937007874,-0.073432575139591,-0.022203915201075));
#1475=CARTESIAN_POINT('',(0.010039370078738,-0.071934750449786,-0.021456216925566));
#1476=CARTESIAN_POINT('',(0.010039370078738,-0.067790360936067,-0.01894898422632));
#1477=CARTESIAN_POINT('',(0.01003937007874,-0.065408683729604,-0.016875028765606));
#1478=CARTESIAN_POINT('',(0.01003937007874,-0.06361253139829,-0.014927205414012));
#1479=B_SPLINE_CURVE_WITH_KNOTS('',3,(#1471,#1472,#1473,#1474,#1475,#1476,#1477,#1478),.UNSPECIFIED.,.F.,.U.,(4,2,2,4),(-0.015638008314951,-0.01193068969195,-0.007957107879579,-0.000014035172166),.UNSPECIFIED.);
#1480=EDGE_CURVE('',#1449,#1470,#1479,.T.);
#1481=ORIENTED_EDGE('',*,*,#1480,.T.);
#1482=CARTESIAN_POINT('',(0.010051578661674,-0.063619555937383,-0.014920723908439));
#1483=CARTESIAN_POINT('',(0.010716914175264,-0.063211021401982,-0.014477446802991));
#1484=CARTESIAN_POINT('',(0.011391107197795,-0.062800180434117,-0.014047392866486));
#1485=CARTESIAN_POINT('',(0.016195079347113,-0.059901291660016,-0.011113969405585));
#1486=CARTESIAN_POINT('',(0.020615113039565,-0.057388978384421,-0.009083191664662));
#1487=CARTESIAN_POINT('',(0.030225014590031,-0.052475705563053,-0.005713452721991));
#1488=CARTESIAN_POINT('',(0.035414882448045,-0.050041638667914,-0.004410604925066));
#1489=CARTESIAN_POINT('',(0.046845231515263,-0.047571883200191,-0.003180198636072));
#1490=CARTESIAN_POINT('',(0.053085712724466,-0.047571157606622,-0.003180507106909));
#1491=CARTESIAN_POINT('',(0.064514119001429,-0.050002225295944,-0.004390310614404));
#1492=CARTESIAN_POINT('',(0.069702044069189,-0.052400942570833,-0.00566935577238));
#1493=CARTESIAN_POINT('',(0.079312583964979,-0.05729788607356,-0.009013776990115));
#1494=CARTESIAN_POINT('',(0.08373519879301,-0.059826120458687,-0.011046510910977));
#1495=CARTESIAN_POINT('',(0.088570204468569,-0.062757501060917,-0.014002847346657));
#1496=CARTESIAN_POINT('',(0.089270156171185,-0.06318615697604,-0.014450666718881));
#1497=CARTESIAN_POINT('',(0.089960596445103,-0.063612181148725,-0.014912723660074));
#1498=B_SPLINE_CURVE_WITH_KNOTS('',3,(#1482,#1483,#1484,#1485,#1486,#1487,#1488,#1489,#1490,#1491,#1492,#1493,#1494,#1495,#1496,#1497),.UNSPECIFIED.,.F.,.U.,(4,2,2,2,2,2,2,4),(-0.35606950072494,-0.348519650950798,-0.302917839754721,-0.257316028558643,-0.211714217362564,-0.166112406166486,-0.120510594970408,-0.112678398214329),.UNSPECIFIED.);
#1499=EDGE_CURVE('',#1470,#1434,#1498,.T.);
#1500=ORIENTED_EDGE('',*,*,#1499,.T.);
#1501=EDGE_LOOP('',(#1447,#1468,#1481,#1500));
#1502=FACE_OUTER_BOUND('',#1501,.T.);
#1503=ADVANCED_FACE('',(#1502),#1432,.F.);
#1504=CARTESIAN_POINT('',(0.05,-0.151770685083788,-0.05560099806032));
#1505=DIRECTION('',(0.0,1.0,0.0));
#1506=DIRECTION('',(0.0,0.0,-1.0));
#1507=AXIS2_PLACEMENT_3D('',#1504,#1505,#1506);
#1508=CYLINDRICAL_SURFACE('',#1507,0.051181102362205);
#1509=ORIENTED_EDGE('',*,*,#1467,.F.);
#1510=CARTESIAN_POINT('',(0.089960629944821,-0.120584953151391,-0.023622047052797));
#1511=VERTEX_POINT('',#1510);
#1512=CARTESIAN_POINT('',(0.08996062992126,-0.079415052941517,-0.023622047244095));
#1513=DIRECTION('',(0.0,-1.0,0.0));
#1514=VECTOR('',#1513,0.041169900209875);
#1515=LINE('',#1512,#1514);
#1516=EDGE_CURVE('',#1436,#1511,#1515,.T.);
#1517=ORIENTED_EDGE('',*,*,#1516,.T.);
#1518=CARTESIAN_POINT('',(0.010039370056838,-0.120584950656829,-0.023622047058084));
#1519=VERTEX_POINT('',#1518);
#1520=CARTESIAN_POINT('',(0.010039370095975,-0.120584950750618,-0.023622047222558));
#1521=CARTESIAN_POINT('',(0.012773659790055,-0.123211565139655,-0.020205301655456));
#1522=CARTESIAN_POINT('',(0.015875450768033,-0.126252752741686,-0.017228253138768));
#1523=CARTESIAN_POINT('',(0.022568372187072,-0.1323810804162,-0.012188300407144));
#1524=CARTESIAN_POINT('',(0.026155268898646,-0.135468383165065,-0.01011535279943));
#1525=CARTESIAN_POINT('',(0.033972508505918,-0.141518933721616,-0.006809250371776));
#1526=CARTESIAN_POINT('',(0.038193363872574,-0.144482181529301,-0.005580251716644));
#1527=CARTESIAN_POINT('',(0.047474714304496,-0.147449143676643,-0.004267825027865));
#1528=CARTESIAN_POINT('',(0.052554242982319,-0.147452858016299,-0.004269015563711));
#1529=CARTESIAN_POINT('',(0.061840034795579,-0.144445587429076,-0.005587898173547));
#1530=CARTESIAN_POINT('',(0.066067559174448,-0.141434602502196,-0.006822101961785));
#1531=CARTESIAN_POINT('',(0.073888791918527,-0.135353502994528,-0.010138125481815));
#1532=CARTESIAN_POINT('',(0.077471755247448,-0.132283388413741,-0.012213987018932));
#1533=CARTESIAN_POINT('',(0.084145664684673,-0.126208734361716,-0.017248692722914));
#1534=CARTESIAN_POINT('',(0.08723431081549,-0.123203859692905,-0.020215261656885));
#1535=CARTESIAN_POINT('',(0.089960629907207,-0.120584953259194,-0.023622047226534));
#1536=B_SPLINE_CURVE_WITH_KNOTS('',3,(#1520,#1521,#1522,#1523,#1524,#1525,#1526,#1527,#1528,#1529,#1530,#1531,#1532,#1533,#1534,#1535),.UNSPECIFIED.,.F.,.U.,(4,2,2,2,2,2,2,4),(0.073637528963538,0.118986163257368,0.164599285823226,0.210212408389083,0.255825530954941,0.301438653520798,0.347051776086655,0.392269390572057),.UNSPECIFIED.);
#1537=EDGE_CURVE('',#1519,#1511,#1536,.T.);
#1538=ORIENTED_EDGE('',*,*,#1537,.F.);
#1539=CARTESIAN_POINT('',(0.01003937007874,-0.120584950656829,-0.023622047244095));
#1540=DIRECTION('',(0.0,1.0,0.0));
#1541=VECTOR('',#1540,0.041169903814268);
#1542=LINE('',#1539,#1541);
#1543=EDGE_CURVE('',#1519,#1449,#1542,.T.);
#1544=ORIENTED_EDGE('',*,*,#1543,.T.);
#1545=EDGE_LOOP('',(#1509,#1517,#1538,#1544));
#1546=FACE_OUTER_BOUND('',#1545,.T.);
#1547=ADVANCED_FACE('',(#1546),#1508,.F.);
#1548=CARTESIAN_POINT('',(0.142370326696478,-0.040464329504202,0.000204586208405));
#1549=CARTESIAN_POINT('',(0.141871462251963,-0.039937621681851,0.000086689005697));
#1550=CARTESIAN_POINT('',(0.140970778872379,-0.039015887350849,-0.000002449686723));
#1551=CARTESIAN_POINT('',(0.140049025729871,-0.038122137027427,0.000116125811459));
#1552=CARTESIAN_POINT('',(0.139653992539691,-0.037747984152884,0.000204538806544));
#1553=CARTESIAN_POINT('',(0.136597986680709,-0.047569650663834,-0.001158462045514));
#1554=CARTESIAN_POINT('',(0.135872878551463,-0.046775109056772,-0.0013909501858));
#1555=CARTESIAN_POINT('',(0.134535142867942,-0.045384735189626,-0.001567064544138));
#1556=CARTESIAN_POINT('',(0.133144676587471,-0.044064270093947,-0.001332794474316));
#1557=CARTESIAN_POINT('',(0.13254877910575,-0.043520415127798,-0.001158555699501));
#1558=CARTESIAN_POINT('',(0.123756998931404,-0.063375834693742,-0.006667705647205));
#1559=CARTESIAN_POINT('',(0.122622821409607,-0.06194016581163,-0.007357210566675));
#1560=CARTESIAN_POINT('',(0.120331074129674,-0.059428095316051,-0.007884686525331));
#1561=CARTESIAN_POINT('',(0.117819343414598,-0.057212527429219,-0.007185393485396));
#1562=CARTESIAN_POINT('',(0.116742853321681,-0.056361566928329,-0.006667982303941));
#1563=CARTESIAN_POINT('',(0.114007444393495,-0.075376147654534,-0.016884943837506));
#1564=CARTESIAN_POINT('',(0.113078508977095,-0.073166995609231,-0.018045717363778));
#1565=CARTESIAN_POINT('',(0.110280560785439,-0.069298103692233,-0.019011924249626));
#1566=CARTESIAN_POINT('',(0.106403279840735,-0.066803938087785,-0.017757532017722));
#1567=CARTESIAN_POINT('',(0.104742845023461,-0.066111046018534,-0.016885407815855));
#1568=CARTESIAN_POINT('',(0.110033716430058,-0.080267071997539,-0.023631641550252));
#1569=CARTESIAN_POINT('',(0.109357480459827,-0.077636828850698,-0.024782416794122));
#1570=CARTESIAN_POINT('',(0.106434521375275,-0.073054872183676,-0.025759468659824));
#1571=CARTESIAN_POINT('',(0.101824768626488,-0.070592064050887,-0.024495054392287));
#1572=CARTESIAN_POINT('',(0.099852095973497,-0.070084665777378,-0.023632104302904));
#1573=B_SPLINE_SURFACE_WITH_KNOTS('',3,3,((#1548,#1553,#1558,#1563,#1568),(#1549,#1554,#1559,#1564,#1569),(#1550,#1555,#1560,#1565,#1570),(#1551,#1556,#1561,#1566,#1571),(#1552,#1557,#1562,#1567,#1572)),.UNSPECIFIED.,.F.,.F.,.F.,(4,1,4),(4,1,4),(-0.000314904744087,0.571428571428571,1.000238265136253),(-1.338865151313837,-0.991186580768275,-0.532243423204699),.UNSPECIFIED.);
#1574=CARTESIAN_POINT('',(0.138628171148406,-0.038582619385105,4.630981E-009));
#1575=VERTEX_POINT('',#1574);
#1576=CARTESIAN_POINT('',(0.141535551705718,-0.041489939299936,-1.186794E-019));
#1577=CARTESIAN_POINT('',(0.141535548061257,-0.040978054010447,-1.126767E-019));
#1578=CARTESIAN_POINT('',(0.141472952566265,-0.040495574191057,-6.402769E-019));
#1579=CARTESIAN_POINT('',(0.141211110828231,-0.03980255256468,-6.402769E-019));
#1580=CARTESIAN_POINT('',(0.141065254836793,-0.039552361451813,-8.435644E-014));
#1581=CARTESIAN_POINT('',(0.14068211861972,-0.039144786592192,-8.435644E-014));
#1582=CARTESIAN_POINT('',(0.140467281562856,-0.038994805705932,2.249773E-017));
#1583=CARTESIAN_POINT('',(0.140004997817942,-0.038777066008508,2.249773E-017));
#1584=CARTESIAN_POINT('',(0.139767999986067,-0.038706708474107,6.227440E-016));
#1585=CARTESIAN_POINT('',(0.139233574364914,-0.038604072431764,6.227440E-016));
#1586=CARTESIAN_POINT('',(0.138927488354864,-0.038582574490365,3.875057E-018));
#1587=CARTESIAN_POINT('',(0.138628170966488,-0.038582558528191,3.201933E-018));
#1588=B_SPLINE_CURVE_WITH_KNOTS('',3,(#1576,#1577,#1578,#1579,#1580,#1581,#1582,#1583,#1584,#1585,#1586,#1587),.UNSPECIFIED.,.F.,.U.,(4,2,2,2,2,4),(0.000004023858939,0.003905051856029,0.006455377166286,0.008773990729659,0.010905717191579,0.013515986912466),.UNSPECIFIED.);
#1589=EDGE_CURVE('',#280,#1575,#1588,.T.);
#1590=ORIENTED_EDGE('',*,*,#1589,.F.);
#1591=ORIENTED_EDGE('',*,*,#286,.T.);
#1592=CARTESIAN_POINT('',(0.110038305838727,-0.061811826843986,-0.013056915277129));
#1593=VERTEX_POINT('',#1592);
#1594=CARTESIAN_POINT('',(0.11003937007874,-0.080254391278013,-0.023622047244096));
#1595=CARTESIAN_POINT('',(0.11003937007874,-0.078677595919878,-0.023622047244095));
#1596=CARTESIAN_POINT('',(0.11003937007874,-0.076930662465135,-0.023132079885923));
#1597=CARTESIAN_POINT('',(0.11003937007874,-0.073420126471074,-0.021657727910692));
#1598=CARTESIAN_POINT('',(0.110039370078731,-0.071663162484219,-0.02068166000276));
#1599=CARTESIAN_POINT('',(0.110039370078731,-0.066880331038067,-0.017630183877556));
#1600=CARTESIAN_POINT('',(0.11003937007874,-0.064006515062491,-0.015221106857783));
#1601=CARTESIAN_POINT('',(0.11003937007874,-0.061809855907868,-0.013063021415254));
#1602=B_SPLINE_CURVE_WITH_KNOTS('',3,(#1594,#1595,#1596,#1597,#1598,#1599,#1600,#1601),.UNSPECIFIED.,.F.,.U.,(4,2,2,4),(-0.018571439094723,-0.013856967047897,-0.009238170704721,0.0),.UNSPECIFIED.);
#1603=EDGE_CURVE('',#272,#1593,#1602,.T.);
#1604=ORIENTED_EDGE('',*,*,#1603,.T.);
#1605=CARTESIAN_POINT('',(0.154133858267717,-0.025984251968504,-0.049606299212598));
#1606=DIRECTION('',(-0.630592625094465,0.776114000116266,0.0));
#1607=DIRECTION('',(-0.776114000116266,-0.630592625094465,0.0));
#1608=AXIS2_PLACEMENT_3D('',#1605,#1606,#1607);
#1609=ELLIPSE('',#1608,0.081163496567277,0.051181102362205);
#1610=EDGE_CURVE('',#1593,#1575,#1609,.T.);
#1611=ORIENTED_EDGE('',*,*,#1610,.T.);
#1612=EDGE_LOOP('',(#1590,#1591,#1604,#1611));
#1613=FACE_OUTER_BOUND('',#1612,.T.);
#1614=ADVANCED_FACE('',(#1613),#1573,.F.);
#1615=CARTESIAN_POINT('',(0.152490985735412,-0.025984251968504,-0.049606299212598));
#1616=DIRECTION('',(-1.0,0.0,0.0));
#1617=DIRECTION('',(0.0,0.861538461538461,-0.507692307692308));
#1618=AXIS2_PLACEMENT_3D('',#1615,#1616,#1617);
#1619=CYLINDRICAL_SURFACE('',#1618,0.051181102362205);
#1620=ORIENTED_EDGE('',*,*,#1499,.F.);
#1621=CARTESIAN_POINT('',(0.01003937007874,-0.050787401574803,-0.004836789402706));
#1622=VERTEX_POINT('',#1621);
#1623=CARTESIAN_POINT('',(0.01003937007874,-0.025984251968504,-0.049606299212598));
#1624=DIRECTION('',(1.0,0.0,0.0));
#1625=DIRECTION('',(0.0,0.861538461538461,-0.507692307692308));
#1626=AXIS2_PLACEMENT_3D('',#1623,#1624,#1625);
#1627=CIRCLE('',#1626,0.051181102362205);
#1628=EDGE_CURVE('',#1622,#1470,#1627,.T.);
#1629=ORIENTED_EDGE('',*,*,#1628,.F.);
#1630=CARTESIAN_POINT('',(-0.01003937007874,-0.050787401574803,-0.004836789402706));
#1631=VERTEX_POINT('',#1630);
#1632=CARTESIAN_POINT('',(-0.01003937007874,-0.050787401574803,-0.004836789402706));
#1633=DIRECTION('',(1.0,0.0,0.0));
#1634=VECTOR('',#1633,0.02007874015748);
#1635=LINE('',#1632,#1634);
#1636=EDGE_CURVE('',#1631,#1622,#1635,.T.);
#1637=ORIENTED_EDGE('',*,*,#1636,.F.);
#1638=CARTESIAN_POINT('',(-0.010046993943352,-0.063644383709251,-0.014894772280452));
#1639=VERTEX_POINT('',#1638);
#1640=CARTESIAN_POINT('',(-0.01003937007874,-0.025984251968504,-0.049606299212598));
#1641=DIRECTION('',(-1.0,0.0,0.0));
#1642=DIRECTION('',(0.0,0.861538461538461,-0.507692307692308));
#1643=AXIS2_PLACEMENT_3D('',#1640,#1641,#1642);
#1644=CIRCLE('',#1643,0.051181102362205);
#1645=EDGE_CURVE('',#1639,#1631,#1644,.T.);
#1646=ORIENTED_EDGE('',*,*,#1645,.F.);
#1647=CARTESIAN_POINT('',(-0.089965796692366,-0.063603290544836,-0.014893511430552));
#1648=VERTEX_POINT('',#1647);
#1649=CARTESIAN_POINT('',(-0.089971075518958,-0.063606533275289,-0.014897032181148));
#1650=CARTESIAN_POINT('',(-0.085322734578946,-0.060751047582607,-0.011796435572843));
#1651=CARTESIAN_POINT('',(-0.075754633888601,-0.055150061235576,-0.007149575575009));
#1652=CARTESIAN_POINT('',(-0.059438791904334,-0.04762181877234,-0.003188492077258));
#1653=CARTESIAN_POINT('',(-0.040643435985584,-0.047680158076416,-0.003196048457592));
#1654=CARTESIAN_POINT('',(-0.024264389143207,-0.055311327588894,-0.007184120345093));
#1655=CARTESIAN_POINT('',(-0.014695871606816,-0.06082598816627,-0.011804707724797));
#1656=CARTESIAN_POINT('',(-0.010046993943352,-0.063644383709251,-0.014894772280452));
#1657=B_SPLINE_CURVE_WITH_KNOTS('',3,(#1649,#1650,#1651,#1652,#1653,#1654,#1655,#1656),.UNSPECIFIED.,.F.,.U.,(4,1,1,1,1,4),(-0.354383099031061,-0.301438660473717,-0.255825534546074,-0.210212408618431,-0.164599282690788,-0.111617112291091),.UNSPECIFIED.);
#1658=EDGE_CURVE('',#1648,#1639,#1657,.T.);
#1659=ORIENTED_EDGE('',*,*,#1658,.F.);
#1660=CARTESIAN_POINT('',(-0.08996062992126,-0.050787401574803,-0.004836789402706));
#1661=VERTEX_POINT('',#1660);
#1662=CARTESIAN_POINT('',(-0.08996062992126,-0.025984251968504,-0.049606299212598));
#1663=DIRECTION('',(1.0,0.0,0.0));
#1664=DIRECTION('',(0.0,0.861538461538461,-0.507692307692308));
#1665=AXIS2_PLACEMENT_3D('',#1662,#1663,#1664);
#1666=CIRCLE('',#1665,0.051181102362205);
#1667=EDGE_CURVE('',#1661,#1648,#1666,.T.);
#1668=ORIENTED_EDGE('',*,*,#1667,.F.);
#1669=CARTESIAN_POINT('',(-0.11003937007874,-0.050787401574803,-0.004836789402706));
#1670=VERTEX_POINT('',#1669);
#1671=CARTESIAN_POINT('',(-0.11003937007874,-0.050787401574803,-0.004836789402706));
#1672=DIRECTION('',(1.0,0.0,0.0));
#1673=VECTOR('',#1672,0.02007874015748);
#1674=LINE('',#1671,#1673);
#1675=EDGE_CURVE('',#1670,#1661,#1674,.T.);
#1676=ORIENTED_EDGE('',*,*,#1675,.F.);
#1677=CARTESIAN_POINT('',(-0.11003937007874,-0.06181102324433,-0.013055680900999));
#1678=VERTEX_POINT('',#1677);
#1679=CARTESIAN_POINT('',(-0.11003937007874,-0.025984251968504,-0.049606299212598));
#1680=DIRECTION('',(-1.0,0.0,0.0));
#1681=DIRECTION('',(0.0,0.861538461538461,-0.507692307692308));
#1682=AXIS2_PLACEMENT_3D('',#1679,#1680,#1681);
#1683=CIRCLE('',#1682,0.051181102362205);
#1684=EDGE_CURVE('',#1678,#1670,#1683,.T.);
#1685=ORIENTED_EDGE('',*,*,#1684,.F.);
#1686=CARTESIAN_POINT('',(-0.138628394714548,-0.038582512450199,0.000000015844254));
#1687=VERTEX_POINT('',#1686);
#1688=CARTESIAN_POINT('',(-0.154133858267717,-0.025984251968504,-0.049606299212598));
#1689=DIRECTION('',(0.630592625094465,0.776114000116266,-8.285189E-017));
#1690=DIRECTION('',(0.776114000116266,-0.630592625094465,1.346343E-016));
#1691=AXIS2_PLACEMENT_3D('',#1688,#1689,#1690);
#1692=ELLIPSE('',#1691,0.081163496567277,0.051181102362205);
#1693=EDGE_CURVE('',#1687,#1678,#1692,.T.);
#1694=ORIENTED_EDGE('',*,*,#1693,.F.);
#1695=CARTESIAN_POINT('',(0.138628171148406,-0.038582677165354,0.0));
#1696=DIRECTION('',(-1.0,0.0,0.0));
#1697=VECTOR('',#1696,0.277256565862954);
#1698=LINE('',#1695,#1697);
#1699=EDGE_CURVE('',#1575,#1687,#1698,.T.);
#1700=ORIENTED_EDGE('',*,*,#1699,.F.);
#1701=ORIENTED_EDGE('',*,*,#1610,.F.);
#1702=CARTESIAN_POINT('',(0.11003937007874,-0.050787401574803,-0.004836789402706));
#1703=VERTEX_POINT('',#1702);
#1704=CARTESIAN_POINT('',(0.11003937007874,-0.025984251968504,-0.049606299212598));
#1705=DIRECTION('',(1.0,0.0,0.0));
#1706=DIRECTION('',(0.0,0.861538461538461,-0.507692307692308));
#1707=AXIS2_PLACEMENT_3D('',#1704,#1705,#1706);
#1708=CIRCLE('',#1707,0.051181102362205);
#1709=EDGE_CURVE('',#1703,#1593,#1708,.T.);
#1710=ORIENTED_EDGE('',*,*,#1709,.F.);
#1711=CARTESIAN_POINT('',(0.08996062992126,-0.050787401574803,-0.004836789402706));
#1712=VERTEX_POINT('',#1711);
#1713=CARTESIAN_POINT('',(0.08996062992126,-0.050787401574803,-0.004836789402706));
#1714=DIRECTION('',(1.0,0.0,0.0));
#1715=VECTOR('',#1714,0.02007874015748);
#1716=LINE('',#1713,#1715);
#1717=EDGE_CURVE('',#1712,#1703,#1716,.T.);
#1718=ORIENTED_EDGE('',*,*,#1717,.F.);
#1719=CARTESIAN_POINT('',(0.08996062992126,-0.025984251968504,-0.049606299212598));
#1720=DIRECTION('',(-1.0,0.0,0.0));
#1721=DIRECTION('',(0.0,0.861538461538461,-0.507692307692308));
#1722=AXIS2_PLACEMENT_3D('',#1719,#1720,#1721);
#1723=CIRCLE('',#1722,0.051181102362205);
#1724=EDGE_CURVE('',#1434,#1712,#1723,.T.);
#1725=ORIENTED_EDGE('',*,*,#1724,.F.);
#1726=EDGE_LOOP('',(#1620,#1629,#1637,#1646,#1659,#1668,#1676,#1685,#1694,#1700,#1701,#1710,#1718,#1725));
#1727=FACE_OUTER_BOUND('',#1726,.T.);
#1728=ADVANCED_FACE('',(#1727),#1619,.F.);
#1729=CARTESIAN_POINT('',(-0.110035243634398,-0.080265833939309,-0.023629048260799));
#1730=CARTESIAN_POINT('',(-0.10935899953851,-0.077635575402813,-0.024779971302591));
#1731=CARTESIAN_POINT('',(-0.106436736947662,-0.073054724849666,-0.025756900251146));
#1732=CARTESIAN_POINT('',(-0.101828579122099,-0.070591900726481,-0.024493279662825));
#1733=CARTESIAN_POINT('',(-0.099857109493652,-0.070084110347432,-0.023631162463204));
#1734=CARTESIAN_POINT('',(-0.113015957971845,-0.07659711039727,-0.018569034729176));
#1735=CARTESIAN_POINT('',(-0.112150174831688,-0.074282699986174,-0.019727413354682));
#1736=CARTESIAN_POINT('',(-0.109321672339191,-0.070236577954051,-0.020696173062281));
#1737=CARTESIAN_POINT('',(-0.105262665304188,-0.067750414342934,-0.019440111114843));
#1738=CARTESIAN_POINT('',(-0.103525252663046,-0.067103744022299,-0.018571162617885));
#1739=CARTESIAN_POINT('',(-0.122057238071104,-0.065468598877004,-0.007921200867651));
#1740=CARTESIAN_POINT('',(-0.120908023860916,-0.063928291986762,-0.008723149099603));
#1741=CARTESIAN_POINT('',(-0.118503829263741,-0.061230457109259,-0.009346833743135));
#1742=CARTESIAN_POINT('',(-0.115807572445819,-0.058923779035656,-0.008524527854521));
#1743=CARTESIAN_POINT('',(-0.11465234173961,-0.058062984147591,-0.007922673979764));
#1744=CARTESIAN_POINT('',(-0.134694179368261,-0.049913442126322,-0.001607663521316));
#1745=CARTESIAN_POINT('',(-0.133894215647843,-0.049030601090511,-0.001877874153292));
#1746=CARTESIAN_POINT('',(-0.132412536196878,-0.047486163002985,-0.002082481752906));
#1747=CARTESIAN_POINT('',(-0.130867990434746,-0.046025077661645,-0.001810411688055));
#1748=CARTESIAN_POINT('',(-0.130206290367227,-0.045425400887652,-0.001608159872182));
#1749=CARTESIAN_POINT('',(-0.142370514809967,-0.040464309349251,0.000204626779416));
#1750=CARTESIAN_POINT('',(-0.141871627493846,-0.039937572261645,0.000086714616789));
#1751=CARTESIAN_POINT('',(-0.140971135852248,-0.039016029252952,-0.000002413913724));
#1752=CARTESIAN_POINT('',(-0.140049580148867,-0.03812246239894,0.000116088449641));
#1753=CARTESIAN_POINT('',(-0.139654768788447,-0.037748512170411,0.000204410186248));
#1754=B_SPLINE_SURFACE_WITH_KNOTS('',3,3,((#1729,#1734,#1739,#1744,#1749),(#1730,#1735,#1740,#1745,#1750),(#1731,#1736,#1741,#1746,#1751),(#1732,#1737,#1742,#1747,#1752),(#1733,#1738,#1743,#1748,#1753)),.UNSPECIFIED.,.F.,.F.,.F.,(4,1,4),(4,1,4),(-0.000350222502069,0.571428571428571,1.0),(0.532297390805975,0.876515960151669,1.338867025535599),.UNSPECIFIED.);
#1755=CARTESIAN_POINT('',(-0.138628482005421,-0.038582370181619,-5.122215E-019));
#1756=CARTESIAN_POINT('',(-0.139140566415244,-0.038582490918939,-5.193281E-019));
#1757=CARTESIAN_POINT('',(-0.139623045488066,-0.038645123689993,1.951827E-018));
#1758=CARTESIAN_POINT('',(-0.140315178734291,-0.038906557921736,1.944690E-018));
#1759=CARTESIAN_POINT('',(-0.140564922055933,-0.039052030872733,-1.020279E-013));
#1760=CARTESIAN_POINT('',(-0.140971980075379,-0.039434652155462,-1.020279E-013));
#1761=CARTESIAN_POINT('',(-0.141122036687172,-0.039649366678565,9.985641E-018));
#1762=CARTESIAN_POINT('',(-0.141340281723677,-0.040111528520316,9.990788E-018));
#1763=CARTESIAN_POINT('',(-0.14141094880575,-0.040348790965598,7.710493E-016));
#1764=CARTESIAN_POINT('',(-0.141514064268089,-0.040883879391577,7.710585E-016));
#1765=CARTESIAN_POINT('',(-0.141535698396184,-0.041190292249774,7.180370E-019));
#1766=CARTESIAN_POINT('',(-0.141535740114531,-0.041489985335408,7.008242E-019));
#1767=B_SPLINE_CURVE_WITH_KNOTS('',3,(#1755,#1756,#1757,#1758,#1759,#1760,#1761,#1762,#1763,#1764,#1765,#1766),.UNSPECIFIED.,.F.,.U.,(4,2,2,2,2,4),(0.0,0.00390208331131,0.006449294761876,0.008764861241626,0.010899267767489,0.013511950423753),.UNSPECIFIED.);
#1768=EDGE_CURVE('',#1687,#172,#1767,.T.);
#1769=ORIENTED_EDGE('',*,*,#1768,.F.);
#1770=ORIENTED_EDGE('',*,*,#1693,.T.);
#1771=CARTESIAN_POINT('',(-0.11003937007874,-0.061811612957223,-0.013055079062407));
#1772=CARTESIAN_POINT('',(-0.11003937007874,-0.064010991135706,-0.01520938890175));
#1773=CARTESIAN_POINT('',(-0.110039370078739,-0.066892150352365,-0.017622290760338));
#1774=CARTESIAN_POINT('',(-0.110039370078739,-0.07166335865556,-0.020674232047498));
#1775=CARTESIAN_POINT('',(-0.11003937007874,-0.073419636744784,-0.021653315143249));
#1776=CARTESIAN_POINT('',(-0.11003937007874,-0.076929466298626,-0.023131208907829));
#1777=CARTESIAN_POINT('',(-0.11003937007874,-0.078677095206085,-0.023622047244095));
#1778=CARTESIAN_POINT('',(-0.11003937007874,-0.080254391278013,-0.023622047244094));
#1779=B_SPLINE_CURVE_WITH_KNOTS('',3,(#1771,#1772,#1773,#1774,#1775,#1776,#1777,#1778),.UNSPECIFIED.,.F.,.U.,(4,2,2,4),(-0.018622992295301,-0.009371653069701,-0.004732462272784,-0.000000999977183),.UNSPECIFIED.);
#1780=EDGE_CURVE('',#1678,#180,#1779,.T.);
#1781=ORIENTED_EDGE('',*,*,#1780,.T.);
#1782=ORIENTED_EDGE('',*,*,#186,.T.);
#1783=EDGE_LOOP('',(#1769,#1770,#1781,#1782));
#1784=FACE_OUTER_BOUND('',#1783,.T.);
#1785=ADVANCED_FACE('',(#1784),#1754,.F.);
#1786=CARTESIAN_POINT('',(-0.01002767478777,-0.079430517676737,-0.023636663780513));
#1787=CARTESIAN_POINT('',(-0.009268595369921,-0.076934065800467,-0.024587322332741));
#1788=CARTESIAN_POINT('',(-0.006550670234901,-0.07258159508409,-0.025129624552331));
#1789=CARTESIAN_POINT('',(-0.002524943426927,-0.070025385540537,-0.023505511439951));
#1790=CARTESIAN_POINT('',(-0.000802066437511,-0.069406683139632,-0.022513903941876));
#1791=CARTESIAN_POINT('',(-0.015513294726994,-0.074162240331707,-0.016776002772045));
#1792=CARTESIAN_POINT('',(-0.01455290664093,-0.07210297412608,-0.017631168082346));
#1793=CARTESIAN_POINT('',(-0.012080584151337,-0.068493854589975,-0.018090967011155));
#1794=CARTESIAN_POINT('',(-0.008910895087521,-0.065929047918573,-0.016587277687533));
#1795=CARTESIAN_POINT('',(-0.007553274027189,-0.06512667356885,-0.015653117744447));
#1796=CARTESIAN_POINT('',(-0.025579682508264,-0.064559231901228,-0.009359876257786));
#1797=CARTESIAN_POINT('',(-0.024658693980727,-0.063063907921759,-0.009750865843354));
#1798=CARTESIAN_POINT('',(-0.022823783281732,-0.060440149742213,-0.009835024218791));
#1799=CARTESIAN_POINT('',(-0.020806888917471,-0.05818411594224,-0.008838611779717));
#1800=CARTESIAN_POINT('',(-0.019942738187951,-0.057324830043017,-0.008236382717141));
#1801=CARTESIAN_POINT('',(-0.042398216642261,-0.052688194883969,-0.004320064734954));
#1802=CARTESIAN_POINT('',(-0.04207417790732,-0.051704988330956,-0.004312301794582));
#1803=CARTESIAN_POINT('',(-0.041494208512664,-0.049976460388479,-0.004102840067034));
#1804=CARTESIAN_POINT('',(-0.040898652423039,-0.048350442325713,-0.003510265726435));
#1805=CARTESIAN_POINT('',(-0.040643435985584,-0.047680158076416,-0.003196048457592));
#1806=CARTESIAN_POINT('',(-0.057668589941187,-0.052616389602069,-0.004312510550611));
#1807=CARTESIAN_POINT('',(-0.057995356697053,-0.051635517933659,-0.004303072243396));
#1808=CARTESIAN_POINT('',(-0.058579977645886,-0.049910627009507,-0.004093287827913));
#1809=CARTESIAN_POINT('',(-0.059181160509543,-0.048289808016637,-0.003501704462491));
#1810=CARTESIAN_POINT('',(-0.059438791904334,-0.04762181877234,-0.003188492077258));
#1811=CARTESIAN_POINT('',(-0.074414559284394,-0.064321956174724,-0.009315927065114));
#1812=CARTESIAN_POINT('',(-0.075335016494199,-0.062835678394333,-0.009701645902736));
#1813=CARTESIAN_POINT('',(-0.077168798996462,-0.060228448357965,-0.009780510363901));
#1814=CARTESIAN_POINT('',(-0.079185914527228,-0.057985955797731,-0.008790543261703));
#1815=CARTESIAN_POINT('',(-0.080050173930075,-0.057132053153243,-0.008192426614423));
#1816=CARTESIAN_POINT('',(-0.084495273369855,-0.07416948737647,-0.016786097068938));
#1817=CARTESIAN_POINT('',(-0.085455298257793,-0.0721095465612,-0.017641490308858));
#1818=CARTESIAN_POINT('',(-0.08792796255162,-0.068499250828968,-0.01810152023783));
#1819=CARTESIAN_POINT('',(-0.09109905201078,-0.065934577048273,-0.016597522363035));
#1820=CARTESIAN_POINT('',(-0.092457270737023,-0.065132561073992,-0.01566321234016));
#1821=CARTESIAN_POINT('',(-0.089972325463157,-0.079430513071514,-0.023636659205454));
#1822=CARTESIAN_POINT('',(-0.090731435627506,-0.076934073629568,-0.024587302256188));
#1823=CARTESIAN_POINT('',(-0.0934493161446,-0.072581579562921,-0.025129630062792));
#1824=CARTESIAN_POINT('',(-0.097475052141035,-0.070025389626972,-0.02350550688266));
#1825=CARTESIAN_POINT('',(-0.099197933920904,-0.069406679411124,-0.022513899346509));
#1826=B_SPLINE_SURFACE_WITH_KNOTS('',3,3,((#1786,#1791,#1796,#1801,#1806,#1811,#1816,#1821),(#1787,#1792,#1797,#1802,#1807,#1812,#1817,#1822),(#1788,#1793,#1798,#1803,#1808,#1813,#1818,#1823),(#1789,#1794,#1799,#1804,#1809,#1814,#1819,#1824),(#1790,#1795,#1800,#1805,#1810,#1815,#1820,#1825)),.UNSPECIFIED.,.F.,.F.,.U.,(4,1,4),(4,1,1,1,1,4),(-0.000249873426812,0.571428571428571,1.0),(0.073567372779887,0.164599282690788,0.210212408618431,0.255825534546074,0.301438660473717,0.392339520408012),.UNSPECIFIED.);
#1827=CARTESIAN_POINT('',(-0.01003937007874,-0.063649005837137,-0.014899840628493));
#1828=CARTESIAN_POINT('',(-0.01003937007874,-0.065442874510777,-0.016864593002048));
#1829=CARTESIAN_POINT('',(-0.010039370078738,-0.067803230079762,-0.01893294441598));
#1830=CARTESIAN_POINT('',(-0.010039370078738,-0.071937935320107,-0.021447686611196));
#1831=CARTESIAN_POINT('',(-0.01003937007874,-0.073433254122676,-0.022197942137692));
#1832=CARTESIAN_POINT('',(-0.01003937007874,-0.07636157032102,-0.023250831521237));
#1833=CARTESIAN_POINT('',(-0.01003937007874,-0.077911906754035,-0.023621925688949));
#1834=CARTESIAN_POINT('',(-0.01003937007874,-0.079415056496036,-0.023622042785682));
#1835=B_SPLINE_CURVE_WITH_KNOTS('',3,(#1827,#1828,#1829,#1830,#1831,#1832,#1833,#1834),.UNSPECIFIED.,.F.,.U.,(4,2,2,4),(-0.018980062369408,-0.009333182133741,-0.004510211006141,-0.000000999154267),.UNSPECIFIED.);
#1836=EDGE_CURVE('',#1639,#1161,#1835,.T.);
#1837=ORIENTED_EDGE('',*,*,#1836,.T.);
#1838=ORIENTED_EDGE('',*,*,#1175,.T.);
#1839=CARTESIAN_POINT('',(-0.08996062992126,-0.079415051224118,-0.023622036372879));
#1840=CARTESIAN_POINT('',(-0.08996062992126,-0.077913262745597,-0.023621853624872));
#1841=CARTESIAN_POINT('',(-0.08996062992126,-0.076364055334202,-0.023251290365014));
#1842=CARTESIAN_POINT('',(-0.08996062992126,-0.073435548471167,-0.02220054284783));
#1843=CARTESIAN_POINT('',(-0.089960629921262,-0.071937949700825,-0.021451034229799));
#1844=CARTESIAN_POINT('',(-0.089960629921262,-0.067789108219135,-0.0189367336242));
#1845=CARTESIAN_POINT('',(-0.08996062992126,-0.065414288706852,-0.016865846831384));
#1846=CARTESIAN_POINT('',(-0.08996062992126,-0.063608419419077,-0.01489911209903));
#1847=B_SPLINE_CURVE_WITH_KNOTS('',3,(#1839,#1840,#1841,#1842,#1843,#1844,#1845,#1846),.UNSPECIFIED.,.F.,.U.,(4,2,2,4),(-0.015730818255377,-0.012003484856764,-0.008009752750482,0.0),.UNSPECIFIED.);
#1848=EDGE_CURVE('',#1153,#1648,#1847,.T.);
#1849=ORIENTED_EDGE('',*,*,#1848,.T.);
#1850=ORIENTED_EDGE('',*,*,#1658,.T.);
#1851=EDGE_LOOP('',(#1837,#1838,#1849,#1850));
#1852=FACE_OUTER_BOUND('',#1851,.T.);
#1853=ADVANCED_FACE('',(#1852),#1826,.F.);
#1854=CARTESIAN_POINT('',(0.010027896007266,-0.120571041360693,-0.023636389778026));
#1855=CARTESIAN_POINT('',(0.009268681913056,-0.123067101572284,-0.024586728957094));
#1856=CARTESIAN_POINT('',(0.006554191791704,-0.127413208448298,-0.025127825746503));
#1857=CARTESIAN_POINT('',(0.002535866171413,-0.129968475229493,-0.023508986966714));
#1858=CARTESIAN_POINT('',(0.000818159664871,-0.130588184606481,-0.022522108556062));
#1859=CARTESIAN_POINT('',(0.01276521632789,-0.123200511555554,-0.020213304962566));
#1860=CARTESIAN_POINT('',(0.011905617298567,-0.125478423566721,-0.021115919873616));
#1861=CARTESIAN_POINT('',(0.009313542684891,-0.129454076823009,-0.021615818519413));
#1862=CARTESIAN_POINT('',(0.005721409945748,-0.132013109556199,-0.020056972288623));
#1863=CARTESIAN_POINT('',(0.004185426128392,-0.132723652003407,-0.019098723727594));
#1864=CARTESIAN_POINT('',(0.018986161192902,-0.129305470532999,-0.014231418017117));
#1865=CARTESIAN_POINT('',(0.018034114538087,-0.131160683283719,-0.0149113148179));
#1866=CARTESIAN_POINT('',(0.015781390051893,-0.134406777830647,-0.015223079765035));
#1867=CARTESIAN_POINT('',(0.013019936763405,-0.136859625916983,-0.013919499157611));
#1868=CARTESIAN_POINT('',(0.011838684932338,-0.137682609273673,-0.013115252641804));
#1869=CARTESIAN_POINT('',(0.029754156283204,-0.138554467798855,-0.008064490961295));
#1870=CARTESIAN_POINT('',(0.028980283568042,-0.13991512895367,-0.008351042316353));
#1871=CARTESIAN_POINT('',(0.02746304660147,-0.142300570267852,-0.008357945416396));
#1872=CARTESIAN_POINT('',(0.025799420581603,-0.144389226239717,-0.007470014823455));
#1873=CARTESIAN_POINT('',(0.025087581089167,-0.145197190966929,-0.006945457986114));
#1874=CARTESIAN_POINT('',(0.042404989656628,-0.147444555613966,-0.004285677572761));
#1875=CARTESIAN_POINT('',(0.042078266054327,-0.148420522947769,-0.0042695377941));
#1876=CARTESIAN_POINT('',(0.041499354665728,-0.150133702573408,-0.004052111280508));
#1877=CARTESIAN_POINT('',(0.04090747694602,-0.151752859382459,-0.00347123898294));
#1878=CARTESIAN_POINT('',(0.040654210359682,-0.152421358826585,-0.003164415188665));
#1879=CARTESIAN_POINT('',(0.057624329777872,-0.147455698807117,-0.00428478322239));
#1880=CARTESIAN_POINT('',(0.057949349508416,-0.14843147171132,-0.004269337670621));
#1881=CARTESIAN_POINT('',(0.058534019083356,-0.150143520374568,-0.004051110863622));
#1882=CARTESIAN_POINT('',(0.059127865593355,-0.151762365297167,-0.003470466482625));
#1883=CARTESIAN_POINT('',(0.059381866626913,-0.152430416564477,-0.003163522544743));
#1884=CARTESIAN_POINT('',(0.070284888713763,-0.138422394941133,-0.008104004213642));
#1885=CARTESIAN_POINT('',(0.07105849676483,-0.139788103936535,-0.008392900319505));
#1886=CARTESIAN_POINT('',(0.072580067951839,-0.142182984585753,-0.008402435638652));
#1887=CARTESIAN_POINT('',(0.074247181447715,-0.144278918468432,-0.007511519948356));
#1888=CARTESIAN_POINT('',(0.074960461064069,-0.145089858712941,-0.006984991073167));
#1889=CARTESIAN_POINT('',(0.08103600500117,-0.129233708376557,-0.014256367192374));
#1890=CARTESIAN_POINT('',(0.081987185553176,-0.131092133749545,-0.014938645009505));
#1891=CARTESIAN_POINT('',(0.084242659325383,-0.134343275744575,-0.015251495498974));
#1892=CARTESIAN_POINT('',(0.087006397559546,-0.136800221748602,-0.013945952223087));
#1893=CARTESIAN_POINT('',(0.088188587159778,-0.137624295083586,-0.013140217337396));
#1894=CARTESIAN_POINT('',(0.08724273875125,-0.123192887153845,-0.020223262278222));
#1895=CARTESIAN_POINT('',(0.088102037327156,-0.125471436664211,-0.02112601884272));
#1896=CARTESIAN_POINT('',(0.090694441516345,-0.129448199512964,-0.021626057860677));
#1897=CARTESIAN_POINT('',(0.094287837061551,-0.13200719212732,-0.020067019786267));
#1898=CARTESIAN_POINT('',(0.095824359567726,-0.132717460113452,-0.019108681972105));
#1899=CARTESIAN_POINT('',(0.089972103707821,-0.120571044238166,-0.023636389394848));
#1900=CARTESIAN_POINT('',(0.090731348544475,-0.123067092018498,-0.024586712434201));
#1901=CARTESIAN_POINT('',(0.093445794828282,-0.127413221366329,-0.025127833518543));
#1902=CARTESIAN_POINT('',(0.09746412879766,-0.129968469578177,-0.023508986106001));
#1903=CARTESIAN_POINT('',(0.099181839976317,-0.130588186863909,-0.022522108154208));
#1904=B_SPLINE_SURFACE_WITH_KNOTS('',3,3,((#1854,#1859,#1864,#1869,#1874,#1879,#1884,#1889,#1894,#1899),(#1855,#1860,#1865,#1870,#1875,#1880,#1885,#1890,#1895,#1900),(#1856,#1861,#1866,#1871,#1876,#1881,#1886,#1891,#1896,#1901),(#1857,#1862,#1867,#1872,#1877,#1882,#1887,#1892,#1897,#1902),(#1858,#1863,#1868,#1873,#1878,#1883,#1888,#1893,#1898,#1903)),.UNSPECIFIED.,.F.,.F.,.U.,(4,1,4),(4,1,1,1,1,1,1,4),(-0.000170572192281,0.571428571428571,0.998720378798578),(0.073570324397407,0.118986156763154,0.164599282690796,0.210212408618437,0.255825534546079,0.30143866047372,0.347051786401361,0.392336595138186),.UNSPECIFIED.);
#1905=CARTESIAN_POINT('',(0.01003937007874,-0.136407615098808,-0.014931177197653));
#1906=CARTESIAN_POINT('',(0.01003937007874,-0.134599834351454,-0.016885083238015));
#1907=CARTESIAN_POINT('',(0.010039370078738,-0.132221386741993,-0.018949745569693));
#1908=CARTESIAN_POINT('',(0.010039370078738,-0.128066515870286,-0.02145775196103));
#1909=CARTESIAN_POINT('',(0.01003937007874,-0.126566938438676,-0.02220516662845));
#1910=CARTESIAN_POINT('',(0.01003937007874,-0.123636321657792,-0.023252387490826));
#1911=CARTESIAN_POINT('',(0.01003937007874,-0.122086230567656,-0.023621988105777));
#1912=CARTESIAN_POINT('',(0.01003937007874,-0.120584950656817,-0.023622046769376));
#1913=B_SPLINE_CURVE_WITH_KNOTS('',3,(#1905,#1906,#1907,#1908,#1909,#1910,#1911,#1912),.UNSPECIFIED.,.F.,.U.,(4,2,2,4),(-0.019016890469,-0.00933668587308,-0.004504602896655,-0.00000099999261),.UNSPECIFIED.);
#1914=EDGE_CURVE('',#1303,#1519,#1913,.T.);
#1915=ORIENTED_EDGE('',*,*,#1914,.T.);
#1916=ORIENTED_EDGE('',*,*,#1537,.T.);
#1917=CARTESIAN_POINT('',(0.08996062992126,-0.120584953151375,-0.023622046751825));
#1918=CARTESIAN_POINT('',(0.08996062992126,-0.122086741911993,-0.023621965027187));
#1919=CARTESIAN_POINT('',(0.08996062992126,-0.123637176136771,-0.023252226798052));
#1920=CARTESIAN_POINT('',(0.08996062992126,-0.126567206379623,-0.022204047943848));
#1921=CARTESIAN_POINT('',(0.089960629921262,-0.128064996607081,-0.021456438609067));
#1922=CARTESIAN_POINT('',(0.089960629921262,-0.13221285045505,-0.018947345907441));
#1923=CARTESIAN_POINT('',(0.08996062992126,-0.134585053561695,-0.01688191301533));
#1924=CARTESIAN_POINT('',(0.08996062992126,-0.136387090323793,-0.014927707122496));
#1925=B_SPLINE_CURVE_WITH_KNOTS('',3,(#1917,#1918,#1919,#1920,#1921,#1922,#1923,#1924),.UNSPECIFIED.,.F.,.U.,(4,2,2,4),(-0.015679877259334,-0.011965224374041,-0.007983819832915,-0.000014694144464),.UNSPECIFIED.);
#1926=EDGE_CURVE('',#1511,#1312,#1925,.T.);
#1927=ORIENTED_EDGE('',*,*,#1926,.T.);
#1928=ORIENTED_EDGE('',*,*,#1330,.T.);
#1929=EDGE_LOOP('',(#1915,#1916,#1927,#1928));
#1930=FACE_OUTER_BOUND('',#1929,.T.);
#1931=ADVANCED_FACE('',(#1930),#1904,.F.);
#1932=CARTESIAN_POINT('',(-0.088956692913386,-0.050787401574803,-0.02869516840388));
#1933=DIRECTION('',(0.0,-1.0,0.0));
#1934=DIRECTION('',(0.0,0.0,-1.0));
#1935=AXIS2_PLACEMENT_3D('',#1932,#1933,#1934);
#1936=PLANE('',#1935);
#1937=ORIENTED_EDGE('',*,*,#1675,.T.);
#1938=CARTESIAN_POINT('',(-0.08996062992126,-0.050787401574803,-0.004836789402706));
#1939=DIRECTION('',(0.0,0.0,-1.0));
#1940=VECTOR('',#1939,0.022722265715404);
#1941=LINE('',#1938,#1940);
#1942=EDGE_CURVE('',#1661,#738,#1941,.T.);
#1943=ORIENTED_EDGE('',*,*,#1942,.T.);
#1944=ORIENTED_EDGE('',*,*,#743,.F.);
#1945=CARTESIAN_POINT('',(-0.11003937007874,-0.050787401574803,-0.004836789402706));
#1946=DIRECTION('',(0.0,0.0,-1.0));
#1947=VECTOR('',#1946,0.022722265715404);
#1948=LINE('',#1945,#1947);
#1949=EDGE_CURVE('',#1670,#730,#1948,.T.);
#1950=ORIENTED_EDGE('',*,*,#1949,.F.);
#1951=EDGE_LOOP('',(#1937,#1943,#1944,#1950));
#1952=FACE_OUTER_BOUND('',#1951,.T.);
#1953=ADVANCED_FACE('',(#1952),#1936,.F.);
#1954=CARTESIAN_POINT('',(-0.08996062992126,-0.045866141732283,0.002992237268891));
#1955=DIRECTION('',(-1.0,0.0,0.0));
#1956=DIRECTION('',(0.0,0.0,1.0));
#1957=AXIS2_PLACEMENT_3D('',#1954,#1955,#1956);
#1958=PLANE('',#1957);
#1959=ORIENTED_EDGE('',*,*,#1667,.T.);
#1960=ORIENTED_EDGE('',*,*,#1848,.F.);
#1961=ORIENTED_EDGE('',*,*,#1158,.F.);
#1962=ORIENTED_EDGE('',*,*,#1100,.F.);
#1963=ORIENTED_EDGE('',*,*,#1282,.F.);
#1964=CARTESIAN_POINT('',(-0.08996062992126,-0.149212598425197,-0.004836789402706));
#1965=DIRECTION('',(0.0,0.0,-1.0));
#1966=VECTOR('',#1965,0.022722265715404);
#1967=LINE('',#1964,#1966);
#1968=EDGE_CURVE('',#1270,#699,#1967,.T.);
#1969=ORIENTED_EDGE('',*,*,#1968,.T.);
#1970=ORIENTED_EDGE('',*,*,#704,.F.);
#1971=ORIENTED_EDGE('',*,*,#513,.F.);
#1972=ORIENTED_EDGE('',*,*,#482,.F.);
#1973=ORIENTED_EDGE('',*,*,#449,.F.);
#1974=ORIENTED_EDGE('',*,*,#418,.F.);
#1975=ORIENTED_EDGE('',*,*,#385,.F.);
#1976=ORIENTED_EDGE('',*,*,#749,.F.);
#1977=ORIENTED_EDGE('',*,*,#1942,.F.);
#1978=EDGE_LOOP('',(#1959,#1960,#1961,#1962,#1963,#1969,#1970,#1971,#1972,#1973,#1974,#1975,#1976,#1977));
#1979=FACE_OUTER_BOUND('',#1978,.T.);
#1980=ADVANCED_FACE('',(#1979),#1958,.F.);
#1981=CARTESIAN_POINT('',(-0.01003937007874,-0.045866141732283,-0.169246349506243));
#1982=DIRECTION('',(1.0,0.0,0.0));
#1983=DIRECTION('',(0.0,0.0,-1.0));
#1984=AXIS2_PLACEMENT_3D('',#1981,#1982,#1983);
#1985=PLANE('',#1984);
#1986=ORIENTED_EDGE('',*,*,#1645,.T.);
#1987=CARTESIAN_POINT('',(-0.01003937007874,-0.050787401574803,-0.004836789402706));
#1988=DIRECTION('',(0.0,0.0,-1.0));
#1989=VECTOR('',#1988,0.022722265715404);
#1990=LINE('',#1987,#1989);
#1991=EDGE_CURVE('',#1631,#792,#1990,.T.);
#1992=ORIENTED_EDGE('',*,*,#1991,.T.);
#1993=ORIENTED_EDGE('',*,*,#797,.F.);
#1994=ORIENTED_EDGE('',*,*,#537,.T.);
#1995=ORIENTED_EDGE('',*,*,#576,.T.);
#1996=ORIENTED_EDGE('',*,*,#608,.T.);
#1997=ORIENTED_EDGE('',*,*,#640,.T.);
#1998=ORIENTED_EDGE('',*,*,#672,.T.);
#1999=ORIENTED_EDGE('',*,*,#780,.F.);
#2000=CARTESIAN_POINT('',(-0.01003937007874,-0.149212598425197,-0.004836789402706));
#2001=DIRECTION('',(0.0,0.0,-1.0));
#2002=VECTOR('',#2001,0.022722265715404);
#2003=LINE('',#2000,#2002);
#2004=EDGE_CURVE('',#1286,#769,#2003,.T.);
#2005=ORIENTED_EDGE('',*,*,#2004,.F.);
#2006=ORIENTED_EDGE('',*,*,#1292,.F.);
#2007=ORIENTED_EDGE('',*,*,#1130,.F.);
#2008=ORIENTED_EDGE('',*,*,#1181,.F.);
#2009=ORIENTED_EDGE('',*,*,#1836,.F.);
#2010=EDGE_LOOP('',(#1986,#1992,#1993,#1994,#1995,#1996,#1997,#1998,#1999,#2005,#2006,#2007,#2008,#2009));
#2011=FACE_OUTER_BOUND('',#2010,.T.);
#2012=ADVANCED_FACE('',(#2011),#1985,.F.);
#2013=CARTESIAN_POINT('',(0.011043307086614,-0.050787401574803,-0.02869516840388));
#2014=DIRECTION('',(0.0,-1.0,0.0));
#2015=DIRECTION('',(0.0,0.0,-1.0));
#2016=AXIS2_PLACEMENT_3D('',#2013,#2014,#2015);
#2017=PLANE('',#2016);
#2018=ORIENTED_EDGE('',*,*,#1636,.T.);
#2019=CARTESIAN_POINT('',(0.01003937007874,-0.050787401574803,-0.004836789402706));
#2020=DIRECTION('',(0.0,0.0,-1.0));
#2021=VECTOR('',#2020,0.022722265715404);
#2022=LINE('',#2019,#2021);
#2023=EDGE_CURVE('',#1622,#800,#2022,.T.);
#2024=ORIENTED_EDGE('',*,*,#2023,.T.);
#2025=ORIENTED_EDGE('',*,*,#805,.F.);
#2026=ORIENTED_EDGE('',*,*,#1991,.F.);
#2027=EDGE_LOOP('',(#2018,#2024,#2025,#2026));
#2028=FACE_OUTER_BOUND('',#2027,.T.);
#2029=ADVANCED_FACE('',(#2028),#2017,.F.);
#2030=CARTESIAN_POINT('',(0.01003937007874,-0.045866141732283,0.002992237268891));
#2031=DIRECTION('',(-1.0,0.0,0.0));
#2032=DIRECTION('',(0.0,0.0,1.0));
#2033=AXIS2_PLACEMENT_3D('',#2030,#2031,#2032);
#2034=PLANE('',#2033);
#2035=ORIENTED_EDGE('',*,*,#1628,.T.);
#2036=ORIENTED_EDGE('',*,*,#1480,.F.);
#2037=ORIENTED_EDGE('',*,*,#1543,.F.);
#2038=ORIENTED_EDGE('',*,*,#1914,.F.);
#2039=ORIENTED_EDGE('',*,*,#1309,.F.);
#2040=CARTESIAN_POINT('',(0.01003937007874,-0.149212598425197,-0.004836789402706));
#2041=DIRECTION('',(0.0,0.0,-1.0));
#2042=VECTOR('',#2041,0.022722265715404);
#2043=LINE('',#2040,#2042);
#2044=EDGE_CURVE('',#1295,#761,#2043,.T.);
#2045=ORIENTED_EDGE('',*,*,#2044,.T.);
#2046=ORIENTED_EDGE('',*,*,#766,.F.);
#2047=ORIENTED_EDGE('',*,*,#681,.F.);
#2048=ORIENTED_EDGE('',*,*,#650,.F.);
#2049=ORIENTED_EDGE('',*,*,#617,.F.);
#2050=ORIENTED_EDGE('',*,*,#586,.F.);
#2051=ORIENTED_EDGE('',*,*,#553,.F.);
#2052=ORIENTED_EDGE('',*,*,#811,.F.);
#2053=ORIENTED_EDGE('',*,*,#2023,.F.);
#2054=EDGE_LOOP('',(#2035,#2036,#2037,#2038,#2039,#2045,#2046,#2047,#2048,#2049,#2050,#2051,#2052,#2053));
#2055=FACE_OUTER_BOUND('',#2054,.T.);
#2056=ADVANCED_FACE('',(#2055),#2034,.F.);
#2057=CARTESIAN_POINT('',(0.11003937007874,-0.045866141732283,0.002992237268891));
#2058=DIRECTION('',(-1.0,0.0,0.0));
#2059=DIRECTION('',(0.0,0.0,1.0));
#2060=AXIS2_PLACEMENT_3D('',#2057,#2058,#2059);
#2061=PLANE('',#2060);
#2062=ORIENTED_EDGE('',*,*,#1709,.T.);
#2063=ORIENTED_EDGE('',*,*,#1603,.F.);
#2064=ORIENTED_EDGE('',*,*,#277,.F.);
#2065=ORIENTED_EDGE('',*,*,#350,.F.);
#2066=ORIENTED_EDGE('',*,*,#1354,.F.);
#2067=CARTESIAN_POINT('',(0.11003937007874,-0.149212598425197,-0.004836789402706));
#2068=DIRECTION('',(0.0,0.0,-1.0));
#2069=VECTOR('',#2068,0.022722265715404);
#2070=LINE('',#2067,#2069);
#2071=EDGE_CURVE('',#1342,#991,#2070,.T.);
#2072=ORIENTED_EDGE('',*,*,#2071,.T.);
#2073=ORIENTED_EDGE('',*,*,#996,.F.);
#2074=ORIENTED_EDGE('',*,*,#973,.F.);
#2075=ORIENTED_EDGE('',*,*,#942,.F.);
#2076=ORIENTED_EDGE('',*,*,#909,.F.);
#2077=ORIENTED_EDGE('',*,*,#878,.F.);
#2078=ORIENTED_EDGE('',*,*,#845,.F.);
#2079=ORIENTED_EDGE('',*,*,#1041,.F.);
#2080=CARTESIAN_POINT('',(0.11003937007874,-0.050787401574803,-0.004836789402706));
#2081=DIRECTION('',(0.0,0.0,-1.0));
#2082=VECTOR('',#2081,0.022722265715404);
#2083=LINE('',#2080,#2082);
#2084=EDGE_CURVE('',#1703,#1030,#2083,.T.);
#2085=ORIENTED_EDGE('',*,*,#2084,.F.);
#2086=EDGE_LOOP('',(#2062,#2063,#2064,#2065,#2066,#2072,#2073,#2074,#2075,#2076,#2077,#2078,#2079,#2085));
#2087=FACE_OUTER_BOUND('',#2086,.T.);
#2088=ADVANCED_FACE('',(#2087),#2061,.F.);
#2089=CARTESIAN_POINT('',(-0.11003937007874,-0.045866141732283,-0.169246349506243));
#2090=DIRECTION('',(1.0,0.0,0.0));
#2091=DIRECTION('',(0.0,0.0,-1.0));
#2092=AXIS2_PLACEMENT_3D('',#2089,#2090,#2091);
#2093=PLANE('',#2092);
#2094=ORIENTED_EDGE('',*,*,#1684,.T.);
#2095=ORIENTED_EDGE('',*,*,#1949,.T.);
#2096=ORIENTED_EDGE('',*,*,#735,.F.);
#2097=ORIENTED_EDGE('',*,*,#369,.T.);
#2098=ORIENTED_EDGE('',*,*,#408,.T.);
#2099=ORIENTED_EDGE('',*,*,#440,.T.);
#2100=ORIENTED_EDGE('',*,*,#472,.T.);
#2101=ORIENTED_EDGE('',*,*,#504,.T.);
#2102=ORIENTED_EDGE('',*,*,#718,.F.);
#2103=CARTESIAN_POINT('',(-0.11003937007874,-0.149212598425197,-0.004836789402706));
#2104=DIRECTION('',(0.0,0.0,-1.0));
#2105=VECTOR('',#2104,0.022722265715404);
#2106=LINE('',#2103,#2105);
#2107=EDGE_CURVE('',#1261,#707,#2106,.T.);
#2108=ORIENTED_EDGE('',*,*,#2107,.F.);
#2109=ORIENTED_EDGE('',*,*,#1267,.F.);
#2110=ORIENTED_EDGE('',*,*,#1233,.F.);
#2111=ORIENTED_EDGE('',*,*,#194,.F.);
#2112=ORIENTED_EDGE('',*,*,#1780,.F.);
#2113=EDGE_LOOP('',(#2094,#2095,#2096,#2097,#2098,#2099,#2100,#2101,#2102,#2108,#2109,#2110,#2111,#2112));
#2114=FACE_OUTER_BOUND('',#2113,.T.);
#2115=ADVANCED_FACE('',(#2114),#2093,.F.);
#2116=CARTESIAN_POINT('',(-0.088956692913386,-0.149212598425197,-0.003700676116936));
#2117=DIRECTION('',(0.0,1.0,0.0));
#2118=DIRECTION('',(0.0,0.0,1.0));
#2119=AXIS2_PLACEMENT_3D('',#2116,#2117,#2118);
#2120=PLANE('',#2119);
#2121=ORIENTED_EDGE('',*,*,#1275,.F.);
#2122=ORIENTED_EDGE('',*,*,#2107,.T.);
#2123=ORIENTED_EDGE('',*,*,#712,.F.);
#2124=ORIENTED_EDGE('',*,*,#1968,.F.);
#2125=EDGE_LOOP('',(#2121,#2122,#2123,#2124));
#2126=FACE_OUTER_BOUND('',#2125,.T.);
#2127=ADVANCED_FACE('',(#2126),#2120,.F.);
#2128=CARTESIAN_POINT('',(0.08996062992126,-0.045866141732283,-0.169246349506243));
#2129=DIRECTION('',(1.0,0.0,0.0));
#2130=DIRECTION('',(0.0,0.0,-1.0));
#2131=AXIS2_PLACEMENT_3D('',#2128,#2129,#2130);
#2132=PLANE('',#2131);
#2133=ORIENTED_EDGE('',*,*,#1724,.T.);
#2134=CARTESIAN_POINT('',(0.08996062992126,-0.050787401574803,-0.004836789402706));
#2135=DIRECTION('',(0.0,0.0,-1.0));
#2136=VECTOR('',#2135,0.022722265715404);
#2137=LINE('',#2134,#2136);
#2138=EDGE_CURVE('',#1712,#1022,#2137,.T.);
#2139=ORIENTED_EDGE('',*,*,#2138,.T.);
#2140=ORIENTED_EDGE('',*,*,#1027,.F.);
#2141=ORIENTED_EDGE('',*,*,#829,.T.);
#2142=ORIENTED_EDGE('',*,*,#868,.T.);
#2143=ORIENTED_EDGE('',*,*,#900,.T.);
#2144=ORIENTED_EDGE('',*,*,#932,.T.);
#2145=ORIENTED_EDGE('',*,*,#964,.T.);
#2146=ORIENTED_EDGE('',*,*,#1010,.F.);
#2147=CARTESIAN_POINT('',(0.08996062992126,-0.149212598425197,-0.004836789402706));
#2148=DIRECTION('',(0.0,0.0,-1.0));
#2149=VECTOR('',#2148,0.022722265715404);
#2150=LINE('',#2147,#2149);
#2151=EDGE_CURVE('',#1333,#999,#2150,.T.);
#2152=ORIENTED_EDGE('',*,*,#2151,.F.);
#2153=ORIENTED_EDGE('',*,*,#1339,.F.);
#2154=ORIENTED_EDGE('',*,*,#1926,.F.);
#2155=ORIENTED_EDGE('',*,*,#1516,.F.);
#2156=ORIENTED_EDGE('',*,*,#1446,.F.);
#2157=EDGE_LOOP('',(#2133,#2139,#2140,#2141,#2142,#2143,#2144,#2145,#2146,#2152,#2153,#2154,#2155,#2156));
#2158=FACE_OUTER_BOUND('',#2157,.T.);
#2159=ADVANCED_FACE('',(#2158),#2132,.F.);
#2160=CARTESIAN_POINT('',(0.111043307086614,-0.050787401574803,-0.02869516840388));
#2161=DIRECTION('',(0.0,-1.0,0.0));
#2162=DIRECTION('',(0.0,0.0,-1.0));
#2163=AXIS2_PLACEMENT_3D('',#2160,#2161,#2162);
#2164=PLANE('',#2163);
#2165=ORIENTED_EDGE('',*,*,#1717,.T.);
#2166=ORIENTED_EDGE('',*,*,#2084,.T.);
#2167=ORIENTED_EDGE('',*,*,#1035,.F.);
#2168=ORIENTED_EDGE('',*,*,#2138,.F.);
#2169=EDGE_LOOP('',(#2165,#2166,#2167,#2168));
#2170=FACE_OUTER_BOUND('',#2169,.T.);
#2171=ADVANCED_FACE('',(#2170),#2164,.F.);
#2172=CARTESIAN_POINT('',(0.111043307086614,-0.149212598425197,-0.003700676116936));
#2173=DIRECTION('',(0.0,1.0,0.0));
#2174=DIRECTION('',(0.0,0.0,1.0));
#2175=AXIS2_PLACEMENT_3D('',#2172,#2173,#2174);
#2176=PLANE('',#2175);
#2177=ORIENTED_EDGE('',*,*,#1347,.F.);
#2178=ORIENTED_EDGE('',*,*,#2151,.T.);
#2179=ORIENTED_EDGE('',*,*,#1004,.F.);
#2180=ORIENTED_EDGE('',*,*,#2071,.F.);
#2181=EDGE_LOOP('',(#2177,#2178,#2179,#2180));
#2182=FACE_OUTER_BOUND('',#2181,.T.);
#2183=ADVANCED_FACE('',(#2182),#2176,.F.);
#2184=CARTESIAN_POINT('',(0.011043307086614,-0.149212598425197,-0.003700676116936));
#2185=DIRECTION('',(0.0,1.0,0.0));
#2186=DIRECTION('',(0.0,0.0,1.0));
#2187=AXIS2_PLACEMENT_3D('',#2184,#2185,#2186);
#2188=PLANE('',#2187);
#2189=ORIENTED_EDGE('',*,*,#1300,.F.);
#2190=ORIENTED_EDGE('',*,*,#2004,.T.);
#2191=ORIENTED_EDGE('',*,*,#774,.F.);
#2192=ORIENTED_EDGE('',*,*,#2044,.F.);
#2193=EDGE_LOOP('',(#2189,#2190,#2191,#2192));
#2194=FACE_OUTER_BOUND('',#2193,.T.);
#2195=ADVANCED_FACE('',(#2194),#2188,.F.);
#2196=CARTESIAN_POINT('',(-0.147244094488189,-0.167125984251969,0.000935039370079));
#2197=DIRECTION('',(0.0,0.0,-1.0));
#2198=DIRECTION('',(1.0,0.0,0.0));
#2199=AXIS2_PLACEMENT_3D('',#2196,#2197,#2198);
#2200=CYLINDRICAL_SURFACE('',#2199,0.012795275590551);
#2201=CARTESIAN_POINT('',(-0.16003937007874,-0.167125984251969,-0.018700787401575));
#2202=VERTEX_POINT('',#2201);
#2203=CARTESIAN_POINT('',(-0.147244094488189,-0.167125984251969,-0.018700787401575));
#2204=DIRECTION('',(0.0,0.0,-1.0));
#2205=DIRECTION('',(1.0,0.0,0.0));
#2206=AXIS2_PLACEMENT_3D('',#2203,#2204,#2205);
#2207=CIRCLE('',#2206,0.012795275590551);
#2208=EDGE_CURVE('',#2202,#2202,#2207,.T.);
#2209=ORIENTED_EDGE('',*,*,#2208,.F.);
#2210=EDGE_LOOP('',(#2209));
#2211=FACE_OUTER_BOUND('',#2210,.T.);
#2212=CARTESIAN_POINT('',(-0.147244094488189,-0.17992125984252,0.0));
#2213=VERTEX_POINT('',#2212);
#2214=CARTESIAN_POINT('',(-0.147244094488189,-0.167125984251969,0.0));
#2215=DIRECTION('',(0.0,0.0,1.0));
#2216=DIRECTION('',(1.0,0.0,0.0));
#2217=AXIS2_PLACEMENT_3D('',#2214,#2215,#2216);
#2218=CIRCLE('',#2217,0.012795275590551);
#2219=EDGE_CURVE('',#2213,#1251,#2218,.T.);
#2220=ORIENTED_EDGE('',*,*,#2219,.F.);
#2221=CARTESIAN_POINT('',(-0.16003937007874,-0.167125984251969,0.0));
#2222=VERTEX_POINT('',#2221);
#2223=CARTESIAN_POINT('',(-0.147244094488189,-0.167125984251969,0.0));
#2224=DIRECTION('',(0.0,0.0,1.0));
#2225=DIRECTION('',(1.0,0.0,0.0));
#2226=AXIS2_PLACEMENT_3D('',#2223,#2224,#2225);
#2227=CIRCLE('',#2226,0.012795275590551);
#2228=EDGE_CURVE('',#2222,#2213,#2227,.T.);
#2229=ORIENTED_EDGE('',*,*,#2228,.F.);
#2230=CARTESIAN_POINT('',(-0.147244094488189,-0.167125984251969,0.0));
#2231=DIRECTION('',(0.0,0.0,1.0));
#2232=DIRECTION('',(1.0,0.0,0.0));
#2233=AXIS2_PLACEMENT_3D('',#2230,#2231,#2232);
#2234=CIRCLE('',#2233,0.012795275590551);
#2235=EDGE_CURVE('',#161,#2222,#2234,.T.);
#2236=ORIENTED_EDGE('',*,*,#2235,.F.);
#2237=ORIENTED_EDGE('',*,*,#169,.T.);
#2238=ORIENTED_EDGE('',*,*,#1219,.T.);
#2239=ORIENTED_EDGE('',*,*,#1257,.T.);
#2240=EDGE_LOOP('',(#2220,#2229,#2236,#2237,#2238,#2239));
#2241=FACE_BOUND('',#2240,.T.);
#2242=ADVANCED_FACE('',(#2211,#2241),#2200,.T.);
#2243=CARTESIAN_POINT('',(0.102805118110237,-0.180846456692914,0.0));
#2244=DIRECTION('',(0.0,0.0,1.0));
#2245=DIRECTION('',(1.0,0.0,0.0));
#2246=AXIS2_PLACEMENT_3D('',#2243,#2244,#2245);
#2247=PLANE('',#2246);
#2248=ORIENTED_EDGE('',*,*,#1370,.T.);
#2249=CARTESIAN_POINT('',(0.147244094488189,-0.17992125984252,0.0));
#2250=VERTEX_POINT('',#2249);
#2251=CARTESIAN_POINT('',(0.147244094488189,-0.167125984251969,0.0));
#2252=DIRECTION('',(0.0,0.0,1.0));
#2253=DIRECTION('',(1.0,0.0,0.0));
#2254=AXIS2_PLACEMENT_3D('',#2251,#2252,#2253);
#2255=CIRCLE('',#2254,0.012795275590551);
#2256=EDGE_CURVE('',#1358,#2250,#2255,.T.);
#2257=ORIENTED_EDGE('',*,*,#2256,.T.);
#2258=CARTESIAN_POINT('',(0.10492125984252,-0.17992125984252,-6.732184E-017));
#2259=VERTEX_POINT('',#2258);
#2260=CARTESIAN_POINT('',(0.147244094488189,-0.17992125984252,0.0));
#2261=DIRECTION('',(-1.0,0.0,0.0));
#2262=VECTOR('',#2261,0.042322834645669);
#2263=LINE('',#2260,#2262);
#2264=EDGE_CURVE('',#2250,#2259,#2263,.T.);
#2265=ORIENTED_EDGE('',*,*,#2264,.T.);
#2266=CARTESIAN_POINT('',(0.10492125984252,-0.17992125984252,2.731848E-018));
#2267=DIRECTION('',(0.0,1.0,0.0));
#2268=VECTOR('',#2267,0.018503937007874);
#2269=LINE('',#2266,#2268);
#2270=EDGE_CURVE('',#2259,#222,#2269,.T.);
#2271=ORIENTED_EDGE('',*,*,#2270,.T.);
#2272=EDGE_LOOP('',(#2248,#2257,#2265,#2271));
#2273=FACE_OUTER_BOUND('',#2272,.T.);
#2274=ADVANCED_FACE('',(#2273),#2247,.F.);
#2275=CARTESIAN_POINT('',(-0.149360236220472,-0.180846456692914,0.0));
#2276=DIRECTION('',(0.0,0.0,1.0));
#2277=DIRECTION('',(1.0,0.0,0.0));
#2278=AXIS2_PLACEMENT_3D('',#2275,#2276,#2277);
#2279=PLANE('',#2278);
#2280=ORIENTED_EDGE('',*,*,#1377,.T.);
#2281=CARTESIAN_POINT('',(-0.10492125984252,-0.17992125984252,-7.213747E-021));
#2282=VERTEX_POINT('',#2281);
#2283=CARTESIAN_POINT('',(-0.10492125984252,-0.161417322834646,0.0));
#2284=DIRECTION('',(0.0,-1.0,0.0));
#2285=VECTOR('',#2284,0.018503937007874);
#2286=LINE('',#2283,#2285);
#2287=EDGE_CURVE('',#214,#2282,#2286,.T.);
#2288=ORIENTED_EDGE('',*,*,#2287,.T.);
#2289=CARTESIAN_POINT('',(-0.10492125984252,-0.17992125984252,0.0));
#2290=DIRECTION('',(-1.0,0.0,0.0));
#2291=VECTOR('',#2290,0.042322834645669);
#2292=LINE('',#2289,#2291);
#2293=EDGE_CURVE('',#2282,#2213,#2292,.T.);
#2294=ORIENTED_EDGE('',*,*,#2293,.T.);
#2295=ORIENTED_EDGE('',*,*,#2219,.T.);
#2296=EDGE_LOOP('',(#2280,#2288,#2294,#2295));
#2297=FACE_OUTER_BOUND('',#2296,.T.);
#2298=ADVANCED_FACE('',(#2297),#2279,.F.);
#2299=CARTESIAN_POINT('',(0.154133858267717,0.03573480004853,-0.049606299212598));
#2300=DIRECTION('',(0.0,1.0,0.0));
#2301=DIRECTION('',(0.246153846153846,0.0,-0.969230769230769));
#2302=AXIS2_PLACEMENT_3D('',#2299,#2300,#2301);
#2303=CYLINDRICAL_SURFACE('',#2302,0.051181102362205);
#2304=CARTESIAN_POINT('',(0.141535433070866,0.155674771990355,3.558270E-018));
#2305=VERTEX_POINT('',#2304);
#2306=CARTESIAN_POINT('',(0.139978413419908,0.156593702634725,-0.000421661172152));
#2307=VERTEX_POINT('',#2306);
#2308=CARTESIAN_POINT('',(0.146617276731319,0.166224512866794,-0.001023614969063));
#2309=DIRECTION('',(0.161577265537103,-0.172117274109433,-0.971734753528292));
#2310=DIRECTION('',(0.753163619788588,-0.614761048925414,0.234122648522255));
#2311=AXIS2_PLACEMENT_3D('',#2308,#2309,#2310);
#2312=ELLIPSE('',#2311,0.012585780704258,0.011706297706543);
#2313=EDGE_CURVE('',#2305,#2307,#2312,.T.);
#2314=ORIENTED_EDGE('',*,*,#2313,.F.);
#2315=CARTESIAN_POINT('',(0.141535579520375,0.041489847494255,0.000000011202073));
#2316=VERTEX_POINT('',#2315);
#2317=CARTESIAN_POINT('',(0.141535433070866,0.041489847494255,0.0));
#2318=DIRECTION('',(0.0,1.0,0.0));
#2319=VECTOR('',#2318,0.114184924496101);
#2320=LINE('',#2317,#2319);
#2321=EDGE_CURVE('',#2316,#2305,#2320,.T.);
#2322=ORIENTED_EDGE('',*,*,#2321,.F.);
#2323=CARTESIAN_POINT('',(0.11003937007874,0.080254391278013,-0.023622047244094));
#2324=VERTEX_POINT('',#2323);
#2325=CARTESIAN_POINT('',(0.154133858267717,0.025984251968504,-0.049606299212598));
#2326=DIRECTION('',(0.776114000116266,0.630592625094465,0.0));
#2327=DIRECTION('',(-0.630592625094465,0.776114000116266,0.0));
#2328=AXIS2_PLACEMENT_3D('',#2325,#2326,#2327);
#2329=ELLIPSE('',#2328,0.081163496567277,0.051181102362205);
#2330=EDGE_CURVE('',#2324,#2316,#2329,.T.);
#2331=ORIENTED_EDGE('',*,*,#2330,.F.);
#2332=CARTESIAN_POINT('',(0.11003937007874,0.119745608721987,-0.023622047244094));
#2333=VERTEX_POINT('',#2332);
#2334=CARTESIAN_POINT('',(0.11003937007874,0.119745608721987,-0.023622047244094));
#2335=DIRECTION('',(0.0,-1.0,0.0));
#2336=VECTOR('',#2335,0.039491217443974);
#2337=LINE('',#2334,#2336);
#2338=EDGE_CURVE('',#2333,#2324,#2337,.T.);
#2339=ORIENTED_EDGE('',*,*,#2338,.F.);
#2340=CARTESIAN_POINT('',(0.154133858267717,0.174015748031496,-0.049606299212598));
#2341=DIRECTION('',(0.776114000116266,-0.630592625094465,0.0));
#2342=DIRECTION('',(-0.630592625094465,-0.776114000116266,0.0));
#2343=AXIS2_PLACEMENT_3D('',#2340,#2341,#2342);
#2344=ELLIPSE('',#2343,0.081163496567277,0.051181102362205);
#2345=EDGE_CURVE('',#2307,#2333,#2344,.T.);
#2346=ORIENTED_EDGE('',*,*,#2345,.F.);
#2347=EDGE_LOOP('',(#2314,#2322,#2331,#2339,#2346));
#2348=FACE_OUTER_BOUND('',#2347,.T.);
#2349=ADVANCED_FACE('',(#2348),#2303,.F.);
#2350=CARTESIAN_POINT('',(0.115413385826772,0.161673228346457,-3.032961E-034));
#2351=DIRECTION('',(0.0,0.0,1.0));
#2352=DIRECTION('',(1.0,0.0,0.0));
#2353=AXIS2_PLACEMENT_3D('',#2350,#2351,#2352);
#2354=PLANE('',#2353);
#2355=CARTESIAN_POINT('',(0.10492125984252,0.156299212598425,9.106160E-019));
#2356=VERTEX_POINT('',#2355);
#2357=CARTESIAN_POINT('',(0.10492125984252,0.161417322834646,-2.500000E-025));
#2358=VERTEX_POINT('',#2357);
#2359=CARTESIAN_POINT('',(0.10492125984252,0.156299212598425,2.731848E-018));
#2360=DIRECTION('',(0.0,1.0,0.0));
#2361=VECTOR('',#2360,0.005118110236221);
#2362=LINE('',#2359,#2361);
#2363=EDGE_CURVE('',#2356,#2358,#2362,.T.);
#2364=ORIENTED_EDGE('',*,*,#2363,.T.);
#2365=CARTESIAN_POINT('',(-0.10492125984252,0.161417322834646,-1.365924E-018));
#2366=VERTEX_POINT('',#2365);
#2367=CARTESIAN_POINT('',(-0.10492125984252,0.161417322834646,-5.463697E-018));
#2368=DIRECTION('',(1.0,0.0,0.0));
#2369=VECTOR('',#2368,0.20984251968504);
#2370=LINE('',#2367,#2369);
#2371=EDGE_CURVE('',#2366,#2358,#2370,.T.);
#2372=ORIENTED_EDGE('',*,*,#2371,.F.);
#2373=CARTESIAN_POINT('',(-0.10492125984252,0.156299212598425,-6.938894E-017));
#2374=VERTEX_POINT('',#2373);
#2375=CARTESIAN_POINT('',(-0.10492125984252,0.161417322834646,0.0));
#2376=DIRECTION('',(0.0,-1.0,0.0));
#2377=VECTOR('',#2376,0.005118110236221);
#2378=LINE('',#2375,#2377);
#2379=EDGE_CURVE('',#2366,#2374,#2378,.T.);
#2380=ORIENTED_EDGE('',*,*,#2379,.T.);
#2381=CARTESIAN_POINT('',(-0.10492125984252,0.156299212598425,0.0));
#2382=DIRECTION('',(1.0,0.0,0.0));
#2383=VECTOR('',#2382,0.20984251968504);
#2384=LINE('',#2381,#2383);
#2385=EDGE_CURVE('',#2374,#2356,#2384,.T.);
#2386=ORIENTED_EDGE('',*,*,#2385,.T.);
#2387=EDGE_LOOP('',(#2364,#2372,#2380,#2386));
#2388=FACE_OUTER_BOUND('',#2387,.T.);
#2389=ADVANCED_FACE('',(#2388),#2354,.T.);
#2390=CARTESIAN_POINT('',(-0.154133858267717,0.035734728657177,-0.049606299212598));
#2391=DIRECTION('',(0.0,1.0,0.0));
#2392=DIRECTION('',(-0.59999965006746,0.0,-0.800000262449285));
#2393=AXIS2_PLACEMENT_3D('',#2390,#2391,#2392);
#2394=CYLINDRICAL_SURFACE('',#2393,0.051181102362205);
#2395=CARTESIAN_POINT('',(-0.139978381950354,0.156593724342795,-0.000421670249835));
#2396=VERTEX_POINT('',#2395);
#2397=CARTESIAN_POINT('',(-0.141535433070866,0.155674771990355,-1.062270E-017));
#2398=VERTEX_POINT('',#2397);
#2399=CARTESIAN_POINT('',(-0.146617112845665,0.166224215867889,-0.001023572937732));
#2400=DIRECTION('',(-0.161577986268378,-0.172116093855625,-0.971734842737121));
#2401=DIRECTION('',(0.753187429111001,0.614732383902016,-0.234121320710664));
#2402=AXIS2_PLACEMENT_3D('',#2399,#2400,#2401);
#2403=ELLIPSE('',#2402,0.012585592013431,0.011705963292671);
#2404=EDGE_CURVE('',#2396,#2398,#2403,.T.);
#2405=ORIENTED_EDGE('',*,*,#2404,.F.);
#2406=CARTESIAN_POINT('',(-0.11003937007874,0.119745608721987,-0.023622047244095));
#2407=VERTEX_POINT('',#2406);
#2408=CARTESIAN_POINT('',(-0.154133858267717,0.174015748031496,-0.049606299212598));
#2409=DIRECTION('',(-0.776114000116265,-0.630592625094466,3.314076E-016));
#2410=DIRECTION('',(0.630592625094466,-0.776114000116265,3.679364E-032));
#2411=AXIS2_PLACEMENT_3D('',#2408,#2409,#2410);
#2412=ELLIPSE('',#2411,0.081163496567277,0.051181102362205);
#2413=EDGE_CURVE('',#2407,#2396,#2412,.T.);
#2414=ORIENTED_EDGE('',*,*,#2413,.F.);
#2415=CARTESIAN_POINT('',(-0.11003937007874,0.080254391278013,-0.023622047244094));
#2416=VERTEX_POINT('',#2415);
#2417=CARTESIAN_POINT('',(-0.11003937007874,0.080254391278013,-0.023622047244095));
#2418=DIRECTION('',(0.0,1.0,0.0));
#2419=VECTOR('',#2418,0.039491217443973);
#2420=LINE('',#2417,#2419);
#2421=EDGE_CURVE('',#2416,#2407,#2420,.T.);
#2422=ORIENTED_EDGE('',*,*,#2421,.F.);
#2423=CARTESIAN_POINT('',(-0.141535581092213,0.041489839979944,0.000000011601329));
#2424=VERTEX_POINT('',#2423);
#2425=CARTESIAN_POINT('',(-0.154133858267717,0.025984251968504,-0.049606299212598));
#2426=DIRECTION('',(-0.776114000116265,0.630592625094466,-3.314076E-016));
#2427=DIRECTION('',(0.630592625094466,0.776114000116265,-3.679364E-032));
#2428=AXIS2_PLACEMENT_3D('',#2425,#2426,#2427);
#2429=ELLIPSE('',#2428,0.081163496567277,0.051181102362205);
#2430=EDGE_CURVE('',#2424,#2416,#2429,.T.);
#2431=ORIENTED_EDGE('',*,*,#2430,.F.);
#2432=CARTESIAN_POINT('',(-0.141535433070866,0.155674771990355,0.0));
#2433=DIRECTION('',(0.0,-1.0,0.0));
#2434=VECTOR('',#2433,0.114184932010411);
#2435=LINE('',#2432,#2434);
#2436=EDGE_CURVE('',#2398,#2424,#2435,.T.);
#2437=ORIENTED_EDGE('',*,*,#2436,.F.);
#2438=EDGE_LOOP('',(#2405,#2414,#2422,#2431,#2437));
#2439=FACE_OUTER_BOUND('',#2438,.T.);
#2440=ADVANCED_FACE('',(#2439),#2394,.F.);
#2441=CARTESIAN_POINT('',(-0.11003668411881,0.119735963428458,-0.023626603093599));
#2442=CARTESIAN_POINT('',(-0.109360345289531,0.122366062883919,-0.024777524562782));
#2443=CARTESIAN_POINT('',(-0.106437789195641,0.126946231580102,-0.025754000762697));
#2444=CARTESIAN_POINT('',(-0.10183024420012,0.129409477022256,-0.024490829698));
#2445=CARTESIAN_POINT('',(-0.099858888053726,0.129917334732629,-0.023628709195739));
#2446=CARTESIAN_POINT('',(-0.113017198966664,0.12340444089778,-0.018567573964933));
#2447=CARTESIAN_POINT('',(-0.112151375797117,0.12571873947856,-0.019725898380288));
#2448=CARTESIAN_POINT('',(-0.109322592531363,0.129764253823678,-0.020694161249835));
#2449=CARTESIAN_POINT('',(-0.105264119672701,0.132250803162665,-0.019438605261546));
#2450=CARTESIAN_POINT('',(-0.103526787460293,0.132897503000464,-0.018569693604673));
#2451=CARTESIAN_POINT('',(-0.121518596658863,0.133868430948619,-0.00855679060381));
#2452=CARTESIAN_POINT('',(-0.120385522419479,0.135454638590698,-0.009379458835943));
#2453=CARTESIAN_POINT('',(-0.117957782896071,0.138233903942506,-0.010024502656341));
#2454=CARTESIAN_POINT('',(-0.115179700744689,0.140550372093939,-0.009176057057278));
#2455=CARTESIAN_POINT('',(-0.113989444743995,0.141398412043472,-0.008558295992748));
#2456=CARTESIAN_POINT('',(-0.133198141817216,0.148245060533945,-0.00237700341194));
#2457=CARTESIAN_POINT('',(-0.132358644363544,0.14920678860194,-0.002710020654235));
#2458=CARTESIAN_POINT('',(-0.130768783912969,0.150889751090342,-0.002964488239733));
#2459=CARTESIAN_POINT('',(-0.129085909466063,0.152449328874105,-0.00262710440503));
#2460=CARTESIAN_POINT('',(-0.128364931215727,0.153078494801755,-0.00237761279123));
#2461=CARTESIAN_POINT('',(-0.139987000220802,0.156601733026448,-0.000419984253413));
#2462=CARTESIAN_POINT('',(-0.139397434985028,0.157240423230165,-0.000590197639416));
#2463=CARTESIAN_POINT('',(-0.138317212748003,0.158357875619263,-0.000719307313618));
#2464=CARTESIAN_POINT('',(-0.13719975268364,0.159425897743869,-0.000547781457924));
#2465=CARTESIAN_POINT('',(-0.136721012386502,0.159867810753009,-0.000420295721698));
#2466=B_SPLINE_SURFACE_WITH_KNOTS('',3,3,((#2441,#2446,#2451,#2456,#2461),(#2442,#2447,#2452,#2457,#2462),(#2443,#2448,#2453,#2458,#2463),(#2444,#2449,#2454,#2459,#2464),(#2445,#2450,#2455,#2460,#2465)),.UNSPECIFIED.,.F.,.F.,.U.,(4,1,4),(4,1,4),(-0.000348879958102,0.571428571428571,1.0),(0.532353021516164,0.876515960151668,1.290713922098052),.UNSPECIFIED.);
#2467=CARTESIAN_POINT('',(-0.136711844833365,0.159860260170178,-0.000422073092137));
#2468=VERTEX_POINT('',#2467);
#2469=CARTESIAN_POINT('',(-0.147593679000016,0.167457167641584,0.016775693650327));
#2470=DIRECTION('',(-0.563037314752985,0.563037314752985,-0.604961126347384));
#2471=DIRECTION('',(-0.428429910844074,0.427113948346079,0.796254661915622));
#2472=AXIS2_PLACEMENT_3D('',#2469,#2470,#2471);
#2473=ELLIPSE('',#2472,0.021946294401424,0.013031778855684);
#2474=EDGE_CURVE('',#2468,#2396,#2473,.T.);
#2475=ORIENTED_EDGE('',*,*,#2474,.F.);
#2476=CARTESIAN_POINT('',(-0.110039370280307,0.138188976541726,-0.013055681110707));
#2477=VERTEX_POINT('',#2476);
#2478=CARTESIAN_POINT('',(-0.154133858267717,0.174015748031496,-0.049606299212598));
#2479=DIRECTION('',(0.630592625094465,0.776114000116266,-2.692686E-016));
#2480=DIRECTION('',(0.776114000116266,-0.630592625094465,0.0));
#2481=AXIS2_PLACEMENT_3D('',#2478,#2479,#2480);
#2482=ELLIPSE('',#2481,0.081163496567277,0.051181102362205);
#2483=EDGE_CURVE('',#2468,#2477,#2482,.T.);
#2484=ORIENTED_EDGE('',*,*,#2483,.T.);
#2485=CARTESIAN_POINT('',(-0.11003937007874,0.138188518057227,-0.013055212927574));
#2486=CARTESIAN_POINT('',(-0.11003937007874,0.135987156903391,-0.015211427965063));
#2487=CARTESIAN_POINT('',(-0.110039370078739,0.133106537462234,-0.017623076314398));
#2488=CARTESIAN_POINT('',(-0.110039370078739,0.128336747053674,-0.020673856752803));
#2489=CARTESIAN_POINT('',(-0.11003937007874,0.126580321911763,-0.021653035353541));
#2490=CARTESIAN_POINT('',(-0.11003937007874,0.123069325775747,-0.023131596125373));
#2491=CARTESIAN_POINT('',(-0.11003937007874,0.121322093676093,-0.023622047244095));
#2492=CARTESIAN_POINT('',(-0.11003937007874,0.119745608721986,-0.023622047244094));
#2493=B_SPLINE_CURVE_WITH_KNOTS('',3,(#2485,#2486,#2487,#2488,#2489,#2490,#2491,#2492),.UNSPECIFIED.,.F.,.U.,(4,2,2,4),(0.00000064154604,0.009244634065248,0.013881986989135,0.018615075504133),.UNSPECIFIED.);
#2494=EDGE_CURVE('',#2477,#2407,#2493,.T.);
#2495=ORIENTED_EDGE('',*,*,#2494,.T.);
#2496=ORIENTED_EDGE('',*,*,#2413,.T.);
#2497=EDGE_LOOP('',(#2475,#2484,#2495,#2496));
#2498=FACE_OUTER_BOUND('',#2497,.T.);
#2499=ADVANCED_FACE('',(#2498),#2466,.F.);
#2500=CARTESIAN_POINT('',(-0.088956692913386,0.08503937007874,-0.157775590551181));
#2501=DIRECTION('',(0.0,-1.0,0.0));
#2502=DIRECTION('',(0.0,0.0,-1.0));
#2503=AXIS2_PLACEMENT_3D('',#2500,#2501,#2502);
#2504=PLANE('',#2503);
#2505=CARTESIAN_POINT('',(-0.11003937007874,0.08503937007874,-0.02755905511811));
#2506=VERTEX_POINT('',#2505);
#2507=CARTESIAN_POINT('',(-0.11003937007874,0.08503937007874,-0.151574803149606));
#2508=VERTEX_POINT('',#2507);
#2509=CARTESIAN_POINT('',(-0.11003937007874,0.08503937007874,-0.02755905511811));
#2510=DIRECTION('',(0.0,0.0,-1.0));
#2511=VECTOR('',#2510,0.124015748031496);
#2512=LINE('',#2509,#2511);
#2513=EDGE_CURVE('',#2506,#2508,#2512,.T.);
#2514=ORIENTED_EDGE('',*,*,#2513,.T.);
#2515=CARTESIAN_POINT('',(-0.08996062992126,0.08503937007874,-0.151574803149606));
#2516=VERTEX_POINT('',#2515);
#2517=CARTESIAN_POINT('',(-0.08996062992126,0.08503937007874,-0.151574803149606));
#2518=DIRECTION('',(-1.0,0.0,0.0));
#2519=VECTOR('',#2518,0.02007874015748);
#2520=LINE('',#2517,#2519);
#2521=EDGE_CURVE('',#2516,#2508,#2520,.T.);
#2522=ORIENTED_EDGE('',*,*,#2521,.F.);
#2523=CARTESIAN_POINT('',(-0.08996062992126,0.08503937007874,-0.02755905511811));
#2524=VERTEX_POINT('',#2523);
#2525=CARTESIAN_POINT('',(-0.08996062992126,0.08503937007874,-0.02755905511811));
#2526=DIRECTION('',(0.0,0.0,-1.0));
#2527=VECTOR('',#2526,0.124015748031496);
#2528=LINE('',#2525,#2527);
#2529=EDGE_CURVE('',#2524,#2516,#2528,.T.);
#2530=ORIENTED_EDGE('',*,*,#2529,.F.);
#2531=CARTESIAN_POINT('',(-0.11003937007874,0.08503937007874,-0.02755905511811));
#2532=DIRECTION('',(1.0,0.0,0.0));
#2533=VECTOR('',#2532,0.02007874015748);
#2534=LINE('',#2531,#2533);
#2535=EDGE_CURVE('',#2506,#2524,#2534,.T.);
#2536=ORIENTED_EDGE('',*,*,#2535,.F.);
#2537=EDGE_LOOP('',(#2514,#2522,#2530,#2536));
#2538=FACE_OUTER_BOUND('',#2537,.T.);
#2539=ADVANCED_FACE('',(#2538),#2504,.T.);
#2540=CARTESIAN_POINT('',(-0.088956692913386,0.09488188976378,-0.151574803149606));
#2541=DIRECTION('',(-1.0,0.0,0.0));
#2542=DIRECTION('',(0.0,0.707106781186547,0.707106781186548));
#2543=AXIS2_PLACEMENT_3D('',#2540,#2541,#2542);
#2544=CYLINDRICAL_SURFACE('',#2543,0.009842519685039);
#2545=CARTESIAN_POINT('',(-0.11003937007874,0.09488188976378,-0.161417322834646));
#2546=VERTEX_POINT('',#2545);
#2547=CARTESIAN_POINT('',(-0.11003937007874,0.09488188976378,-0.151574803149606));
#2548=DIRECTION('',(1.0,0.0,0.0));
#2549=DIRECTION('',(0.0,-1.0,0.0));
#2550=AXIS2_PLACEMENT_3D('',#2547,#2548,#2549);
#2551=CIRCLE('',#2550,0.009842519685039);
#2552=EDGE_CURVE('',#2508,#2546,#2551,.T.);
#2553=ORIENTED_EDGE('',*,*,#2552,.T.);
#2554=CARTESIAN_POINT('',(-0.08996062992126,0.09488188976378,-0.161417322834646));
#2555=VERTEX_POINT('',#2554);
#2556=CARTESIAN_POINT('',(-0.08996062992126,0.09488188976378,-0.161417322834646));
#2557=DIRECTION('',(-1.0,0.0,0.0));
#2558=VECTOR('',#2557,0.02007874015748);
#2559=LINE('',#2556,#2558);
#2560=EDGE_CURVE('',#2555,#2546,#2559,.T.);
#2561=ORIENTED_EDGE('',*,*,#2560,.F.);
#2562=CARTESIAN_POINT('',(-0.08996062992126,0.09488188976378,-0.151574803149606));
#2563=DIRECTION('',(1.0,0.0,0.0));
#2564=DIRECTION('',(0.0,-1.0,0.0));
#2565=AXIS2_PLACEMENT_3D('',#2562,#2563,#2564);
#2566=CIRCLE('',#2565,0.009842519685039);
#2567=EDGE_CURVE('',#2516,#2555,#2566,.T.);
#2568=ORIENTED_EDGE('',*,*,#2567,.F.);
#2569=ORIENTED_EDGE('',*,*,#2521,.T.);
#2570=EDGE_LOOP('',(#2553,#2561,#2568,#2569));
#2571=FACE_OUTER_BOUND('',#2570,.T.);
#2572=ADVANCED_FACE('',(#2571),#2544,.T.);
#2573=CARTESIAN_POINT('',(-0.111043307086614,0.105629921259842,-0.161417322834646));
#2574=DIRECTION('',(0.0,0.0,-1.0));
#2575=DIRECTION('',(-1.0,0.0,0.0));
#2576=AXIS2_PLACEMENT_3D('',#2573,#2574,#2575);
#2577=PLANE('',#2576);
#2578=CARTESIAN_POINT('',(-0.11003937007874,0.10511811023622,-0.161417322834646));
#2579=VERTEX_POINT('',#2578);
#2580=CARTESIAN_POINT('',(-0.11003937007874,0.09488188976378,-0.161417322834646));
#2581=DIRECTION('',(0.0,1.0,0.0));
#2582=VECTOR('',#2581,0.01023622047244);
#2583=LINE('',#2580,#2582);
#2584=EDGE_CURVE('',#2546,#2579,#2583,.T.);
#2585=ORIENTED_EDGE('',*,*,#2584,.T.);
#2586=CARTESIAN_POINT('',(-0.08996062992126,0.10511811023622,-0.161417322834646));
#2587=VERTEX_POINT('',#2586);
#2588=CARTESIAN_POINT('',(-0.08996062992126,0.10511811023622,-0.161417322834646));
#2589=DIRECTION('',(-1.0,0.0,0.0));
#2590=VECTOR('',#2589,0.02007874015748);
#2591=LINE('',#2588,#2590);
#2592=EDGE_CURVE('',#2587,#2579,#2591,.T.);
#2593=ORIENTED_EDGE('',*,*,#2592,.F.);
#2594=CARTESIAN_POINT('',(-0.08996062992126,0.09488188976378,-0.161417322834646));
#2595=DIRECTION('',(0.0,1.0,0.0));
#2596=VECTOR('',#2595,0.01023622047244);
#2597=LINE('',#2594,#2596);
#2598=EDGE_CURVE('',#2555,#2587,#2597,.T.);
#2599=ORIENTED_EDGE('',*,*,#2598,.F.);
#2600=ORIENTED_EDGE('',*,*,#2560,.T.);
#2601=EDGE_LOOP('',(#2585,#2593,#2599,#2600));
#2602=FACE_OUTER_BOUND('',#2601,.T.);
#2603=ADVANCED_FACE('',(#2602),#2577,.T.);
#2604=CARTESIAN_POINT('',(-0.088956692913386,0.10511811023622,-0.151574803149606));
#2605=DIRECTION('',(-1.0,0.0,0.0));
#2606=DIRECTION('',(0.0,-0.707106781186548,0.707106781186547));
#2607=AXIS2_PLACEMENT_3D('',#2604,#2605,#2606);
#2608=CYLINDRICAL_SURFACE('',#2607,0.009842519685039);
#2609=CARTESIAN_POINT('',(-0.11003937007874,0.11496062992126,-0.151574803149606));
#2610=VERTEX_POINT('',#2609);
#2611=CARTESIAN_POINT('',(-0.11003937007874,0.10511811023622,-0.151574803149606));
#2612=DIRECTION('',(1.0,0.0,0.0));
#2613=DIRECTION('',(0.0,0.0,-1.0));
#2614=AXIS2_PLACEMENT_3D('',#2611,#2612,#2613);
#2615=CIRCLE('',#2614,0.009842519685039);
#2616=EDGE_CURVE('',#2579,#2610,#2615,.T.);
#2617=ORIENTED_EDGE('',*,*,#2616,.T.);
#2618=CARTESIAN_POINT('',(-0.08996062992126,0.11496062992126,-0.151574803149606));
#2619=VERTEX_POINT('',#2618);
#2620=CARTESIAN_POINT('',(-0.08996062992126,0.11496062992126,-0.151574803149606));
#2621=DIRECTION('',(-1.0,0.0,0.0));
#2622=VECTOR('',#2621,0.02007874015748);
#2623=LINE('',#2620,#2622);
#2624=EDGE_CURVE('',#2619,#2610,#2623,.T.);
#2625=ORIENTED_EDGE('',*,*,#2624,.F.);
#2626=CARTESIAN_POINT('',(-0.08996062992126,0.10511811023622,-0.151574803149606));
#2627=DIRECTION('',(1.0,0.0,0.0));
#2628=DIRECTION('',(0.0,0.0,-1.0));
#2629=AXIS2_PLACEMENT_3D('',#2626,#2627,#2628);
#2630=CIRCLE('',#2629,0.009842519685039);
#2631=EDGE_CURVE('',#2587,#2619,#2630,.T.);
#2632=ORIENTED_EDGE('',*,*,#2631,.F.);
#2633=ORIENTED_EDGE('',*,*,#2592,.T.);
#2634=EDGE_LOOP('',(#2617,#2625,#2632,#2633));
#2635=FACE_OUTER_BOUND('',#2634,.T.);
#2636=ADVANCED_FACE('',(#2635),#2608,.T.);
#2637=CARTESIAN_POINT('',(-0.088956692913386,0.11496062992126,-0.021358267716535));
#2638=DIRECTION('',(0.0,1.0,0.0));
#2639=DIRECTION('',(0.0,0.0,1.0));
#2640=AXIS2_PLACEMENT_3D('',#2637,#2638,#2639);
#2641=PLANE('',#2640);
#2642=CARTESIAN_POINT('',(-0.11003937007874,0.11496062992126,-0.02755905511811));
#2643=VERTEX_POINT('',#2642);
#2644=CARTESIAN_POINT('',(-0.11003937007874,0.11496062992126,-0.151574803149606));
#2645=DIRECTION('',(0.0,0.0,1.0));
#2646=VECTOR('',#2645,0.124015748031496);
#2647=LINE('',#2644,#2646);
#2648=EDGE_CURVE('',#2610,#2643,#2647,.T.);
#2649=ORIENTED_EDGE('',*,*,#2648,.T.);
#2650=CARTESIAN_POINT('',(-0.08996062992126,0.11496062992126,-0.02755905511811));
#2651=VERTEX_POINT('',#2650);
#2652=CARTESIAN_POINT('',(-0.08996062992126,0.11496062992126,-0.02755905511811));
#2653=DIRECTION('',(-1.0,0.0,0.0));
#2654=VECTOR('',#2653,0.02007874015748);
#2655=LINE('',#2652,#2654);
#2656=EDGE_CURVE('',#2651,#2643,#2655,.T.);
#2657=ORIENTED_EDGE('',*,*,#2656,.F.);
#2658=CARTESIAN_POINT('',(-0.08996062992126,0.11496062992126,-0.151574803149606));
#2659=DIRECTION('',(0.0,0.0,1.0));
#2660=VECTOR('',#2659,0.124015748031496);
#2661=LINE('',#2658,#2660);
#2662=EDGE_CURVE('',#2619,#2651,#2661,.T.);
#2663=ORIENTED_EDGE('',*,*,#2662,.F.);
#2664=ORIENTED_EDGE('',*,*,#2624,.T.);
#2665=EDGE_LOOP('',(#2649,#2657,#2663,#2664));
#2666=FACE_OUTER_BOUND('',#2665,.T.);
#2667=ADVANCED_FACE('',(#2666),#2641,.T.);
#2668=CARTESIAN_POINT('',(0.011043307086614,0.08503937007874,-0.157775590551181));
#2669=DIRECTION('',(0.0,-1.0,0.0));
#2670=DIRECTION('',(0.0,0.0,-1.0));
#2671=AXIS2_PLACEMENT_3D('',#2668,#2669,#2670);
#2672=PLANE('',#2671);
#2673=CARTESIAN_POINT('',(-0.01003937007874,0.08503937007874,-0.02755905511811));
#2674=VERTEX_POINT('',#2673);
#2675=CARTESIAN_POINT('',(-0.01003937007874,0.08503937007874,-0.151574803149606));
#2676=VERTEX_POINT('',#2675);
#2677=CARTESIAN_POINT('',(-0.01003937007874,0.08503937007874,-0.02755905511811));
#2678=DIRECTION('',(0.0,0.0,-1.0));
#2679=VECTOR('',#2678,0.124015748031496);
#2680=LINE('',#2677,#2679);
#2681=EDGE_CURVE('',#2674,#2676,#2680,.T.);
#2682=ORIENTED_EDGE('',*,*,#2681,.T.);
#2683=CARTESIAN_POINT('',(0.01003937007874,0.08503937007874,-0.151574803149606));
#2684=VERTEX_POINT('',#2683);
#2685=CARTESIAN_POINT('',(0.01003937007874,0.08503937007874,-0.151574803149606));
#2686=DIRECTION('',(-1.0,0.0,0.0));
#2687=VECTOR('',#2686,0.02007874015748);
#2688=LINE('',#2685,#2687);
#2689=EDGE_CURVE('',#2684,#2676,#2688,.T.);
#2690=ORIENTED_EDGE('',*,*,#2689,.F.);
#2691=CARTESIAN_POINT('',(0.01003937007874,0.08503937007874,-0.02755905511811));
#2692=VERTEX_POINT('',#2691);
#2693=CARTESIAN_POINT('',(0.01003937007874,0.08503937007874,-0.02755905511811));
#2694=DIRECTION('',(0.0,0.0,-1.0));
#2695=VECTOR('',#2694,0.124015748031496);
#2696=LINE('',#2693,#2695);
#2697=EDGE_CURVE('',#2692,#2684,#2696,.T.);
#2698=ORIENTED_EDGE('',*,*,#2697,.F.);
#2699=CARTESIAN_POINT('',(-0.01003937007874,0.08503937007874,-0.02755905511811));
#2700=DIRECTION('',(1.0,0.0,0.0));
#2701=VECTOR('',#2700,0.02007874015748);
#2702=LINE('',#2699,#2701);
#2703=EDGE_CURVE('',#2674,#2692,#2702,.T.);
#2704=ORIENTED_EDGE('',*,*,#2703,.F.);
#2705=EDGE_LOOP('',(#2682,#2690,#2698,#2704));
#2706=FACE_OUTER_BOUND('',#2705,.T.);
#2707=ADVANCED_FACE('',(#2706),#2672,.T.);
#2708=CARTESIAN_POINT('',(0.011043307086614,0.09488188976378,-0.151574803149606));
#2709=DIRECTION('',(-1.0,0.0,0.0));
#2710=DIRECTION('',(0.0,0.707106781186547,0.707106781186548));
#2711=AXIS2_PLACEMENT_3D('',#2708,#2709,#2710);
#2712=CYLINDRICAL_SURFACE('',#2711,0.009842519685039);
#2713=CARTESIAN_POINT('',(-0.01003937007874,0.09488188976378,-0.161417322834646));
#2714=VERTEX_POINT('',#2713);
#2715=CARTESIAN_POINT('',(-0.01003937007874,0.09488188976378,-0.151574803149606));
#2716=DIRECTION('',(1.0,0.0,0.0));
#2717=DIRECTION('',(0.0,-1.0,0.0));
#2718=AXIS2_PLACEMENT_3D('',#2715,#2716,#2717);
#2719=CIRCLE('',#2718,0.009842519685039);
#2720=EDGE_CURVE('',#2676,#2714,#2719,.T.);
#2721=ORIENTED_EDGE('',*,*,#2720,.T.);
#2722=CARTESIAN_POINT('',(0.01003937007874,0.09488188976378,-0.161417322834646));
#2723=VERTEX_POINT('',#2722);
#2724=CARTESIAN_POINT('',(0.01003937007874,0.09488188976378,-0.161417322834646));
#2725=DIRECTION('',(-1.0,0.0,0.0));
#2726=VECTOR('',#2725,0.02007874015748);
#2727=LINE('',#2724,#2726);
#2728=EDGE_CURVE('',#2723,#2714,#2727,.T.);
#2729=ORIENTED_EDGE('',*,*,#2728,.F.);
#2730=CARTESIAN_POINT('',(0.01003937007874,0.09488188976378,-0.151574803149606));
#2731=DIRECTION('',(1.0,0.0,0.0));
#2732=DIRECTION('',(0.0,-1.0,0.0));
#2733=AXIS2_PLACEMENT_3D('',#2730,#2731,#2732);
#2734=CIRCLE('',#2733,0.009842519685039);
#2735=EDGE_CURVE('',#2684,#2723,#2734,.T.);
#2736=ORIENTED_EDGE('',*,*,#2735,.F.);
#2737=ORIENTED_EDGE('',*,*,#2689,.T.);
#2738=EDGE_LOOP('',(#2721,#2729,#2736,#2737));
#2739=FACE_OUTER_BOUND('',#2738,.T.);
#2740=ADVANCED_FACE('',(#2739),#2712,.T.);
#2741=CARTESIAN_POINT('',(-0.011043307086614,0.105629921259842,-0.161417322834646));
#2742=DIRECTION('',(0.0,0.0,-1.0));
#2743=DIRECTION('',(-1.0,0.0,0.0));
#2744=AXIS2_PLACEMENT_3D('',#2741,#2742,#2743);
#2745=PLANE('',#2744);
#2746=CARTESIAN_POINT('',(-0.01003937007874,0.10511811023622,-0.161417322834646));
#2747=VERTEX_POINT('',#2746);
#2748=CARTESIAN_POINT('',(-0.01003937007874,0.09488188976378,-0.161417322834646));
#2749=DIRECTION('',(0.0,1.0,0.0));
#2750=VECTOR('',#2749,0.01023622047244);
#2751=LINE('',#2748,#2750);
#2752=EDGE_CURVE('',#2714,#2747,#2751,.T.);
#2753=ORIENTED_EDGE('',*,*,#2752,.T.);
#2754=CARTESIAN_POINT('',(0.01003937007874,0.10511811023622,-0.161417322834646));
#2755=VERTEX_POINT('',#2754);
#2756=CARTESIAN_POINT('',(0.01003937007874,0.10511811023622,-0.161417322834646));
#2757=DIRECTION('',(-1.0,0.0,0.0));
#2758=VECTOR('',#2757,0.02007874015748);
#2759=LINE('',#2756,#2758);
#2760=EDGE_CURVE('',#2755,#2747,#2759,.T.);
#2761=ORIENTED_EDGE('',*,*,#2760,.F.);
#2762=CARTESIAN_POINT('',(0.01003937007874,0.09488188976378,-0.161417322834646));
#2763=DIRECTION('',(0.0,1.0,0.0));
#2764=VECTOR('',#2763,0.01023622047244);
#2765=LINE('',#2762,#2764);
#2766=EDGE_CURVE('',#2723,#2755,#2765,.T.);
#2767=ORIENTED_EDGE('',*,*,#2766,.F.);
#2768=ORIENTED_EDGE('',*,*,#2728,.T.);
#2769=EDGE_LOOP('',(#2753,#2761,#2767,#2768));
#2770=FACE_OUTER_BOUND('',#2769,.T.);
#2771=ADVANCED_FACE('',(#2770),#2745,.T.);
#2772=CARTESIAN_POINT('',(0.011043307086614,0.10511811023622,-0.151574803149606));
#2773=DIRECTION('',(-1.0,0.0,0.0));
#2774=DIRECTION('',(0.0,-0.707106781186548,0.707106781186547));
#2775=AXIS2_PLACEMENT_3D('',#2772,#2773,#2774);
#2776=CYLINDRICAL_SURFACE('',#2775,0.009842519685039);
#2777=CARTESIAN_POINT('',(-0.01003937007874,0.11496062992126,-0.151574803149606));
#2778=VERTEX_POINT('',#2777);
#2779=CARTESIAN_POINT('',(-0.01003937007874,0.10511811023622,-0.151574803149606));
#2780=DIRECTION('',(1.0,0.0,0.0));
#2781=DIRECTION('',(0.0,0.0,-1.0));
#2782=AXIS2_PLACEMENT_3D('',#2779,#2780,#2781);
#2783=CIRCLE('',#2782,0.009842519685039);
#2784=EDGE_CURVE('',#2747,#2778,#2783,.T.);
#2785=ORIENTED_EDGE('',*,*,#2784,.T.);
#2786=CARTESIAN_POINT('',(0.01003937007874,0.11496062992126,-0.151574803149606));
#2787=VERTEX_POINT('',#2786);
#2788=CARTESIAN_POINT('',(0.01003937007874,0.11496062992126,-0.151574803149606));
#2789=DIRECTION('',(-1.0,0.0,0.0));
#2790=VECTOR('',#2789,0.02007874015748);
#2791=LINE('',#2788,#2790);
#2792=EDGE_CURVE('',#2787,#2778,#2791,.T.);
#2793=ORIENTED_EDGE('',*,*,#2792,.F.);
#2794=CARTESIAN_POINT('',(0.01003937007874,0.10511811023622,-0.151574803149606));
#2795=DIRECTION('',(1.0,0.0,0.0));
#2796=DIRECTION('',(0.0,0.0,-1.0));
#2797=AXIS2_PLACEMENT_3D('',#2794,#2795,#2796);
#2798=CIRCLE('',#2797,0.009842519685039);
#2799=EDGE_CURVE('',#2755,#2787,#2798,.T.);
#2800=ORIENTED_EDGE('',*,*,#2799,.F.);
#2801=ORIENTED_EDGE('',*,*,#2760,.T.);
#2802=EDGE_LOOP('',(#2785,#2793,#2800,#2801));
#2803=FACE_OUTER_BOUND('',#2802,.T.);
#2804=ADVANCED_FACE('',(#2803),#2776,.T.);
#2805=CARTESIAN_POINT('',(0.011043307086614,0.11496062992126,-0.021358267716535));
#2806=DIRECTION('',(0.0,1.0,0.0));
#2807=DIRECTION('',(0.0,0.0,1.0));
#2808=AXIS2_PLACEMENT_3D('',#2805,#2806,#2807);
#2809=PLANE('',#2808);
#2810=CARTESIAN_POINT('',(-0.01003937007874,0.11496062992126,-0.02755905511811));
#2811=VERTEX_POINT('',#2810);
#2812=CARTESIAN_POINT('',(-0.01003937007874,0.11496062992126,-0.151574803149606));
#2813=DIRECTION('',(0.0,0.0,1.0));
#2814=VECTOR('',#2813,0.124015748031496);
#2815=LINE('',#2812,#2814);
#2816=EDGE_CURVE('',#2778,#2811,#2815,.T.);
#2817=ORIENTED_EDGE('',*,*,#2816,.T.);
#2818=CARTESIAN_POINT('',(0.01003937007874,0.11496062992126,-0.02755905511811));
#2819=VERTEX_POINT('',#2818);
#2820=CARTESIAN_POINT('',(0.01003937007874,0.11496062992126,-0.02755905511811));
#2821=DIRECTION('',(-1.0,0.0,0.0));
#2822=VECTOR('',#2821,0.02007874015748);
#2823=LINE('',#2820,#2822);
#2824=EDGE_CURVE('',#2819,#2811,#2823,.T.);
#2825=ORIENTED_EDGE('',*,*,#2824,.F.);
#2826=CARTESIAN_POINT('',(0.01003937007874,0.11496062992126,-0.151574803149606));
#2827=DIRECTION('',(0.0,0.0,1.0));
#2828=VECTOR('',#2827,0.124015748031496);
#2829=LINE('',#2826,#2828);
#2830=EDGE_CURVE('',#2787,#2819,#2829,.T.);
#2831=ORIENTED_EDGE('',*,*,#2830,.F.);
#2832=ORIENTED_EDGE('',*,*,#2792,.T.);
#2833=EDGE_LOOP('',(#2817,#2825,#2831,#2832));
#2834=FACE_OUTER_BOUND('',#2833,.T.);
#2835=ADVANCED_FACE('',(#2834),#2809,.T.);
#2836=CARTESIAN_POINT('',(-0.088956692913386,0.150925196850394,-0.02755905511811));
#2837=DIRECTION('',(0.0,0.0,1.0));
#2838=DIRECTION('',(1.0,0.0,0.0));
#2839=AXIS2_PLACEMENT_3D('',#2836,#2837,#2838);
#2840=PLANE('',#2839);
#2841=ORIENTED_EDGE('',*,*,#2656,.T.);
#2842=CARTESIAN_POINT('',(-0.11003937007874,0.149212598425197,-0.02755905511811));
#2843=VERTEX_POINT('',#2842);
#2844=CARTESIAN_POINT('',(-0.11003937007874,0.149212598425197,-0.02755905511811));
#2845=DIRECTION('',(0.0,-1.0,0.0));
#2846=VECTOR('',#2845,0.034251968503937);
#2847=LINE('',#2844,#2846);
#2848=EDGE_CURVE('',#2843,#2643,#2847,.T.);
#2849=ORIENTED_EDGE('',*,*,#2848,.F.);
#2850=CARTESIAN_POINT('',(-0.08996062992126,0.149212598425197,-0.02755905511811));
#2851=VERTEX_POINT('',#2850);
#2852=CARTESIAN_POINT('',(-0.08996062992126,0.149212598425197,-0.02755905511811));
#2853=DIRECTION('',(-1.0,0.0,0.0));
#2854=VECTOR('',#2853,0.02007874015748);
#2855=LINE('',#2852,#2854);
#2856=EDGE_CURVE('',#2851,#2843,#2855,.T.);
#2857=ORIENTED_EDGE('',*,*,#2856,.F.);
#2858=CARTESIAN_POINT('',(-0.08996062992126,0.11496062992126,-0.02755905511811));
#2859=DIRECTION('',(0.0,1.0,0.0));
#2860=VECTOR('',#2859,0.034251968503937);
#2861=LINE('',#2858,#2860);
#2862=EDGE_CURVE('',#2651,#2851,#2861,.T.);
#2863=ORIENTED_EDGE('',*,*,#2862,.F.);
#2864=EDGE_LOOP('',(#2841,#2849,#2857,#2863));
#2865=FACE_OUTER_BOUND('',#2864,.T.);
#2866=ADVANCED_FACE('',(#2865),#2840,.F.);
#2867=CARTESIAN_POINT('',(-0.088956692913386,0.086751968503937,-0.02755905511811));
#2868=DIRECTION('',(0.0,0.0,1.0));
#2869=DIRECTION('',(1.0,0.0,0.0));
#2870=AXIS2_PLACEMENT_3D('',#2867,#2868,#2869);
#2871=PLANE('',#2870);
#2872=ORIENTED_EDGE('',*,*,#2535,.T.);
#2873=CARTESIAN_POINT('',(-0.08996062992126,0.050787401574803,-0.02755905511811));
#2874=VERTEX_POINT('',#2873);
#2875=CARTESIAN_POINT('',(-0.08996062992126,0.050787401574803,-0.02755905511811));
#2876=DIRECTION('',(0.0,1.0,0.0));
#2877=VECTOR('',#2876,0.034251968503937);
#2878=LINE('',#2875,#2877);
#2879=EDGE_CURVE('',#2874,#2524,#2878,.T.);
#2880=ORIENTED_EDGE('',*,*,#2879,.F.);
#2881=CARTESIAN_POINT('',(-0.11003937007874,0.050787401574803,-0.02755905511811));
#2882=VERTEX_POINT('',#2881);
#2883=CARTESIAN_POINT('',(-0.11003937007874,0.050787401574803,-0.02755905511811));
#2884=DIRECTION('',(1.0,0.0,0.0));
#2885=VECTOR('',#2884,0.02007874015748);
#2886=LINE('',#2883,#2885);
#2887=EDGE_CURVE('',#2882,#2874,#2886,.T.);
#2888=ORIENTED_EDGE('',*,*,#2887,.F.);
#2889=CARTESIAN_POINT('',(-0.11003937007874,0.08503937007874,-0.02755905511811));
#2890=DIRECTION('',(0.0,-1.0,0.0));
#2891=VECTOR('',#2890,0.034251968503937);
#2892=LINE('',#2889,#2891);
#2893=EDGE_CURVE('',#2506,#2882,#2892,.T.);
#2894=ORIENTED_EDGE('',*,*,#2893,.F.);
#2895=EDGE_LOOP('',(#2872,#2880,#2888,#2894));
#2896=FACE_OUTER_BOUND('',#2895,.T.);
#2897=ADVANCED_FACE('',(#2896),#2871,.F.);
#2898=CARTESIAN_POINT('',(0.011043307086614,0.150925196850394,-0.02755905511811));
#2899=DIRECTION('',(0.0,0.0,1.0));
#2900=DIRECTION('',(1.0,0.0,0.0));
#2901=AXIS2_PLACEMENT_3D('',#2898,#2899,#2900);
#2902=PLANE('',#2901);
#2903=ORIENTED_EDGE('',*,*,#2824,.T.);
#2904=CARTESIAN_POINT('',(-0.01003937007874,0.149212598425197,-0.02755905511811));
#2905=VERTEX_POINT('',#2904);
#2906=CARTESIAN_POINT('',(-0.01003937007874,0.149212598425197,-0.02755905511811));
#2907=DIRECTION('',(0.0,-1.0,0.0));
#2908=VECTOR('',#2907,0.034251968503937);
#2909=LINE('',#2906,#2908);
#2910=EDGE_CURVE('',#2905,#2811,#2909,.T.);
#2911=ORIENTED_EDGE('',*,*,#2910,.F.);
#2912=CARTESIAN_POINT('',(0.01003937007874,0.149212598425197,-0.02755905511811));
#2913=VERTEX_POINT('',#2912);
#2914=CARTESIAN_POINT('',(0.01003937007874,0.149212598425197,-0.02755905511811));
#2915=DIRECTION('',(-1.0,0.0,0.0));
#2916=VECTOR('',#2915,0.02007874015748);
#2917=LINE('',#2914,#2916);
#2918=EDGE_CURVE('',#2913,#2905,#2917,.T.);
#2919=ORIENTED_EDGE('',*,*,#2918,.F.);
#2920=CARTESIAN_POINT('',(0.01003937007874,0.11496062992126,-0.02755905511811));
#2921=DIRECTION('',(0.0,1.0,0.0));
#2922=VECTOR('',#2921,0.034251968503937);
#2923=LINE('',#2920,#2922);
#2924=EDGE_CURVE('',#2819,#2913,#2923,.T.);
#2925=ORIENTED_EDGE('',*,*,#2924,.F.);
#2926=EDGE_LOOP('',(#2903,#2911,#2919,#2925));
#2927=FACE_OUTER_BOUND('',#2926,.T.);
#2928=ADVANCED_FACE('',(#2927),#2902,.F.);
#2929=CARTESIAN_POINT('',(0.011043307086614,0.086751968503937,-0.02755905511811));
#2930=DIRECTION('',(0.0,0.0,1.0));
#2931=DIRECTION('',(1.0,0.0,0.0));
#2932=AXIS2_PLACEMENT_3D('',#2929,#2930,#2931);
#2933=PLANE('',#2932);
#2934=ORIENTED_EDGE('',*,*,#2703,.T.);
#2935=CARTESIAN_POINT('',(0.01003937007874,0.050787401574803,-0.02755905511811));
#2936=VERTEX_POINT('',#2935);
#2937=CARTESIAN_POINT('',(0.01003937007874,0.050787401574803,-0.02755905511811));
#2938=DIRECTION('',(0.0,1.0,0.0));
#2939=VECTOR('',#2938,0.034251968503937);
#2940=LINE('',#2937,#2939);
#2941=EDGE_CURVE('',#2936,#2692,#2940,.T.);
#2942=ORIENTED_EDGE('',*,*,#2941,.F.);
#2943=CARTESIAN_POINT('',(-0.01003937007874,0.050787401574803,-0.02755905511811));
#2944=VERTEX_POINT('',#2943);
#2945=CARTESIAN_POINT('',(-0.01003937007874,0.050787401574803,-0.02755905511811));
#2946=DIRECTION('',(1.0,0.0,0.0));
#2947=VECTOR('',#2946,0.02007874015748);
#2948=LINE('',#2945,#2947);
#2949=EDGE_CURVE('',#2944,#2936,#2948,.T.);
#2950=ORIENTED_EDGE('',*,*,#2949,.F.);
#2951=CARTESIAN_POINT('',(-0.01003937007874,0.08503937007874,-0.02755905511811));
#2952=DIRECTION('',(0.0,-1.0,0.0));
#2953=VECTOR('',#2952,0.034251968503937);
#2954=LINE('',#2951,#2953);
#2955=EDGE_CURVE('',#2674,#2944,#2954,.T.);
#2956=ORIENTED_EDGE('',*,*,#2955,.F.);
#2957=EDGE_LOOP('',(#2934,#2942,#2950,#2956));
#2958=FACE_OUTER_BOUND('',#2957,.T.);
#2959=ADVANCED_FACE('',(#2958),#2933,.F.);
#2960=CARTESIAN_POINT('',(0.111043307086614,0.08503937007874,-0.157775590551181));
#2961=DIRECTION('',(0.0,-1.0,0.0));
#2962=DIRECTION('',(0.0,0.0,-1.0));
#2963=AXIS2_PLACEMENT_3D('',#2960,#2961,#2962);
#2964=PLANE('',#2963);
#2965=CARTESIAN_POINT('',(0.08996062992126,0.08503937007874,-0.02755905511811));
#2966=VERTEX_POINT('',#2965);
#2967=CARTESIAN_POINT('',(0.08996062992126,0.08503937007874,-0.151574803149606));
#2968=VERTEX_POINT('',#2967);
#2969=CARTESIAN_POINT('',(0.08996062992126,0.08503937007874,-0.02755905511811));
#2970=DIRECTION('',(0.0,0.0,-1.0));
#2971=VECTOR('',#2970,0.124015748031496);
#2972=LINE('',#2969,#2971);
#2973=EDGE_CURVE('',#2966,#2968,#2972,.T.);
#2974=ORIENTED_EDGE('',*,*,#2973,.T.);
#2975=CARTESIAN_POINT('',(0.11003937007874,0.08503937007874,-0.151574803149606));
#2976=VERTEX_POINT('',#2975);
#2977=CARTESIAN_POINT('',(0.11003937007874,0.08503937007874,-0.151574803149606));
#2978=DIRECTION('',(-1.0,0.0,0.0));
#2979=VECTOR('',#2978,0.02007874015748);
#2980=LINE('',#2977,#2979);
#2981=EDGE_CURVE('',#2976,#2968,#2980,.T.);
#2982=ORIENTED_EDGE('',*,*,#2981,.F.);
#2983=CARTESIAN_POINT('',(0.11003937007874,0.08503937007874,-0.02755905511811));
#2984=VERTEX_POINT('',#2983);
#2985=CARTESIAN_POINT('',(0.11003937007874,0.08503937007874,-0.02755905511811));
#2986=DIRECTION('',(0.0,0.0,-1.0));
#2987=VECTOR('',#2986,0.124015748031496);
#2988=LINE('',#2985,#2987);
#2989=EDGE_CURVE('',#2984,#2976,#2988,.T.);
#2990=ORIENTED_EDGE('',*,*,#2989,.F.);
#2991=CARTESIAN_POINT('',(0.08996062992126,0.08503937007874,-0.02755905511811));
#2992=DIRECTION('',(1.0,0.0,0.0));
#2993=VECTOR('',#2992,0.02007874015748);
#2994=LINE('',#2991,#2993);
#2995=EDGE_CURVE('',#2966,#2984,#2994,.T.);
#2996=ORIENTED_EDGE('',*,*,#2995,.F.);
#2997=EDGE_LOOP('',(#2974,#2982,#2990,#2996));
#2998=FACE_OUTER_BOUND('',#2997,.T.);
#2999=ADVANCED_FACE('',(#2998),#2964,.T.);
#3000=CARTESIAN_POINT('',(0.111043307086614,0.09488188976378,-0.151574803149606));
#3001=DIRECTION('',(-1.0,0.0,0.0));
#3002=DIRECTION('',(0.0,0.707106781186547,0.707106781186548));
#3003=AXIS2_PLACEMENT_3D('',#3000,#3001,#3002);
#3004=CYLINDRICAL_SURFACE('',#3003,0.009842519685039);
#3005=CARTESIAN_POINT('',(0.08996062992126,0.09488188976378,-0.161417322834646));
#3006=VERTEX_POINT('',#3005);
#3007=CARTESIAN_POINT('',(0.08996062992126,0.09488188976378,-0.151574803149606));
#3008=DIRECTION('',(1.0,0.0,0.0));
#3009=DIRECTION('',(0.0,-1.0,0.0));
#3010=AXIS2_PLACEMENT_3D('',#3007,#3008,#3009);
#3011=CIRCLE('',#3010,0.009842519685039);
#3012=EDGE_CURVE('',#2968,#3006,#3011,.T.);
#3013=ORIENTED_EDGE('',*,*,#3012,.T.);
#3014=CARTESIAN_POINT('',(0.11003937007874,0.09488188976378,-0.161417322834646));
#3015=VERTEX_POINT('',#3014);
#3016=CARTESIAN_POINT('',(0.11003937007874,0.09488188976378,-0.161417322834646));
#3017=DIRECTION('',(-1.0,0.0,0.0));
#3018=VECTOR('',#3017,0.02007874015748);
#3019=LINE('',#3016,#3018);
#3020=EDGE_CURVE('',#3015,#3006,#3019,.T.);
#3021=ORIENTED_EDGE('',*,*,#3020,.F.);
#3022=CARTESIAN_POINT('',(0.11003937007874,0.09488188976378,-0.151574803149606));
#3023=DIRECTION('',(1.0,0.0,0.0));
#3024=DIRECTION('',(0.0,-1.0,0.0));
#3025=AXIS2_PLACEMENT_3D('',#3022,#3023,#3024);
#3026=CIRCLE('',#3025,0.009842519685039);
#3027=EDGE_CURVE('',#2976,#3015,#3026,.T.);
#3028=ORIENTED_EDGE('',*,*,#3027,.F.);
#3029=ORIENTED_EDGE('',*,*,#2981,.T.);
#3030=EDGE_LOOP('',(#3013,#3021,#3028,#3029));
#3031=FACE_OUTER_BOUND('',#3030,.T.);
#3032=ADVANCED_FACE('',(#3031),#3004,.T.);
#3033=CARTESIAN_POINT('',(0.088956692913386,0.105629921259842,-0.161417322834646));
#3034=DIRECTION('',(0.0,0.0,-1.0));
#3035=DIRECTION('',(-1.0,0.0,0.0));
#3036=AXIS2_PLACEMENT_3D('',#3033,#3034,#3035);
#3037=PLANE('',#3036);
#3038=CARTESIAN_POINT('',(0.08996062992126,0.10511811023622,-0.161417322834646));
#3039=VERTEX_POINT('',#3038);
#3040=CARTESIAN_POINT('',(0.08996062992126,0.09488188976378,-0.161417322834646));
#3041=DIRECTION('',(0.0,1.0,0.0));
#3042=VECTOR('',#3041,0.01023622047244);
#3043=LINE('',#3040,#3042);
#3044=EDGE_CURVE('',#3006,#3039,#3043,.T.);
#3045=ORIENTED_EDGE('',*,*,#3044,.T.);
#3046=CARTESIAN_POINT('',(0.11003937007874,0.10511811023622,-0.161417322834646));
#3047=VERTEX_POINT('',#3046);
#3048=CARTESIAN_POINT('',(0.11003937007874,0.10511811023622,-0.161417322834646));
#3049=DIRECTION('',(-1.0,0.0,0.0));
#3050=VECTOR('',#3049,0.02007874015748);
#3051=LINE('',#3048,#3050);
#3052=EDGE_CURVE('',#3047,#3039,#3051,.T.);
#3053=ORIENTED_EDGE('',*,*,#3052,.F.);
#3054=CARTESIAN_POINT('',(0.11003937007874,0.09488188976378,-0.161417322834646));
#3055=DIRECTION('',(0.0,1.0,0.0));
#3056=VECTOR('',#3055,0.01023622047244);
#3057=LINE('',#3054,#3056);
#3058=EDGE_CURVE('',#3015,#3047,#3057,.T.);
#3059=ORIENTED_EDGE('',*,*,#3058,.F.);
#3060=ORIENTED_EDGE('',*,*,#3020,.T.);
#3061=EDGE_LOOP('',(#3045,#3053,#3059,#3060));
#3062=FACE_OUTER_BOUND('',#3061,.T.);
#3063=ADVANCED_FACE('',(#3062),#3037,.T.);
#3064=CARTESIAN_POINT('',(0.111043307086614,0.10511811023622,-0.151574803149606));
#3065=DIRECTION('',(-1.0,0.0,0.0));
#3066=DIRECTION('',(0.0,-0.707106781186548,0.707106781186547));
#3067=AXIS2_PLACEMENT_3D('',#3064,#3065,#3066);
#3068=CYLINDRICAL_SURFACE('',#3067,0.009842519685039);
#3069=CARTESIAN_POINT('',(0.08996062992126,0.11496062992126,-0.151574803149606));
#3070=VERTEX_POINT('',#3069);
#3071=CARTESIAN_POINT('',(0.08996062992126,0.10511811023622,-0.151574803149606));
#3072=DIRECTION('',(1.0,0.0,0.0));
#3073=DIRECTION('',(0.0,0.0,-1.0));
#3074=AXIS2_PLACEMENT_3D('',#3071,#3072,#3073);
#3075=CIRCLE('',#3074,0.009842519685039);
#3076=EDGE_CURVE('',#3039,#3070,#3075,.T.);
#3077=ORIENTED_EDGE('',*,*,#3076,.T.);
#3078=CARTESIAN_POINT('',(0.11003937007874,0.11496062992126,-0.151574803149606));
#3079=VERTEX_POINT('',#3078);
#3080=CARTESIAN_POINT('',(0.11003937007874,0.11496062992126,-0.151574803149606));
#3081=DIRECTION('',(-1.0,0.0,0.0));
#3082=VECTOR('',#3081,0.02007874015748);
#3083=LINE('',#3080,#3082);
#3084=EDGE_CURVE('',#3079,#3070,#3083,.T.);
#3085=ORIENTED_EDGE('',*,*,#3084,.F.);
#3086=CARTESIAN_POINT('',(0.11003937007874,0.10511811023622,-0.151574803149606));
#3087=DIRECTION('',(1.0,0.0,0.0));
#3088=DIRECTION('',(0.0,0.0,-1.0));
#3089=AXIS2_PLACEMENT_3D('',#3086,#3087,#3088);
#3090=CIRCLE('',#3089,0.009842519685039);
#3091=EDGE_CURVE('',#3047,#3079,#3090,.T.);
#3092=ORIENTED_EDGE('',*,*,#3091,.F.);
#3093=ORIENTED_EDGE('',*,*,#3052,.T.);
#3094=EDGE_LOOP('',(#3077,#3085,#3092,#3093));
#3095=FACE_OUTER_BOUND('',#3094,.T.);
#3096=ADVANCED_FACE('',(#3095),#3068,.T.);
#3097=CARTESIAN_POINT('',(0.111043307086614,0.11496062992126,-0.021358267716535));
#3098=DIRECTION('',(0.0,1.0,0.0));
#3099=DIRECTION('',(0.0,0.0,1.0));
#3100=AXIS2_PLACEMENT_3D('',#3097,#3098,#3099);
#3101=PLANE('',#3100);
#3102=CARTESIAN_POINT('',(0.08996062992126,0.11496062992126,-0.02755905511811));
#3103=VERTEX_POINT('',#3102);
#3104=CARTESIAN_POINT('',(0.08996062992126,0.11496062992126,-0.151574803149606));
#3105=DIRECTION('',(0.0,0.0,1.0));
#3106=VECTOR('',#3105,0.124015748031496);
#3107=LINE('',#3104,#3106);
#3108=EDGE_CURVE('',#3070,#3103,#3107,.T.);
#3109=ORIENTED_EDGE('',*,*,#3108,.T.);
#3110=CARTESIAN_POINT('',(0.11003937007874,0.11496062992126,-0.02755905511811));
#3111=VERTEX_POINT('',#3110);
#3112=CARTESIAN_POINT('',(0.11003937007874,0.11496062992126,-0.02755905511811));
#3113=DIRECTION('',(-1.0,0.0,0.0));
#3114=VECTOR('',#3113,0.02007874015748);
#3115=LINE('',#3112,#3114);
#3116=EDGE_CURVE('',#3111,#3103,#3115,.T.);
#3117=ORIENTED_EDGE('',*,*,#3116,.F.);
#3118=CARTESIAN_POINT('',(0.11003937007874,0.11496062992126,-0.151574803149606));
#3119=DIRECTION('',(0.0,0.0,1.0));
#3120=VECTOR('',#3119,0.124015748031496);
#3121=LINE('',#3118,#3120);
#3122=EDGE_CURVE('',#3079,#3111,#3121,.T.);
#3123=ORIENTED_EDGE('',*,*,#3122,.F.);
#3124=ORIENTED_EDGE('',*,*,#3084,.T.);
#3125=EDGE_LOOP('',(#3109,#3117,#3123,#3124));
#3126=FACE_OUTER_BOUND('',#3125,.T.);
#3127=ADVANCED_FACE('',(#3126),#3101,.T.);
#3128=CARTESIAN_POINT('',(0.111043307086614,0.150925196850394,-0.02755905511811));
#3129=DIRECTION('',(0.0,0.0,1.0));
#3130=DIRECTION('',(1.0,0.0,0.0));
#3131=AXIS2_PLACEMENT_3D('',#3128,#3129,#3130);
#3132=PLANE('',#3131);
#3133=ORIENTED_EDGE('',*,*,#3116,.T.);
#3134=CARTESIAN_POINT('',(0.08996062992126,0.149212598425197,-0.02755905511811));
#3135=VERTEX_POINT('',#3134);
#3136=CARTESIAN_POINT('',(0.08996062992126,0.149212598425197,-0.02755905511811));
#3137=DIRECTION('',(0.0,-1.0,0.0));
#3138=VECTOR('',#3137,0.034251968503937);
#3139=LINE('',#3136,#3138);
#3140=EDGE_CURVE('',#3135,#3103,#3139,.T.);
#3141=ORIENTED_EDGE('',*,*,#3140,.F.);
#3142=CARTESIAN_POINT('',(0.11003937007874,0.149212598425197,-0.02755905511811));
#3143=VERTEX_POINT('',#3142);
#3144=CARTESIAN_POINT('',(0.11003937007874,0.149212598425197,-0.02755905511811));
#3145=DIRECTION('',(-1.0,0.0,0.0));
#3146=VECTOR('',#3145,0.02007874015748);
#3147=LINE('',#3144,#3146);
#3148=EDGE_CURVE('',#3143,#3135,#3147,.T.);
#3149=ORIENTED_EDGE('',*,*,#3148,.F.);
#3150=CARTESIAN_POINT('',(0.11003937007874,0.11496062992126,-0.02755905511811));
#3151=DIRECTION('',(0.0,1.0,0.0));
#3152=VECTOR('',#3151,0.034251968503937);
#3153=LINE('',#3150,#3152);
#3154=EDGE_CURVE('',#3111,#3143,#3153,.T.);
#3155=ORIENTED_EDGE('',*,*,#3154,.F.);
#3156=EDGE_LOOP('',(#3133,#3141,#3149,#3155));
#3157=FACE_OUTER_BOUND('',#3156,.T.);
#3158=ADVANCED_FACE('',(#3157),#3132,.F.);
#3159=CARTESIAN_POINT('',(0.111043307086614,0.086751968503937,-0.02755905511811));
#3160=DIRECTION('',(0.0,0.0,1.0));
#3161=DIRECTION('',(1.0,0.0,0.0));
#3162=AXIS2_PLACEMENT_3D('',#3159,#3160,#3161);
#3163=PLANE('',#3162);
#3164=ORIENTED_EDGE('',*,*,#2995,.T.);
#3165=CARTESIAN_POINT('',(0.11003937007874,0.050787401574803,-0.02755905511811));
#3166=VERTEX_POINT('',#3165);
#3167=CARTESIAN_POINT('',(0.11003937007874,0.050787401574803,-0.02755905511811));
#3168=DIRECTION('',(0.0,1.0,0.0));
#3169=VECTOR('',#3168,0.034251968503937);
#3170=LINE('',#3167,#3169);
#3171=EDGE_CURVE('',#3166,#2984,#3170,.T.);
#3172=ORIENTED_EDGE('',*,*,#3171,.F.);
#3173=CARTESIAN_POINT('',(0.08996062992126,0.050787401574803,-0.02755905511811));
#3174=VERTEX_POINT('',#3173);
#3175=CARTESIAN_POINT('',(0.08996062992126,0.050787401574803,-0.02755905511811));
#3176=DIRECTION('',(1.0,0.0,0.0));
#3177=VECTOR('',#3176,0.02007874015748);
#3178=LINE('',#3175,#3177);
#3179=EDGE_CURVE('',#3174,#3166,#3178,.T.);
#3180=ORIENTED_EDGE('',*,*,#3179,.F.);
#3181=CARTESIAN_POINT('',(0.08996062992126,0.08503937007874,-0.02755905511811));
#3182=DIRECTION('',(0.0,-1.0,0.0));
#3183=VECTOR('',#3182,0.034251968503937);
#3184=LINE('',#3181,#3183);
#3185=EDGE_CURVE('',#2966,#3174,#3184,.T.);
#3186=ORIENTED_EDGE('',*,*,#3185,.F.);
#3187=EDGE_LOOP('',(#3164,#3172,#3180,#3186));
#3188=FACE_OUTER_BOUND('',#3187,.T.);
#3189=ADVANCED_FACE('',(#3188),#3163,.F.);
#3190=CARTESIAN_POINT('',(0.1399922469279,0.156607907982841,-0.00041796097285));
#3191=CARTESIAN_POINT('',(0.139402546504995,0.157246248856879,-0.000587909799739));
#3192=CARTESIAN_POINT('',(0.138322309442768,0.158363239828768,-0.000716705408185));
#3193=CARTESIAN_POINT('',(0.13720529102845,0.159431369801976,-0.000545495936105));
#3194=CARTESIAN_POINT('',(0.136726631790249,0.159873569865779,-0.00041812432324));
#3195=CARTESIAN_POINT('',(0.135079704585177,0.150560770153919,-0.001831334508361));
#3196=CARTESIAN_POINT('',(0.134307902989481,0.151432241385586,-0.002118361051442));
#3197=CARTESIAN_POINT('',(0.132858206649357,0.152957220573462,-0.002336750791018));
#3198=CARTESIAN_POINT('',(0.131333203222194,0.154382105257583,-0.00204674282798));
#3199=CARTESIAN_POINT('',(0.130679718026264,0.154960852457245,-0.001831610370338));
#3200=CARTESIAN_POINT('',(0.123177083927127,0.135909267165646,-0.007276292237779));
#3201=CARTESIAN_POINT('',(0.122054488690691,0.137391002590362,-0.007993795538462));
#3202=CARTESIAN_POINT('',(0.119733806501548,0.139984811643094,-0.008548128585169));
#3203=CARTESIAN_POINT('',(0.117140207596179,0.1422163905756,-0.007815492939362));
#3204=CARTESIAN_POINT('',(0.116028801170054,0.143057894060464,-0.007276980791333));
#3205=CARTESIAN_POINT('',(0.114007905169147,0.124623126203404,-0.016884388217579));
#3206=CARTESIAN_POINT('',(0.113079021087784,0.126832554206943,-0.018045463128157));
#3207=CARTESIAN_POINT('',(0.110280702518499,0.130701274804097,-0.019011422341496));
#3208=CARTESIAN_POINT('',(0.106403655903474,0.133195998104093,-0.017757503499997));
#3209=CARTESIAN_POINT('',(0.104743355019152,0.133888896218837,-0.016885501657349));
#3210=CARTESIAN_POINT('',(0.110034087523793,0.119732049031123,-0.023631010369542));
#3211=CARTESIAN_POINT('',(0.109358013532078,0.122362622115177,-0.024782086606829));
#3212=CARTESIAN_POINT('',(0.106434722891042,0.126944486327936,-0.025758897805027));
#3213=CARTESIAN_POINT('',(0.101825200325,0.129407878539074,-0.024494951145433));
#3214=CARTESIAN_POINT('',(0.099852687775501,0.129915327158628,-0.023632116609359));
#3215=B_SPLINE_SURFACE_WITH_KNOTS('',3,3,((#3190,#3195,#3200,#3205,#3210),(#3191,#3196,#3201,#3206,#3211),(#3192,#3197,#3202,#3207,#3212),(#3193,#3198,#3203,#3208,#3213),(#3194,#3199,#3204,#3209,#3214)),.UNSPECIFIED.,.F.,.F.,.U.,(4,1,4),(4,1,4),(-0.000388426715584,0.571428571428571,1.00020521728734),(-1.290824172757441,-0.991186580768275,-0.532247668133233),.UNSPECIFIED.);
#3216=CARTESIAN_POINT('',(0.136711782299544,0.159860348830433,-0.000421789081446));
#3217=VERTEX_POINT('',#3216);
#3218=CARTESIAN_POINT('',(0.147327967945339,0.167193528092965,0.016251929430596));
#3219=DIRECTION('',(0.562646648181477,0.562646648644011,-0.605687624159361));
#3220=DIRECTION('',(0.428898098386888,0.42767323298348,0.795702222561662));
#3221=AXIS2_PLACEMENT_3D('',#3218,#3219,#3220);
#3222=ELLIPSE('',#3221,0.021301981980177,0.012848253934782);
#3223=EDGE_CURVE('',#2307,#3217,#3222,.T.);
#3224=ORIENTED_EDGE('',*,*,#3223,.F.);
#3225=ORIENTED_EDGE('',*,*,#2345,.T.);
#3226=CARTESIAN_POINT('',(0.110038321652857,0.138188179583672,-0.013056929925242));
#3227=VERTEX_POINT('',#3226);
#3228=CARTESIAN_POINT('',(0.11003937007874,0.119745608721987,-0.023622047244096));
#3229=CARTESIAN_POINT('',(0.11003937007874,0.12132169722183,-0.023622047244095));
#3230=CARTESIAN_POINT('',(0.11003937007874,0.123068278054456,-0.023132402332297));
#3231=CARTESIAN_POINT('',(0.11003937007874,0.126579781089918,-0.021657474468443));
#3232=CARTESIAN_POINT('',(0.110039370078731,0.128336833549252,-0.020681328893295));
#3233=CARTESIAN_POINT('',(0.110039370078731,0.133117161556374,-0.017631646636229));
#3234=CARTESIAN_POINT('',(0.11003937007874,0.135990719593513,-0.015224012713679));
#3235=CARTESIAN_POINT('',(0.11003937007874,0.138190000922603,-0.013063379671204));
#3236=B_SPLINE_CURVE_WITH_KNOTS('',3,(#3228,#3229,#3230,#3231,#3232,#3233,#3234,#3235),.UNSPECIFIED.,.F.,.U.,(4,2,2,4),(0.000000999977127,0.004729049145496,0.009358259895411,0.018610373350653),.UNSPECIFIED.);
#3237=EDGE_CURVE('',#2333,#3227,#3236,.T.);
#3238=ORIENTED_EDGE('',*,*,#3237,.T.);
#3239=CARTESIAN_POINT('',(0.154133858267717,0.174015748031496,-0.049606299212598));
#3240=DIRECTION('',(-0.630592625094465,0.776114000116266,0.0));
#3241=DIRECTION('',(-0.776114000116266,-0.630592625094465,0.0));
#3242=AXIS2_PLACEMENT_3D('',#3239,#3240,#3241);
#3243=ELLIPSE('',#3242,0.081163496567277,0.051181102362205);
#3244=EDGE_CURVE('',#3227,#3217,#3243,.T.);
#3245=ORIENTED_EDGE('',*,*,#3244,.T.);
#3246=EDGE_LOOP('',(#3224,#3225,#3238,#3245));
#3247=FACE_OUTER_BOUND('',#3246,.T.);
#3248=ADVANCED_FACE('',(#3247),#3215,.F.);
#3249=CARTESIAN_POINT('',(0.150382978457147,0.174015748031496,-0.049606299212598));
#3250=DIRECTION('',(-1.0,0.0,0.0));
#3251=DIRECTION('',(0.0,0.861538461538461,-0.507692307692308));
#3252=AXIS2_PLACEMENT_3D('',#3249,#3250,#3251);
#3253=CYLINDRICAL_SURFACE('',#3252,0.051181102362205);
#3254=CARTESIAN_POINT('',(0.135792882226576,0.161417322834646,3.374070E-018));
#3255=VERTEX_POINT('',#3254);
#3256=CARTESIAN_POINT('',(0.146342339376681,0.166499011812805,-0.001023575908799));
#3257=DIRECTION('',(-0.172116246570914,0.16157789444789,-0.971734830955507));
#3258=DIRECTION('',(-0.614733196105855,0.753186747911015,0.234121379580572));
#3259=AXIS2_PLACEMENT_3D('',#3256,#3257,#3258);
#3260=ELLIPSE('',#3259,0.012585600775399,0.011705979466385);
#3261=EDGE_CURVE('',#3217,#3255,#3260,.T.);
#3262=ORIENTED_EDGE('',*,*,#3261,.F.);
#3263=ORIENTED_EDGE('',*,*,#3244,.F.);
#3264=CARTESIAN_POINT('',(0.11003937007874,0.149212598425197,-0.004836789402706));
#3265=VERTEX_POINT('',#3264);
#3266=CARTESIAN_POINT('',(0.11003937007874,0.174015748031496,-0.049606299212598));
#3267=DIRECTION('',(1.0,0.0,0.0));
#3268=DIRECTION('',(0.0,0.861538461538461,-0.507692307692308));
#3269=AXIS2_PLACEMENT_3D('',#3266,#3267,#3268);
#3270=CIRCLE('',#3269,0.051181102362205);
#3271=EDGE_CURVE('',#3265,#3227,#3270,.T.);
#3272=ORIENTED_EDGE('',*,*,#3271,.F.);
#3273=CARTESIAN_POINT('',(0.08996062992126,0.149212598425197,-0.004836789402706));
#3274=VERTEX_POINT('',#3273);
#3275=CARTESIAN_POINT('',(0.08996062992126,0.149212598425197,-0.004836789402706));
#3276=DIRECTION('',(1.0,0.0,0.0));
#3277=VECTOR('',#3276,0.02007874015748);
#3278=LINE('',#3275,#3277);
#3279=EDGE_CURVE('',#3274,#3265,#3278,.T.);
#3280=ORIENTED_EDGE('',*,*,#3279,.F.);
#3281=CARTESIAN_POINT('',(0.089952337584189,0.136354537265247,-0.014894804837337));
#3282=VERTEX_POINT('',#3281);
#3283=CARTESIAN_POINT('',(0.08996062992126,0.174015748031496,-0.049606299212598));
#3284=DIRECTION('',(-1.0,0.0,0.0));
#3285=DIRECTION('',(0.0,0.861538461538461,-0.507692307692308));
#3286=AXIS2_PLACEMENT_3D('',#3283,#3284,#3285);
#3287=CIRCLE('',#3286,0.051181102362205);
#3288=EDGE_CURVE('',#3282,#3274,#3287,.T.);
#3289=ORIENTED_EDGE('',*,*,#3288,.F.);
#3290=CARTESIAN_POINT('',(0.010034400688338,0.136396158888322,-0.014893800748739));
#3291=VERTEX_POINT('',#3290);
#3292=CARTESIAN_POINT('',(0.010029245816599,0.136392992922026,-0.014897238379503));
#3293=CARTESIAN_POINT('',(0.01467488894192,0.139246261404914,-0.011798852617821));
#3294=CARTESIAN_POINT('',(0.024237929667615,0.144842914403139,-0.007154656460082));
#3295=CARTESIAN_POINT('',(0.040545813674875,0.152367716282413,-0.003193424427419));
#3296=CARTESIAN_POINT('',(0.059335643712901,0.152318399450437,-0.003196855694853));
#3297=CARTESIAN_POINT('',(0.07572527544759,0.144688097745092,-0.007182473684891));
#3298=CARTESIAN_POINT('',(0.085298475337622,0.139174655301162,-0.011801939359349));
#3299=CARTESIAN_POINT('',(0.089952337584189,0.136354537265247,-0.014894804837337));
#3300=B_SPLINE_CURVE_WITH_KNOTS('',3,(#3292,#3293,#3294,#3295,#3296,#3297,#3298,#3299),.UNSPECIFIED.,.F.,.U.,(4,1,1,1,1,4),(-0.354380747486719,-0.301464823898126,-0.255864779682684,-0.210264735467242,-0.1646646912518,-0.111620913403178),.UNSPECIFIED.);
#3301=EDGE_CURVE('',#3291,#3282,#3300,.T.);
#3302=ORIENTED_EDGE('',*,*,#3301,.F.);
#3303=CARTESIAN_POINT('',(0.01003937007874,0.149212598425197,-0.004836789402706));
#3304=VERTEX_POINT('',#3303);
#3305=CARTESIAN_POINT('',(0.01003937007874,0.174015748031496,-0.049606299212598));
#3306=DIRECTION('',(1.0,0.0,0.0));
#3307=DIRECTION('',(0.0,0.861538461538461,-0.507692307692308));
#3308=AXIS2_PLACEMENT_3D('',#3305,#3306,#3307);
#3309=CIRCLE('',#3308,0.051181102362205);
#3310=EDGE_CURVE('',#3304,#3291,#3309,.T.);
#3311=ORIENTED_EDGE('',*,*,#3310,.F.);
#3312=CARTESIAN_POINT('',(-0.01003937007874,0.149212598425197,-0.004836789402706));
#3313=VERTEX_POINT('',#3312);
#3314=CARTESIAN_POINT('',(-0.01003937007874,0.149212598425197,-0.004836789402706));
#3315=DIRECTION('',(1.0,0.0,0.0));
#3316=VECTOR('',#3315,0.02007874015748);
#3317=LINE('',#3314,#3316);
#3318=EDGE_CURVE('',#3313,#3304,#3317,.T.);
#3319=ORIENTED_EDGE('',*,*,#3318,.F.);
#3320=CARTESIAN_POINT('',(-0.010047919372511,0.136354209456817,-0.014894894157622));
#3321=VERTEX_POINT('',#3320);
#3322=CARTESIAN_POINT('',(-0.01003937007874,0.174015748031496,-0.049606299212598));
#3323=DIRECTION('',(-1.0,0.0,0.0));
#3324=DIRECTION('',(0.0,0.861538461538461,-0.507692307692308));
#3325=AXIS2_PLACEMENT_3D('',#3322,#3323,#3324);
#3326=CIRCLE('',#3325,0.051181102362205);
#3327=EDGE_CURVE('',#3321,#3313,#3326,.T.);
#3328=ORIENTED_EDGE('',*,*,#3327,.F.);
#3329=CARTESIAN_POINT('',(-0.089965630474764,0.136396227292062,-0.014893727045935));
#3330=VERTEX_POINT('',#3329);
#3331=CARTESIAN_POINT('',(-0.089970808403552,0.136393047113404,-0.014897180100612));
#3332=CARTESIAN_POINT('',(-0.085322991345841,0.139247697202592,-0.01179729992908));
#3333=CARTESIAN_POINT('',(-0.07575583571199,0.144846655083242,-0.007151844682128));
#3334=CARTESIAN_POINT('',(-0.059439264875188,0.152373145895011,-0.003191065510576));
#3335=CARTESIAN_POINT('',(-0.040643965749797,0.152312853653988,-0.003199170832785));
#3336=CARTESIAN_POINT('',(-0.024264112063603,0.144681133837646,-0.00718734304004));
#3337=CARTESIAN_POINT('',(-0.014696296387199,0.139170733712567,-0.011805910545038));
#3338=CARTESIAN_POINT('',(-0.010047919372511,0.136354209456817,-0.014894894157622));
#3339=B_SPLINE_CURVE_WITH_KNOTS('',3,(#3331,#3332,#3333,#3334,#3335,#3336,#3337,#3338),.UNSPECIFIED.,.F.,.U.,(4,1,1,1,1,4),(-0.354374794351628,-0.301433119801506,-0.255819999322051,-0.210206878842596,-0.164593758363141,-0.111616159527275),.UNSPECIFIED.);
#3340=EDGE_CURVE('',#3330,#3321,#3339,.T.);
#3341=ORIENTED_EDGE('',*,*,#3340,.F.);
#3342=CARTESIAN_POINT('',(-0.08996062992126,0.149212598425197,-0.004836789402706));
#3343=VERTEX_POINT('',#3342);
#3344=CARTESIAN_POINT('',(-0.08996062992126,0.174015748031496,-0.049606299212598));
#3345=DIRECTION('',(1.0,0.0,0.0));
#3346=DIRECTION('',(0.0,0.861538461538461,-0.507692307692308));
#3347=AXIS2_PLACEMENT_3D('',#3344,#3345,#3346);
#3348=CIRCLE('',#3347,0.051181102362205);
#3349=EDGE_CURVE('',#3343,#3330,#3348,.T.);
#3350=ORIENTED_EDGE('',*,*,#3349,.F.);
#3351=CARTESIAN_POINT('',(-0.11003937007874,0.149212598425197,-0.004836789402706));
#3352=VERTEX_POINT('',#3351);
#3353=CARTESIAN_POINT('',(-0.11003937007874,0.149212598425197,-0.004836789402706));
#3354=DIRECTION('',(1.0,0.0,0.0));
#3355=VECTOR('',#3354,0.02007874015748);
#3356=LINE('',#3353,#3355);
#3357=EDGE_CURVE('',#3352,#3343,#3356,.T.);
#3358=ORIENTED_EDGE('',*,*,#3357,.F.);
#3359=CARTESIAN_POINT('',(-0.11003937007874,0.174015748031496,-0.049606299212598));
#3360=DIRECTION('',(-1.0,0.0,0.0));
#3361=DIRECTION('',(0.0,0.861538461538461,-0.507692307692308));
#3362=AXIS2_PLACEMENT_3D('',#3359,#3360,#3361);
#3363=CIRCLE('',#3362,0.051181102362205);
#3364=EDGE_CURVE('',#2477,#3352,#3363,.T.);
#3365=ORIENTED_EDGE('',*,*,#3364,.F.);
#3366=ORIENTED_EDGE('',*,*,#2483,.F.);
#3367=CARTESIAN_POINT('',(-0.135792882226576,0.161417322834646,3.374070E-018));
#3368=VERTEX_POINT('',#3367);
#3369=CARTESIAN_POINT('',(-0.146342635837921,0.166499176190736,-0.001023624052799));
#3370=DIRECTION('',(0.172117876870677,0.161576912618794,-0.97173470544697));
#3371=DIRECTION('',(0.614762143429305,0.753162677731272,0.234122805123436));
#3372=AXIS2_PLACEMENT_3D('',#3369,#3370,#3371);
#3373=ELLIPSE('',#3372,0.012585789682922,0.011706313966531);
#3374=EDGE_CURVE('',#3368,#2468,#3373,.T.);
#3375=ORIENTED_EDGE('',*,*,#3374,.F.);
#3376=CARTESIAN_POINT('',(-0.10492125984252,0.161417322834646,0.0));
#3377=DIRECTION('',(-1.0,0.0,0.0));
#3378=VECTOR('',#3377,0.030871622384056);
#3379=LINE('',#3376,#3378);
#3380=EDGE_CURVE('',#2366,#3368,#3379,.T.);
#3381=ORIENTED_EDGE('',*,*,#3380,.F.);
#3382=ORIENTED_EDGE('',*,*,#2371,.T.);
#3383=CARTESIAN_POINT('',(0.135792882226576,0.161417322834646,0.0));
#3384=DIRECTION('',(-1.0,0.0,0.0));
#3385=VECTOR('',#3384,0.030871622384056);
#3386=LINE('',#3383,#3385);
#3387=EDGE_CURVE('',#3255,#2358,#3386,.T.);
#3388=ORIENTED_EDGE('',*,*,#3387,.F.);
#3389=EDGE_LOOP('',(#3262,#3263,#3272,#3280,#3289,#3302,#3311,#3319,#3328,#3341,#3350,#3358,#3365,#3366,#3375,#3381,#3382,#3388));
#3390=FACE_OUTER_BOUND('',#3389,.T.);
#3391=ADVANCED_FACE('',(#3390),#3253,.F.);
#3392=CARTESIAN_POINT('',(-0.010026339167616,0.120568020625329,-0.023638334203315));
#3393=CARTESIAN_POINT('',(-0.009267325750274,0.123064628919869,-0.024589058159991));
#3394=CARTESIAN_POINT('',(-0.00654914579091,0.127417115599353,-0.025131120784993));
#3395=CARTESIAN_POINT('',(-0.002523339586912,0.129973585599559,-0.02350724905928));
#3396=CARTESIAN_POINT('',(-0.000800370860117,0.130592241867084,-0.02251562713159));
#3397=CARTESIAN_POINT('',(-0.01551221022054,0.125836535546173,-0.016776807436632));
#3398=CARTESIAN_POINT('',(-0.014551817240163,0.127895904844147,-0.017632063225721));
#3399=CARTESIAN_POINT('',(-0.012079226775965,0.131504954237278,-0.01809164600629));
#3400=CARTESIAN_POINT('',(-0.008909550863731,0.134070057179028,-0.016588168586313));
#3401=CARTESIAN_POINT('',(-0.00755187367709,0.134872424714658,-0.015653969917967));
#3402=CARTESIAN_POINT('',(-0.025578099690614,0.135430355371637,-0.00936347374748));
#3403=CARTESIAN_POINT('',(-0.024657060882751,0.136926140821765,-0.009754726996066));
#3404=CARTESIAN_POINT('',(-0.02282215112517,0.139551497502478,-0.009840495071303));
#3405=CARTESIAN_POINT('',(-0.020804996737212,0.141807500933814,-0.008842820140798));
#3406=CARTESIAN_POINT('',(-0.019940727163995,0.142666777492093,-0.008240002229079));
#3407=CARTESIAN_POINT('',(-0.042398665027553,0.147303149158072,-0.004323187376416));
#3408=CARTESIAN_POINT('',(-0.042074637164778,0.14828671880317,-0.004315548226092));
#3409=CARTESIAN_POINT('',(-0.041494691163096,0.150016726253121,-0.004107722501417));
#3410=CARTESIAN_POINT('',(-0.040899174236703,0.151642591908237,-0.003513923172843));
#3411=CARTESIAN_POINT('',(-0.040643965749797,0.152312853653988,-0.003199170832785));
#3412=CARTESIAN_POINT('',(-0.057668956061624,0.147377358304995,-0.004315084399494));
#3413=CARTESIAN_POINT('',(-0.057995759706355,0.14835850464288,-0.004305728581774));
#3414=CARTESIAN_POINT('',(-0.058580399034934,0.150084647656368,-0.004097414474632));
#3415=CARTESIAN_POINT('',(-0.059181610373543,0.151705226577179,-0.003504749593856));
#3416=CARTESIAN_POINT('',(-0.059439264875188,0.152373145895011,-0.003191065510576));
#3417=CARTESIAN_POINT('',(-0.074416661677063,0.13567377370496,-0.009318399632725));
#3418=CARTESIAN_POINT('',(-0.075337213808182,0.137160278255398,-0.009704219566955));
#3419=CARTESIAN_POINT('',(-0.077170943704931,0.139768806588627,-0.009784745437497));
#3420=CARTESIAN_POINT('',(-0.079188404704981,0.142010812428041,-0.008793551969144));
#3421=CARTESIAN_POINT('',(-0.080052824469748,0.142864544581776,-0.008194920690092));
#3422=CARTESIAN_POINT('',(-0.084496364717854,0.125829269864804,-0.016786909823295));
#3423=CARTESIAN_POINT('',(-0.085456394727138,0.127889314629557,-0.017642393890541));
#3424=CARTESIAN_POINT('',(-0.087929327046619,0.131499543631073,-0.018102211740415));
#3425=CARTESIAN_POINT('',(-0.091100404153858,0.134064513164084,-0.016598422632284));
#3426=CARTESIAN_POINT('',(-0.092458679483116,0.134866522098616,-0.015664072616559));
#3427=CARTESIAN_POINT('',(-0.089973660939024,0.120568025144865,-0.023638329598469));
#3428=CARTESIAN_POINT('',(-0.090732705132636,0.123064620990438,-0.02458903802539));
#3429=CARTESIAN_POINT('',(-0.093450841007975,0.127417130340696,-0.025131125827044));
#3430=CARTESIAN_POINT('',(-0.097476655820059,0.129973581421587,-0.023507244461619));
#3431=CARTESIAN_POINT('',(-0.09919962932286,0.130592245525396,-0.022515622505536));
#3432=B_SPLINE_SURFACE_WITH_KNOTS('',3,3,((#3392,#3397,#3402,#3407,#3412,#3417,#3422,#3427),(#3393,#3398,#3403,#3408,#3413,#3418,#3423,#3428),(#3394,#3399,#3404,#3409,#3414,#3419,#3424,#3429),(#3395,#3400,#3405,#3410,#3415,#3420,#3425,#3430),(#3396,#3401,#3406,#3411,#3416,#3421,#3426,#3431)),.UNSPECIFIED.,.F.,.F.,.U.,(4,1,4),(4,1,1,1,1,4),(-0.000260443831796,0.571428571428571,1.0),(0.073554238134191,0.164593758363141,0.210206878842596,0.255819999322051,0.301433119801506,0.392341590093689),.UNSPECIFIED.);
#3433=CARTESIAN_POINT('',(-0.010039370187971,0.120584943451208,-0.023622044925098));
#3434=VERTEX_POINT('',#3433);
#3435=CARTESIAN_POINT('',(-0.01003937007874,0.136349029132358,-0.014900576469577));
#3436=CARTESIAN_POINT('',(-0.01003937007874,0.134553762941374,-0.016867376019312));
#3437=CARTESIAN_POINT('',(-0.010039370078738,0.13219364645013,-0.018934500226274));
#3438=CARTESIAN_POINT('',(-0.010039370078738,0.128061625700262,-0.021447648906881));
#3439=CARTESIAN_POINT('',(-0.01003937007874,0.126566435510988,-0.022197881803865));
#3440=CARTESIAN_POINT('',(-0.01003937007874,0.123638342352651,-0.02325079401298));
#3441=CARTESIAN_POINT('',(-0.01003937007874,0.122088053737438,-0.023621926279564));
#3442=CARTESIAN_POINT('',(-0.01003937007874,0.120584943451045,-0.023622042823781));
#3443=B_SPLINE_CURVE_WITH_KNOTS('',3,(#3435,#3436,#3437,#3438,#3439,#3440,#3441,#3442),.UNSPECIFIED.,.F.,.U.,(4,2,2,4),(0.0,0.007988417134519,0.011985424011795,0.015722682150729),.UNSPECIFIED.);
#3444=EDGE_CURVE('',#3321,#3434,#3443,.T.);
#3445=ORIENTED_EDGE('',*,*,#3444,.T.);
#3446=CARTESIAN_POINT('',(-0.089960629903983,0.120584948696515,-0.023622041810427));
#3447=VERTEX_POINT('',#3446);
#3448=CARTESIAN_POINT('',(-0.010039371648451,0.120584942561227,-0.023622045282597));
#3449=CARTESIAN_POINT('',(-0.015522855915619,0.125850274809915,-0.016769929817937));
#3450=CARTESIAN_POINT('',(-0.022198389660406,0.132235546733804,-0.011794195336754));
#3451=CARTESIAN_POINT('',(-0.033966943365628,0.141362365407494,-0.006808919662334));
#3452=CARTESIAN_POINT('',(-0.038185418254261,0.144333429410259,-0.005581327734112));
#3453=CARTESIAN_POINT('',(-0.04748367586023,0.147329228691393,-0.004266605357252));
#3454=CARTESIAN_POINT('',(-0.052584671984616,0.147353963969761,-0.004270931611749));
#3455=CARTESIAN_POINT('',(-0.061861271577811,0.144447871253586,-0.005593333773331));
#3456=CARTESIAN_POINT('',(-0.066058773059192,0.141517043259042,-0.006818181706815));
#3457=CARTESIAN_POINT('',(-0.077788937859364,0.132392130399107,-0.011792086761281));
#3458=CARTESIAN_POINT('',(-0.084485374354785,0.125843306900893,-0.016780214859155));
#3459=CARTESIAN_POINT('',(-0.089960627063071,0.120584948252812,-0.023622043672526));
#3460=B_SPLINE_CURVE_WITH_KNOTS('',3,(#3448,#3449,#3450,#3451,#3452,#3453,#3454,#3455,#3456,#3457,#3458,#3459),.UNSPECIFIED.,.F.,.U.,(4,2,2,2,2,4),(0.073632048931192,0.164593756483118,0.210206873816545,0.255819991149971,0.301433108483397,0.392263779295198),.UNSPECIFIED.);
#3461=EDGE_CURVE('',#3434,#3447,#3460,.T.);
#3462=ORIENTED_EDGE('',*,*,#3461,.T.);
#3463=CARTESIAN_POINT('',(-0.08996062992126,0.120584948695856,-0.023622036391333));
#3464=CARTESIAN_POINT('',(-0.08996062992126,0.122086789585556,-0.02362185381819));
#3465=CARTESIAN_POINT('',(-0.08996062992126,0.123636052967861,-0.023251200285902));
#3466=CARTESIAN_POINT('',(-0.08996062992126,0.126564566978358,-0.022200322535788));
#3467=CARTESIAN_POINT('',(-0.089960629921262,0.128062215715154,-0.021450741082924));
#3468=CARTESIAN_POINT('',(-0.089960629921262,0.132208652558515,-0.018937916768863));
#3469=CARTESIAN_POINT('',(-0.08996062992126,0.134583579257483,-0.016868179472665));
#3470=CARTESIAN_POINT('',(-0.08996062992126,0.136391263472885,-0.014899148556696));
#3471=B_SPLINE_CURVE_WITH_KNOTS('',3,(#3463,#3464,#3465,#3466,#3467,#3468,#3469,#3470),.UNSPECIFIED.,.F.,.U.,(4,2,2,4),(0.000000999512618,0.00450628527789,0.009333443166488,0.019006421706356),.UNSPECIFIED.);
#3472=EDGE_CURVE('',#3447,#3330,#3471,.T.);
#3473=ORIENTED_EDGE('',*,*,#3472,.T.);
#3474=ORIENTED_EDGE('',*,*,#3340,.T.);
#3475=EDGE_LOOP('',(#3445,#3462,#3473,#3474));
#3476=FACE_OUTER_BOUND('',#3475,.T.);
#3477=ADVANCED_FACE('',(#3476),#3432,.F.);
#3478=CARTESIAN_POINT('',(-0.05,0.048333445804921,-0.05560099806032));
#3479=DIRECTION('',(0.0,1.0,0.0));
#3480=DIRECTION('',(0.0,0.0,-1.0));
#3481=AXIS2_PLACEMENT_3D('',#3478,#3479,#3480);
#3482=CYLINDRICAL_SURFACE('',#3481,0.051181102362205);
#3483=ORIENTED_EDGE('',*,*,#3461,.F.);
#3484=CARTESIAN_POINT('',(-0.010039370095768,0.079415051239212,-0.02362204181507));
#3485=VERTEX_POINT('',#3484);
#3486=CARTESIAN_POINT('',(-0.01003937007874,0.079415051239212,-0.023622047244095));
#3487=DIRECTION('',(0.0,1.0,0.0));
#3488=VECTOR('',#3487,0.041169892211996);
#3489=LINE('',#3486,#3488);
#3490=EDGE_CURVE('',#3485,#3434,#3489,.T.);
#3491=ORIENTED_EDGE('',*,*,#3490,.F.);
#3492=CARTESIAN_POINT('',(-0.089960629887946,0.079415056011813,-0.023622046228648));
#3493=VERTEX_POINT('',#3492);
#3494=CARTESIAN_POINT('',(-0.089960629259512,0.079415056364459,-0.02362204641718));
#3495=CARTESIAN_POINT('',(-0.084472797300198,0.074145266647363,-0.016764497714151));
#3496=CARTESIAN_POINT('',(-0.07779097723035,0.067747744812395,-0.011786181166283));
#3497=CARTESIAN_POINT('',(-0.066015466579191,0.05861711892779,-0.00680323263287));
#3498=CARTESIAN_POINT('',(-0.061797484116866,0.055648596081435,-0.005577418518751));
#3499=CARTESIAN_POINT('',(-0.052501474296932,0.052660640848823,-0.004266002511657));
#3500=CARTESIAN_POINT('',(-0.04740225783976,0.052641208462566,-0.004271765777533));
#3501=CARTESIAN_POINT('',(-0.038129729387759,0.055552782595686,-0.005595648079907));
#3502=CARTESIAN_POINT('',(-0.033934549862817,0.058483789115062,-0.006820511640868));
#3503=CARTESIAN_POINT('',(-0.022209079457053,0.067609153507798,-0.011793926754703));
#3504=CARTESIAN_POINT('',(-0.015513071984128,0.074158174528673,-0.016782156299243));
#3505=CARTESIAN_POINT('',(-0.01003937293356,0.079415051680914,-0.023622043676736));
#3506=B_SPLINE_CURVE_WITH_KNOTS('',3,(#3494,#3495,#3496,#3497,#3498,#3499,#3500,#3501,#3502,#3503,#3504,#3505),.UNSPECIFIED.,.F.,.U.,(4,2,2,2,2,4),(0.073637541797798,0.164664687567428,0.210264728980855,0.255864770394281,0.301464811807708,0.392269331231229),.UNSPECIFIED.);
#3507=EDGE_CURVE('',#3493,#3485,#3506,.T.);
#3508=ORIENTED_EDGE('',*,*,#3507,.F.);
#3509=CARTESIAN_POINT('',(-0.08996062992126,0.120584948696515,-0.023622047244094));
#3510=DIRECTION('',(0.0,-1.0,0.0));
#3511=VECTOR('',#3510,0.041169892684702);
#3512=LINE('',#3509,#3511);
#3513=EDGE_CURVE('',#3447,#3493,#3512,.T.);
#3514=ORIENTED_EDGE('',*,*,#3513,.F.);
#3515=EDGE_LOOP('',(#3483,#3491,#3508,#3514));
#3516=FACE_OUTER_BOUND('',#3515,.T.);
#3517=ADVANCED_FACE('',(#3516),#3482,.F.);
#3518=CARTESIAN_POINT('',(-0.14237044938584,0.040464389878438,0.000204611333522));
#3519=CARTESIAN_POINT('',(-0.141871559504341,0.039937649756547,0.000086697873221));
#3520=CARTESIAN_POINT('',(-0.140971062910132,0.039016101439836,-0.000002431641269));
#3521=CARTESIAN_POINT('',(-0.140049501897904,0.038122529749722,0.000116072030813));
#3522=CARTESIAN_POINT('',(-0.139654688262899,0.037748577597418,0.000204394738403));
#3523=CARTESIAN_POINT('',(-0.134694138207487,0.049913492785375,-0.001607684085174));
#3524=CARTESIAN_POINT('',(-0.133894173350446,0.049030649609316,-0.001877896448283));
#3525=CARTESIAN_POINT('',(-0.132412490895894,0.047486207766378,-0.002082505412331));
#3526=CARTESIAN_POINT('',(-0.130867941383783,0.046025119672013,-0.001810433555582));
#3527=CARTESIAN_POINT('',(-0.130206239708861,0.045425442047574,-0.001608180438228));
#3528=CARTESIAN_POINT('',(-0.122057223340802,0.065468616997012,-0.007921218211608));
#3529=CARTESIAN_POINT('',(-0.12090800959296,0.063928308847912,-0.008723167022031));
#3530=CARTESIAN_POINT('',(-0.118503814306102,0.061230471776688,-0.009346852226143));
#3531=CARTESIAN_POINT('',(-0.115807555270631,0.058923793412241,-0.008524545631633));
#3532=CARTESIAN_POINT('',(-0.114652323616253,0.058062998872818,-0.007922691321838));
#3533=CARTESIAN_POINT('',(-0.113015957964953,0.076597110393322,-0.018569034737804));
#3534=CARTESIAN_POINT('',(-0.112150174824131,0.074282699984748,-0.019727413360554));
#3535=CARTESIAN_POINT('',(-0.10932167233258,0.070236577956003,-0.020696173066055));
#3536=CARTESIAN_POINT('',(-0.105262665299863,0.067750414346555,-0.01944011111932));
#3537=CARTESIAN_POINT('',(-0.103525252658482,0.067103744026007,-0.018571162622253));
#3538=CARTESIAN_POINT('',(-0.110035243627613,0.080265833934922,-0.023629048272328));
#3539=CARTESIAN_POINT('',(-0.10935899953039,0.077635575401225,-0.024779971311245));
#3540=CARTESIAN_POINT('',(-0.106436736940273,0.073054724852003,-0.025756900257557));
#3541=CARTESIAN_POINT('',(-0.101828579117149,0.070591900730576,-0.02449327967011));
#3542=CARTESIAN_POINT('',(-0.099857109488363,0.070084110351729,-0.023631162470499));
#3543=B_SPLINE_SURFACE_WITH_KNOTS('',3,3,((#3518,#3523,#3528,#3533,#3538),(#3519,#3524,#3529,#3534,#3539),(#3520,#3525,#3530,#3535,#3540),(#3521,#3526,#3531,#3536,#3541),(#3522,#3527,#3532,#3537,#3542)),.UNSPECIFIED.,.F.,.F.,.F.,(4,1,4),(4,1,4),(-0.00035022180099,0.571428571428571,1.0),(-1.338865712058549,-0.876515960151669,-0.532297390640557),.UNSPECIFIED.);
#3544=CARTESIAN_POINT('',(-0.138628397133306,0.038582511600863,0.000000016059955));
#3545=VERTEX_POINT('',#3544);
#3546=CARTESIAN_POINT('',(-0.14153574010522,0.041489917339113,3.991053E-018));
#3547=CARTESIAN_POINT('',(-0.14153566373589,0.040977665371266,3.984952E-018));
#3548=CARTESIAN_POINT('',(-0.141472895224555,0.040495025034082,-5.549066E-019));
#3549=CARTESIAN_POINT('',(-0.141210846723474,0.039802038255711,-5.549066E-019));
#3550=CARTESIAN_POINT('',(-0.141064934245115,0.039551903806481,-9.988452E-014));
#3551=CARTESIAN_POINT('',(-0.140681687599404,0.039144434218409,-9.988452E-014));
#3552=CARTESIAN_POINT('',(-0.14046679755784,0.0389945098201,2.725978E-017));
#3553=CARTESIAN_POINT('',(-0.140004615344271,0.038776932803391,2.726492E-017));
#3554=CARTESIAN_POINT('',(-0.139767772948756,0.038706624362982,7.277921E-016));
#3555=CARTESIAN_POINT('',(-0.139233637866686,0.038603988709332,7.277921E-016));
#3556=CARTESIAN_POINT('',(-0.138927681764447,0.038582440725803,-6.189343E-019));
#3557=CARTESIAN_POINT('',(-0.138628482005421,0.038582370181619,-6.189343E-019));
#3558=B_SPLINE_CURVE_WITH_KNOTS('',3,(#3546,#3547,#3548,#3549,#3550,#3551,#3552,#3553,#3554,#3555,#3556,#3557),.UNSPECIFIED.,.F.,.U.,(4,2,2,2,2,4),(0.000002624754364,0.003906288066396,0.006457827509148,0.008777761177031,0.010909162193087,0.01351984796584),.UNSPECIFIED.);
#3559=EDGE_CURVE('',#2424,#3545,#3558,.T.);
#3560=ORIENTED_EDGE('',*,*,#3559,.F.);
#3561=ORIENTED_EDGE('',*,*,#2430,.T.);
#3562=CARTESIAN_POINT('',(-0.110039369856125,0.061811318276716,-0.013055380184295));
#3563=VERTEX_POINT('',#3562);
#3564=CARTESIAN_POINT('',(-0.11003937007874,0.080254391278013,-0.023622047244094));
#3565=CARTESIAN_POINT('',(-0.11003937007874,0.078677090669038,-0.023622047244095));
#3566=CARTESIAN_POINT('',(-0.11003937007874,0.076929456199346,-0.023131206106584));
#3567=CARTESIAN_POINT('',(-0.11003937007874,0.073419616755932,-0.02165330530349));
#3568=CARTESIAN_POINT('',(-0.110039370078735,0.071663334055024,-0.020674218036025));
#3569=CARTESIAN_POINT('',(-0.110039370078735,0.066892135611626,-0.017622277892435));
#3570=CARTESIAN_POINT('',(-0.11003937007874,0.064010986847341,-0.015209384683935));
#3571=CARTESIAN_POINT('',(-0.11003937007874,0.061811613095513,-0.013055079197863));
#3572=B_SPLINE_CURVE_WITH_KNOTS('',3,(#3564,#3565,#3566,#3567,#3568,#3569,#3570,#3571),.UNSPECIFIED.,.F.,.U.,(4,2,2,4),(0.000000999977183,0.004732475833694,0.009371678189003,0.018622977261721),.UNSPECIFIED.);
#3573=EDGE_CURVE('',#2416,#3563,#3572,.T.);
#3574=ORIENTED_EDGE('',*,*,#3573,.T.);
#3575=CARTESIAN_POINT('',(-0.154133858267717,0.025984251968504,-0.049606299212598));
#3576=DIRECTION('',(0.630592625094465,-0.776114000116266,2.692686E-016));
#3577=DIRECTION('',(0.776114000116266,0.630592625094465,0.0));
#3578=AXIS2_PLACEMENT_3D('',#3575,#3576,#3577);
#3579=ELLIPSE('',#3578,0.081163496567277,0.051181102362205);
#3580=EDGE_CURVE('',#3563,#3545,#3579,.T.);
#3581=ORIENTED_EDGE('',*,*,#3580,.T.);
#3582=EDGE_LOOP('',(#3560,#3561,#3574,#3581));
#3583=FACE_OUTER_BOUND('',#3582,.T.);
#3584=ADVANCED_FACE('',(#3583),#3543,.F.);
#3585=CARTESIAN_POINT('',(-0.152491008743653,0.025984251968504,-0.049606299212598));
#3586=DIRECTION('',(1.0,0.0,0.0));
#3587=DIRECTION('',(0.0,-0.861538461538461,-0.507692307692308));
#3588=AXIS2_PLACEMENT_3D('',#3585,#3586,#3587);
#3589=CYLINDRICAL_SURFACE('',#3588,0.051181102362205);
#3590=ORIENTED_EDGE('',*,*,#3580,.F.);
#3591=CARTESIAN_POINT('',(-0.11003937007874,0.050787401574803,-0.004836789402706));
#3592=VERTEX_POINT('',#3591);
#3593=CARTESIAN_POINT('',(-0.11003937007874,0.025984251968504,-0.049606299212598));
#3594=DIRECTION('',(-1.0,0.0,0.0));
#3595=DIRECTION('',(0.0,-0.861538461538461,-0.507692307692308));
#3596=AXIS2_PLACEMENT_3D('',#3593,#3594,#3595);
#3597=CIRCLE('',#3596,0.051181102362205);
#3598=EDGE_CURVE('',#3592,#3563,#3597,.T.);
#3599=ORIENTED_EDGE('',*,*,#3598,.F.);
#3600=CARTESIAN_POINT('',(-0.08996062992126,0.050787401574803,-0.004836789402706));
#3601=VERTEX_POINT('',#3600);
#3602=CARTESIAN_POINT('',(-0.08996062992126,0.050787401574803,-0.004836789402706));
#3603=DIRECTION('',(-1.0,0.0,0.0));
#3604=VECTOR('',#3603,0.02007874015748);
#3605=LINE('',#3602,#3604);
#3606=EDGE_CURVE('',#3601,#3592,#3605,.T.);
#3607=ORIENTED_EDGE('',*,*,#3606,.F.);
#3608=CARTESIAN_POINT('',(-0.089953255246779,0.063644062116578,-0.01489468930311));
#3609=VERTEX_POINT('',#3608);
#3610=CARTESIAN_POINT('',(-0.08996062992126,0.025984251968504,-0.049606299212598));
#3611=DIRECTION('',(1.0,0.0,0.0));
#3612=DIRECTION('',(0.0,-0.861538461538461,-0.507692307692308));
#3613=AXIS2_PLACEMENT_3D('',#3610,#3611,#3612);
#3614=CIRCLE('',#3613,0.051181102362205);
#3615=EDGE_CURVE('',#3609,#3601,#3614,.T.);
#3616=ORIENTED_EDGE('',*,*,#3615,.F.);
#3617=CARTESIAN_POINT('',(-0.010034233654219,0.063603355769604,-0.014893586077365));
#3618=VERTEX_POINT('',#3617);
#3619=CARTESIAN_POINT('',(-0.010028977786129,0.063606584348203,-0.014897091469105));
#3620=CARTESIAN_POINT('',(-0.014675146721101,0.060752476213297,-0.01179798634281));
#3621=CARTESIAN_POINT('',(-0.024239142484299,0.055153780802625,-0.007152370349573));
#3622=CARTESIAN_POINT('',(-0.040546261523997,0.047627240306096,-0.003190846899682));
#3623=CARTESIAN_POINT('',(-0.059336155358275,0.047674606747596,-0.00319373106927));
#3624=CARTESIAN_POINT('',(-0.075724946061608,0.055304344001029,-0.007179236841834));
#3625=CARTESIAN_POINT('',(-0.085298881181746,0.06082206778713,-0.011800739551273));
#3626=CARTESIAN_POINT('',(-0.089953255246779,0.063644062116578,-0.01489468930311));
#3627=B_SPLINE_CURVE_WITH_KNOTS('',3,(#3619,#3620,#3621,#3622,#3623,#3624,#3625,#3626),.UNSPECIFIED.,.F.,.U.,(4,1,1,1,1,4),(-0.354383494004862,-0.301464823898115,-0.255864779682673,-0.210264735467231,-0.164664691251789,-0.111616354407558),.UNSPECIFIED.);
#3628=EDGE_CURVE('',#3618,#3609,#3627,.T.);
#3629=ORIENTED_EDGE('',*,*,#3628,.F.);
#3630=CARTESIAN_POINT('',(-0.01003937007874,0.050787401574803,-0.004836789402706));
#3631=VERTEX_POINT('',#3630);
#3632=CARTESIAN_POINT('',(-0.01003937007874,0.025984251968504,-0.049606299212598));
#3633=DIRECTION('',(-1.0,0.0,0.0));
#3634=DIRECTION('',(0.0,-0.861538461538461,-0.507692307692308));
#3635=AXIS2_PLACEMENT_3D('',#3632,#3633,#3634);
#3636=CIRCLE('',#3635,0.051181102362205);
#3637=EDGE_CURVE('',#3631,#3618,#3636,.T.);
#3638=ORIENTED_EDGE('',*,*,#3637,.F.);
#3639=CARTESIAN_POINT('',(0.01003937007874,0.050787401574803,-0.004836789402706));
#3640=VERTEX_POINT('',#3639);
#3641=CARTESIAN_POINT('',(0.01003937007874,0.050787401574803,-0.004836789402706));
#3642=DIRECTION('',(-1.0,0.0,0.0));
#3643=VECTOR('',#3642,0.02007874015748);
#3644=LINE('',#3641,#3643);
#3645=EDGE_CURVE('',#3640,#3631,#3644,.T.);
#3646=ORIENTED_EDGE('',*,*,#3645,.F.);
#3647=CARTESIAN_POINT('',(0.010046995072717,0.063644382438427,-0.014894775128169));
#3648=VERTEX_POINT('',#3647);
#3649=CARTESIAN_POINT('',(0.01003937007874,0.025984251968504,-0.049606299212598));
#3650=DIRECTION('',(1.0,0.0,0.0));
#3651=DIRECTION('',(0.0,-0.861538461538461,-0.507692307692308));
#3652=AXIS2_PLACEMENT_3D('',#3649,#3650,#3651);
#3653=CIRCLE('',#3652,0.051181102362205);
#3654=EDGE_CURVE('',#3648,#3640,#3653,.T.);
#3655=ORIENTED_EDGE('',*,*,#3654,.F.);
#3656=CARTESIAN_POINT('',(0.089965796298004,0.06360328982882,-0.014893514761202));
#3657=VERTEX_POINT('',#3656);
#3658=CARTESIAN_POINT('',(0.089971074536947,0.063606532198971,-0.014897035119393));
#3659=CARTESIAN_POINT('',(0.085322727888422,0.060751042402397,-0.011796435156784));
#3660=CARTESIAN_POINT('',(0.075754608045912,0.055150042125395,-0.007149559890664));
#3661=CARTESIAN_POINT('',(0.059438796972481,0.047621812207704,-0.003188488772214));
#3662=CARTESIAN_POINT('',(0.040643427828071,0.047680154445261,-0.00319604719376));
#3663=CARTESIAN_POINT('',(0.02426441238707,0.055311309881677,-0.007184106632821));
#3664=CARTESIAN_POINT('',(0.014695877545966,0.060825983291271,-0.011804707963094));
#3665=CARTESIAN_POINT('',(0.010046995072717,0.063644382438427,-0.014894775128169));
#3666=B_SPLINE_CURVE_WITH_KNOTS('',3,(#3658,#3659,#3660,#3661,#3662,#3663,#3664,#3665),.UNSPECIFIED.,.F.,.U.,(4,1,1,1,1,4),(-0.354377548348689,-0.301433119801518,-0.255819999322057,-0.210206878842596,-0.164593758363135,-0.111611601859378),.UNSPECIFIED.);
#3667=EDGE_CURVE('',#3657,#3648,#3666,.T.);
#3668=ORIENTED_EDGE('',*,*,#3667,.F.);
#3669=CARTESIAN_POINT('',(0.08996062992126,0.050787401574803,-0.004836789402706));
#3670=VERTEX_POINT('',#3669);
#3671=CARTESIAN_POINT('',(0.08996062992126,0.025984251968504,-0.049606299212598));
#3672=DIRECTION('',(-1.0,0.0,0.0));
#3673=DIRECTION('',(0.0,-0.861538461538461,-0.507692307692308));
#3674=AXIS2_PLACEMENT_3D('',#3671,#3672,#3673);
#3675=CIRCLE('',#3674,0.051181102362205);
#3676=EDGE_CURVE('',#3670,#3657,#3675,.T.);
#3677=ORIENTED_EDGE('',*,*,#3676,.F.);
#3678=CARTESIAN_POINT('',(0.11003937007874,0.050787401574803,-0.004836789402706));
#3679=VERTEX_POINT('',#3678);
#3680=CARTESIAN_POINT('',(0.11003937007874,0.050787401574803,-0.004836789402706));
#3681=DIRECTION('',(-1.0,0.0,0.0));
#3682=VECTOR('',#3681,0.02007874015748);
#3683=LINE('',#3680,#3682);
#3684=EDGE_CURVE('',#3679,#3670,#3683,.T.);
#3685=ORIENTED_EDGE('',*,*,#3684,.F.);
#3686=CARTESIAN_POINT('',(0.11003937007874,0.061811023244329,-0.013055680900999));
#3687=VERTEX_POINT('',#3686);
#3688=CARTESIAN_POINT('',(0.11003937007874,0.025984251968504,-0.049606299212598));
#3689=DIRECTION('',(1.0,0.0,0.0));
#3690=DIRECTION('',(0.0,-0.861538461538461,-0.507692307692308));
#3691=AXIS2_PLACEMENT_3D('',#3688,#3689,#3690);
#3692=CIRCLE('',#3691,0.051181102362205);
#3693=EDGE_CURVE('',#3687,#3679,#3692,.T.);
#3694=ORIENTED_EDGE('',*,*,#3693,.F.);
#3695=CARTESIAN_POINT('',(0.138628394714548,0.038582512450199,0.000000015844254));
#3696=VERTEX_POINT('',#3695);
#3697=CARTESIAN_POINT('',(0.154133858267717,0.025984251968504,-0.049606299212598));
#3698=DIRECTION('',(-0.630592625094465,-0.776114000116266,0.0));
#3699=DIRECTION('',(-0.776114000116266,0.630592625094465,0.0));
#3700=AXIS2_PLACEMENT_3D('',#3697,#3698,#3699);
#3701=ELLIPSE('',#3700,0.081163496567277,0.051181102362205);
#3702=EDGE_CURVE('',#3696,#3687,#3701,.T.);
#3703=ORIENTED_EDGE('',*,*,#3702,.F.);
#3704=CARTESIAN_POINT('',(-0.138628397133306,0.038582677165354,0.0));
#3705=DIRECTION('',(1.0,0.0,0.0));
#3706=VECTOR('',#3705,0.277256791847854);
#3707=LINE('',#3704,#3706);
#3708=EDGE_CURVE('',#3545,#3696,#3707,.T.);
#3709=ORIENTED_EDGE('',*,*,#3708,.F.);
#3710=EDGE_LOOP('',(#3590,#3599,#3607,#3616,#3629,#3638,#3646,#3655,#3668,#3677,#3685,#3694,#3703,#3709));
#3711=FACE_OUTER_BOUND('',#3710,.T.);
#3712=ADVANCED_FACE('',(#3711),#3589,.F.);
#3713=CARTESIAN_POINT('',(0.1100352436344,0.080265833939303,-0.023629048260795));
#3714=CARTESIAN_POINT('',(0.109358999538512,0.077635575402808,-0.024779971302587));
#3715=CARTESIAN_POINT('',(0.106436736947664,0.073054724849664,-0.025756900251142));
#3716=CARTESIAN_POINT('',(0.101828579122103,0.070591900726477,-0.02449327966282));
#3717=CARTESIAN_POINT('',(0.099857109493655,0.070084110347429,-0.023631162463199));
#3718=CARTESIAN_POINT('',(0.113015957971847,0.076597110397266,-0.018569034729173));
#3719=CARTESIAN_POINT('',(0.112150174831689,0.074282699986169,-0.01972741335468));
#3720=CARTESIAN_POINT('',(0.109321672339193,0.070236577954049,-0.020696173062277));
#3721=CARTESIAN_POINT('',(0.105262665304191,0.067750414342932,-0.01944011111484));
#3722=CARTESIAN_POINT('',(0.103525252663049,0.067103744022296,-0.018571162617882));
#3723=CARTESIAN_POINT('',(0.122057238071105,0.065468598877002,-0.00792120086765));
#3724=CARTESIAN_POINT('',(0.120908023860917,0.06392829198676,-0.008723149099603));
#3725=CARTESIAN_POINT('',(0.118503829263742,0.061230457109257,-0.009346833743134));
#3726=CARTESIAN_POINT('',(0.115807572445821,0.058923779035655,-0.00852452785452));
#3727=CARTESIAN_POINT('',(0.114652341739612,0.058062984147589,-0.007922673979764));
#3728=CARTESIAN_POINT('',(0.134694179368261,0.049913442126321,-0.001607663521316));
#3729=CARTESIAN_POINT('',(0.133894215647843,0.049030601090511,-0.001877874153292));
#3730=CARTESIAN_POINT('',(0.132412536196877,0.047486163002985,-0.002082481752906));
#3731=CARTESIAN_POINT('',(0.130867990434746,0.046025077661645,-0.001810411688055));
#3732=CARTESIAN_POINT('',(0.130206290367227,0.045425400887652,-0.001608159872182));
#3733=CARTESIAN_POINT('',(0.142370514809967,0.040464309349251,0.000204626779416));
#3734=CARTESIAN_POINT('',(0.141871627493845,0.039937572261645,0.000086714616789));
#3735=CARTESIAN_POINT('',(0.140971135852247,0.039016029252952,-0.000002413913724));
#3736=CARTESIAN_POINT('',(0.140049580148867,0.03812246239894,0.000116088449642));
#3737=CARTESIAN_POINT('',(0.139654768788447,0.037748512170411,0.000204410186248));
#3738=B_SPLINE_SURFACE_WITH_KNOTS('',3,3,((#3713,#3718,#3723,#3728,#3733),(#3714,#3719,#3724,#3729,#3734),(#3715,#3720,#3725,#3730,#3735),(#3716,#3721,#3726,#3731,#3736),(#3717,#3722,#3727,#3732,#3737)),.UNSPECIFIED.,.F.,.F.,.F.,(4,1,4),(4,1,4),(-0.000350222501973,0.571428571428571,1.0),(0.532297390806081,0.876515960151669,1.338867025535595),.UNSPECIFIED.);
#3739=CARTESIAN_POINT('',(0.138628482005421,0.038582370181619,-1.899488E-018));
#3740=CARTESIAN_POINT('',(0.139140566415242,0.038582490918939,-1.906595E-018));
#3741=CARTESIAN_POINT('',(0.139623045488065,0.038645123689992,2.208955E-018));
#3742=CARTESIAN_POINT('',(0.140315178734291,0.038906557921736,2.208955E-018));
#3743=CARTESIAN_POINT('',(0.140564922055933,0.039052030872733,-1.020282E-013));
#3744=CARTESIAN_POINT('',(0.140971980075379,0.039434652155462,-1.020282E-013));
#3745=CARTESIAN_POINT('',(0.141122036687172,0.039649366678565,1.120485E-017));
#3746=CARTESIAN_POINT('',(0.141340281723677,0.040111528520316,1.120485E-017));
#3747=CARTESIAN_POINT('',(0.14141094880575,0.040348790965598,7.715591E-016));
#3748=CARTESIAN_POINT('',(0.141514064268089,0.040883879391577,7.715499E-016));
#3749=CARTESIAN_POINT('',(0.141535698396184,0.041190292249774,7.880665E-020));
#3750=CARTESIAN_POINT('',(0.141535740114531,0.041489985335408,6.156858E-020));
#3751=B_SPLINE_CURVE_WITH_KNOTS('',3,(#3739,#3740,#3741,#3742,#3743,#3744,#3745,#3746,#3747,#3748,#3749,#3750),.UNSPECIFIED.,.F.,.U.,(4,2,2,2,2,4),(0.0,0.003902083311296,0.006449294761842,0.008764861241574,0.010899267767423,0.013511950423667),.UNSPECIFIED.);
#3752=EDGE_CURVE('',#3696,#2316,#3751,.T.);
#3753=ORIENTED_EDGE('',*,*,#3752,.F.);
#3754=ORIENTED_EDGE('',*,*,#3702,.T.);
#3755=CARTESIAN_POINT('',(0.11003937007874,0.061811612957223,-0.013055079062407));
#3756=CARTESIAN_POINT('',(0.11003937007874,0.06401099113571,-0.015209388901754));
#3757=CARTESIAN_POINT('',(0.110039370078739,0.066892150352369,-0.01762229076034));
#3758=CARTESIAN_POINT('',(0.110039370078739,0.07166335865556,-0.020674232047498));
#3759=CARTESIAN_POINT('',(0.11003937007874,0.073419636744785,-0.021653315143249));
#3760=CARTESIAN_POINT('',(0.11003937007874,0.076929466298624,-0.023131208907829));
#3761=CARTESIAN_POINT('',(0.11003937007874,0.078677095206084,-0.023622047244095));
#3762=CARTESIAN_POINT('',(0.11003937007874,0.080254391278013,-0.023622047244094));
#3763=B_SPLINE_CURVE_WITH_KNOTS('',3,(#3755,#3756,#3757,#3758,#3759,#3760,#3761,#3762),.UNSPECIFIED.,.F.,.U.,(4,2,2,4),(0.000000824941676,0.00923647689897,0.013867801134201,0.018591240405603),.UNSPECIFIED.);
#3764=EDGE_CURVE('',#3687,#2324,#3763,.T.);
#3765=ORIENTED_EDGE('',*,*,#3764,.T.);
#3766=ORIENTED_EDGE('',*,*,#2330,.T.);
#3767=EDGE_LOOP('',(#3753,#3754,#3765,#3766));
#3768=FACE_OUTER_BOUND('',#3767,.T.);
#3769=ADVANCED_FACE('',(#3768),#3738,.F.);
#3770=CARTESIAN_POINT('',(0.010027677701227,0.079430514532248,-0.023636660137259));
#3771=CARTESIAN_POINT('',(0.009268598143931,0.076934062984615,-0.024587318557485));
#3772=CARTESIAN_POINT('',(0.006550673171675,0.072581592799984,-0.025129620676478));
#3773=CARTESIAN_POINT('',(0.002524946913461,0.070025383303986,-0.023505507663139));
#3774=CARTESIAN_POINT('',(0.000802070123475,0.069406680802856,-0.022513900196444));
#3775=CARTESIAN_POINT('',(0.015513284747316,0.074162249605999,-0.016776016579737));
#3776=CARTESIAN_POINT('',(0.014552897133096,0.072102982624312,-0.017631181912785));
#3777=CARTESIAN_POINT('',(0.012080574286601,0.068493861746069,-0.018090980881268));
#3778=CARTESIAN_POINT('',(0.008910883636611,0.065929055228242,-0.016587291447215));
#3779=CARTESIAN_POINT('',(0.007553261872227,0.065126681283022,-0.01565313146041));
#3780=CARTESIAN_POINT('',(0.025579708660025,0.064559204927017,-0.009359859114574));
#3781=CARTESIAN_POINT('',(0.02465872043443,0.06306388242232,-0.009750847530665));
#3782=CARTESIAN_POINT('',(0.022823811498057,0.060440126795864,-0.009835004975254));
#3783=CARTESIAN_POINT('',(0.020806920012511,0.05818409410199,-0.0088385937788));
#3784=CARTESIAN_POINT('',(0.019942770496933,0.057324808258484,-0.00823636553045));
#3785=CARTESIAN_POINT('',(0.042398209979542,0.052688190309032,-0.004320063470654));
#3786=CARTESIAN_POINT('',(0.042074171205873,0.051704983956342,-0.004312300243692));
#3787=CARTESIAN_POINT('',(0.041494201400198,0.049976456368445,-0.004102838263918));
#3788=CARTESIAN_POINT('',(0.040898644582164,0.048350438603272,-0.003510264249391));
#3789=CARTESIAN_POINT('',(0.040643427828071,0.047680154445261,-0.00319604719376));
#3790=CARTESIAN_POINT('',(0.05766859409424,0.05261638141671,-0.004312507245103));
#3791=CARTESIAN_POINT('',(0.057995360773491,0.051635510127415,-0.00430306851122));
#3792=CARTESIAN_POINT('',(0.058579981936439,0.049910619868059,-0.004093283739351));
#3793=CARTESIAN_POINT('',(0.059181165341294,0.048289801334897,-0.003501700844581));
#3794=CARTESIAN_POINT('',(0.059438796972481,0.047621812207704,-0.003188488772214));
#3795=CARTESIAN_POINT('',(0.07441453069474,0.064321927673123,-0.009315907842018));
#3796=CARTESIAN_POINT('',(0.075334987566592,0.062835651496817,-0.009701625455916));
#3797=CARTESIAN_POINT('',(0.07716876814375,0.060228424236469,-0.009780488937699));
#3798=CARTESIAN_POINT('',(0.079185880540851,0.057985932775534,-0.00879052314428));
#3799=CARTESIAN_POINT('',(0.08005013862062,0.057132030127054,-0.008192407348344));
#3800=CARTESIAN_POINT('',(0.08449528322598,0.074169496476612,-0.016786110793404));
#3801=CARTESIAN_POINT('',(0.085455307640386,0.072109554893833,-0.017641504048203));
#3802=CARTESIAN_POINT('',(0.087927972282595,0.068499257834749,-0.018101534010114));
#3803=CARTESIAN_POINT('',(0.091099063315134,0.065934584215308,-0.016597536033703));
#3804=CARTESIAN_POINT('',(0.092457282739964,0.065132568646734,-0.015663225972863));
#3805=CARTESIAN_POINT('',(0.089972322550099,0.079430509926863,-0.023636655563018));
#3806=CARTESIAN_POINT('',(0.090731432853703,0.076934070813458,-0.024587298481813));
#3807=CARTESIAN_POINT('',(0.093449313208141,0.072581577278525,-0.025129626187776));
#3808=CARTESIAN_POINT('',(0.097475048654936,0.070025387390177,-0.023505503106678));
#3809=CARTESIAN_POINT('',(0.099197930235425,0.069406677074215,-0.022513895601895));
#3810=B_SPLINE_SURFACE_WITH_KNOTS('',3,3,((#3770,#3775,#3780,#3785,#3790,#3795,#3800,#3805),(#3771,#3776,#3781,#3786,#3791,#3796,#3801,#3806),(#3772,#3777,#3782,#3787,#3792,#3797,#3802,#3807),(#3773,#3778,#3783,#3788,#3793,#3798,#3803,#3808),(#3774,#3779,#3784,#3789,#3794,#3799,#3804,#3809)),.UNSPECIFIED.,.F.,.F.,.U.,(4,1,4),(4,1,1,1,1,4),(-0.000249852958749,0.571428571428571,1.0),(0.073561875755326,0.164593758363135,0.210206878842596,0.255819999322057,0.301433119801518,0.392333952480386),.UNSPECIFIED.);
#3811=CARTESIAN_POINT('',(0.010039370158065,0.079415056495796,-0.023622044884842));
#3812=VERTEX_POINT('',#3811);
#3813=CARTESIAN_POINT('',(0.01003937007874,0.063649005252162,-0.014899844226169));
#3814=CARTESIAN_POINT('',(0.01003937007874,0.065442873416166,-0.0168645957692));
#3815=CARTESIAN_POINT('',(0.010039370078738,0.067803228698,-0.01893294653424));
#3816=CARTESIAN_POINT('',(0.010039370078738,0.071937935312477,-0.021447688005559));
#3817=CARTESIAN_POINT('',(0.01003937007874,0.073433254171895,-0.022197943004171));
#3818=CARTESIAN_POINT('',(0.01003937007874,0.076361570304237,-0.023250831683469));
#3819=CARTESIAN_POINT('',(0.01003937007874,0.07791190685059,-0.023621925699209));
#3820=CARTESIAN_POINT('',(0.01003937007874,0.07941505649596,-0.023622042786336));
#3821=B_SPLINE_CURVE_WITH_KNOTS('',3,(#3813,#3814,#3815,#3816,#3817,#3818,#3819,#3820),.UNSPECIFIED.,.F.,.U.,(4,2,2,4),(0.0,0.007981052416621,0.011971189201874,0.015701746924279),.UNSPECIFIED.);
#3822=EDGE_CURVE('',#3648,#3812,#3821,.T.);
#3823=ORIENTED_EDGE('',*,*,#3822,.T.);
#3824=CARTESIAN_POINT('',(0.089960629904212,0.079415051223187,-0.023622041802425));
#3825=VERTEX_POINT('',#3824);
#3826=CARTESIAN_POINT('',(0.010039371623548,0.079415057330111,-0.023622045313716));
#3827=CARTESIAN_POINT('',(0.015522863769616,0.074149687153463,-0.016769919992711));
#3828=CARTESIAN_POINT('',(0.022200046883299,0.067757874916032,-0.011793221522272));
#3829=CARTESIAN_POINT('',(0.033968192995401,0.058628401959259,-0.006808526637342));
#3830=CARTESIAN_POINT('',(0.0381860521792,0.055657651564963,-0.005581221510093));
#3831=CARTESIAN_POINT('',(0.047483396572337,0.05266296589372,-0.00426666143818));
#3832=CARTESIAN_POINT('',(0.052584112608569,0.052639030616774,-0.004270934530775));
#3833=CARTESIAN_POINT('',(0.06186006101324,0.055546544546492,-0.005593078560673));
#3834=CARTESIAN_POINT('',(0.066057173850805,0.058477993753157,-0.006817658171499));
#3835=CARTESIAN_POINT('',(0.077787414065325,0.067605382080262,-0.011791132920895));
#3836=CARTESIAN_POINT('',(0.084485364560346,0.074156671644588,-0.016780202621512));
#3837=CARTESIAN_POINT('',(0.089960627059869,0.07941505166578,-0.023622043668524));
#3838=B_SPLINE_CURVE_WITH_KNOTS('',3,(#3826,#3827,#3828,#3829,#3830,#3831,#3832,#3833,#3834,#3835,#3836,#3837),.UNSPECIFIED.,.F.,.U.,(4,2,2,2,2,4),(0.073632048603689,0.164593756469036,0.210206873777823,0.255819991086611,0.301433108395398,0.392263779630537),.UNSPECIFIED.);
#3839=EDGE_CURVE('',#3812,#3825,#3838,.T.);
#3840=ORIENTED_EDGE('',*,*,#3839,.T.);
#3841=CARTESIAN_POINT('',(0.08996062992126,0.079415051223847,-0.023622036374374));
#3842=CARTESIAN_POINT('',(0.08996062992126,0.077913262624124,-0.023621853640998));
#3843=CARTESIAN_POINT('',(0.08996062992126,0.076364054855143,-0.023251290434657));
#3844=CARTESIAN_POINT('',(0.08996062992126,0.073435547675714,-0.022200543384443));
#3845=CARTESIAN_POINT('',(0.089960629921262,0.0719379486697,-0.021451035135791));
#3846=CARTESIAN_POINT('',(0.089960629921262,0.0677891059773,-0.018936735073081));
#3847=CARTESIAN_POINT('',(0.08996062992126,0.065414286988021,-0.01686584898456));
#3848=CARTESIAN_POINT('',(0.08996062992126,0.063608418312618,-0.014899115003778));
#3849=B_SPLINE_CURVE_WITH_KNOTS('',3,(#3841,#3842,#3843,#3844,#3845,#3846,#3847,#3848),.UNSPECIFIED.,.F.,.U.,(4,2,2,4),(0.000000999513439,0.004506128516601,0.009333246509053,0.019014423301967),.UNSPECIFIED.);
#3850=EDGE_CURVE('',#3825,#3657,#3849,.T.);
#3851=ORIENTED_EDGE('',*,*,#3850,.T.);
#3852=ORIENTED_EDGE('',*,*,#3667,.T.);
#3853=EDGE_LOOP('',(#3823,#3840,#3851,#3852));
#3854=FACE_OUTER_BOUND('',#3853,.T.);
#3855=ADVANCED_FACE('',(#3854),#3810,.F.);
#3856=CARTESIAN_POINT('',(0.05,0.048333093152157,-0.05560099806032));
#3857=DIRECTION('',(0.0,1.0,0.0));
#3858=DIRECTION('',(0.0,0.0,-1.0));
#3859=AXIS2_PLACEMENT_3D('',#3856,#3857,#3858);
#3860=CYLINDRICAL_SURFACE('',#3859,0.051181102362205);
#3861=ORIENTED_EDGE('',*,*,#3839,.F.);
#3862=CARTESIAN_POINT('',(0.010039370095997,0.12058494868006,-0.023622041823375));
#3863=VERTEX_POINT('',#3862);
#3864=CARTESIAN_POINT('',(0.01003937007874,0.12058494868006,-0.023622047244095));
#3865=DIRECTION('',(0.0,-1.0,0.0));
#3866=VECTOR('',#3865,0.041169892184264);
#3867=LINE('',#3864,#3866);
#3868=EDGE_CURVE('',#3863,#3812,#3867,.T.);
#3869=ORIENTED_EDGE('',*,*,#3868,.F.);
#3870=CARTESIAN_POINT('',(0.08996062988487,0.120584943965539,-0.023622046230575));
#3871=VERTEX_POINT('',#3870);
#3872=CARTESIAN_POINT('',(0.08996062924883,0.120584943589124,-0.023622046403832));
#3873=CARTESIAN_POINT('',(0.084472802471359,0.125854708455541,-0.016764504180685));
#3874=CARTESIAN_POINT('',(0.077792645622943,0.132245677481651,-0.011787162448168));
#3875=CARTESIAN_POINT('',(0.066016735880292,0.141373646429094,-0.006803631887506));
#3876=CARTESIAN_POINT('',(0.061798138229688,0.144342482718874,-0.005577529216903));
#3877=CARTESIAN_POINT('',(0.052501213992214,0.147331551555106,-0.004265947369976));
#3878=CARTESIAN_POINT('',(0.047401715756878,0.147351784101558,-0.004271761998749));
#3879=CARTESIAN_POINT('',(0.038128532654494,0.144441631340535,-0.005595900132837));
#3880=CARTESIAN_POINT('',(0.033932962743647,0.141511246033061,-0.006821031302796));
#3881=CARTESIAN_POINT('',(0.022207560608038,0.132388357724692,-0.011794876786503));
#3882=CARTESIAN_POINT('',(0.015513062209776,0.125841803999588,-0.016782168511717));
#3883=CARTESIAN_POINT('',(0.0100393729302,0.120584948237269,-0.023622043680934));
#3884=B_SPLINE_CURVE_WITH_KNOTS('',3,(#3872,#3873,#3874,#3875,#3876,#3877,#3878,#3879,#3880,#3881,#3882,#3883),.UNSPECIFIED.,.F.,.U.,(4,2,2,2,2,4),(0.073637541938439,0.164664687596397,0.21026472903174,0.255864770467083,0.301464811902426,0.392269330897391),.UNSPECIFIED.);
#3885=EDGE_CURVE('',#3871,#3863,#3884,.T.);
#3886=ORIENTED_EDGE('',*,*,#3885,.F.);
#3887=CARTESIAN_POINT('',(0.08996062992126,0.079415051223187,-0.023622047244095));
#3888=DIRECTION('',(0.0,1.0,0.0));
#3889=VECTOR('',#3888,0.041169892742352);
#3890=LINE('',#3887,#3889);
#3891=EDGE_CURVE('',#3825,#3871,#3890,.T.);
#3892=ORIENTED_EDGE('',*,*,#3891,.F.);
#3893=EDGE_LOOP('',(#3861,#3869,#3886,#3892));
#3894=FACE_OUTER_BOUND('',#3893,.T.);
#3895=ADVANCED_FACE('',(#3894),#3860,.F.);
#3896=CARTESIAN_POINT('',(-0.089972344360369,0.079430531402871,-0.023636689411208));
#3897=CARTESIAN_POINT('',(-0.090731401799774,0.076934070523409,-0.024587358363766));
#3898=CARTESIAN_POINT('',(-0.093449358110664,0.07258161469379,-0.025129643136112));
#3899=CARTESIAN_POINT('',(-0.097475080938871,0.070025393033576,-0.023505536136816));
#3900=CARTESIAN_POINT('',(-0.099197955868701,0.069406696940419,-0.022513928341215));
#3901=CARTESIAN_POINT('',(-0.084482223222417,0.074157843370973,-0.016770741090252));
#3902=CARTESIAN_POINT('',(-0.085442804646734,0.072098956692723,-0.017625753260238));
#3903=CARTESIAN_POINT('',(-0.08791495055074,0.068490505943037,-0.018085394604891));
#3904=CARTESIAN_POINT('',(-0.091083901956181,0.065925657499256,-0.016581910533486));
#3905=CARTESIAN_POINT('',(-0.092441208364857,0.065123103634632,-0.01564785474219));
#3906=CARTESIAN_POINT('',(-0.074412708899848,0.064549440065598,-0.009354007362876));
#3907=CARTESIAN_POINT('',(-0.075333609842791,0.063054601650085,-0.009744576798747));
#3908=CARTESIAN_POINT('',(-0.077168018000864,0.060431701714563,-0.009828407315923));
#3909=CARTESIAN_POINT('',(-0.079184095050844,0.058176098394359,-0.008832437499491));
#3910=CARTESIAN_POINT('',(-0.080047895764413,0.057316876285398,-0.008230512760046));
#3911=CARTESIAN_POINT('',(-0.057585202649149,0.052681360824191,-0.004317747597863));
#3912=CARTESIAN_POINT('',(-0.057908554416547,0.051698434218191,-0.00430978496008));
#3913=CARTESIAN_POINT('',(-0.058487274238943,0.049970405893821,-0.004100165131603));
#3914=CARTESIAN_POINT('',(-0.059081506308013,0.048344761247089,-0.003507801087698));
#3915=CARTESIAN_POINT('',(-0.059336155358275,0.047674606747596,-0.00319373106927));
#3916=CARTESIAN_POINT('',(-0.042319266192348,0.052623061326398,-0.004314865100649));
#3917=CARTESIAN_POINT('',(-0.041992002326045,0.051641920412374,-0.004305625243597));
#3918=CARTESIAN_POINT('',(-0.041406465843598,0.049916564755055,-0.004095977415581));
#3919=CARTESIAN_POINT('',(-0.040804309963691,0.048295363008089,-0.003504201254834));
#3920=CARTESIAN_POINT('',(-0.040546261523997,0.047627240306096,-0.003190846899682));
#3921=CARTESIAN_POINT('',(-0.025581019380756,0.06432684054446,-0.009319205457644));
#3922=CARTESIAN_POINT('',(-0.024660527628525,0.062840306007883,-0.009705152546674));
#3923=CARTESIAN_POINT('',(-0.022826458015857,0.060232632958287,-0.009784186271417));
#3924=CARTESIAN_POINT('',(-0.020808854443488,0.0579899375286,-0.00879398376203));
#3925=CARTESIAN_POINT('',(-0.019944385855895,0.057136023012773,-0.008195704800838));
#3926=CARTESIAN_POINT('',(-0.015503137726161,0.074171012542048,-0.01678808020886));
#3927=CARTESIAN_POINT('',(-0.01454317071635,0.072110946236134,-0.017643500494225));
#3928=CARTESIAN_POINT('',(-0.012070436035819,0.068500436209585,-0.018103554543914));
#3929=CARTESIAN_POINT('',(-0.008899099597192,0.065935765544882,-0.01659952126944));
#3930=CARTESIAN_POINT('',(-0.007540775331004,0.065133802330613,-0.01566519439531));
#3931=CARTESIAN_POINT('',(-0.010027656345994,0.079430526330303,-0.023636681977832));
#3932=CARTESIAN_POINT('',(-0.00926854645079,0.076934086615856,-0.024587324351485));
#3933=CARTESIAN_POINT('',(-0.006550665943498,0.07258159118859,-0.025129652430407));
#3934=CARTESIAN_POINT('',(-0.002524927841363,0.070025402481683,-0.023505528588668));
#3935=CARTESIAN_POINT('',(-0.000802044916165,0.069406692841464,-0.022513920873052));
#3936=B_SPLINE_SURFACE_WITH_KNOTS('',3,3,((#3896,#3901,#3906,#3911,#3916,#3921,#3926,#3931),(#3897,#3902,#3907,#3912,#3917,#3922,#3927,#3932),(#3898,#3903,#3908,#3913,#3918,#3923,#3928,#3933),(#3899,#3904,#3909,#3914,#3919,#3924,#3929,#3934),(#3900,#3905,#3910,#3915,#3920,#3925,#3930,#3935)),.UNSPECIFIED.,.F.,.F.,.U.,(4,1,4),(4,1,1,1,1,4),(-0.000249623616734,0.571428571428571,1.0),(0.0735672574082,0.164664691251789,0.210264735467231,0.255864779682673,0.301464823898115,0.392339615622662),.UNSPECIFIED.);
#3937=CARTESIAN_POINT('',(-0.08996062992126,0.063648533585873,-0.014899592330348));
#3938=CARTESIAN_POINT('',(-0.08996062992126,0.0654426958985,-0.01686459287018));
#3939=CARTESIAN_POINT('',(-0.089960629921262,0.06780323995784,-0.018932944288429));
#3940=CARTESIAN_POINT('',(-0.089960629921262,0.071937793131181,-0.021447634991801));
#3941=CARTESIAN_POINT('',(-0.08996062992126,0.073433159744657,-0.022197942236915));
#3942=CARTESIAN_POINT('',(-0.08996062992126,0.076361535944197,-0.023250873145639));
#3943=CARTESIAN_POINT('',(-0.08996062992126,0.077911884739349,-0.023621968156375));
#3944=CARTESIAN_POINT('',(-0.08996062992126,0.07941505601186,-0.023622045322231));
#3945=B_SPLINE_CURVE_WITH_KNOTS('',3,(#3937,#3938,#3939,#3940,#3941,#3942,#3943,#3944),.UNSPECIFIED.,.F.,.U.,(4,2,2,4),(0.0,0.007982198792534,0.01197327331836,0.015704643376432),.UNSPECIFIED.);
#3946=EDGE_CURVE('',#3609,#3493,#3945,.T.);
#3947=ORIENTED_EDGE('',*,*,#3946,.T.);
#3948=ORIENTED_EDGE('',*,*,#3507,.T.);
#3949=CARTESIAN_POINT('',(-0.01003937007874,0.07941505123987,-0.02362203639971));
#3950=CARTESIAN_POINT('',(-0.01003937007874,0.07791325459174,-0.023621853914826));
#3951=CARTESIAN_POINT('',(-0.01003937007874,0.076364035490209,-0.023251289010397));
#3952=CARTESIAN_POINT('',(-0.01003937007874,0.073435518594309,-0.022200541272508));
#3953=CARTESIAN_POINT('',(-0.010039370078738,0.071937919247217,-0.021451035431648));
#3954=CARTESIAN_POINT('',(-0.010039370078738,0.067789073395503,-0.018936732514273));
#3955=CARTESIAN_POINT('',(-0.01003937007874,0.065414285450754,-0.016865854691707));
#3956=CARTESIAN_POINT('',(-0.01003937007874,0.063608454575047,-0.014899153915956));
#3957=B_SPLINE_CURVE_WITH_KNOTS('',3,(#3949,#3950,#3951,#3952,#3953,#3954,#3955,#3956),.UNSPECIFIED.,.F.,.U.,(4,2,2,4),(0.000000999514435,0.004506152661559,0.009333274346553,0.019014450587791),.UNSPECIFIED.);
#3958=EDGE_CURVE('',#3485,#3618,#3957,.T.);
#3959=ORIENTED_EDGE('',*,*,#3958,.T.);
#3960=ORIENTED_EDGE('',*,*,#3628,.T.);
#3961=EDGE_LOOP('',(#3947,#3948,#3959,#3960));
#3962=FACE_OUTER_BOUND('',#3961,.T.);
#3963=ADVANCED_FACE('',(#3962),#3936,.F.);
#3964=CARTESIAN_POINT('',(0.089973680435939,0.120568006484497,-0.023638360301356));
#3965=CARTESIAN_POINT('',(0.090732671842663,0.123064623827557,-0.024589094689827));
#3966=CARTESIAN_POINT('',(0.093450882857064,0.127417095848344,-0.025131139792706));
#3967=CARTESIAN_POINT('',(0.097476685307769,0.129973577801254,-0.023507274243113));
#3968=CARTESIAN_POINT('',(0.099199652008451,0.130592227736882,-0.022515652002228));
#3969=CARTESIAN_POINT('',(0.084483294326403,0.125840957101545,-0.016771525601522));
#3970=CARTESIAN_POINT('',(0.085443881134944,0.127899945328852,-0.017626627755456));
#3971=CARTESIAN_POINT('',(0.087916294686193,0.131508322047081,-0.018086050182659));
#3972=CARTESIAN_POINT('',(0.091085230657361,0.134073467098368,-0.016582780392554));
#3973=CARTESIAN_POINT('',(0.092442592237794,0.134876014619068,-0.015648686756187));
#3974=CARTESIAN_POINT('',(0.074414341276997,0.135440119299349,-0.009357621629869));
#3975=CARTESIAN_POINT('',(0.075335294221034,0.136935420192951,-0.009748455660551));
#3976=CARTESIAN_POINT('',(0.07716970624627,0.139559920725884,-0.009833897805213));
#3977=CARTESIAN_POINT('',(0.07918604679556,0.141815495237623,-0.008836663703614));
#3978=CARTESIAN_POINT('',(0.080049967785536,0.142674708557616,-0.008234149028335));
#3979=CARTESIAN_POINT('',(0.057584769020943,0.147309976421407,-0.004320872500873));
#3980=CARTESIAN_POINT('',(0.057908110936596,0.148293266018173,-0.004313033722137));
#3981=CARTESIAN_POINT('',(0.058486809943157,0.150022774149969,-0.004105051301327));
#3982=CARTESIAN_POINT('',(0.059081002722877,0.151648266974507,-0.003511461283343));
#3983=CARTESIAN_POINT('',(0.059335643712901,0.152318399450437,-0.003196855694853));
#3984=CARTESIAN_POINT('',(0.042318920511009,0.147370676619279,-0.004317443032791));
#3985=CARTESIAN_POINT('',(0.041991620482068,0.148352092295941,-0.004308285884698));
#3986=CARTESIAN_POINT('',(0.041406068340468,0.150078700619219,-0.00410010973446));
#3987=CARTESIAN_POINT('',(0.040803884897032,0.151699663041207,-0.003507251046709));
#3988=CARTESIAN_POINT('',(0.040545813674875,0.152367716282413,-0.003193424427419));
#3989=CARTESIAN_POINT('',(0.025578901596569,0.135668860005862,-0.009321698188169));
#3990=CARTESIAN_POINT('',(0.024658315110453,0.13715562261253,-0.009707747318585));
#3991=CARTESIAN_POINT('',(0.022824298635313,0.139764596803897,-0.009788444529499));
#3992=CARTESIAN_POINT('',(0.020806346645729,0.142006806632533,-0.008797013751769));
#3993=CARTESIAN_POINT('',(0.019941716366884,0.142860550909217,-0.008198219054618));
#3994=CARTESIAN_POINT('',(0.015502058396021,0.125827756223,-0.01678887778326));
#3995=CARTESIAN_POINT('',(0.014542085817625,0.127887925518801,-0.017644388699787));
#3996=CARTESIAN_POINT('',(0.012069083414284,0.131498366874,-0.018104230124676));
#3997=CARTESIAN_POINT('',(0.008897761441631,0.134063333631448,-0.016600406246827));
#3998=CARTESIAN_POINT('',(0.007539381375133,0.134865290215513,-0.015666039495944));
#3999=CARTESIAN_POINT('',(0.010026320582724,0.120568011599015,-0.023638352730856));
#4000=CARTESIAN_POINT('',(0.009267276669658,0.12306460774311,-0.024589060488233));
#4001=CARTESIAN_POINT('',(0.006549140552797,0.127417118183237,-0.025131148183797));
#4002=CARTESIAN_POINT('',(0.002523323824637,0.129973568350453,-0.023507266533966));
#4003=CARTESIAN_POINT('',(0.000800349157125,0.130592231868932,-0.022515644395397));
#4004=B_SPLINE_SURFACE_WITH_KNOTS('',3,3,((#3964,#3969,#3974,#3979,#3984,#3989,#3994,#3999),(#3965,#3970,#3975,#3980,#3985,#3990,#3995,#4000),(#3966,#3971,#3976,#3981,#3986,#3991,#3996,#4001),(#3967,#3972,#3977,#3982,#3987,#3992,#3997,#4002),(#3968,#3973,#3978,#3983,#3988,#3993,#3998,#4003)),.UNSPECIFIED.,.F.,.F.,.U.,(4,1,4),(4,1,1,1,1,4),(-0.000260194692752,0.571428571428571,1.0),(0.073559634578082,0.1646646912518,0.210264735467242,0.255864779682684,0.301464823898126,0.392347238259576),.UNSPECIFIED.);
#4005=CARTESIAN_POINT('',(0.08996062992126,0.136349512163551,-0.014900316753614));
#4006=CARTESIAN_POINT('',(0.08996062992126,0.134553946364593,-0.016867369949513));
#4007=CARTESIAN_POINT('',(0.089960629921262,0.132193637162224,-0.018934495303316));
#4008=CARTESIAN_POINT('',(0.089960629921262,0.128061772879033,-0.021447592691831));
#4009=CARTESIAN_POINT('',(0.08996062992126,0.126566533739718,-0.022197879021752));
#4010=CARTESIAN_POINT('',(0.08996062992126,0.123638378245191,-0.023250834910247));
#4011=CARTESIAN_POINT('',(0.08996062992126,0.122088076711379,-0.023621968525983));
#4012=CARTESIAN_POINT('',(0.08996062992126,0.120584943965493,-0.023622045338041));
#4013=B_SPLINE_CURVE_WITH_KNOTS('',3,(#4005,#4006,#4007,#4008,#4009,#4010,#4011,#4012),.UNSPECIFIED.,.F.,.U.,(4,2,2,4),(0.0,0.007989584820019,0.011987551040005,0.015725640174543),.UNSPECIFIED.);
#4014=EDGE_CURVE('',#3282,#3871,#4013,.T.);
#4015=ORIENTED_EDGE('',*,*,#4014,.T.);
#4016=ORIENTED_EDGE('',*,*,#3885,.T.);
#4017=CARTESIAN_POINT('',(0.01003937007874,0.120584948679404,-0.023622036417277));
#4018=CARTESIAN_POINT('',(0.01003937007874,0.122086797740004,-0.023621854098627));
#4019=CARTESIAN_POINT('',(0.01003937007874,0.123636072658448,-0.023251198767025));
#4020=CARTESIAN_POINT('',(0.01003937007874,0.126564596727442,-0.022200320213638));
#4021=CARTESIAN_POINT('',(0.010039370078738,0.128062246167131,-0.021450741036968));
#4022=CARTESIAN_POINT('',(0.010039370078738,0.132208683364291,-0.01893791567986));
#4023=CARTESIAN_POINT('',(0.01003937007874,0.13458357813686,-0.016868188587263));
#4024=CARTESIAN_POINT('',(0.01003937007874,0.136391225950761,-0.014899188536802));
#4025=B_SPLINE_CURVE_WITH_KNOTS('',3,(#4017,#4018,#4019,#4020,#4021,#4022,#4023,#4024),.UNSPECIFIED.,.F.,.U.,(4,2,2,4),(0.000000999513636,0.004506309790212,0.009333472224525,0.019006439670916),.UNSPECIFIED.);
#4026=EDGE_CURVE('',#3863,#3291,#4025,.T.);
#4027=ORIENTED_EDGE('',*,*,#4026,.T.);
#4028=ORIENTED_EDGE('',*,*,#3301,.T.);
#4029=EDGE_LOOP('',(#4015,#4016,#4027,#4028));
#4030=FACE_OUTER_BOUND('',#4029,.T.);
#4031=ADVANCED_FACE('',(#4030),#4004,.F.);
#4032=CARTESIAN_POINT('',(0.11003937007874,0.154133858267717,-0.169246349506243));
#4033=DIRECTION('',(1.0,0.0,0.0));
#4034=DIRECTION('',(0.0,0.0,-1.0));
#4035=AXIS2_PLACEMENT_3D('',#4032,#4033,#4034);
#4036=PLANE('',#4035);
#4037=ORIENTED_EDGE('',*,*,#3693,.T.);
#4038=CARTESIAN_POINT('',(0.11003937007874,0.050787401574803,-0.004836789402706));
#4039=DIRECTION('',(0.0,0.0,-1.0));
#4040=VECTOR('',#4039,0.022722265715404);
#4041=LINE('',#4038,#4040);
#4042=EDGE_CURVE('',#3679,#3166,#4041,.T.);
#4043=ORIENTED_EDGE('',*,*,#4042,.T.);
#4044=ORIENTED_EDGE('',*,*,#3171,.T.);
#4045=ORIENTED_EDGE('',*,*,#2989,.T.);
#4046=ORIENTED_EDGE('',*,*,#3027,.T.);
#4047=ORIENTED_EDGE('',*,*,#3058,.T.);
#4048=ORIENTED_EDGE('',*,*,#3091,.T.);
#4049=ORIENTED_EDGE('',*,*,#3122,.T.);
#4050=ORIENTED_EDGE('',*,*,#3154,.T.);
#4051=CARTESIAN_POINT('',(0.11003937007874,0.149212598425197,-0.004836789402706));
#4052=DIRECTION('',(0.0,0.0,-1.0));
#4053=VECTOR('',#4052,0.022722265715404);
#4054=LINE('',#4051,#4053);
#4055=EDGE_CURVE('',#3265,#3143,#4054,.T.);
#4056=ORIENTED_EDGE('',*,*,#4055,.F.);
#4057=ORIENTED_EDGE('',*,*,#3271,.T.);
#4058=ORIENTED_EDGE('',*,*,#3237,.F.);
#4059=ORIENTED_EDGE('',*,*,#2338,.T.);
#4060=ORIENTED_EDGE('',*,*,#3764,.F.);
#4061=EDGE_LOOP('',(#4037,#4043,#4044,#4045,#4046,#4047,#4048,#4049,#4050,#4056,#4057,#4058,#4059,#4060));
#4062=FACE_OUTER_BOUND('',#4061,.T.);
#4063=ADVANCED_FACE('',(#4062),#4036,.T.);
#4064=CARTESIAN_POINT('',(0.111043307086614,0.050787401574803,-0.02869516840388));
#4065=DIRECTION('',(0.0,-1.0,0.0));
#4066=DIRECTION('',(0.0,0.0,-1.0));
#4067=AXIS2_PLACEMENT_3D('',#4064,#4065,#4066);
#4068=PLANE('',#4067);
#4069=ORIENTED_EDGE('',*,*,#3684,.T.);
#4070=CARTESIAN_POINT('',(0.08996062992126,0.050787401574803,-0.004836789402706));
#4071=DIRECTION('',(0.0,0.0,-1.0));
#4072=VECTOR('',#4071,0.022722265715404);
#4073=LINE('',#4070,#4072);
#4074=EDGE_CURVE('',#3670,#3174,#4073,.T.);
#4075=ORIENTED_EDGE('',*,*,#4074,.T.);
#4076=ORIENTED_EDGE('',*,*,#3179,.T.);
#4077=ORIENTED_EDGE('',*,*,#4042,.F.);
#4078=EDGE_LOOP('',(#4069,#4075,#4076,#4077));
#4079=FACE_OUTER_BOUND('',#4078,.T.);
#4080=ADVANCED_FACE('',(#4079),#4068,.T.);
#4081=CARTESIAN_POINT('',(0.08996062992126,0.154133858267717,0.002992237268891));
#4082=DIRECTION('',(-1.0,0.0,0.0));
#4083=DIRECTION('',(0.0,0.0,1.0));
#4084=AXIS2_PLACEMENT_3D('',#4081,#4082,#4083);
#4085=PLANE('',#4084);
#4086=ORIENTED_EDGE('',*,*,#3676,.T.);
#4087=ORIENTED_EDGE('',*,*,#3850,.F.);
#4088=ORIENTED_EDGE('',*,*,#3891,.T.);
#4089=ORIENTED_EDGE('',*,*,#4014,.F.);
#4090=ORIENTED_EDGE('',*,*,#3288,.T.);
#4091=CARTESIAN_POINT('',(0.08996062992126,0.149212598425197,-0.004836789402706));
#4092=DIRECTION('',(0.0,0.0,-1.0));
#4093=VECTOR('',#4092,0.022722265715404);
#4094=LINE('',#4091,#4093);
#4095=EDGE_CURVE('',#3274,#3135,#4094,.T.);
#4096=ORIENTED_EDGE('',*,*,#4095,.T.);
#4097=ORIENTED_EDGE('',*,*,#3140,.T.);
#4098=ORIENTED_EDGE('',*,*,#3108,.F.);
#4099=ORIENTED_EDGE('',*,*,#3076,.F.);
#4100=ORIENTED_EDGE('',*,*,#3044,.F.);
#4101=ORIENTED_EDGE('',*,*,#3012,.F.);
#4102=ORIENTED_EDGE('',*,*,#2973,.F.);
#4103=ORIENTED_EDGE('',*,*,#3185,.T.);
#4104=ORIENTED_EDGE('',*,*,#4074,.F.);
#4105=EDGE_LOOP('',(#4086,#4087,#4088,#4089,#4090,#4096,#4097,#4098,#4099,#4100,#4101,#4102,#4103,#4104));
#4106=FACE_OUTER_BOUND('',#4105,.T.);
#4107=ADVANCED_FACE('',(#4106),#4085,.T.);
#4108=CARTESIAN_POINT('',(0.01003937007874,0.154133858267717,-0.169246349506243));
#4109=DIRECTION('',(1.0,0.0,0.0));
#4110=DIRECTION('',(0.0,0.0,-1.0));
#4111=AXIS2_PLACEMENT_3D('',#4108,#4109,#4110);
#4112=PLANE('',#4111);
#4113=ORIENTED_EDGE('',*,*,#3654,.T.);
#4114=CARTESIAN_POINT('',(0.01003937007874,0.050787401574803,-0.004836789402706));
#4115=DIRECTION('',(0.0,0.0,-1.0));
#4116=VECTOR('',#4115,0.022722265715404);
#4117=LINE('',#4114,#4116);
#4118=EDGE_CURVE('',#3640,#2936,#4117,.T.);
#4119=ORIENTED_EDGE('',*,*,#4118,.T.);
#4120=ORIENTED_EDGE('',*,*,#2941,.T.);
#4121=ORIENTED_EDGE('',*,*,#2697,.T.);
#4122=ORIENTED_EDGE('',*,*,#2735,.T.);
#4123=ORIENTED_EDGE('',*,*,#2766,.T.);
#4124=ORIENTED_EDGE('',*,*,#2799,.T.);
#4125=ORIENTED_EDGE('',*,*,#2830,.T.);
#4126=ORIENTED_EDGE('',*,*,#2924,.T.);
#4127=CARTESIAN_POINT('',(0.01003937007874,0.149212598425197,-0.004836789402706));
#4128=DIRECTION('',(0.0,0.0,-1.0));
#4129=VECTOR('',#4128,0.022722265715404);
#4130=LINE('',#4127,#4129);
#4131=EDGE_CURVE('',#3304,#2913,#4130,.T.);
#4132=ORIENTED_EDGE('',*,*,#4131,.F.);
#4133=ORIENTED_EDGE('',*,*,#3310,.T.);
#4134=ORIENTED_EDGE('',*,*,#4026,.F.);
#4135=ORIENTED_EDGE('',*,*,#3868,.T.);
#4136=ORIENTED_EDGE('',*,*,#3822,.F.);
#4137=EDGE_LOOP('',(#4113,#4119,#4120,#4121,#4122,#4123,#4124,#4125,#4126,#4132,#4133,#4134,#4135,#4136));
#4138=FACE_OUTER_BOUND('',#4137,.T.);
#4139=ADVANCED_FACE('',(#4138),#4112,.T.);
#4140=CARTESIAN_POINT('',(0.011043307086614,0.050787401574803,-0.02869516840388));
#4141=DIRECTION('',(0.0,-1.0,0.0));
#4142=DIRECTION('',(0.0,0.0,-1.0));
#4143=AXIS2_PLACEMENT_3D('',#4140,#4141,#4142);
#4144=PLANE('',#4143);
#4145=ORIENTED_EDGE('',*,*,#3645,.T.);
#4146=CARTESIAN_POINT('',(-0.01003937007874,0.050787401574803,-0.004836789402706));
#4147=DIRECTION('',(0.0,0.0,-1.0));
#4148=VECTOR('',#4147,0.022722265715404);
#4149=LINE('',#4146,#4148);
#4150=EDGE_CURVE('',#3631,#2944,#4149,.T.);
#4151=ORIENTED_EDGE('',*,*,#4150,.T.);
#4152=ORIENTED_EDGE('',*,*,#2949,.T.);
#4153=ORIENTED_EDGE('',*,*,#4118,.F.);
#4154=EDGE_LOOP('',(#4145,#4151,#4152,#4153));
#4155=FACE_OUTER_BOUND('',#4154,.T.);
#4156=ADVANCED_FACE('',(#4155),#4144,.T.);
#4157=CARTESIAN_POINT('',(-0.01003937007874,0.154133858267717,0.002992237268891));
#4158=DIRECTION('',(-1.0,0.0,0.0));
#4159=DIRECTION('',(0.0,0.0,1.0));
#4160=AXIS2_PLACEMENT_3D('',#4157,#4158,#4159);
#4161=PLANE('',#4160);
#4162=ORIENTED_EDGE('',*,*,#3637,.T.);
#4163=ORIENTED_EDGE('',*,*,#3958,.F.);
#4164=ORIENTED_EDGE('',*,*,#3490,.T.);
#4165=ORIENTED_EDGE('',*,*,#3444,.F.);
#4166=ORIENTED_EDGE('',*,*,#3327,.T.);
#4167=CARTESIAN_POINT('',(-0.01003937007874,0.149212598425197,-0.004836789402706));
#4168=DIRECTION('',(0.0,0.0,-1.0));
#4169=VECTOR('',#4168,0.022722265715404);
#4170=LINE('',#4167,#4169);
#4171=EDGE_CURVE('',#3313,#2905,#4170,.T.);
#4172=ORIENTED_EDGE('',*,*,#4171,.T.);
#4173=ORIENTED_EDGE('',*,*,#2910,.T.);
#4174=ORIENTED_EDGE('',*,*,#2816,.F.);
#4175=ORIENTED_EDGE('',*,*,#2784,.F.);
#4176=ORIENTED_EDGE('',*,*,#2752,.F.);
#4177=ORIENTED_EDGE('',*,*,#2720,.F.);
#4178=ORIENTED_EDGE('',*,*,#2681,.F.);
#4179=ORIENTED_EDGE('',*,*,#2955,.T.);
#4180=ORIENTED_EDGE('',*,*,#4150,.F.);
#4181=EDGE_LOOP('',(#4162,#4163,#4164,#4165,#4166,#4172,#4173,#4174,#4175,#4176,#4177,#4178,#4179,#4180));
#4182=FACE_OUTER_BOUND('',#4181,.T.);
#4183=ADVANCED_FACE('',(#4182),#4161,.T.);
#4184=CARTESIAN_POINT('',(-0.08996062992126,0.154133858267717,-0.169246349506243));
#4185=DIRECTION('',(1.0,0.0,0.0));
#4186=DIRECTION('',(0.0,0.0,-1.0));
#4187=AXIS2_PLACEMENT_3D('',#4184,#4185,#4186);
#4188=PLANE('',#4187);
#4189=ORIENTED_EDGE('',*,*,#3615,.T.);
#4190=CARTESIAN_POINT('',(-0.08996062992126,0.050787401574803,-0.004836789402706));
#4191=DIRECTION('',(0.0,0.0,-1.0));
#4192=VECTOR('',#4191,0.022722265715404);
#4193=LINE('',#4190,#4192);
#4194=EDGE_CURVE('',#3601,#2874,#4193,.T.);
#4195=ORIENTED_EDGE('',*,*,#4194,.T.);
#4196=ORIENTED_EDGE('',*,*,#2879,.T.);
#4197=ORIENTED_EDGE('',*,*,#2529,.T.);
#4198=ORIENTED_EDGE('',*,*,#2567,.T.);
#4199=ORIENTED_EDGE('',*,*,#2598,.T.);
#4200=ORIENTED_EDGE('',*,*,#2631,.T.);
#4201=ORIENTED_EDGE('',*,*,#2662,.T.);
#4202=ORIENTED_EDGE('',*,*,#2862,.T.);
#4203=CARTESIAN_POINT('',(-0.08996062992126,0.149212598425197,-0.004836789402706));
#4204=DIRECTION('',(0.0,0.0,-1.0));
#4205=VECTOR('',#4204,0.022722265715404);
#4206=LINE('',#4203,#4205);
#4207=EDGE_CURVE('',#3343,#2851,#4206,.T.);
#4208=ORIENTED_EDGE('',*,*,#4207,.F.);
#4209=ORIENTED_EDGE('',*,*,#3349,.T.);
#4210=ORIENTED_EDGE('',*,*,#3472,.F.);
#4211=ORIENTED_EDGE('',*,*,#3513,.T.);
#4212=ORIENTED_EDGE('',*,*,#3946,.F.);
#4213=EDGE_LOOP('',(#4189,#4195,#4196,#4197,#4198,#4199,#4200,#4201,#4202,#4208,#4209,#4210,#4211,#4212));
#4214=FACE_OUTER_BOUND('',#4213,.T.);
#4215=ADVANCED_FACE('',(#4214),#4188,.T.);
#4216=CARTESIAN_POINT('',(-0.11003937007874,0.154133858267717,0.002992237268891));
#4217=DIRECTION('',(-1.0,0.0,0.0));
#4218=DIRECTION('',(0.0,0.0,1.0));
#4219=AXIS2_PLACEMENT_3D('',#4216,#4217,#4218);
#4220=PLANE('',#4219);
#4221=ORIENTED_EDGE('',*,*,#3598,.T.);
#4222=ORIENTED_EDGE('',*,*,#3573,.F.);
#4223=ORIENTED_EDGE('',*,*,#2421,.T.);
#4224=ORIENTED_EDGE('',*,*,#2494,.F.);
#4225=ORIENTED_EDGE('',*,*,#3364,.T.);
#4226=CARTESIAN_POINT('',(-0.11003937007874,0.149212598425197,-0.004836789402706));
#4227=DIRECTION('',(0.0,0.0,-1.0));
#4228=VECTOR('',#4227,0.022722265715404);
#4229=LINE('',#4226,#4228);
#4230=EDGE_CURVE('',#3352,#2843,#4229,.T.);
#4231=ORIENTED_EDGE('',*,*,#4230,.T.);
#4232=ORIENTED_EDGE('',*,*,#2848,.T.);
#4233=ORIENTED_EDGE('',*,*,#2648,.F.);
#4234=ORIENTED_EDGE('',*,*,#2616,.F.);
#4235=ORIENTED_EDGE('',*,*,#2584,.F.);
#4236=ORIENTED_EDGE('',*,*,#2552,.F.);
#4237=ORIENTED_EDGE('',*,*,#2513,.F.);
#4238=ORIENTED_EDGE('',*,*,#2893,.T.);
#4239=CARTESIAN_POINT('',(-0.11003937007874,0.050787401574803,-0.004836789402706));
#4240=DIRECTION('',(0.0,0.0,-1.0));
#4241=VECTOR('',#4240,0.022722265715404);
#4242=LINE('',#4239,#4241);
#4243=EDGE_CURVE('',#3592,#2882,#4242,.T.);
#4244=ORIENTED_EDGE('',*,*,#4243,.F.);
#4245=EDGE_LOOP('',(#4221,#4222,#4223,#4224,#4225,#4231,#4232,#4233,#4234,#4235,#4236,#4237,#4238,#4244));
#4246=FACE_OUTER_BOUND('',#4245,.T.);
#4247=ADVANCED_FACE('',(#4246),#4220,.T.);
#4248=CARTESIAN_POINT('',(-0.088956692913386,0.149212598425197,-0.003700676116936));
#4249=DIRECTION('',(0.0,1.0,0.0));
#4250=DIRECTION('',(0.0,0.0,1.0));
#4251=AXIS2_PLACEMENT_3D('',#4248,#4249,#4250);
#4252=PLANE('',#4251);
#4253=ORIENTED_EDGE('',*,*,#3357,.T.);
#4254=ORIENTED_EDGE('',*,*,#4207,.T.);
#4255=ORIENTED_EDGE('',*,*,#2856,.T.);
#4256=ORIENTED_EDGE('',*,*,#4230,.F.);
#4257=EDGE_LOOP('',(#4253,#4254,#4255,#4256));
#4258=FACE_OUTER_BOUND('',#4257,.T.);
#4259=ADVANCED_FACE('',(#4258),#4252,.T.);
#4260=CARTESIAN_POINT('',(0.111043307086614,0.149212598425197,-0.003700676116936));
#4261=DIRECTION('',(0.0,1.0,0.0));
#4262=DIRECTION('',(0.0,0.0,1.0));
#4263=AXIS2_PLACEMENT_3D('',#4260,#4261,#4262);
#4264=PLANE('',#4263);
#4265=ORIENTED_EDGE('',*,*,#3279,.T.);
#4266=ORIENTED_EDGE('',*,*,#4055,.T.);
#4267=ORIENTED_EDGE('',*,*,#3148,.T.);
#4268=ORIENTED_EDGE('',*,*,#4095,.F.);
#4269=EDGE_LOOP('',(#4265,#4266,#4267,#4268));
#4270=FACE_OUTER_BOUND('',#4269,.T.);
#4271=ADVANCED_FACE('',(#4270),#4264,.T.);
#4272=CARTESIAN_POINT('',(-0.088956692913386,0.050787401574803,-0.02869516840388));
#4273=DIRECTION('',(0.0,-1.0,0.0));
#4274=DIRECTION('',(0.0,0.0,-1.0));
#4275=AXIS2_PLACEMENT_3D('',#4272,#4273,#4274);
#4276=PLANE('',#4275);
#4277=ORIENTED_EDGE('',*,*,#3606,.T.);
#4278=ORIENTED_EDGE('',*,*,#4243,.T.);
#4279=ORIENTED_EDGE('',*,*,#2887,.T.);
#4280=ORIENTED_EDGE('',*,*,#4194,.F.);
#4281=EDGE_LOOP('',(#4277,#4278,#4279,#4280));
#4282=FACE_OUTER_BOUND('',#4281,.T.);
#4283=ADVANCED_FACE('',(#4282),#4276,.T.);
#4284=CARTESIAN_POINT('',(0.011043307086614,0.149212598425197,-0.003700676116936));
#4285=DIRECTION('',(0.0,1.0,0.0));
#4286=DIRECTION('',(0.0,0.0,1.0));
#4287=AXIS2_PLACEMENT_3D('',#4284,#4285,#4286);
#4288=PLANE('',#4287);
#4289=ORIENTED_EDGE('',*,*,#3318,.T.);
#4290=ORIENTED_EDGE('',*,*,#4131,.T.);
#4291=ORIENTED_EDGE('',*,*,#2918,.T.);
#4292=ORIENTED_EDGE('',*,*,#4171,.F.);
#4293=EDGE_LOOP('',(#4289,#4290,#4291,#4292));
#4294=FACE_OUTER_BOUND('',#4293,.T.);
#4295=ADVANCED_FACE('',(#4294),#4288,.T.);
#4296=CARTESIAN_POINT('',(0.147244094488189,0.167125984251969,0.000935039370079));
#4297=DIRECTION('',(0.0,0.0,-1.0));
#4298=DIRECTION('',(1.0,0.0,0.0));
#4299=AXIS2_PLACEMENT_3D('',#4296,#4297,#4298);
#4300=CYLINDRICAL_SURFACE('',#4299,0.012795275590551);
#4301=CARTESIAN_POINT('',(0.134448818897638,0.167125984251969,-0.018700787401575));
#4302=VERTEX_POINT('',#4301);
#4303=CARTESIAN_POINT('',(0.147244094488189,0.167125984251969,-0.018700787401575));
#4304=DIRECTION('',(0.0,0.0,-1.0));
#4305=DIRECTION('',(1.0,0.0,0.0));
#4306=AXIS2_PLACEMENT_3D('',#4303,#4304,#4305);
#4307=CIRCLE('',#4306,0.012795275590551);
#4308=EDGE_CURVE('',#4302,#4302,#4307,.T.);
#4309=ORIENTED_EDGE('',*,*,#4308,.F.);
#4310=EDGE_LOOP('',(#4309));
#4311=FACE_OUTER_BOUND('',#4310,.T.);
#4312=CARTESIAN_POINT('',(0.16003937007874,0.167125984251969,0.0));
#4313=VERTEX_POINT('',#4312);
#4314=CARTESIAN_POINT('',(0.147244094488189,0.167125984251969,0.0));
#4315=DIRECTION('',(0.0,0.0,1.0));
#4316=DIRECTION('',(1.0,0.0,0.0));
#4317=AXIS2_PLACEMENT_3D('',#4314,#4315,#4316);
#4318=CIRCLE('',#4317,0.012795275590551);
#4319=EDGE_CURVE('',#2305,#4313,#4318,.T.);
#4320=ORIENTED_EDGE('',*,*,#4319,.F.);
#4321=ORIENTED_EDGE('',*,*,#2313,.T.);
#4322=ORIENTED_EDGE('',*,*,#3223,.T.);
#4323=ORIENTED_EDGE('',*,*,#3261,.T.);
#4324=CARTESIAN_POINT('',(0.147244094488189,0.17992125984252,0.0));
#4325=VERTEX_POINT('',#4324);
#4326=CARTESIAN_POINT('',(0.147244094488189,0.167125984251969,0.0));
#4327=DIRECTION('',(0.0,0.0,1.0));
#4328=DIRECTION('',(1.0,0.0,0.0));
#4329=AXIS2_PLACEMENT_3D('',#4326,#4327,#4328);
#4330=CIRCLE('',#4329,0.012795275590551);
#4331=EDGE_CURVE('',#4325,#3255,#4330,.T.);
#4332=ORIENTED_EDGE('',*,*,#4331,.F.);
#4333=CARTESIAN_POINT('',(0.147244094488189,0.167125984251969,0.0));
#4334=DIRECTION('',(0.0,0.0,1.0));
#4335=DIRECTION('',(1.0,0.0,0.0));
#4336=AXIS2_PLACEMENT_3D('',#4333,#4334,#4335);
#4337=CIRCLE('',#4336,0.012795275590551);
#4338=EDGE_CURVE('',#4313,#4325,#4337,.T.);
#4339=ORIENTED_EDGE('',*,*,#4338,.F.);
#4340=EDGE_LOOP('',(#4320,#4321,#4322,#4323,#4332,#4339));
#4341=FACE_BOUND('',#4340,.T.);
#4342=ADVANCED_FACE('',(#4311,#4341),#4300,.T.);
#4343=CARTESIAN_POINT('',(-0.149360236220472,0.160492125984252,0.0));
#4344=DIRECTION('',(0.0,0.0,1.0));
#4345=DIRECTION('',(1.0,0.0,0.0));
#4346=AXIS2_PLACEMENT_3D('',#4343,#4344,#4345);
#4347=PLANE('',#4346);
#4348=ORIENTED_EDGE('',*,*,#3380,.T.);
#4349=CARTESIAN_POINT('',(-0.147244094488189,0.17992125984252,0.0));
#4350=VERTEX_POINT('',#4349);
#4351=CARTESIAN_POINT('',(-0.147244094488189,0.167125984251969,0.0));
#4352=DIRECTION('',(0.0,0.0,1.0));
#4353=DIRECTION('',(1.0,0.0,0.0));
#4354=AXIS2_PLACEMENT_3D('',#4351,#4352,#4353);
#4355=CIRCLE('',#4354,0.012795275590551);
#4356=EDGE_CURVE('',#3368,#4350,#4355,.T.);
#4357=ORIENTED_EDGE('',*,*,#4356,.T.);
#4358=CARTESIAN_POINT('',(-0.10492125984252,0.17992125984252,-6.823246E-017));
#4359=VERTEX_POINT('',#4358);
#4360=CARTESIAN_POINT('',(-0.147244094488189,0.17992125984252,0.0));
#4361=DIRECTION('',(1.0,0.0,0.0));
#4362=VECTOR('',#4361,0.042322834645669);
#4363=LINE('',#4360,#4362);
#4364=EDGE_CURVE('',#4350,#4359,#4363,.T.);
#4365=ORIENTED_EDGE('',*,*,#4364,.T.);
#4366=CARTESIAN_POINT('',(-0.10492125984252,0.17992125984252,0.0));
#4367=DIRECTION('',(0.0,-1.0,0.0));
#4368=VECTOR('',#4367,0.018503937007874);
#4369=LINE('',#4366,#4368);
#4370=EDGE_CURVE('',#4359,#2366,#4369,.T.);
#4371=ORIENTED_EDGE('',*,*,#4370,.T.);
#4372=EDGE_LOOP('',(#4348,#4357,#4365,#4371));
#4373=FACE_OUTER_BOUND('',#4372,.T.);
#4374=ADVANCED_FACE('',(#4373),#4347,.F.);
#4375=CARTESIAN_POINT('',(-3.278218E-017,2.515423E-018,0.0));
#4376=DIRECTION('',(0.0,0.0,1.0));
#4377=DIRECTION('',(1.0,0.0,0.0));
#4378=AXIS2_PLACEMENT_3D('',#4375,#4376,#4377);
#4379=PLANE('',#4378);
#4380=ORIENTED_EDGE('',*,*,#3387,.T.);
#4381=CARTESIAN_POINT('',(0.10492125984252,0.17992125984252,1.457314E-018));
#4382=VERTEX_POINT('',#4381);
#4383=CARTESIAN_POINT('',(0.10492125984252,0.161417322834646,2.731848E-018));
#4384=DIRECTION('',(0.0,1.0,0.0));
#4385=VECTOR('',#4384,0.018503937007874);
#4386=LINE('',#4383,#4385);
#4387=EDGE_CURVE('',#2358,#4382,#4386,.T.);
#4388=ORIENTED_EDGE('',*,*,#4387,.T.);
#4389=CARTESIAN_POINT('',(0.10492125984252,0.17992125984252,0.0));
#4390=DIRECTION('',(1.0,0.0,0.0));
#4391=VECTOR('',#4390,0.042322834645669);
#4392=LINE('',#4389,#4391);
#4393=EDGE_CURVE('',#4382,#4325,#4392,.T.);
#4394=ORIENTED_EDGE('',*,*,#4393,.T.);
#4395=ORIENTED_EDGE('',*,*,#4331,.T.);
#4396=EDGE_LOOP('',(#4380,#4388,#4394,#4395));
#4397=FACE_OUTER_BOUND('',#4396,.T.);
#4398=ADVANCED_FACE('',(#4397),#4379,.F.);
#4399=CARTESIAN_POINT('',(-1.087884E-017,4.034240E-016,0.373622047244095));
#4400=DIRECTION('',(0.0,0.0,1.0));
#4401=DIRECTION('',(1.0,0.0,0.0));
#4402=AXIS2_PLACEMENT_3D('',#4399,#4400,#4401);
#4403=SPHERICAL_SURFACE('',#4402,0.063976377952756);
#4404=CARTESIAN_POINT('',(0.030259759645591,4.034240E-016,0.429989802939572));
#4405=VERTEX_POINT('',#4404);
#4406=CARTESIAN_POINT('',(-0.005015874488035,4.034240E-016,0.426653315643683));
#4407=DIRECTION('',(0.094163085906205,1.232595E-032,-0.995556785548982));
#4408=DIRECTION('',(-0.995556785548982,-1.180239E-015,-0.094163085906205));
#4409=AXIS2_PLACEMENT_3D('',#4406,#4407,#4408);
#4410=CIRCLE('',#4409,0.035433070866142);
#4411=EDGE_CURVE('',#4405,#4405,#4410,.T.);
#4412=ORIENTED_EDGE('',*,*,#4411,.T.);
#4413=EDGE_LOOP('',(#4412));
#4414=FACE_OUTER_BOUND('',#4413,.T.);
#4415=CARTESIAN_POINT('',(-1.087884E-017,-0.034406047688629,0.319685039370079));
#4416=VERTEX_POINT('',#4415);
#4417=CARTESIAN_POINT('',(-1.087884E-017,4.034240E-016,0.319685039370079));
#4418=DIRECTION('',(0.0,0.0,-1.0));
#4419=DIRECTION('',(0.0,1.0,0.0));
#4420=AXIS2_PLACEMENT_3D('',#4417,#4418,#4419);
#4421=CIRCLE('',#4420,0.034406047688629);
#4422=EDGE_CURVE('',#4416,#4416,#4421,.T.);
#4423=ORIENTED_EDGE('',*,*,#4422,.F.);
#4424=EDGE_LOOP('',(#4423));
#4425=FACE_BOUND('',#4424,.T.);
#4426=ADVANCED_FACE('',(#4414,#4425),#4403,.T.);
#4427=CARTESIAN_POINT('',(-0.03069568312218,4.034240E-016,0.698157881273448));
#4428=DIRECTION('',(0.0,0.0,1.0));
#4429=DIRECTION('',(1.0,0.0,0.0));
#4430=AXIS2_PLACEMENT_3D('',#4427,#4428,#4429);
#4431=SPHERICAL_SURFACE('',#4430,0.05);
#4432=CARTESIAN_POINT('',(-0.080473522399629,4.034240E-016,0.693449726978138));
#4433=VERTEX_POINT('',#4432);
#4434=CARTESIAN_POINT('',(-0.03069568312218,4.034240E-016,0.698157881273448));
#4435=DIRECTION('',(0.094163085906205,0.0,-0.995556785548981));
#4436=DIRECTION('',(-0.995556785548981,-1.180239E-015,-0.094163085906205));
#4437=AXIS2_PLACEMENT_3D('',#4434,#4435,#4436);
#4438=CIRCLE('',#4437,0.05);
#4439=EDGE_CURVE('',#4433,#4433,#4438,.T.);
#4440=ORIENTED_EDGE('',*,*,#4439,.F.);
#4441=EDGE_LOOP('',(#4440));
#4442=FACE_OUTER_BOUND('',#4441,.T.);
#4443=ADVANCED_FACE('',(#4442),#4431,.T.);
#4444=CARTESIAN_POINT('',(-1.705435635397641,4.034240E-016,18.404658337074085));
#4445=DIRECTION('',(-0.094163085906205,0.0,0.995556785548982));
#4446=DIRECTION('',(-0.995556785548982,-1.180239E-015,-0.094163085906205));
#4447=AXIS2_PLACEMENT_3D('',#4444,#4445,#4446);
#4448=CONICAL_SURFACE('',#4447,1.0,3.057503928966175);
#4449=ORIENTED_EDGE('',*,*,#4439,.T.);
#4450=EDGE_LOOP('',(#4449));
#4451=FACE_OUTER_BOUND('',#4450,.T.);
#4452=ORIENTED_EDGE('',*,*,#4411,.F.);
#4453=EDGE_LOOP('',(#4452));
#4454=FACE_BOUND('',#4453,.T.);
#4455=ADVANCED_FACE('',(#4451,#4454),#4448,.T.);
#4456=CARTESIAN_POINT('',(6.138472E-018,3.748434E-016,0.319685039370079));
#4457=DIRECTION('',(0.0,0.0,1.0));
#4458=DIRECTION('',(1.0,0.0,0.0));
#4459=AXIS2_PLACEMENT_3D('',#4456,#4457,#4458);
#4460=CYLINDRICAL_SURFACE('',#4459,0.063976377952756);
#4461=CARTESIAN_POINT('',(0.063976377952756,3.513389E-016,0.539763779527559));
#4462=VERTEX_POINT('',#4461);
#4463=CARTESIAN_POINT('',(6.138472E-018,3.748434E-016,0.539763779527559));
#4464=DIRECTION('',(0.0,0.0,-1.0));
#4465=DIRECTION('',(-1.0,0.0,0.0));
#4466=AXIS2_PLACEMENT_3D('',#4463,#4464,#4465);
#4467=CIRCLE('',#4466,0.063976377952756);
#4468=EDGE_CURVE('',#4462,#4462,#4467,.T.);
#4469=ORIENTED_EDGE('',*,*,#4468,.F.);
#4470=EDGE_LOOP('',(#4469));
#4471=FACE_OUTER_BOUND('',#4470,.T.);
#4472=CARTESIAN_POINT('',(0.063976377952756,3.513389E-016,0.319685039370079));
#4473=VERTEX_POINT('',#4472);
#4474=CARTESIAN_POINT('',(6.138472E-018,3.748434E-016,0.319685039370079));
#4475=DIRECTION('',(0.0,0.0,1.0));
#4476=DIRECTION('',(-1.0,0.0,0.0));
#4477=AXIS2_PLACEMENT_3D('',#4474,#4475,#4476);
#4478=CIRCLE('',#4477,0.063976377952756);
#4479=EDGE_CURVE('',#4473,#4473,#4478,.T.);
#4480=ORIENTED_EDGE('',*,*,#4479,.F.);
#4481=EDGE_LOOP('',(#4480));
#4482=FACE_BOUND('',#4481,.T.);
#4483=ADVANCED_FACE('',(#4471,#4482),#4460,.F.);
#4484=CARTESIAN_POINT('',(6.138472E-018,3.748434E-016,-0.385433070866142));
#4485=DIRECTION('',(0.0,0.0,-1.0));
#4486=DIRECTION('',(-0.908695652173913,-0.417459233602787,0.0));
#4487=AXIS2_PLACEMENT_3D('',#4484,#4485,#4486);
#4488=CONICAL_SURFACE('',#4487,1.0,44.999999999999979);
#4489=CARTESIAN_POINT('',(0.082283464566929,0.03780142666482,0.524015748031496));
#4490=VERTEX_POINT('',#4489);
#4491=CARTESIAN_POINT('',(0.082283464566929,-0.037801426664819,0.524015748031496));
#4492=VERTEX_POINT('',#4491);
#4493=CARTESIAN_POINT('',(6.138472E-018,3.748434E-016,0.524015748031496));
#4494=DIRECTION('',(0.0,0.0,1.0));
#4495=DIRECTION('',(-0.908695652173913,-0.417459233602787,0.0));
#4496=AXIS2_PLACEMENT_3D('',#4493,#4494,#4495);
#4497=CIRCLE('',#4496,0.090551181102362);
#4498=EDGE_CURVE('',#4490,#4492,#4497,.T.);
#4499=ORIENTED_EDGE('',*,*,#4498,.T.);
#4500=CARTESIAN_POINT('',(0.082283464566929,-0.037801426664819,0.524015748031496));
#4501=CARTESIAN_POINT('',(0.082283464566929,-1.459943E-014,0.539796302636067));
#4502=CARTESIAN_POINT('',(0.082283464566929,0.03780142666482,0.524015748031496));
#4510=(BOUNDED_CURVE()B_SPLINE_CURVE(2,(#4500,#4501,#4502),.UNSPECIFIED.,.F.,.U.)B_SPLINE_CURVE_WITH_KNOTS((3,3),(0.637390897063683,1.161408702669427),.UNSPECIFIED.)CURVE()GEOMETRIC_REPRESENTATION_ITEM()RATIONAL_B_SPLINE_CURVE((2.182232346241617,2.401499711174653,2.182232346241617))REPRESENTATION_ITEM(''));
#4511=EDGE_CURVE('',#4492,#4490,#4510,.T.);
#4512=ORIENTED_EDGE('',*,*,#4511,.T.);
#4513=EDGE_LOOP('',(#4499,#4512));
#4514=FACE_OUTER_BOUND('',#4513,.T.);
#4515=CARTESIAN_POINT('',(0.067973296816159,0.031227265505721,0.539763779527559));
#4516=VERTEX_POINT('',#4515);
#4517=CARTESIAN_POINT('',(6.138472E-018,3.748434E-016,0.539763779527559));
#4518=DIRECTION('',(0.0,0.0,-1.0));
#4519=DIRECTION('',(-0.908695652173913,-0.417459233602787,0.0));
#4520=AXIS2_PLACEMENT_3D('',#4517,#4518,#4519);
#4521=CIRCLE('',#4520,0.074803149606299);
#4522=EDGE_CURVE('',#4516,#4516,#4521,.T.);
#4523=ORIENTED_EDGE('',*,*,#4522,.T.);
#4524=EDGE_LOOP('',(#4523));
#4525=FACE_BOUND('',#4524,.T.);
#4526=ADVANCED_FACE('',(#4514,#4525),#4488,.T.);
#4527=CARTESIAN_POINT('',(0.082283464566929,-0.041581569331301,0.542811278201476));
#4528=DIRECTION('',(1.0,0.0,0.0));
#4529=DIRECTION('',(0.0,0.0,-1.0));
#4530=AXIS2_PLACEMENT_3D('',#4527,#4528,#4529);
#4531=PLANE('',#4530);
#4532=ORIENTED_EDGE('',*,*,#4511,.F.);
#4533=CARTESIAN_POINT('',(0.082283464566929,-0.037801426664819,0.319685039370079));
#4534=VERTEX_POINT('',#4533);
#4535=CARTESIAN_POINT('',(0.082283464566929,-0.037801426664819,0.319685039370079));
#4536=DIRECTION('',(0.0,0.0,1.0));
#4537=VECTOR('',#4536,0.204330708661417);
#4538=LINE('',#4535,#4537);
#4539=EDGE_CURVE('',#4534,#4492,#4538,.T.);
#4540=ORIENTED_EDGE('',*,*,#4539,.F.);
#4541=CARTESIAN_POINT('',(0.082283464566929,0.03780142666482,0.319685039370079));
#4542=VERTEX_POINT('',#4541);
#4543=CARTESIAN_POINT('',(0.082283464566929,0.03780142666482,0.319685039370079));
#4544=DIRECTION('',(0.0,-1.0,0.0));
#4545=VECTOR('',#4544,0.075602853329639);
#4546=LINE('',#4543,#4545);
#4547=EDGE_CURVE('',#4542,#4534,#4546,.T.);
#4548=ORIENTED_EDGE('',*,*,#4547,.F.);
#4549=CARTESIAN_POINT('',(0.082283464566929,0.03780142666482,0.319685039370079));
#4550=DIRECTION('',(0.0,0.0,1.0));
#4551=VECTOR('',#4550,0.204330708661417);
#4552=LINE('',#4549,#4551);
#4553=EDGE_CURVE('',#4542,#4490,#4552,.T.);
#4554=ORIENTED_EDGE('',*,*,#4553,.T.);
#4555=EDGE_LOOP('',(#4532,#4540,#4548,#4554));
#4556=FACE_OUTER_BOUND('',#4555,.T.);
#4557=ADVANCED_FACE('',(#4556),#4531,.T.);
#4558=CARTESIAN_POINT('',(-0.082009795177827,-0.082009795177826,0.539763779527559));
#4559=DIRECTION('',(0.0,0.0,1.0));
#4560=DIRECTION('',(1.0,0.0,0.0));
#4561=AXIS2_PLACEMENT_3D('',#4558,#4559,#4560);
#4562=PLANE('',#4561);
#4563=ORIENTED_EDGE('',*,*,#4522,.F.);
#4564=EDGE_LOOP('',(#4563));
#4565=FACE_OUTER_BOUND('',#4564,.T.);
#4566=ORIENTED_EDGE('',*,*,#4468,.T.);
#4567=EDGE_LOOP('',(#4566));
#4568=FACE_BOUND('',#4567,.T.);
#4569=ADVANCED_FACE('',(#4565,#4568),#4562,.T.);
#4570=CARTESIAN_POINT('',(6.138472E-018,3.748434E-016,0.309468503937008));
#4571=DIRECTION('',(0.0,0.0,1.0));
#4572=DIRECTION('',(1.0,0.0,0.0));
#4573=AXIS2_PLACEMENT_3D('',#4570,#4571,#4572);
#4574=CYLINDRICAL_SURFACE('',#4573,0.090551181102362);
#4575=ORIENTED_EDGE('',*,*,#4498,.F.);
#4576=ORIENTED_EDGE('',*,*,#4553,.F.);
#4577=CARTESIAN_POINT('',(6.138472E-018,3.748434E-016,0.319685039370079));
#4578=DIRECTION('',(0.0,0.0,-1.0));
#4579=DIRECTION('',(-0.908695652173913,-0.417459233602787,0.0));
#4580=AXIS2_PLACEMENT_3D('',#4577,#4578,#4579);
#4581=CIRCLE('',#4580,0.090551181102362);
#4582=EDGE_CURVE('',#4534,#4542,#4581,.T.);
#4583=ORIENTED_EDGE('',*,*,#4582,.F.);
#4584=ORIENTED_EDGE('',*,*,#4539,.T.);
#4585=EDGE_LOOP('',(#4575,#4576,#4583,#4584));
#4586=FACE_OUTER_BOUND('',#4585,.T.);
#4587=ADVANCED_FACE('',(#4586),#4574,.T.);
#4588=CARTESIAN_POINT('',(0.129921259842519,-0.129921259842519,0.319685039370079));
#4589=DIRECTION('',(0.0,0.0,-1.0));
#4590=DIRECTION('',(-1.0,0.0,0.0));
#4591=AXIS2_PLACEMENT_3D('',#4588,#4589,#4590);
#4592=PLANE('',#4591);
#4593=CARTESIAN_POINT('',(0.118110236220472,3.314504E-016,0.319685039370079));
#4594=VERTEX_POINT('',#4593);
#4595=CARTESIAN_POINT('',(6.138472E-018,3.748434E-016,0.319685039370079));
#4596=DIRECTION('',(0.0,0.0,-1.0));
#4597=DIRECTION('',(-1.0,0.0,0.0));
#4598=AXIS2_PLACEMENT_3D('',#4595,#4596,#4597);
#4599=CIRCLE('',#4598,0.118110236220472);
#4600=EDGE_CURVE('',#4594,#4594,#4599,.T.);
#4601=ORIENTED_EDGE('',*,*,#4600,.F.);
#4602=EDGE_LOOP('',(#4601));
#4603=FACE_OUTER_BOUND('',#4602,.T.);
#4604=ORIENTED_EDGE('',*,*,#4547,.T.);
#4605=ORIENTED_EDGE('',*,*,#4582,.T.);
#4606=EDGE_LOOP('',(#4604,#4605));
#4607=FACE_BOUND('',#4606,.T.);
#4608=ADVANCED_FACE('',(#4603,#4607),#4592,.F.);
#4609=CARTESIAN_POINT('',(6.138472E-018,3.748434E-016,0.298602362204725));
#4610=DIRECTION('',(0.0,0.0,1.0));
#4611=DIRECTION('',(1.0,0.0,0.0));
#4612=AXIS2_PLACEMENT_3D('',#4609,#4610,#4611);
#4613=CYLINDRICAL_SURFACE('',#4612,0.118110236220472);
#4614=ORIENTED_EDGE('',*,*,#4600,.T.);
#4615=EDGE_LOOP('',(#4614));
#4616=FACE_OUTER_BOUND('',#4615,.T.);
#4617=CARTESIAN_POINT('',(0.118110236220472,3.314504E-016,0.299606299212599));
#4618=VERTEX_POINT('',#4617);
#4619=CARTESIAN_POINT('',(6.138472E-018,3.748434E-016,0.299606299212599));
#4620=DIRECTION('',(0.0,0.0,-1.0));
#4621=DIRECTION('',(-1.0,0.0,0.0));
#4622=AXIS2_PLACEMENT_3D('',#4619,#4620,#4621);
#4623=CIRCLE('',#4622,0.118110236220472);
#4624=EDGE_CURVE('',#4618,#4618,#4623,.T.);
#4625=ORIENTED_EDGE('',*,*,#4624,.F.);
#4626=EDGE_LOOP('',(#4625));
#4627=FACE_BOUND('',#4626,.T.);
#4628=ADVANCED_FACE('',(#4616,#4627),#4613,.T.);
#4629=CARTESIAN_POINT('',(0.070374015748032,-0.070374015748031,0.319685039370079));
#4630=DIRECTION('',(0.0,0.0,-1.0));
#4631=DIRECTION('',(-1.0,0.0,0.0));
#4632=AXIS2_PLACEMENT_3D('',#4629,#4630,#4631);
#4633=PLANE('',#4632);
#4634=ORIENTED_EDGE('',*,*,#4479,.T.);
#4635=EDGE_LOOP('',(#4634));
#4636=FACE_OUTER_BOUND('',#4635,.T.);
#4637=ORIENTED_EDGE('',*,*,#4422,.T.);
#4638=EDGE_LOOP('',(#4637));
#4639=FACE_BOUND('',#4638,.T.);
#4640=ADVANCED_FACE('',(#4636,#4639),#4633,.F.);
#4641=CARTESIAN_POINT('',(-0.081299212598425,0.168346456692914,0.073011036222027));
#4642=DIRECTION('',(-1.0,0.0,0.0));
#4643=DIRECTION('',(0.0,0.0,1.0));
#4644=AXIS2_PLACEMENT_3D('',#4641,#4642,#4643);
#4645=PLANE('',#4644);
#4646=CARTESIAN_POINT('',(-0.081299212598425,0.17992125984252,0.074277477316816));
#4647=VERTEX_POINT('',#4646);
#4648=CARTESIAN_POINT('',(-0.081299212598425,0.168897637795276,0.097917711086213));
#4649=VERTEX_POINT('',#4648);
#4650=CARTESIAN_POINT('',(-0.081299212598425,0.17992125984252,0.074277477316816));
#4651=DIRECTION('',(0.0,-0.422618261740699,0.90630778703665));
#4652=VECTOR('',#4651,0.026084111940264);
#4653=LINE('',#4650,#4652);
#4654=EDGE_CURVE('',#4647,#4649,#4653,.T.);
#4655=ORIENTED_EDGE('',*,*,#4654,.F.);
#4656=CARTESIAN_POINT('',(-0.081299212598425,0.17992125984252,0.099606299212599));
#4657=VERTEX_POINT('',#4656);
#4658=CARTESIAN_POINT('',(-0.081299212598425,0.17992125984252,0.099606299212599));
#4659=DIRECTION('',(0.0,0.0,-1.0));
#4660=VECTOR('',#4659,0.025328821895783);
#4661=LINE('',#4658,#4660);
#4662=EDGE_CURVE('',#4657,#4647,#4661,.T.);
#4663=ORIENTED_EDGE('',*,*,#4662,.F.);
#4664=CARTESIAN_POINT('',(-0.081299212598425,0.168897637795276,0.099606299212599));
#4665=VERTEX_POINT('',#4664);
#4666=CARTESIAN_POINT('',(-0.081299212598425,0.168897637795276,0.099606299212599));
#4667=DIRECTION('',(0.0,1.0,0.0));
#4668=VECTOR('',#4667,0.011023622047244);
#4669=LINE('',#4666,#4668);
#4670=EDGE_CURVE('',#4665,#4657,#4669,.T.);
#4671=ORIENTED_EDGE('',*,*,#4670,.F.);
#4672=CARTESIAN_POINT('',(-0.081299212598425,0.168897637795276,0.097917711086213));
#4673=DIRECTION('',(0.0,0.0,1.0));
#4674=VECTOR('',#4673,0.001688588126386);
#4675=LINE('',#4672,#4674);
#4676=EDGE_CURVE('',#4649,#4665,#4675,.T.);
#4677=ORIENTED_EDGE('',*,*,#4676,.F.);
#4678=EDGE_LOOP('',(#4655,#4663,#4671,#4677));
#4679=FACE_OUTER_BOUND('',#4678,.T.);
#4680=ADVANCED_FACE('',(#4679),#4645,.F.);
#4681=CARTESIAN_POINT('',(-0.081299212598425,-0.180472440944882,0.073011036222027));
#4682=DIRECTION('',(-1.0,0.0,0.0));
#4683=DIRECTION('',(0.0,0.0,1.0));
#4684=AXIS2_PLACEMENT_3D('',#4681,#4682,#4683);
#4685=PLANE('',#4684);
#4686=CARTESIAN_POINT('',(-0.081299212598425,-0.168897637795275,0.097917711086214));
#4687=VERTEX_POINT('',#4686);
#4688=CARTESIAN_POINT('',(-0.081299212598425,-0.17992125984252,0.074277477316816));
#4689=VERTEX_POINT('',#4688);
#4690=CARTESIAN_POINT('',(-0.081299212598425,-0.168897637795275,0.097917711086214));
#4691=DIRECTION('',(0.0,-0.422618261740699,-0.90630778703665));
#4692=VECTOR('',#4691,0.026084111940265);
#4693=LINE('',#4690,#4692);
#4694=EDGE_CURVE('',#4687,#4689,#4693,.T.);
#4695=ORIENTED_EDGE('',*,*,#4694,.F.);
#4696=CARTESIAN_POINT('',(-0.081299212598425,-0.168897637795275,0.099606299212599));
#4697=VERTEX_POINT('',#4696);
#4698=CARTESIAN_POINT('',(-0.081299212598425,-0.168897637795275,0.099606299212599));
#4699=DIRECTION('',(0.0,0.0,-1.0));
#4700=VECTOR('',#4699,0.001688588126385);
#4701=LINE('',#4698,#4700);
#4702=EDGE_CURVE('',#4697,#4687,#4701,.T.);
#4703=ORIENTED_EDGE('',*,*,#4702,.F.);
#4704=CARTESIAN_POINT('',(-0.081299212598425,-0.179921259842519,0.099606299212599));
#4705=VERTEX_POINT('',#4704);
#4706=CARTESIAN_POINT('',(-0.081299212598425,-0.179921259842519,0.099606299212599));
#4707=DIRECTION('',(0.0,1.0,0.0));
#4708=VECTOR('',#4707,0.011023622047244);
#4709=LINE('',#4706,#4708);
#4710=EDGE_CURVE('',#4705,#4697,#4709,.T.);
#4711=ORIENTED_EDGE('',*,*,#4710,.F.);
#4712=CARTESIAN_POINT('',(-0.081299212598425,-0.179921259842519,0.074277477316816));
#4713=DIRECTION('',(0.0,0.0,1.0));
#4714=VECTOR('',#4713,0.025328821895783);
#4715=LINE('',#4712,#4714);
#4716=EDGE_CURVE('',#4689,#4705,#4715,.T.);
#4717=ORIENTED_EDGE('',*,*,#4716,.F.);
#4718=EDGE_LOOP('',(#4695,#4703,#4711,#4717));
#4719=FACE_OUTER_BOUND('',#4718,.T.);
#4720=ADVANCED_FACE('',(#4719),#4685,.F.);
#4721=CARTESIAN_POINT('',(-0.158720472440945,-0.179750175771461,0.288582677165355));
#4722=DIRECTION('',(0.0,0.0,1.0));
#4723=DIRECTION('',(1.0,0.0,0.0));
#4724=AXIS2_PLACEMENT_3D('',#4721,#4722,#4723);
#4725=PLANE('',#4724);
#4726=CARTESIAN_POINT('',(-0.144291338582677,-0.1791958929357,0.288582677165354));
#4727=VERTEX_POINT('',#4726);
#4728=CARTESIAN_POINT('',(-0.144291338582677,-0.168110236220473,0.288582677165354));
#4729=VERTEX_POINT('',#4728);
#4730=CARTESIAN_POINT('',(-0.144291338582677,-0.1791958929357,0.288582677165354));
#4731=DIRECTION('',(0.0,1.0,0.0));
#4732=VECTOR('',#4731,0.011085656715227);
#4733=LINE('',#4730,#4732);
#4734=EDGE_CURVE('',#4727,#4729,#4733,.T.);
#4735=ORIENTED_EDGE('',*,*,#4734,.T.);
#4736=CARTESIAN_POINT('',(0.144291338582677,-0.168110236220473,0.288582677165354));
#4737=VERTEX_POINT('',#4736);
#4738=CARTESIAN_POINT('',(-0.144291338582677,-0.168110236220473,0.288582677165354));
#4739=DIRECTION('',(1.0,0.0,0.0));
#4740=VECTOR('',#4739,0.288582677165354);
#4741=LINE('',#4738,#4740);
#4742=EDGE_CURVE('',#4729,#4737,#4741,.T.);
#4743=ORIENTED_EDGE('',*,*,#4742,.T.);
#4744=CARTESIAN_POINT('',(0.144291338582677,-0.1791958929357,0.288582677165354));
#4745=VERTEX_POINT('',#4744);
#4746=CARTESIAN_POINT('',(0.144291338582677,-0.168110236220473,0.288582677165354));
#4747=DIRECTION('',(0.0,-1.0,0.0));
#4748=VECTOR('',#4747,0.011085656715227);
#4749=LINE('',#4746,#4748);
#4750=EDGE_CURVE('',#4737,#4745,#4749,.T.);
#4751=ORIENTED_EDGE('',*,*,#4750,.T.);
#4752=CARTESIAN_POINT('',(0.143700787401575,-0.1791958929357,0.288582677165355));
#4753=VERTEX_POINT('',#4752);
#4754=CARTESIAN_POINT('',(0.143700787401575,-0.1791958929357,0.288582677165355));
#4755=DIRECTION('',(1.0,0.0,0.0));
#4756=VECTOR('',#4755,0.000590551181102);
#4757=LINE('',#4754,#4756);
#4758=EDGE_CURVE('',#4753,#4745,#4757,.T.);
#4759=ORIENTED_EDGE('',*,*,#4758,.F.);
#4760=CARTESIAN_POINT('',(0.143700787401575,-0.168897637795275,0.288582677165355));
#4761=VERTEX_POINT('',#4760);
#4762=CARTESIAN_POINT('',(0.143700787401575,-0.1791958929357,0.288582677165355));
#4763=DIRECTION('',(0.0,1.0,0.0));
#4764=VECTOR('',#4763,0.010298255140425);
#4765=LINE('',#4762,#4764);
#4766=EDGE_CURVE('',#4753,#4761,#4765,.T.);
#4767=ORIENTED_EDGE('',*,*,#4766,.T.);
#4768=CARTESIAN_POINT('',(-0.143700787401575,-0.168897637795275,0.288582677165355));
#4769=VERTEX_POINT('',#4768);
#4770=CARTESIAN_POINT('',(0.143700787401575,-0.168897637795275,0.288582677165355));
#4771=DIRECTION('',(-1.0,0.0,0.0));
#4772=VECTOR('',#4771,0.28740157480315);
#4773=LINE('',#4770,#4772);
#4774=EDGE_CURVE('',#4761,#4769,#4773,.T.);
#4775=ORIENTED_EDGE('',*,*,#4774,.T.);
#4776=CARTESIAN_POINT('',(-0.143700787401575,-0.1791958929357,0.288582677165355));
#4777=VERTEX_POINT('',#4776);
#4778=CARTESIAN_POINT('',(-0.143700787401575,-0.1791958929357,0.288582677165355));
#4779=DIRECTION('',(0.0,1.0,0.0));
#4780=VECTOR('',#4779,0.010298255140425);
#4781=LINE('',#4778,#4780);
#4782=EDGE_CURVE('',#4777,#4769,#4781,.T.);
#4783=ORIENTED_EDGE('',*,*,#4782,.F.);
#4784=CARTESIAN_POINT('',(-0.144291338582677,-0.1791958929357,0.288582677165355));
#4785=DIRECTION('',(1.0,0.0,0.0));
#4786=VECTOR('',#4785,0.000590551181102);
#4787=LINE('',#4784,#4786);
#4788=EDGE_CURVE('',#4727,#4777,#4787,.T.);
#4789=ORIENTED_EDGE('',*,*,#4788,.F.);
#4790=EDGE_LOOP('',(#4735,#4743,#4751,#4759,#4767,#4775,#4783,#4789));
#4791=FACE_OUTER_BOUND('',#4790,.T.);
#4792=ADVANCED_FACE('',(#4791),#4725,.F.);
#4793=CARTESIAN_POINT('',(-0.175610236272945,0.164173228346457,0.283858267716536));
#4794=DIRECTION('',(1.0,0.0,0.0));
#4795=DIRECTION('',(0.0,-0.707106757625743,-0.707106804747351));
#4796=AXIS2_PLACEMENT_3D('',#4793,#4794,#4795);
#4797=CYLINDRICAL_SURFACE('',#4796,0.015748031496063);
#4798=CARTESIAN_POINT('',(0.143700787401575,0.1791958929357,0.288582677165355));
#4799=VERTEX_POINT('',#4798);
#4800=CARTESIAN_POINT('',(0.143700787401575,0.17992125984252,0.283858267716536));
#4801=VERTEX_POINT('',#4800);
#4802=CARTESIAN_POINT('',(0.143700787401575,0.164173228346457,0.283858267716536));
#4803=DIRECTION('',(-1.0,0.0,0.0));
#4804=DIRECTION('',(0.0,0.707106781186548,0.707106781186548));
#4805=AXIS2_PLACEMENT_3D('',#4802,#4803,#4804);
#4806=CIRCLE('',#4805,0.015748031496063);
#4807=EDGE_CURVE('',#4799,#4801,#4806,.T.);
#4808=ORIENTED_EDGE('',*,*,#4807,.T.);
#4809=CARTESIAN_POINT('',(-0.143700787401575,0.17992125984252,0.283858267716536));
#4810=VERTEX_POINT('',#4809);
#4811=CARTESIAN_POINT('',(0.143700787401575,0.17992125984252,0.283858267716536));
#4812=DIRECTION('',(-1.0,0.0,0.0));
#4813=VECTOR('',#4812,0.28740157480315);
#4814=LINE('',#4811,#4813);
#4815=EDGE_CURVE('',#4801,#4810,#4814,.T.);
#4816=ORIENTED_EDGE('',*,*,#4815,.T.);
#4817=CARTESIAN_POINT('',(-0.143700787401575,0.1791958929357,0.288582677165355));
#4818=VERTEX_POINT('',#4817);
#4819=CARTESIAN_POINT('',(-0.143700787401575,0.164173228346457,0.283858267716536));
#4820=DIRECTION('',(1.0,0.0,0.0));
#4821=DIRECTION('',(0.0,0.707106781186548,0.707106781186548));
#4822=AXIS2_PLACEMENT_3D('',#4819,#4820,#4821);
#4823=CIRCLE('',#4822,0.015748031496063);
#4824=EDGE_CURVE('',#4810,#4818,#4823,.T.);
#4825=ORIENTED_EDGE('',*,*,#4824,.T.);
#4826=CARTESIAN_POINT('',(-0.144291338582677,0.1791958929357,0.288582677165354));
#4827=VERTEX_POINT('',#4826);
#4828=CARTESIAN_POINT('',(-0.143700787401575,0.1791958929357,0.288582677165355));
#4829=DIRECTION('',(-1.0,0.0,0.0));
#4830=VECTOR('',#4829,0.000590551181102);
#4831=LINE('',#4828,#4830);
#4832=EDGE_CURVE('',#4818,#4827,#4831,.T.);
#4833=ORIENTED_EDGE('',*,*,#4832,.T.);
#4834=CARTESIAN_POINT('',(-0.144623004702096,0.1791958929357,0.288582677165354));
#4835=VERTEX_POINT('',#4834);
#4836=CARTESIAN_POINT('',(-0.144623004702096,0.1791958929357,0.288582677165354));
#4837=DIRECTION('',(1.0,0.0,0.0));
#4838=VECTOR('',#4837,0.000331666119419);
#4839=LINE('',#4836,#4838);
#4840=EDGE_CURVE('',#4835,#4827,#4839,.T.);
#4841=ORIENTED_EDGE('',*,*,#4840,.F.);
#4842=CARTESIAN_POINT('',(-0.159645668494535,0.164173228903572,0.299606299212599));
#4843=VERTEX_POINT('',#4842);
#4844=CARTESIAN_POINT('',(-0.159645669291339,0.164173228346457,0.283858267716536));
#4845=DIRECTION('',(0.707106781186547,-0.707106781186548,6.162976E-033));
#4846=DIRECTION('',(0.707106781186548,0.707106781186547,6.133174E-017));
#4847=AXIS2_PLACEMENT_3D('',#4844,#4845,#4846);
#4848=ELLIPSE('',#4847,0.022271079722411,0.015748031496063);
#4849=EDGE_CURVE('',#4835,#4843,#4848,.T.);
#4850=ORIENTED_EDGE('',*,*,#4849,.T.);
#4851=CARTESIAN_POINT('',(0.159645669621721,0.16417322813268,0.299606299212599));
#4852=VERTEX_POINT('',#4851);
#4853=CARTESIAN_POINT('',(-0.159645668494535,0.164173228346457,0.299606299212599));
#4854=DIRECTION('',(1.0,0.0,0.0));
#4855=VECTOR('',#4854,0.319291338116256);
#4856=LINE('',#4853,#4855);
#4857=EDGE_CURVE('',#4843,#4852,#4856,.T.);
#4858=ORIENTED_EDGE('',*,*,#4857,.T.);
#4859=CARTESIAN_POINT('',(0.144623004702095,0.1791958929357,0.288582677165355));
#4860=VERTEX_POINT('',#4859);
#4861=CARTESIAN_POINT('',(0.159645669291338,0.164173228346457,0.283858267716536));
#4862=DIRECTION('',(-0.707106781186548,-0.707106781186547,0.0));
#4863=DIRECTION('',(-0.707106781186547,0.707106781186548,6.133174E-017));
#4864=AXIS2_PLACEMENT_3D('',#4861,#4862,#4863);
#4865=ELLIPSE('',#4864,0.022271079722411,0.015748031496063);
#4866=EDGE_CURVE('',#4852,#4860,#4865,.T.);
#4867=ORIENTED_EDGE('',*,*,#4866,.T.);
#4868=CARTESIAN_POINT('',(0.144291338582677,0.1791958929357,0.288582677165354));
#4869=VERTEX_POINT('',#4868);
#4870=CARTESIAN_POINT('',(0.144291338582677,0.1791958929357,0.288582677165354));
#4871=DIRECTION('',(1.0,0.0,0.0));
#4872=VECTOR('',#4871,0.000331666119418);
#4873=LINE('',#4870,#4872);
#4874=EDGE_CURVE('',#4869,#4860,#4873,.T.);
#4875=ORIENTED_EDGE('',*,*,#4874,.F.);
#4876=CARTESIAN_POINT('',(0.144291338582677,0.1791958929357,0.288582677165355));
#4877=DIRECTION('',(-1.0,0.0,0.0));
#4878=VECTOR('',#4877,0.000590551181102);
#4879=LINE('',#4876,#4878);
#4880=EDGE_CURVE('',#4869,#4799,#4879,.T.);
#4881=ORIENTED_EDGE('',*,*,#4880,.T.);
#4882=EDGE_LOOP('',(#4808,#4816,#4825,#4833,#4841,#4850,#4858,#4867,#4875,#4881));
#4883=FACE_OUTER_BOUND('',#4882,.T.);
#4884=ADVANCED_FACE('',(#4883),#4797,.T.);
#4885=CARTESIAN_POINT('',(-0.160810188347572,0.163008709290224,0.288031496062992));
#4886=DIRECTION('',(-0.707106781186547,0.707106781186548,0.0));
#4887=DIRECTION('',(0.0,0.0,1.0));
#4888=AXIS2_PLACEMENT_3D('',#4885,#4886,#4887);
#4889=PLANE('',#4888);
#4890=ORIENTED_EDGE('',*,*,#4849,.F.);
#4891=CARTESIAN_POINT('',(-0.16003937007874,0.163779527559056,0.288582677165354));
#4892=VERTEX_POINT('',#4891);
#4893=CARTESIAN_POINT('',(-0.16003937007874,0.163779527559056,0.288582677165354));
#4894=DIRECTION('',(0.707106781186548,0.707106781186548,0.0));
#4895=VECTOR('',#4894,0.021802032998149);
#4896=LINE('',#4893,#4895);
#4897=EDGE_CURVE('',#4892,#4835,#4896,.T.);
#4898=ORIENTED_EDGE('',*,*,#4897,.F.);
#4899=CARTESIAN_POINT('',(-0.16003937007874,0.163779527559056,0.299606299212599));
#4900=VERTEX_POINT('',#4899);
#4901=CARTESIAN_POINT('',(-0.16003937007874,0.163779527559056,0.288582677165354));
#4902=DIRECTION('',(0.0,0.0,1.0));
#4903=VECTOR('',#4902,0.011023622047245);
#4904=LINE('',#4901,#4903);
#4905=EDGE_CURVE('',#4892,#4900,#4904,.T.);
#4906=ORIENTED_EDGE('',*,*,#4905,.T.);
#4907=CARTESIAN_POINT('',(-0.16003937007874,0.163779527559056,0.299606299212599));
#4908=DIRECTION('',(0.707106781186572,0.707106781186523,0.0));
#4909=VECTOR('',#4908,0.000556777950425);
#4910=LINE('',#4907,#4909);
#4911=EDGE_CURVE('',#4900,#4843,#4910,.T.);
#4912=ORIENTED_EDGE('',*,*,#4911,.T.);
#4913=EDGE_LOOP('',(#4890,#4898,#4906,#4912));
#4914=FACE_OUTER_BOUND('',#4913,.T.);
#4915=ADVANCED_FACE('',(#4914),#4889,.T.);
#4916=CARTESIAN_POINT('',(-0.158720472440945,0.167555953384711,0.288582677165355));
#4917=DIRECTION('',(0.0,0.0,1.0));
#4918=DIRECTION('',(1.0,0.0,0.0));
#4919=AXIS2_PLACEMENT_3D('',#4916,#4917,#4918);
#4920=PLANE('',#4919);
#4921=CARTESIAN_POINT('',(-0.144291338582677,0.168110236220473,0.288582677165354));
#4922=VERTEX_POINT('',#4921);
#4923=CARTESIAN_POINT('',(-0.144291338582677,0.168110236220473,0.288582677165354));
#4924=DIRECTION('',(0.0,1.0,0.0));
#4925=VECTOR('',#4924,0.011085656715227);
#4926=LINE('',#4923,#4925);
#4927=EDGE_CURVE('',#4922,#4827,#4926,.T.);
#4928=ORIENTED_EDGE('',*,*,#4927,.T.);
#4929=ORIENTED_EDGE('',*,*,#4832,.F.);
#4930=CARTESIAN_POINT('',(-0.143700787401575,0.168897637795276,0.288582677165355));
#4931=VERTEX_POINT('',#4930);
#4932=CARTESIAN_POINT('',(-0.143700787401575,0.168897637795276,0.288582677165355));
#4933=DIRECTION('',(0.0,1.0,0.0));
#4934=VECTOR('',#4933,0.010298255140424);
#4935=LINE('',#4932,#4934);
#4936=EDGE_CURVE('',#4931,#4818,#4935,.T.);
#4937=ORIENTED_EDGE('',*,*,#4936,.F.);
#4938=CARTESIAN_POINT('',(0.143700787401575,0.168897637795276,0.288582677165355));
#4939=VERTEX_POINT('',#4938);
#4940=CARTESIAN_POINT('',(0.143700787401575,0.168897637795276,0.288582677165355));
#4941=DIRECTION('',(-1.0,0.0,0.0));
#4942=VECTOR('',#4941,0.28740157480315);
#4943=LINE('',#4940,#4942);
#4944=EDGE_CURVE('',#4939,#4931,#4943,.T.);
#4945=ORIENTED_EDGE('',*,*,#4944,.F.);
#4946=CARTESIAN_POINT('',(0.143700787401575,0.168897637795276,0.288582677165355));
#4947=DIRECTION('',(0.0,1.0,0.0));
#4948=VECTOR('',#4947,0.010298255140424);
#4949=LINE('',#4946,#4948);
#4950=EDGE_CURVE('',#4939,#4799,#4949,.T.);
#4951=ORIENTED_EDGE('',*,*,#4950,.T.);
#4952=ORIENTED_EDGE('',*,*,#4880,.F.);
#4953=CARTESIAN_POINT('',(0.144291338582677,0.168110236220472,0.288582677165354));
#4954=VERTEX_POINT('',#4953);
#4955=CARTESIAN_POINT('',(0.144291338582677,0.1791958929357,0.288582677165354));
#4956=DIRECTION('',(0.0,-1.0,0.0));
#4957=VECTOR('',#4956,0.011085656715228);
#4958=LINE('',#4955,#4957);
#4959=EDGE_CURVE('',#4869,#4954,#4958,.T.);
#4960=ORIENTED_EDGE('',*,*,#4959,.T.);
#4961=CARTESIAN_POINT('',(0.144291338582677,0.168110236220472,0.288582677165354));
#4962=DIRECTION('',(-1.0,0.0,0.0));
#4963=VECTOR('',#4962,0.288582677165354);
#4964=LINE('',#4961,#4963);
#4965=EDGE_CURVE('',#4954,#4922,#4964,.T.);
#4966=ORIENTED_EDGE('',*,*,#4965,.T.);
#4967=EDGE_LOOP('',(#4928,#4929,#4937,#4945,#4951,#4952,#4960,#4966));
#4968=FACE_OUTER_BOUND('',#4967,.T.);
#4969=ADVANCED_FACE('',(#4968),#4920,.F.);
#4970=CARTESIAN_POINT('',(-0.143700787401575,0.168346456692914,0.297874015748032));
#4971=DIRECTION('',(1.0,0.0,0.0));
#4972=DIRECTION('',(0.0,0.0,-1.0));
#4973=AXIS2_PLACEMENT_3D('',#4970,#4971,#4972);
#4974=PLANE('',#4973);
#4975=ORIENTED_EDGE('',*,*,#4824,.F.);
#4976=CARTESIAN_POINT('',(-0.143700787401575,0.17992125984252,0.102755905511812));
#4977=VERTEX_POINT('',#4976);
#4978=CARTESIAN_POINT('',(-0.143700787401575,0.17992125984252,0.102755905511812));
#4979=DIRECTION('',(0.0,0.0,1.0));
#4980=VECTOR('',#4979,0.181102362204724);
#4981=LINE('',#4978,#4980);
#4982=EDGE_CURVE('',#4977,#4810,#4981,.T.);
#4983=ORIENTED_EDGE('',*,*,#4982,.F.);
#4984=CARTESIAN_POINT('',(-0.143700787401575,0.168897637795276,0.102755905511812));
#4985=VERTEX_POINT('',#4984);
#4986=CARTESIAN_POINT('',(-0.143700787401575,0.168897637795276,0.102755905511812));
#4987=DIRECTION('',(0.0,1.0,0.0));
#4988=VECTOR('',#4987,0.011023622047244);
#4989=LINE('',#4986,#4988);
#4990=EDGE_CURVE('',#4985,#4977,#4989,.T.);
#4991=ORIENTED_EDGE('',*,*,#4990,.F.);
#4992=CARTESIAN_POINT('',(-0.143700787401575,0.168897637795276,0.288582677165355));
#4993=DIRECTION('',(0.0,0.0,-1.0));
#4994=VECTOR('',#4993,0.185826771653543);
#4995=LINE('',#4992,#4994);
#4996=EDGE_CURVE('',#4931,#4985,#4995,.T.);
#4997=ORIENTED_EDGE('',*,*,#4996,.F.);
#4998=ORIENTED_EDGE('',*,*,#4936,.T.);
#4999=EDGE_LOOP('',(#4975,#4983,#4991,#4997,#4998));
#5000=FACE_OUTER_BOUND('',#4999,.T.);
#5001=ADVANCED_FACE('',(#5000),#4974,.F.);
#5002=CARTESIAN_POINT('',(0.175610236220473,-0.164173228346456,0.283858267716536));
#5003=DIRECTION('',(-1.0,0.0,0.0));
#5004=DIRECTION('',(0.0,0.707106781186547,-0.707106781186548));
#5005=AXIS2_PLACEMENT_3D('',#5002,#5003,#5004);
#5006=CYLINDRICAL_SURFACE('',#5005,0.015748031496063);
#5007=CARTESIAN_POINT('',(-0.143700787401575,-0.179921259842519,0.283858267716536));
#5008=VERTEX_POINT('',#5007);
#5009=CARTESIAN_POINT('',(-0.143700787401575,-0.164173228346456,0.283858267716536));
#5010=DIRECTION('',(1.0,0.0,0.0));
#5011=DIRECTION('',(0.0,-0.707106781186548,0.707106781186548));
#5012=AXIS2_PLACEMENT_3D('',#5009,#5010,#5011);
#5013=CIRCLE('',#5012,0.015748031496063);
#5014=EDGE_CURVE('',#4777,#5008,#5013,.T.);
#5015=ORIENTED_EDGE('',*,*,#5014,.T.);
#5016=CARTESIAN_POINT('',(0.143700787401575,-0.179921259842519,0.283858267716536));
#5017=VERTEX_POINT('',#5016);
#5018=CARTESIAN_POINT('',(-0.143700787401575,-0.179921259842519,0.283858267716536));
#5019=DIRECTION('',(1.0,0.0,0.0));
#5020=VECTOR('',#5019,0.28740157480315);
#5021=LINE('',#5018,#5020);
#5022=EDGE_CURVE('',#5008,#5017,#5021,.T.);
#5023=ORIENTED_EDGE('',*,*,#5022,.T.);
#5024=CARTESIAN_POINT('',(0.143700787401575,-0.164173228346456,0.283858267716536));
#5025=DIRECTION('',(-1.0,0.0,0.0));
#5026=DIRECTION('',(0.0,-0.707106781186548,0.707106781186548));
#5027=AXIS2_PLACEMENT_3D('',#5024,#5025,#5026);
#5028=CIRCLE('',#5027,0.015748031496063);
#5029=EDGE_CURVE('',#5017,#4753,#5028,.T.);
#5030=ORIENTED_EDGE('',*,*,#5029,.T.);
#5031=ORIENTED_EDGE('',*,*,#4758,.T.);
#5032=CARTESIAN_POINT('',(0.144623004702095,-0.1791958929357,0.288582677165354));
#5033=VERTEX_POINT('',#5032);
#5034=CARTESIAN_POINT('',(0.144623004702095,-0.1791958929357,0.288582677165354));
#5035=DIRECTION('',(-1.0,0.0,0.0));
#5036=VECTOR('',#5035,0.000331666119418);
#5037=LINE('',#5034,#5036);
#5038=EDGE_CURVE('',#5033,#4745,#5037,.T.);
#5039=ORIENTED_EDGE('',*,*,#5038,.F.);
#5040=CARTESIAN_POINT('',(0.159645669291339,-0.164173228346456,0.299606299212599));
#5041=VERTEX_POINT('',#5040);
#5042=CARTESIAN_POINT('',(0.159645669291339,-0.164173228346456,0.283858267716536));
#5043=DIRECTION('',(-0.707106781186547,0.707106781186548,6.162976E-033));
#5044=DIRECTION('',(-0.707106781186548,-0.707106781186547,-6.133174E-017));
#5045=AXIS2_PLACEMENT_3D('',#5042,#5043,#5044);
#5046=ELLIPSE('',#5045,0.022271079722411,0.015748031496063);
#5047=EDGE_CURVE('',#5033,#5041,#5046,.T.);
#5048=ORIENTED_EDGE('',*,*,#5047,.T.);
#5049=CARTESIAN_POINT('',(-0.159645669291339,-0.164173228346456,0.299606299212599));
#5050=VERTEX_POINT('',#5049);
#5051=CARTESIAN_POINT('',(0.159645669291339,-0.164173228346456,0.299606299212599));
#5052=DIRECTION('',(-1.0,0.0,0.0));
#5053=VECTOR('',#5052,0.319291338582678);
#5054=LINE('',#5051,#5053);
#5055=EDGE_CURVE('',#5041,#5050,#5054,.T.);
#5056=ORIENTED_EDGE('',*,*,#5055,.T.);
#5057=CARTESIAN_POINT('',(-0.144623004702095,-0.1791958929357,0.288582677165354));
#5058=VERTEX_POINT('',#5057);
#5059=CARTESIAN_POINT('',(-0.159645669291339,-0.164173228346456,0.283858267716536));
#5060=DIRECTION('',(0.707106781186547,0.707106781186547,0.0));
#5061=DIRECTION('',(0.707106781186547,-0.707106781186547,1.226635E-016));
#5062=AXIS2_PLACEMENT_3D('',#5059,#5060,#5061);
#5063=ELLIPSE('',#5062,0.022271079722411,0.015748031496063);
#5064=EDGE_CURVE('',#5050,#5058,#5063,.T.);
#5065=ORIENTED_EDGE('',*,*,#5064,.T.);
#5066=CARTESIAN_POINT('',(-0.144291338582677,-0.1791958929357,0.288582677165354));
#5067=DIRECTION('',(-1.0,0.0,0.0));
#5068=VECTOR('',#5067,0.000331666119418);
#5069=LINE('',#5066,#5068);
#5070=EDGE_CURVE('',#4727,#5058,#5069,.T.);
#5071=ORIENTED_EDGE('',*,*,#5070,.F.);
#5072=ORIENTED_EDGE('',*,*,#4788,.T.);
#5073=EDGE_LOOP('',(#5015,#5023,#5030,#5031,#5039,#5048,#5056,#5065,#5071,#5072));
#5074=FACE_OUTER_BOUND('',#5073,.T.);
#5075=ADVANCED_FACE('',(#5074),#5006,.T.);
#5076=CARTESIAN_POINT('',(-0.143852186433263,-0.179966711204532,0.288031496062992));
#5077=DIRECTION('',(-0.707106781186548,-0.707106781186548,0.0));
#5078=DIRECTION('',(0.0,0.0,1.0));
#5079=AXIS2_PLACEMENT_3D('',#5076,#5077,#5078);
#5080=PLANE('',#5079);
#5081=ORIENTED_EDGE('',*,*,#5064,.F.);
#5082=CARTESIAN_POINT('',(-0.16003937007874,-0.163779527559055,0.299606299212599));
#5083=VERTEX_POINT('',#5082);
#5084=CARTESIAN_POINT('',(-0.159645669291339,-0.164173228346456,0.299606299212599));
#5085=DIRECTION('',(-0.707106781186548,0.707106781186548,0.0));
#5086=VECTOR('',#5085,0.000556776993059);
#5087=LINE('',#5084,#5086);
#5088=EDGE_CURVE('',#5050,#5083,#5087,.T.);
#5089=ORIENTED_EDGE('',*,*,#5088,.T.);
#5090=CARTESIAN_POINT('',(-0.16003937007874,-0.163779527559055,0.288582677165354));
#5091=VERTEX_POINT('',#5090);
#5092=CARTESIAN_POINT('',(-0.16003937007874,-0.163779527559055,0.299606299212599));
#5093=DIRECTION('',(0.0,0.0,-1.0));
#5094=VECTOR('',#5093,0.011023622047245);
#5095=LINE('',#5092,#5094);
#5096=EDGE_CURVE('',#5083,#5091,#5095,.T.);
#5097=ORIENTED_EDGE('',*,*,#5096,.T.);
#5098=CARTESIAN_POINT('',(-0.144623004702095,-0.1791958929357,0.288582677165354));
#5099=DIRECTION('',(-0.707106781186548,0.707106781186548,0.0));
#5100=VECTOR('',#5099,0.02180203299815);
#5101=LINE('',#5098,#5100);
#5102=EDGE_CURVE('',#5058,#5091,#5101,.T.);
#5103=ORIENTED_EDGE('',*,*,#5102,.F.);
#5104=EDGE_LOOP('',(#5081,#5089,#5097,#5103));
#5105=FACE_OUTER_BOUND('',#5104,.T.);
#5106=ADVANCED_FACE('',(#5105),#5080,.T.);
#5107=CARTESIAN_POINT('',(-0.176043307086614,-0.180590551181102,0.299606299212599));
#5108=DIRECTION('',(0.0,0.0,1.0));
#5109=DIRECTION('',(1.0,0.0,0.0));
#5110=AXIS2_PLACEMENT_3D('',#5107,#5108,#5109);
#5111=PLANE('',#5110);
#5112=ORIENTED_EDGE('',*,*,#4857,.F.);
#5113=ORIENTED_EDGE('',*,*,#4911,.F.);
#5114=CARTESIAN_POINT('',(-0.16003937007874,-0.163779527559055,0.299606299212599));
#5115=DIRECTION('',(0.0,1.0,0.0));
#5116=VECTOR('',#5115,0.327559055118111);
#5117=LINE('',#5114,#5116);
#5118=EDGE_CURVE('',#5083,#4900,#5117,.T.);
#5119=ORIENTED_EDGE('',*,*,#5118,.F.);
#5120=ORIENTED_EDGE('',*,*,#5088,.F.);
#5121=ORIENTED_EDGE('',*,*,#5055,.F.);
#5122=CARTESIAN_POINT('',(0.16003937007874,-0.163779527559055,0.299606299212599));
#5123=VERTEX_POINT('',#5122);
#5124=CARTESIAN_POINT('',(0.16003937007874,-0.163779527559055,0.299606299212599));
#5125=DIRECTION('',(-0.707106781186597,-0.707106781186498,0.0));
#5126=VECTOR('',#5125,0.000556776993059);
#5127=LINE('',#5124,#5126);
#5128=EDGE_CURVE('',#5123,#5041,#5127,.T.);
#5129=ORIENTED_EDGE('',*,*,#5128,.F.);
#5130=CARTESIAN_POINT('',(0.16003937007874,0.163779527559055,0.299606299212599));
#5131=VERTEX_POINT('',#5130);
#5132=CARTESIAN_POINT('',(0.16003937007874,0.163779527559055,0.299606299212599));
#5133=DIRECTION('',(0.0,-1.0,0.0));
#5134=VECTOR('',#5133,0.32755905511811);
#5135=LINE('',#5132,#5134);
#5136=EDGE_CURVE('',#5131,#5123,#5135,.T.);
#5137=ORIENTED_EDGE('',*,*,#5136,.F.);
#5138=CARTESIAN_POINT('',(0.159645669563418,0.164173228074378,0.299606299212599));
#5139=DIRECTION('',(0.707106781186547,-0.707106781186547,0.0));
#5140=VECTOR('',#5139,0.000556776608282);
#5141=LINE('',#5138,#5140);
#5142=EDGE_CURVE('',#4852,#5131,#5141,.T.);
#5143=ORIENTED_EDGE('',*,*,#5142,.F.);
#5144=EDGE_LOOP('',(#5112,#5113,#5119,#5120,#5121,#5129,#5137,#5143));
#5145=FACE_OUTER_BOUND('',#5144,.T.);
#5146=ORIENTED_EDGE('',*,*,#4624,.T.);
#5147=EDGE_LOOP('',(#5146));
#5148=FACE_BOUND('',#5147,.T.);
#5149=ADVANCED_FACE('',(#5145,#5148),#5111,.T.);
#5150=CARTESIAN_POINT('',(0.143852186433263,-0.179966711204532,0.300157480314961));
#5151=DIRECTION('',(0.707106781186548,-0.707106781186548,0.0));
#5152=DIRECTION('',(0.0,0.0,-1.0));
#5153=AXIS2_PLACEMENT_3D('',#5150,#5151,#5152);
#5154=PLANE('',#5153);
#5155=ORIENTED_EDGE('',*,*,#5047,.F.);
#5156=CARTESIAN_POINT('',(0.16003937007874,-0.163779527559055,0.288582677165354));
#5157=VERTEX_POINT('',#5156);
#5158=CARTESIAN_POINT('',(0.16003937007874,-0.163779527559055,0.288582677165354));
#5159=DIRECTION('',(-0.707106781186547,-0.707106781186547,0.0));
#5160=VECTOR('',#5159,0.02180203299815);
#5161=LINE('',#5158,#5160);
#5162=EDGE_CURVE('',#5157,#5033,#5161,.T.);
#5163=ORIENTED_EDGE('',*,*,#5162,.F.);
#5164=CARTESIAN_POINT('',(0.16003937007874,-0.163779527559055,0.288582677165354));
#5165=DIRECTION('',(0.0,0.0,1.0));
#5166=VECTOR('',#5165,0.011023622047245);
#5167=LINE('',#5164,#5166);
#5168=EDGE_CURVE('',#5157,#5123,#5167,.T.);
#5169=ORIENTED_EDGE('',*,*,#5168,.T.);
#5170=ORIENTED_EDGE('',*,*,#5128,.T.);
#5171=EDGE_LOOP('',(#5155,#5163,#5169,#5170));
#5172=FACE_OUTER_BOUND('',#5171,.T.);
#5173=ADVANCED_FACE('',(#5172),#5154,.T.);
#5174=CARTESIAN_POINT('',(0.160810188347573,0.163008709290223,0.300157480314961));
#5175=DIRECTION('',(0.707106781186548,0.707106781186547,0.0));
#5176=DIRECTION('',(0.0,0.0,-1.0));
#5177=AXIS2_PLACEMENT_3D('',#5174,#5175,#5176);
#5178=PLANE('',#5177);
#5179=ORIENTED_EDGE('',*,*,#4866,.F.);
#5180=ORIENTED_EDGE('',*,*,#5142,.T.);
#5181=CARTESIAN_POINT('',(0.16003937007874,0.163779527559055,0.288582677165354));
#5182=VERTEX_POINT('',#5181);
#5183=CARTESIAN_POINT('',(0.16003937007874,0.163779527559055,0.299606299212599));
#5184=DIRECTION('',(0.0,0.0,-1.0));
#5185=VECTOR('',#5184,0.011023622047245);
#5186=LINE('',#5183,#5185);
#5187=EDGE_CURVE('',#5131,#5182,#5186,.T.);
#5188=ORIENTED_EDGE('',*,*,#5187,.T.);
#5189=CARTESIAN_POINT('',(0.144623004702095,0.1791958929357,0.288582677165354));
#5190=DIRECTION('',(0.707106781186547,-0.707106781186547,0.0));
#5191=VECTOR('',#5190,0.02180203299815);
#5192=LINE('',#5189,#5191);
#5193=EDGE_CURVE('',#4860,#5182,#5192,.T.);
#5194=ORIENTED_EDGE('',*,*,#5193,.F.);
#5195=EDGE_LOOP('',(#5179,#5180,#5188,#5194));
#5196=FACE_OUTER_BOUND('',#5195,.T.);
#5197=ADVANCED_FACE('',(#5196),#5178,.T.);
#5198=CARTESIAN_POINT('',(0.067983736015855,0.179507874015748,0.169342873774208));
#5199=DIRECTION('',(0.0,0.0,-1.0));
#5200=DIRECTION('',(-1.0,0.0,0.0));
#5201=AXIS2_PLACEMENT_3D('',#5198,#5199,#5200);
#5202=PLANE('',#5201);
#5203=CARTESIAN_POINT('',(0.063211279884967,0.179527559055118,0.169342873774208));
#5204=VERTEX_POINT('',#5203);
#5205=CARTESIAN_POINT('',(-0.032237842732783,0.179527559055118,0.169342873774208));
#5206=VERTEX_POINT('',#5205);
#5207=CARTESIAN_POINT('',(0.063211279884967,0.179527559055118,0.169342873774208));
#5208=DIRECTION('',(-1.0,0.0,0.0));
#5209=VECTOR('',#5208,0.09544912261775);
#5210=LINE('',#5207,#5209);
#5211=EDGE_CURVE('',#5204,#5206,#5210,.T.);
#5212=ORIENTED_EDGE('',*,*,#5211,.T.);
#5213=CARTESIAN_POINT('',(-0.032237842732783,0.17992125984252,0.169342873774208));
#5214=VERTEX_POINT('',#5213);
#5215=CARTESIAN_POINT('',(-0.032237842732783,0.17992125984252,0.169342873774208));
#5216=DIRECTION('',(0.0,-1.0,0.0));
#5217=VECTOR('',#5216,0.000393700787402);
#5218=LINE('',#5215,#5217);
#5219=EDGE_CURVE('',#5214,#5206,#5218,.T.);
#5220=ORIENTED_EDGE('',*,*,#5219,.F.);
#5221=CARTESIAN_POINT('',(0.063211279884967,0.17992125984252,0.169342873774208));
#5222=VERTEX_POINT('',#5221);
#5223=CARTESIAN_POINT('',(0.063211279884967,0.17992125984252,0.169342873774208));
#5224=DIRECTION('',(-1.0,0.0,0.0));
#5225=VECTOR('',#5224,0.09544912261775);
#5226=LINE('',#5223,#5225);
#5227=EDGE_CURVE('',#5222,#5214,#5226,.T.);
#5228=ORIENTED_EDGE('',*,*,#5227,.F.);
#5229=CARTESIAN_POINT('',(0.063211279884967,0.17992125984252,0.169342873774208));
#5230=DIRECTION('',(0.0,-1.0,0.0));
#5231=VECTOR('',#5230,0.000393700787402);
#5232=LINE('',#5229,#5231);
#5233=EDGE_CURVE('',#5222,#5204,#5232,.T.);
#5234=ORIENTED_EDGE('',*,*,#5233,.T.);
#5235=EDGE_LOOP('',(#5212,#5220,#5228,#5234));
#5236=FACE_OUTER_BOUND('',#5235,.T.);
#5237=ADVANCED_FACE('',(#5236),#5202,.T.);
#5238=CARTESIAN_POINT('',(-0.031932922885171,0.179507874015748,0.168594842278145));
#5239=DIRECTION('',(-0.926020420318096,0.0,-0.377473417810972));
#5240=DIRECTION('',(-0.377473417810972,0.0,0.926020420318096));
#5241=AXIS2_PLACEMENT_3D('',#5238,#5239,#5240);
#5242=PLANE('',#5241);
#5243=CARTESIAN_POINT('',(-0.038336239685026,0.179527559055118,0.184303503695468));
#5244=VERTEX_POINT('',#5243);
#5245=CARTESIAN_POINT('',(-0.032237842732783,0.179527559055118,0.169342873774208));
#5246=DIRECTION('',(-0.377473417810973,0.0,0.926020420318096));
#5247=VECTOR('',#5246,0.01615583154864);
#5248=LINE('',#5245,#5247);
#5249=EDGE_CURVE('',#5206,#5244,#5248,.T.);
#5250=ORIENTED_EDGE('',*,*,#5249,.T.);
#5251=CARTESIAN_POINT('',(-0.038336239685026,0.17992125984252,0.184303503695468));
#5252=VERTEX_POINT('',#5251);
#5253=CARTESIAN_POINT('',(-0.038336239685026,0.17992125984252,0.184303503695468));
#5254=DIRECTION('',(0.0,-1.0,0.0));
#5255=VECTOR('',#5254,0.000393700787402);
#5256=LINE('',#5253,#5255);
#5257=EDGE_CURVE('',#5252,#5244,#5256,.T.);
#5258=ORIENTED_EDGE('',*,*,#5257,.F.);
#5259=CARTESIAN_POINT('',(-0.032237842732783,0.17992125984252,0.169342873774208));
#5260=DIRECTION('',(-0.377473417810971,0.0,0.926020420318096));
#5261=VECTOR('',#5260,0.01615583154864);
#5262=LINE('',#5259,#5261);
#5263=EDGE_CURVE('',#5214,#5252,#5262,.T.);
#5264=ORIENTED_EDGE('',*,*,#5263,.F.);
#5265=ORIENTED_EDGE('',*,*,#5219,.T.);
#5266=EDGE_LOOP('',(#5250,#5258,#5264,#5265));
#5267=FACE_OUTER_BOUND('',#5266,.T.);
#5268=ADVANCED_FACE('',(#5267),#5242,.T.);
#5269=CARTESIAN_POINT('',(-0.042371672755892,0.179507874015748,0.184303503695468));
#5270=DIRECTION('',(0.0,0.0,1.0));
#5271=DIRECTION('',(1.0,0.0,0.0));
#5272=AXIS2_PLACEMENT_3D('',#5269,#5270,#5271);
#5273=PLANE('',#5272);
#5274=CARTESIAN_POINT('',(0.042372421732296,0.179527559055118,0.184303503695468));
#5275=VERTEX_POINT('',#5274);
#5276=CARTESIAN_POINT('',(-0.038336239685026,0.179527559055118,0.184303503695468));
#5277=DIRECTION('',(1.0,0.0,0.0));
#5278=VECTOR('',#5277,0.080708661417322);
#5279=LINE('',#5276,#5278);
#5280=EDGE_CURVE('',#5244,#5275,#5279,.T.);
#5281=ORIENTED_EDGE('',*,*,#5280,.T.);
#5282=CARTESIAN_POINT('',(0.042372421732296,0.17992125984252,0.184303503695468));
#5283=VERTEX_POINT('',#5282);
#5284=CARTESIAN_POINT('',(0.042372421732296,0.17992125984252,0.184303503695468));
#5285=DIRECTION('',(0.0,-1.0,0.0));
#5286=VECTOR('',#5285,0.000393700787402);
#5287=LINE('',#5284,#5286);
#5288=EDGE_CURVE('',#5283,#5275,#5287,.T.);
#5289=ORIENTED_EDGE('',*,*,#5288,.F.);
#5290=CARTESIAN_POINT('',(-0.038336239685026,0.17992125984252,0.184303503695468));
#5291=DIRECTION('',(1.0,0.0,0.0));
#5292=VECTOR('',#5291,0.080708661417322);
#5293=LINE('',#5290,#5292);
#5294=EDGE_CURVE('',#5252,#5283,#5293,.T.);
#5295=ORIENTED_EDGE('',*,*,#5294,.F.);
#5296=ORIENTED_EDGE('',*,*,#5257,.T.);
#5297=EDGE_LOOP('',(#5281,#5289,#5295,#5296));
#5298=FACE_OUTER_BOUND('',#5297,.T.);
#5299=ADVANCED_FACE('',(#5298),#5273,.T.);
#5300=CARTESIAN_POINT('',(0.042689377889682,0.179507874015748,0.18352594464035));
#5301=DIRECTION('',(-0.926020420318096,0.0,-0.377473417810973));
#5302=DIRECTION('',(-0.377473417810973,0.0,0.926020420318096));
#5303=AXIS2_PLACEMENT_3D('',#5300,#5301,#5302);
#5304=PLANE('',#5303);
#5305=CARTESIAN_POINT('',(0.03603329858457,0.179527559055118,0.19985468479783));
#5306=VERTEX_POINT('',#5305);
#5307=CARTESIAN_POINT('',(0.042372421732296,0.179527559055118,0.184303503695468));
#5308=DIRECTION('',(-0.377473417810973,0.0,0.926020420318096));
#5309=VECTOR('',#5308,0.016793561741349);
#5310=LINE('',#5307,#5309);
#5311=EDGE_CURVE('',#5275,#5306,#5310,.T.);
#5312=ORIENTED_EDGE('',*,*,#5311,.T.);
#5313=CARTESIAN_POINT('',(0.03603329858457,0.17992125984252,0.19985468479783));
#5314=VERTEX_POINT('',#5313);
#5315=CARTESIAN_POINT('',(0.03603329858457,0.17992125984252,0.19985468479783));
#5316=DIRECTION('',(0.0,-1.0,0.0));
#5317=VECTOR('',#5316,0.000393700787402);
#5318=LINE('',#5315,#5317);
#5319=EDGE_CURVE('',#5314,#5306,#5318,.T.);
#5320=ORIENTED_EDGE('',*,*,#5319,.F.);
#5321=CARTESIAN_POINT('',(0.042372421732296,0.17992125984252,0.184303503695468));
#5322=DIRECTION('',(-0.377473417810973,0.0,0.926020420318096));
#5323=VECTOR('',#5322,0.016793561741349);
#5324=LINE('',#5321,#5323);
#5325=EDGE_CURVE('',#5283,#5314,#5324,.T.);
#5326=ORIENTED_EDGE('',*,*,#5325,.F.);
#5327=ORIENTED_EDGE('',*,*,#5288,.T.);
#5328=EDGE_LOOP('',(#5312,#5320,#5326,#5327));
#5329=FACE_OUTER_BOUND('',#5328,.T.);
#5330=ADVANCED_FACE('',(#5329),#5304,.T.);
#5331=CARTESIAN_POINT('',(0.040068731655436,0.179507874015748,0.19985468479783));
#5332=DIRECTION('',(0.0,0.0,-1.0));
#5333=DIRECTION('',(-1.0,0.0,0.0));
#5334=AXIS2_PLACEMENT_3D('',#5331,#5332,#5333);
#5335=PLANE('',#5334);
#5336=CARTESIAN_POINT('',(-0.044675362832753,0.179527559055118,0.19985468479783));
#5337=VERTEX_POINT('',#5336);
#5338=CARTESIAN_POINT('',(0.03603329858457,0.179527559055118,0.19985468479783));
#5339=DIRECTION('',(-1.0,0.0,0.0));
#5340=VECTOR('',#5339,0.080708661417323);
#5341=LINE('',#5338,#5340);
#5342=EDGE_CURVE('',#5306,#5337,#5341,.T.);
#5343=ORIENTED_EDGE('',*,*,#5342,.T.);
#5344=CARTESIAN_POINT('',(-0.044675362832753,0.17992125984252,0.19985468479783));
#5345=VERTEX_POINT('',#5344);
#5346=CARTESIAN_POINT('',(-0.044675362832753,0.17992125984252,0.19985468479783));
#5347=DIRECTION('',(0.0,-1.0,0.0));
#5348=VECTOR('',#5347,0.000393700787402);
#5349=LINE('',#5346,#5348);
#5350=EDGE_CURVE('',#5345,#5337,#5349,.T.);
#5351=ORIENTED_EDGE('',*,*,#5350,.F.);
#5352=CARTESIAN_POINT('',(0.03603329858457,0.17992125984252,0.19985468479783));
#5353=DIRECTION('',(-1.0,0.0,0.0));
#5354=VECTOR('',#5353,0.080708661417323);
#5355=LINE('',#5352,#5354);
#5356=EDGE_CURVE('',#5314,#5345,#5355,.T.);
#5357=ORIENTED_EDGE('',*,*,#5356,.F.);
#5358=ORIENTED_EDGE('',*,*,#5319,.T.);
#5359=EDGE_LOOP('',(#5343,#5351,#5357,#5358));
#5360=FACE_OUTER_BOUND('',#5359,.T.);
#5361=ADVANCED_FACE('',(#5360),#5335,.T.);
#5362=CARTESIAN_POINT('',(-0.044370442985141,0.179507874015748,0.199106653301767));
#5363=DIRECTION('',(-0.926020420318091,0.0,-0.377473417810984));
#5364=DIRECTION('',(-0.377473417810984,0.0,0.926020420318091));
#5365=AXIS2_PLACEMENT_3D('',#5362,#5363,#5364);
#5366=PLANE('',#5365);
#5367=CARTESIAN_POINT('',(-0.050773759784997,0.179527559055118,0.21481531471909));
#5368=VERTEX_POINT('',#5367);
#5369=CARTESIAN_POINT('',(-0.044675362832753,0.179527559055118,0.19985468479783));
#5370=DIRECTION('',(-0.377473417810983,0.0,0.926020420318091));
#5371=VECTOR('',#5370,0.01615583154864);
#5372=LINE('',#5369,#5371);
#5373=EDGE_CURVE('',#5337,#5368,#5372,.T.);
#5374=ORIENTED_EDGE('',*,*,#5373,.T.);
#5375=CARTESIAN_POINT('',(-0.050773759784997,0.17992125984252,0.21481531471909));
#5376=VERTEX_POINT('',#5375);
#5377=CARTESIAN_POINT('',(-0.050773759784997,0.17992125984252,0.21481531471909));
#5378=DIRECTION('',(0.0,-1.0,0.0));
#5379=VECTOR('',#5378,0.000393700787402);
#5380=LINE('',#5377,#5379);
#5381=EDGE_CURVE('',#5376,#5368,#5380,.T.);
#5382=ORIENTED_EDGE('',*,*,#5381,.F.);
#5383=CARTESIAN_POINT('',(-0.044675362832753,0.17992125984252,0.19985468479783));
#5384=DIRECTION('',(-0.377473417810985,0.0,0.926020420318091));
#5385=VECTOR('',#5384,0.01615583154864);
#5386=LINE('',#5383,#5385);
#5387=EDGE_CURVE('',#5345,#5376,#5386,.T.);
#5388=ORIENTED_EDGE('',*,*,#5387,.F.);
#5389=ORIENTED_EDGE('',*,*,#5350,.T.);
#5390=EDGE_LOOP('',(#5374,#5382,#5388,#5389));
#5391=FACE_OUTER_BOUND('',#5390,.T.);
#5392=ADVANCED_FACE('',(#5391),#5366,.T.);
#5393=CARTESIAN_POINT('',(-0.054809192855863,0.179507874015748,0.21481531471909));
#5394=DIRECTION('',(0.0,0.0,1.0));
#5395=DIRECTION('',(1.0,0.0,0.0));
#5396=AXIS2_PLACEMENT_3D('',#5393,#5394,#5395);
#5397=PLANE('',#5396);
#5398=CARTESIAN_POINT('',(0.029934901632326,0.179527559055118,0.21481531471909));
#5399=VERTEX_POINT('',#5398);
#5400=CARTESIAN_POINT('',(-0.050773759784997,0.179527559055118,0.21481531471909));
#5401=DIRECTION('',(1.0,0.0,0.0));
#5402=VECTOR('',#5401,0.080708661417323);
#5403=LINE('',#5400,#5402);
#5404=EDGE_CURVE('',#5368,#5399,#5403,.T.);
#5405=ORIENTED_EDGE('',*,*,#5404,.T.);
#5406=CARTESIAN_POINT('',(0.029934901632326,0.17992125984252,0.21481531471909));
#5407=VERTEX_POINT('',#5406);
#5408=CARTESIAN_POINT('',(0.029934901632326,0.17992125984252,0.21481531471909));
#5409=DIRECTION('',(0.0,-1.0,0.0));
#5410=VECTOR('',#5409,0.000393700787402);
#5411=LINE('',#5408,#5410);
#5412=EDGE_CURVE('',#5407,#5399,#5411,.T.);
#5413=ORIENTED_EDGE('',*,*,#5412,.F.);
#5414=CARTESIAN_POINT('',(-0.050773759784997,0.17992125984252,0.21481531471909));
#5415=DIRECTION('',(1.0,0.0,0.0));
#5416=VECTOR('',#5415,0.080708661417323);
#5417=LINE('',#5414,#5416);
#5418=EDGE_CURVE('',#5376,#5407,#5417,.T.);
#5419=ORIENTED_EDGE('',*,*,#5418,.F.);
#5420=ORIENTED_EDGE('',*,*,#5381,.T.);
#5421=EDGE_LOOP('',(#5405,#5413,#5419,#5420));
#5422=FACE_OUTER_BOUND('',#5421,.T.);
#5423=ADVANCED_FACE('',(#5422),#5397,.T.);
#5424=CARTESIAN_POINT('',(0.030251857789712,0.179507874015748,0.214037755663972));
#5425=DIRECTION('',(-0.926020420318095,0.0,-0.377473417810975));
#5426=DIRECTION('',(-0.377473417810975,0.0,0.926020420318095));
#5427=AXIS2_PLACEMENT_3D('',#5424,#5425,#5426);
#5428=PLANE('',#5427);
#5429=CARTESIAN_POINT('',(0.023595778484599,0.179527559055118,0.230366495821452));
#5430=VERTEX_POINT('',#5429);
#5431=CARTESIAN_POINT('',(0.029934901632326,0.179527559055118,0.21481531471909));
#5432=DIRECTION('',(-0.377473417810976,0.0,0.926020420318095));
#5433=VECTOR('',#5432,0.016793561741349);
#5434=LINE('',#5431,#5433);
#5435=EDGE_CURVE('',#5399,#5430,#5434,.T.);
#5436=ORIENTED_EDGE('',*,*,#5435,.T.);
#5437=CARTESIAN_POINT('',(0.023595778484599,0.17992125984252,0.230366495821452));
#5438=VERTEX_POINT('',#5437);
#5439=CARTESIAN_POINT('',(0.023595778484599,0.17992125984252,0.230366495821452));
#5440=DIRECTION('',(0.0,-1.0,0.0));
#5441=VECTOR('',#5440,0.000393700787402);
#5442=LINE('',#5439,#5441);
#5443=EDGE_CURVE('',#5438,#5430,#5442,.T.);
#5444=ORIENTED_EDGE('',*,*,#5443,.F.);
#5445=CARTESIAN_POINT('',(0.029934901632326,0.17992125984252,0.21481531471909));
#5446=DIRECTION('',(-0.377473417810975,0.0,0.926020420318095));
#5447=VECTOR('',#5446,0.016793561741349);
#5448=LINE('',#5445,#5447);
#5449=EDGE_CURVE('',#5407,#5438,#5448,.T.);
#5450=ORIENTED_EDGE('',*,*,#5449,.F.);
#5451=ORIENTED_EDGE('',*,*,#5412,.T.);
#5452=EDGE_LOOP('',(#5436,#5444,#5450,#5451));
#5453=FACE_OUTER_BOUND('',#5452,.T.);
#5454=ADVANCED_FACE('',(#5453),#5428,.T.);
#5455=CARTESIAN_POINT('',(0.027631211555465,0.179507874015748,0.230366495821452));
#5456=DIRECTION('',(0.0,0.0,-1.0));
#5457=DIRECTION('',(-1.0,0.0,0.0));
#5458=AXIS2_PLACEMENT_3D('',#5455,#5456,#5457);
#5459=PLANE('',#5458);
#5460=CARTESIAN_POINT('',(-0.057112882932723,0.179527559055118,0.230366495821452));
#5461=VERTEX_POINT('',#5460);
#5462=CARTESIAN_POINT('',(0.023595778484599,0.179527559055118,0.230366495821452));
#5463=DIRECTION('',(-1.0,0.0,0.0));
#5464=VECTOR('',#5463,0.080708661417322);
#5465=LINE('',#5462,#5464);
#5466=EDGE_CURVE('',#5430,#5461,#5465,.T.);
#5467=ORIENTED_EDGE('',*,*,#5466,.T.);
#5468=CARTESIAN_POINT('',(-0.057112882932723,0.17992125984252,0.230366495821452));
#5469=VERTEX_POINT('',#5468);
#5470=CARTESIAN_POINT('',(-0.057112882932723,0.17992125984252,0.230366495821452));
#5471=DIRECTION('',(0.0,-1.0,0.0));
#5472=VECTOR('',#5471,0.000393700787402);
#5473=LINE('',#5470,#5472);
#5474=EDGE_CURVE('',#5469,#5461,#5473,.T.);
#5475=ORIENTED_EDGE('',*,*,#5474,.F.);
#5476=CARTESIAN_POINT('',(0.023595778484599,0.17992125984252,0.230366495821452));
#5477=DIRECTION('',(-1.0,0.0,0.0));
#5478=VECTOR('',#5477,0.080708661417322);
#5479=LINE('',#5476,#5478);
#5480=EDGE_CURVE('',#5438,#5469,#5479,.T.);
#5481=ORIENTED_EDGE('',*,*,#5480,.F.);
#5482=ORIENTED_EDGE('',*,*,#5443,.T.);
#5483=EDGE_LOOP('',(#5467,#5475,#5481,#5482));
#5484=FACE_OUTER_BOUND('',#5483,.T.);
#5485=ADVANCED_FACE('',(#5484),#5459,.T.);
#5486=CARTESIAN_POINT('',(-0.056807963085111,0.179507874015748,0.229618464325389));
#5487=DIRECTION('',(-0.926020420318099,0.0,-0.377473417810966));
#5488=DIRECTION('',(-0.377473417810966,0.0,0.926020420318099));
#5489=AXIS2_PLACEMENT_3D('',#5486,#5487,#5488);
#5490=PLANE('',#5489);
#5491=CARTESIAN_POINT('',(-0.063211279884967,0.179527559055118,0.245327125742712));
#5492=VERTEX_POINT('',#5491);
#5493=CARTESIAN_POINT('',(-0.057112882932723,0.179527559055118,0.230366495821452));
#5494=DIRECTION('',(-0.377473417810964,0.0,0.926020420318099));
#5495=VECTOR('',#5494,0.01615583154864);
#5496=LINE('',#5493,#5495);
#5497=EDGE_CURVE('',#5461,#5492,#5496,.T.);
#5498=ORIENTED_EDGE('',*,*,#5497,.T.);
#5499=CARTESIAN_POINT('',(-0.063211279884967,0.17992125984252,0.245327125742712));
#5500=VERTEX_POINT('',#5499);
#5501=CARTESIAN_POINT('',(-0.063211279884967,0.17992125984252,0.245327125742712));
#5502=DIRECTION('',(0.0,-1.0,0.0));
#5503=VECTOR('',#5502,0.000393700787402);
#5504=LINE('',#5501,#5503);
#5505=EDGE_CURVE('',#5500,#5492,#5504,.T.);
#5506=ORIENTED_EDGE('',*,*,#5505,.F.);
#5507=CARTESIAN_POINT('',(-0.057112882932723,0.17992125984252,0.230366495821452));
#5508=DIRECTION('',(-0.377473417810964,0.0,0.926020420318099));
#5509=VECTOR('',#5508,0.01615583154864);
#5510=LINE('',#5507,#5509);
#5511=EDGE_CURVE('',#5469,#5500,#5510,.T.);
#5512=ORIENTED_EDGE('',*,*,#5511,.F.);
#5513=ORIENTED_EDGE('',*,*,#5474,.T.);
#5514=EDGE_LOOP('',(#5498,#5506,#5512,#5513));
#5515=FACE_OUTER_BOUND('',#5514,.T.);
#5516=ADVANCED_FACE('',(#5515),#5490,.T.);
#5517=CARTESIAN_POINT('',(-0.067983736015855,0.179507874015748,0.245327125742712));
#5518=DIRECTION('',(0.0,0.0,1.0));
#5519=DIRECTION('',(1.0,0.0,0.0));
#5520=AXIS2_PLACEMENT_3D('',#5517,#5518,#5519);
#5521=PLANE('',#5520);
#5522=CARTESIAN_POINT('',(0.032237842732783,0.179527559055118,0.245327125742712));
#5523=VERTEX_POINT('',#5522);
#5524=CARTESIAN_POINT('',(-0.063211279884967,0.179527559055118,0.245327125742712));
#5525=DIRECTION('',(1.0,0.0,0.0));
#5526=VECTOR('',#5525,0.09544912261775);
#5527=LINE('',#5524,#5526);
#5528=EDGE_CURVE('',#5492,#5523,#5527,.T.);
#5529=ORIENTED_EDGE('',*,*,#5528,.T.);
#5530=CARTESIAN_POINT('',(0.032237842732783,0.17992125984252,0.245327125742712));
#5531=VERTEX_POINT('',#5530);
#5532=CARTESIAN_POINT('',(0.032237842732783,0.17992125984252,0.245327125742712));
#5533=DIRECTION('',(0.0,-1.0,0.0));
#5534=VECTOR('',#5533,0.000393700787402);
#5535=LINE('',#5532,#5534);
#5536=EDGE_CURVE('',#5531,#5523,#5535,.T.);
#5537=ORIENTED_EDGE('',*,*,#5536,.F.);
#5538=CARTESIAN_POINT('',(-0.063211279884967,0.17992125984252,0.245327125742712));
#5539=DIRECTION('',(1.0,0.0,0.0));
#5540=VECTOR('',#5539,0.09544912261775);
#5541=LINE('',#5538,#5540);
#5542=EDGE_CURVE('',#5500,#5531,#5541,.T.);
#5543=ORIENTED_EDGE('',*,*,#5542,.F.);
#5544=ORIENTED_EDGE('',*,*,#5505,.T.);
#5545=EDGE_LOOP('',(#5529,#5537,#5543,#5544));
#5546=FACE_OUTER_BOUND('',#5545,.T.);
#5547=ADVANCED_FACE('',(#5546),#5521,.T.);
#5548=CARTESIAN_POINT('',(0.030689170875174,0.179507874015748,0.249126338341137));
#5549=DIRECTION('',(0.926020420318096,0.0,0.377473417810973));
#5550=DIRECTION('',(0.377473417810973,0.0,-0.926020420318096));
#5551=AXIS2_PLACEMENT_3D('',#5548,#5549,#5550);
#5552=PLANE('',#5551);
#5553=CARTESIAN_POINT('',(0.032237842732783,0.179527559055118,0.245327125742712));
#5554=DIRECTION('',(0.377473417810973,0.0,-0.926020420318096));
#5555=VECTOR('',#5554,0.082054618128618);
#5556=LINE('',#5553,#5555);
#5557=EDGE_CURVE('',#5523,#5204,#5556,.T.);
#5558=ORIENTED_EDGE('',*,*,#5557,.T.);
#5559=ORIENTED_EDGE('',*,*,#5233,.F.);
#5560=CARTESIAN_POINT('',(0.032237842732783,0.17992125984252,0.245327125742712));
#5561=DIRECTION('',(0.377473417810973,0.0,-0.926020420318096));
#5562=VECTOR('',#5561,0.082054618128618);
#5563=LINE('',#5560,#5562);
#5564=EDGE_CURVE('',#5531,#5222,#5563,.T.);
#5565=ORIENTED_EDGE('',*,*,#5564,.F.);
#5566=ORIENTED_EDGE('',*,*,#5536,.T.);
#5567=EDGE_LOOP('',(#5558,#5559,#5565,#5566));
#5568=FACE_OUTER_BOUND('',#5567,.T.);
#5569=ADVANCED_FACE('',(#5568),#5552,.T.);
#5570=CARTESIAN_POINT('',(-0.045240616199723,0.179507874015748,0.19759090527027));
#5571=DIRECTION('',(-0.926020420318096,0.0,-0.377473417810972));
#5572=DIRECTION('',(-0.377473417810972,0.0,0.926020420318096));
#5573=AXIS2_PLACEMENT_3D('',#5570,#5571,#5572);
#5574=PLANE('',#5573);
#5575=CARTESIAN_POINT('',(-0.045601705492948,0.179527559055118,0.198476732041924));
#5576=VERTEX_POINT('',#5575);
#5577=CARTESIAN_POINT('',(-0.052823491357446,0.179527559055118,0.216193267474995));
#5578=VERTEX_POINT('',#5577);
#5579=CARTESIAN_POINT('',(-0.045601705492948,0.179527559055118,0.198476732041924));
#5580=DIRECTION('',(-0.377473417810973,0.0,0.926020420318096));
#5581=VECTOR('',#5580,0.019131905781284);
#5582=LINE('',#5579,#5581);
#5583=EDGE_CURVE('',#5576,#5578,#5582,.T.);
#5584=ORIENTED_EDGE('',*,*,#5583,.F.);
#5585=CARTESIAN_POINT('',(-0.045601705492948,0.17992125984252,0.198476732041924));
#5586=VERTEX_POINT('',#5585);
#5587=CARTESIAN_POINT('',(-0.045601705492948,0.17992125984252,0.198476732041924));
#5588=DIRECTION('',(0.0,-1.0,0.0));
#5589=VECTOR('',#5588,0.000393700787402);
#5590=LINE('',#5587,#5589);
#5591=EDGE_CURVE('',#5586,#5576,#5590,.T.);
#5592=ORIENTED_EDGE('',*,*,#5591,.F.);
#5593=CARTESIAN_POINT('',(-0.052823491357446,0.17992125984252,0.216193267474995));
#5594=VERTEX_POINT('',#5593);
#5595=CARTESIAN_POINT('',(-0.052823491357446,0.17992125984252,0.216193267474995));
#5596=DIRECTION('',(0.377473417810973,0.0,-0.926020420318096));
#5597=VECTOR('',#5596,0.019131905781284);
#5598=LINE('',#5595,#5597);
#5599=EDGE_CURVE('',#5594,#5586,#5598,.T.);
#5600=ORIENTED_EDGE('',*,*,#5599,.F.);
#5601=CARTESIAN_POINT('',(-0.052823491357446,0.17992125984252,0.216193267474995));
#5602=DIRECTION('',(0.0,-1.0,0.0));
#5603=VECTOR('',#5602,0.000393700787402);
#5604=LINE('',#5601,#5603);
#5605=EDGE_CURVE('',#5594,#5578,#5604,.T.);
#5606=ORIENTED_EDGE('',*,*,#5605,.T.);
#5607=EDGE_LOOP('',(#5584,#5592,#5600,#5606));
#5608=FACE_OUTER_BOUND('',#5607,.T.);
#5609=ADVANCED_FACE('',(#5608),#5574,.F.);
#5610=CARTESIAN_POINT('',(-0.056858924428312,0.179507874015748,0.216193267474995));
#5611=DIRECTION('',(0.0,0.0,1.0));
#5612=DIRECTION('',(1.0,0.0,0.0));
#5613=AXIS2_PLACEMENT_3D('',#5610,#5611,#5612);
#5614=PLANE('',#5613);
#5615=CARTESIAN_POINT('',(0.027885170059877,0.179527559055118,0.216193267474995));
#5616=VERTEX_POINT('',#5615);
#5617=CARTESIAN_POINT('',(-0.052823491357446,0.179527559055118,0.216193267474995));
#5618=DIRECTION('',(1.0,0.0,0.0));
#5619=VECTOR('',#5618,0.080708661417323);
#5620=LINE('',#5617,#5619);
#5621=EDGE_CURVE('',#5578,#5616,#5620,.T.);
#5622=ORIENTED_EDGE('',*,*,#5621,.F.);
#5623=ORIENTED_EDGE('',*,*,#5605,.F.);
#5624=CARTESIAN_POINT('',(0.027885170059877,0.17992125984252,0.216193267474995));
#5625=VERTEX_POINT('',#5624);
#5626=CARTESIAN_POINT('',(0.027885170059877,0.17992125984252,0.216193267474995));
#5627=DIRECTION('',(-1.0,0.0,0.0));
#5628=VECTOR('',#5627,0.080708661417323);
#5629=LINE('',#5626,#5628);
#5630=EDGE_CURVE('',#5625,#5594,#5629,.T.);
#5631=ORIENTED_EDGE('',*,*,#5630,.F.);
#5632=CARTESIAN_POINT('',(0.027885170059877,0.17992125984252,0.216193267474995));
#5633=DIRECTION('',(0.0,-1.0,0.0));
#5634=VECTOR('',#5633,0.000393700787402);
#5635=LINE('',#5632,#5634);
#5636=EDGE_CURVE('',#5625,#5616,#5635,.T.);
#5637=ORIENTED_EDGE('',*,*,#5636,.T.);
#5638=EDGE_LOOP('',(#5622,#5623,#5631,#5637));
#5639=FACE_OUTER_BOUND('',#5638,.T.);
#5640=ADVANCED_FACE('',(#5639),#5614,.F.);
#5641=CARTESIAN_POINT('',(0.028145956771651,0.179507874015748,0.215553503695467));
#5642=DIRECTION('',(-0.926020420318096,0.0,-0.377473417810973));
#5643=DIRECTION('',(-0.377473417810973,0.0,0.926020420318096));
#5644=AXIS2_PLACEMENT_3D('',#5641,#5642,#5643);
#5645=PLANE('',#5644);
#5646=CARTESIAN_POINT('',(0.022669435824405,0.179527559055118,0.228988543065547));
#5647=VERTEX_POINT('',#5646);
#5648=CARTESIAN_POINT('',(0.027885170059877,0.179527559055118,0.216193267474995));
#5649=DIRECTION('',(-0.377473417810973,0.0,0.926020420318096));
#5650=VECTOR('',#5649,0.013817487508706);
#5651=LINE('',#5648,#5650);
#5652=EDGE_CURVE('',#5616,#5647,#5651,.T.);
#5653=ORIENTED_EDGE('',*,*,#5652,.F.);
#5654=ORIENTED_EDGE('',*,*,#5636,.F.);
#5655=CARTESIAN_POINT('',(0.022669435824405,0.17992125984252,0.228988543065547));
#5656=VERTEX_POINT('',#5655);
#5657=CARTESIAN_POINT('',(0.022669435824405,0.17992125984252,0.228988543065547));
#5658=DIRECTION('',(0.377473417810972,0.0,-0.926020420318096));
#5659=VECTOR('',#5658,0.013817487508706);
#5660=LINE('',#5657,#5659);
#5661=EDGE_CURVE('',#5656,#5625,#5660,.T.);
#5662=ORIENTED_EDGE('',*,*,#5661,.F.);
#5663=CARTESIAN_POINT('',(0.022669435824405,0.17992125984252,0.228988543065547));
#5664=DIRECTION('',(0.0,-1.0,0.0));
#5665=VECTOR('',#5664,0.000393700787402);
#5666=LINE('',#5663,#5665);
#5667=EDGE_CURVE('',#5656,#5647,#5666,.T.);
#5668=ORIENTED_EDGE('',*,*,#5667,.T.);
#5669=EDGE_LOOP('',(#5653,#5654,#5662,#5668));
#5670=FACE_OUTER_BOUND('',#5669,.T.);
#5671=ADVANCED_FACE('',(#5670),#5645,.F.);
#5672=CARTESIAN_POINT('',(0.026704868895271,0.179507874015748,0.228988543065547));
#5673=DIRECTION('',(0.0,0.0,-1.0));
#5674=DIRECTION('',(-1.0,0.0,0.0));
#5675=AXIS2_PLACEMENT_3D('',#5672,#5673,#5674);
#5676=PLANE('',#5675);
#5677=CARTESIAN_POINT('',(-0.058039225592918,0.179527559055118,0.228988543065546));
#5678=VERTEX_POINT('',#5677);
#5679=CARTESIAN_POINT('',(0.022669435824405,0.179527559055118,0.228988543065547));
#5680=DIRECTION('',(-1.0,0.0,0.0));
#5681=VECTOR('',#5680,0.080708661417323);
#5682=LINE('',#5679,#5681);
#5683=EDGE_CURVE('',#5647,#5678,#5682,.T.);
#5684=ORIENTED_EDGE('',*,*,#5683,.F.);
#5685=ORIENTED_EDGE('',*,*,#5667,.F.);
#5686=CARTESIAN_POINT('',(-0.058039225592918,0.17992125984252,0.228988543065546));
#5687=VERTEX_POINT('',#5686);
#5688=CARTESIAN_POINT('',(-0.058039225592918,0.17992125984252,0.228988543065546));
#5689=DIRECTION('',(1.0,0.0,0.0));
#5690=VECTOR('',#5689,0.080708661417323);
#5691=LINE('',#5688,#5690);
#5692=EDGE_CURVE('',#5687,#5656,#5691,.T.);
#5693=ORIENTED_EDGE('',*,*,#5692,.F.);
#5694=CARTESIAN_POINT('',(-0.058039225592918,0.17992125984252,0.228988543065546));
#5695=DIRECTION('',(0.0,-1.0,0.0));
#5696=VECTOR('',#5695,0.000393700787402);
#5697=LINE('',#5694,#5696);
#5698=EDGE_CURVE('',#5687,#5678,#5697,.T.);
#5699=ORIENTED_EDGE('',*,*,#5698,.T.);
#5700=EDGE_LOOP('',(#5684,#5685,#5693,#5699));
#5701=FACE_OUTER_BOUND('',#5700,.T.);
#5702=ADVANCED_FACE('',(#5701),#5676,.F.);
#5703=CARTESIAN_POINT('',(-0.057678136299693,0.179507874015748,0.228102716293892));
#5704=DIRECTION('',(-0.926020420318096,0.0,-0.377473417810972));
#5705=DIRECTION('',(-0.377473417810972,0.0,0.926020420318096));
#5706=AXIS2_PLACEMENT_3D('',#5703,#5704,#5705);
#5707=PLANE('',#5706);
#5708=CARTESIAN_POINT('',(-0.065261011457416,0.179527559055118,0.246705078498617));
#5709=VERTEX_POINT('',#5708);
#5710=CARTESIAN_POINT('',(-0.058039225592918,0.179527559055118,0.228988543065546));
#5711=DIRECTION('',(-0.377473417810973,0.0,0.926020420318096));
#5712=VECTOR('',#5711,0.019131905781284);
#5713=LINE('',#5710,#5712);
#5714=EDGE_CURVE('',#5678,#5709,#5713,.T.);
#5715=ORIENTED_EDGE('',*,*,#5714,.F.);
#5716=ORIENTED_EDGE('',*,*,#5698,.F.);
#5717=CARTESIAN_POINT('',(-0.065261011457416,0.17992125984252,0.246705078498617));
#5718=VERTEX_POINT('',#5717);
#5719=CARTESIAN_POINT('',(-0.065261011457416,0.17992125984252,0.246705078498617));
#5720=DIRECTION('',(0.377473417810973,0.0,-0.926020420318096));
#5721=VECTOR('',#5720,0.019131905781284);
#5722=LINE('',#5719,#5721);
#5723=EDGE_CURVE('',#5718,#5687,#5722,.T.);
#5724=ORIENTED_EDGE('',*,*,#5723,.F.);
#5725=CARTESIAN_POINT('',(-0.065261011457416,0.17992125984252,0.246705078498617));
#5726=DIRECTION('',(0.0,-1.0,0.0));
#5727=VECTOR('',#5726,0.000393700787402);
#5728=LINE('',#5725,#5727);
#5729=EDGE_CURVE('',#5718,#5709,#5728,.T.);
#5730=ORIENTED_EDGE('',*,*,#5729,.T.);
#5731=EDGE_LOOP('',(#5715,#5716,#5724,#5730));
#5732=FACE_OUTER_BOUND('',#5731,.T.);
#5733=ADVANCED_FACE('',(#5732),#5707,.F.);
#5734=CARTESIAN_POINT('',(-0.070182271299936,0.179507874015748,0.246705078498617));
#5735=DIRECTION('',(0.0,0.0,1.0));
#5736=DIRECTION('',(1.0,0.0,0.0));
#5737=AXIS2_PLACEMENT_3D('',#5734,#5735,#5736);
#5738=PLANE('',#5737);
#5739=CARTESIAN_POINT('',(0.033164185392977,0.179527559055118,0.246705078498617));
#5740=VERTEX_POINT('',#5739);
#5741=CARTESIAN_POINT('',(-0.065261011457416,0.179527559055118,0.246705078498617));
#5742=DIRECTION('',(1.0,0.0,0.0));
#5743=VECTOR('',#5742,0.098425196850393);
#5744=LINE('',#5741,#5743);
#5745=EDGE_CURVE('',#5709,#5740,#5744,.T.);
#5746=ORIENTED_EDGE('',*,*,#5745,.F.);
#5747=ORIENTED_EDGE('',*,*,#5729,.F.);
#5748=CARTESIAN_POINT('',(0.033164185392977,0.17992125984252,0.246705078498617));
#5749=VERTEX_POINT('',#5748);
#5750=CARTESIAN_POINT('',(0.033164185392977,0.17992125984252,0.246705078498617));
#5751=DIRECTION('',(-1.0,0.0,0.0));
#5752=VECTOR('',#5751,0.098425196850393);
#5753=LINE('',#5750,#5752);
#5754=EDGE_CURVE('',#5749,#5718,#5753,.T.);
#5755=ORIENTED_EDGE('',*,*,#5754,.F.);
#5756=CARTESIAN_POINT('',(0.033164185392977,0.17992125984252,0.246705078498617));
#5757=DIRECTION('',(0.0,-1.0,0.0));
#5758=VECTOR('',#5757,0.000393700787402);
#5759=LINE('',#5756,#5758);
#5760=EDGE_CURVE('',#5749,#5740,#5759,.T.);
#5761=ORIENTED_EDGE('',*,*,#5760,.T.);
#5762=EDGE_LOOP('',(#5746,#5747,#5755,#5761));
#5763=FACE_OUTER_BOUND('',#5762,.T.);
#5764=ADVANCED_FACE('',(#5763),#5738,.F.);
#5765=CARTESIAN_POINT('',(0.031559344089755,0.179507874015748,0.250642086372633));
#5766=DIRECTION('',(0.926020420318096,0.0,0.377473417810972));
#5767=DIRECTION('',(0.377473417810972,0.0,-0.926020420318096));
#5768=AXIS2_PLACEMENT_3D('',#5765,#5766,#5767);
#5769=PLANE('',#5768);
#5770=CARTESIAN_POINT('',(0.065261011457416,0.179527559055118,0.167964921018302));
#5771=VERTEX_POINT('',#5770);
#5772=CARTESIAN_POINT('',(0.033164185392977,0.179527559055118,0.246705078498617));
#5773=DIRECTION('',(0.377473417810972,0.0,-0.926020420318096));
#5774=VECTOR('',#5773,0.085030692361262);
#5775=LINE('',#5772,#5774);
#5776=EDGE_CURVE('',#5740,#5771,#5775,.T.);
#5777=ORIENTED_EDGE('',*,*,#5776,.F.);
#5778=ORIENTED_EDGE('',*,*,#5760,.F.);
#5779=CARTESIAN_POINT('',(0.065261011457416,0.17992125984252,0.167964921018302));
#5780=VERTEX_POINT('',#5779);
#5781=CARTESIAN_POINT('',(0.065261011457416,0.17992125984252,0.167964921018302));
#5782=DIRECTION('',(-0.377473417810972,0.0,0.926020420318096));
#5783=VECTOR('',#5782,0.085030692361262);
#5784=LINE('',#5781,#5783);
#5785=EDGE_CURVE('',#5780,#5749,#5784,.T.);
#5786=ORIENTED_EDGE('',*,*,#5785,.F.);
#5787=CARTESIAN_POINT('',(0.065261011457416,0.17992125984252,0.167964921018302));
#5788=DIRECTION('',(0.0,-1.0,0.0));
#5789=VECTOR('',#5788,0.000393700787402);
#5790=LINE('',#5787,#5789);
#5791=EDGE_CURVE('',#5780,#5771,#5790,.T.);
#5792=ORIENTED_EDGE('',*,*,#5791,.T.);
#5793=EDGE_LOOP('',(#5777,#5778,#5786,#5792));
#5794=FACE_OUTER_BOUND('',#5793,.T.);
#5795=ADVANCED_FACE('',(#5794),#5769,.F.);
#5796=CARTESIAN_POINT('',(0.070182271299936,0.179507874015748,0.167964921018302));
#5797=DIRECTION('',(0.0,0.0,-1.0));
#5798=DIRECTION('',(-1.0,0.0,0.0));
#5799=AXIS2_PLACEMENT_3D('',#5796,#5797,#5798);
#5800=PLANE('',#5799);
#5801=CARTESIAN_POINT('',(-0.033164185392977,0.179527559055118,0.167964921018302));
#5802=VERTEX_POINT('',#5801);
#5803=CARTESIAN_POINT('',(0.065261011457416,0.179527559055118,0.167964921018302));
#5804=DIRECTION('',(-1.0,0.0,0.0));
#5805=VECTOR('',#5804,0.098425196850393);
#5806=LINE('',#5803,#5805);
#5807=EDGE_CURVE('',#5771,#5802,#5806,.T.);
#5808=ORIENTED_EDGE('',*,*,#5807,.F.);
#5809=ORIENTED_EDGE('',*,*,#5791,.F.);
#5810=CARTESIAN_POINT('',(-0.033164185392977,0.17992125984252,0.167964921018302));
#5811=VERTEX_POINT('',#5810);
#5812=CARTESIAN_POINT('',(-0.033164185392977,0.17992125984252,0.167964921018302));
#5813=DIRECTION('',(1.0,0.0,0.0));
#5814=VECTOR('',#5813,0.098425196850393);
#5815=LINE('',#5812,#5814);
#5816=EDGE_CURVE('',#5811,#5780,#5815,.T.);
#5817=ORIENTED_EDGE('',*,*,#5816,.F.);
#5818=CARTESIAN_POINT('',(-0.033164185392977,0.17992125984252,0.167964921018302));
#5819=DIRECTION('',(0.0,-1.0,0.0));
#5820=VECTOR('',#5819,0.000393700787402);
#5821=LINE('',#5818,#5820);
#5822=EDGE_CURVE('',#5811,#5802,#5821,.T.);
#5823=ORIENTED_EDGE('',*,*,#5822,.T.);
#5824=EDGE_LOOP('',(#5808,#5809,#5817,#5823));
#5825=FACE_OUTER_BOUND('',#5824,.T.);
#5826=ADVANCED_FACE('',(#5825),#5800,.F.);
#5827=CARTESIAN_POINT('',(-0.032803096099752,0.179507874015748,0.167079094246648));
#5828=DIRECTION('',(-0.926020420318096,0.0,-0.377473417810972));
#5829=DIRECTION('',(-0.377473417810972,0.0,0.926020420318096));
#5830=AXIS2_PLACEMENT_3D('',#5827,#5828,#5829);
#5831=PLANE('',#5830);
#5832=CARTESIAN_POINT('',(-0.040385971257476,0.179527559055118,0.185681456451373));
#5833=VERTEX_POINT('',#5832);
#5834=CARTESIAN_POINT('',(-0.033164185392977,0.179527559055118,0.167964921018302));
#5835=DIRECTION('',(-0.377473417810972,0.0,0.926020420318096));
#5836=VECTOR('',#5835,0.019131905781284);
#5837=LINE('',#5834,#5836);
#5838=EDGE_CURVE('',#5802,#5833,#5837,.T.);
#5839=ORIENTED_EDGE('',*,*,#5838,.F.);
#5840=ORIENTED_EDGE('',*,*,#5822,.F.);
#5841=CARTESIAN_POINT('',(-0.040385971257476,0.17992125984252,0.185681456451373));
#5842=VERTEX_POINT('',#5841);
#5843=CARTESIAN_POINT('',(-0.040385971257476,0.17992125984252,0.185681456451373));
#5844=DIRECTION('',(0.377473417810972,0.0,-0.926020420318096));
#5845=VECTOR('',#5844,0.019131905781284);
#5846=LINE('',#5843,#5845);
#5847=EDGE_CURVE('',#5842,#5811,#5846,.T.);
#5848=ORIENTED_EDGE('',*,*,#5847,.F.);
#5849=CARTESIAN_POINT('',(-0.040385971257476,0.17992125984252,0.185681456451373));
#5850=DIRECTION('',(0.0,-1.0,0.0));
#5851=VECTOR('',#5850,0.000393700787402);
#5852=LINE('',#5849,#5851);
#5853=EDGE_CURVE('',#5842,#5833,#5852,.T.);
#5854=ORIENTED_EDGE('',*,*,#5853,.T.);
#5855=EDGE_LOOP('',(#5839,#5840,#5848,#5854));
#5856=FACE_OUTER_BOUND('',#5855,.T.);
#5857=ADVANCED_FACE('',(#5856),#5831,.F.);
#5858=CARTESIAN_POINT('',(-0.044421404328342,0.179507874015748,0.185681456451373));
#5859=DIRECTION('',(0.0,0.0,1.0));
#5860=DIRECTION('',(1.0,0.0,0.0));
#5861=AXIS2_PLACEMENT_3D('',#5858,#5859,#5860);
#5862=PLANE('',#5861);
#5863=CARTESIAN_POINT('',(0.040322690159847,0.179527559055118,0.185681456451373));
#5864=VERTEX_POINT('',#5863);
#5865=CARTESIAN_POINT('',(-0.040385971257476,0.179527559055118,0.185681456451373));
#5866=DIRECTION('',(1.0,0.0,0.0));
#5867=VECTOR('',#5866,0.080708661417323);
#5868=LINE('',#5865,#5867);
#5869=EDGE_CURVE('',#5833,#5864,#5868,.T.);
#5870=ORIENTED_EDGE('',*,*,#5869,.F.);
#5871=ORIENTED_EDGE('',*,*,#5853,.F.);
#5872=CARTESIAN_POINT('',(0.040322690159847,0.17992125984252,0.185681456451373));
#5873=VERTEX_POINT('',#5872);
#5874=CARTESIAN_POINT('',(0.040322690159847,0.17992125984252,0.185681456451373));
#5875=DIRECTION('',(-1.0,0.0,0.0));
#5876=VECTOR('',#5875,0.080708661417323);
#5877=LINE('',#5874,#5876);
#5878=EDGE_CURVE('',#5873,#5842,#5877,.T.);
#5879=ORIENTED_EDGE('',*,*,#5878,.F.);
#5880=CARTESIAN_POINT('',(0.040322690159847,0.17992125984252,0.185681456451373));
#5881=DIRECTION('',(0.0,-1.0,0.0));
#5882=VECTOR('',#5881,0.000393700787402);
#5883=LINE('',#5880,#5882);
#5884=EDGE_CURVE('',#5873,#5864,#5883,.T.);
#5885=ORIENTED_EDGE('',*,*,#5884,.T.);
#5886=EDGE_LOOP('',(#5870,#5871,#5879,#5885));
#5887=FACE_OUTER_BOUND('',#5886,.T.);
#5888=ADVANCED_FACE('',(#5887),#5862,.F.);
#5889=CARTESIAN_POINT('',(0.040583476871621,0.179507874015748,0.185041692671845));
#5890=DIRECTION('',(-0.926020420318095,0.0,-0.377473417810974));
#5891=DIRECTION('',(-0.377473417810974,0.0,0.926020420318095));
#5892=AXIS2_PLACEMENT_3D('',#5889,#5890,#5891);
#5893=PLANE('',#5892);
#5894=CARTESIAN_POINT('',(0.035106955924375,0.179527559055118,0.198476732041924));
#5895=VERTEX_POINT('',#5894);
#5896=CARTESIAN_POINT('',(0.040322690159847,0.179527559055118,0.185681456451373));
#5897=DIRECTION('',(-0.377473417810974,0.0,0.926020420318095));
#5898=VECTOR('',#5897,0.013817487508705);
#5899=LINE('',#5896,#5898);
#5900=EDGE_CURVE('',#5864,#5895,#5899,.T.);
#5901=ORIENTED_EDGE('',*,*,#5900,.F.);
#5902=ORIENTED_EDGE('',*,*,#5884,.F.);
#5903=CARTESIAN_POINT('',(0.035106955924375,0.17992125984252,0.198476732041924));
#5904=VERTEX_POINT('',#5903);
#5905=CARTESIAN_POINT('',(0.035106955924375,0.17992125984252,0.198476732041924));
#5906=DIRECTION('',(0.377473417810974,0.0,-0.926020420318095));
#5907=VECTOR('',#5906,0.013817487508705);
#5908=LINE('',#5905,#5907);
#5909=EDGE_CURVE('',#5904,#5873,#5908,.T.);
#5910=ORIENTED_EDGE('',*,*,#5909,.F.);
#5911=CARTESIAN_POINT('',(0.035106955924375,0.17992125984252,0.198476732041924));
#5912=DIRECTION('',(0.0,-1.0,0.0));
#5913=VECTOR('',#5912,0.000393700787402);
#5914=LINE('',#5911,#5913);
#5915=EDGE_CURVE('',#5904,#5895,#5914,.T.);
#5916=ORIENTED_EDGE('',*,*,#5915,.T.);
#5917=EDGE_LOOP('',(#5901,#5902,#5910,#5916));
#5918=FACE_OUTER_BOUND('',#5917,.T.);
#5919=ADVANCED_FACE('',(#5918),#5893,.F.);
#5920=CARTESIAN_POINT('',(0.039142388995241,0.179507874015748,0.198476732041924));
#5921=DIRECTION('',(0.0,0.0,-1.0));
#5922=DIRECTION('',(-1.0,0.0,0.0));
#5923=AXIS2_PLACEMENT_3D('',#5920,#5921,#5922);
#5924=PLANE('',#5923);
#5925=CARTESIAN_POINT('',(0.035106955924375,0.179527559055118,0.198476732041924));
#5926=DIRECTION('',(-1.0,0.0,0.0));
#5927=VECTOR('',#5926,0.080708661417323);
#5928=LINE('',#5925,#5927);
#5929=EDGE_CURVE('',#5895,#5576,#5928,.T.);
#5930=ORIENTED_EDGE('',*,*,#5929,.F.);
#5931=ORIENTED_EDGE('',*,*,#5915,.F.);
#5932=CARTESIAN_POINT('',(-0.045601705492948,0.17992125984252,0.198476732041924));
#5933=DIRECTION('',(1.0,0.0,0.0));
#5934=VECTOR('',#5933,0.080708661417323);
#5935=LINE('',#5932,#5934);
#5936=EDGE_CURVE('',#5586,#5904,#5935,.T.);
#5937=ORIENTED_EDGE('',*,*,#5936,.F.);
#5938=ORIENTED_EDGE('',*,*,#5591,.T.);
#5939=EDGE_LOOP('',(#5930,#5931,#5937,#5938));
#5940=FACE_OUTER_BOUND('',#5939,.T.);
#5941=ADVANCED_FACE('',(#5940),#5924,.F.);
#5942=CARTESIAN_POINT('',(-0.071787112603158,0.179527559055118,0.164027913144286));
#5943=DIRECTION('',(0.0,1.0,0.0));
#5944=DIRECTION('',(0.0,0.0,1.0));
#5945=AXIS2_PLACEMENT_3D('',#5942,#5943,#5944);
#5946=PLANE('',#5945);
#5947=ORIENTED_EDGE('',*,*,#5583,.T.);
#5948=ORIENTED_EDGE('',*,*,#5621,.T.);
#5949=ORIENTED_EDGE('',*,*,#5652,.T.);
#5950=ORIENTED_EDGE('',*,*,#5683,.T.);
#5951=ORIENTED_EDGE('',*,*,#5714,.T.);
#5952=ORIENTED_EDGE('',*,*,#5745,.T.);
#5953=ORIENTED_EDGE('',*,*,#5776,.T.);
#5954=ORIENTED_EDGE('',*,*,#5807,.T.);
#5955=ORIENTED_EDGE('',*,*,#5838,.T.);
#5956=ORIENTED_EDGE('',*,*,#5869,.T.);
#5957=ORIENTED_EDGE('',*,*,#5900,.T.);
#5958=ORIENTED_EDGE('',*,*,#5929,.T.);
#5959=EDGE_LOOP('',(#5947,#5948,#5949,#5950,#5951,#5952,#5953,#5954,#5955,#5956,#5957,#5958));
#5960=FACE_OUTER_BOUND('',#5959,.T.);
#5961=ORIENTED_EDGE('',*,*,#5211,.F.);
#5962=ORIENTED_EDGE('',*,*,#5557,.F.);
#5963=ORIENTED_EDGE('',*,*,#5528,.F.);
#5964=ORIENTED_EDGE('',*,*,#5497,.F.);
#5965=ORIENTED_EDGE('',*,*,#5466,.F.);
#5966=ORIENTED_EDGE('',*,*,#5435,.F.);
#5967=ORIENTED_EDGE('',*,*,#5404,.F.);
#5968=ORIENTED_EDGE('',*,*,#5373,.F.);
#5969=ORIENTED_EDGE('',*,*,#5342,.F.);
#5970=ORIENTED_EDGE('',*,*,#5311,.F.);
#5971=ORIENTED_EDGE('',*,*,#5280,.F.);
#5972=ORIENTED_EDGE('',*,*,#5249,.F.);
#5973=EDGE_LOOP('',(#5961,#5962,#5963,#5964,#5965,#5966,#5967,#5968,#5969,#5970,#5971,#5972));
#5974=FACE_BOUND('',#5973,.T.);
#5975=ADVANCED_FACE('',(#5960,#5974),#5946,.T.);
#5976=CARTESIAN_POINT('',(0.081692913385827,-0.180472440944881,0.040748031496064));
#5977=DIRECTION('',(-0.707106781186548,-8.589127E-017,0.707106781186548));
#5978=DIRECTION('',(0.707106781186548,0.0,0.707106781186548));
#5979=AXIS2_PLACEMENT_3D('',#5976,#5977,#5978);
#5980=PLANE('',#5979);
#5981=CARTESIAN_POINT('',(0.143700787401575,-0.168897637795275,0.102755905511812));
#5982=VERTEX_POINT('',#5981);
#5983=CARTESIAN_POINT('',(0.084645669291339,-0.168897637795275,0.043700787401575));
#5984=VERTEX_POINT('',#5983);
#5985=CARTESIAN_POINT('',(0.143700787401575,-0.168897637795275,0.102755905511812));
#5986=DIRECTION('',(-0.707106781186547,0.0,-0.707106781186548));
#5987=VECTOR('',#5986,0.083516548959041);
#5988=LINE('',#5985,#5987);
#5989=EDGE_CURVE('',#5982,#5984,#5988,.T.);
#5990=ORIENTED_EDGE('',*,*,#5989,.F.);
#5991=CARTESIAN_POINT('',(0.143700787401575,-0.179921259842519,0.102755905511812));
#5992=VERTEX_POINT('',#5991);
#5993=CARTESIAN_POINT('',(0.143700787401575,-0.179921259842519,0.102755905511812));
#5994=DIRECTION('',(0.0,1.0,0.0));
#5995=VECTOR('',#5994,0.011023622047244);
#5996=LINE('',#5993,#5995);
#5997=EDGE_CURVE('',#5992,#5982,#5996,.T.);
#5998=ORIENTED_EDGE('',*,*,#5997,.F.);
#5999=CARTESIAN_POINT('',(0.084645669291339,-0.179921259842519,0.043700787401575));
#6000=VERTEX_POINT('',#5999);
#6001=CARTESIAN_POINT('',(0.084645669291339,-0.179921259842519,0.043700787401575));
#6002=DIRECTION('',(0.707106781186547,0.0,0.707106781186548));
#6003=VECTOR('',#6002,0.083516548959041);
#6004=LINE('',#6001,#6003);
#6005=EDGE_CURVE('',#6000,#5992,#6004,.T.);
#6006=ORIENTED_EDGE('',*,*,#6005,.F.);
#6007=CARTESIAN_POINT('',(0.084645669291339,-0.168897637795275,0.043700787401575));
#6008=DIRECTION('',(0.0,-1.0,0.0));
#6009=VECTOR('',#6008,0.011023622047244);
#6010=LINE('',#6007,#6009);
#6011=EDGE_CURVE('',#5984,#6000,#6010,.T.);
#6012=ORIENTED_EDGE('',*,*,#6011,.F.);
#6013=EDGE_LOOP('',(#5990,#5998,#6006,#6012));
#6014=FACE_OUTER_BOUND('',#6013,.T.);
#6015=ADVANCED_FACE('',(#6014),#5980,.F.);
#6016=CARTESIAN_POINT('',(0.081692913385827,0.168346456692914,0.040748031496064));
#6017=DIRECTION('',(-0.707106781186548,-8.589127E-017,0.707106781186548));
#6018=DIRECTION('',(0.707106781186548,0.0,0.707106781186548));
#6019=AXIS2_PLACEMENT_3D('',#6016,#6017,#6018);
#6020=PLANE('',#6019);
#6021=CARTESIAN_POINT('',(0.084645669291339,0.168897637795276,0.043700787401575));
#6022=VERTEX_POINT('',#6021);
#6023=CARTESIAN_POINT('',(0.143700787401575,0.168897637795276,0.102755905511812));
#6024=VERTEX_POINT('',#6023);
#6025=CARTESIAN_POINT('',(0.084645669291339,0.168897637795276,0.043700787401575));
#6026=DIRECTION('',(0.707106781186547,0.0,0.707106781186548));
#6027=VECTOR('',#6026,0.083516548959041);
#6028=LINE('',#6025,#6027);
#6029=EDGE_CURVE('',#6022,#6024,#6028,.T.);
#6030=ORIENTED_EDGE('',*,*,#6029,.F.);
#6031=CARTESIAN_POINT('',(0.084645669291339,0.17992125984252,0.043700787401575));
#6032=VERTEX_POINT('',#6031);
#6033=CARTESIAN_POINT('',(0.084645669291339,0.17992125984252,0.043700787401575));
#6034=DIRECTION('',(0.0,-1.0,0.0));
#6035=VECTOR('',#6034,0.011023622047244);
#6036=LINE('',#6033,#6035);
#6037=EDGE_CURVE('',#6032,#6022,#6036,.T.);
#6038=ORIENTED_EDGE('',*,*,#6037,.F.);
#6039=CARTESIAN_POINT('',(0.143700787401575,0.17992125984252,0.102755905511812));
#6040=VERTEX_POINT('',#6039);
#6041=CARTESIAN_POINT('',(0.143700787401575,0.17992125984252,0.102755905511812));
#6042=DIRECTION('',(-0.707106781186547,0.0,-0.707106781186548));
#6043=VECTOR('',#6042,0.083516548959041);
#6044=LINE('',#6041,#6043);
#6045=EDGE_CURVE('',#6040,#6032,#6044,.T.);
#6046=ORIENTED_EDGE('',*,*,#6045,.F.);
#6047=CARTESIAN_POINT('',(0.143700787401575,0.168897637795276,0.102755905511812));
#6048=DIRECTION('',(0.0,1.0,0.0));
#6049=VECTOR('',#6048,0.011023622047244);
#6050=LINE('',#6047,#6049);
#6051=EDGE_CURVE('',#6024,#6040,#6050,.T.);
#6052=ORIENTED_EDGE('',*,*,#6051,.F.);
#6053=EDGE_LOOP('',(#6030,#6038,#6046,#6052));
#6054=FACE_OUTER_BOUND('',#6053,.T.);
#6055=ADVANCED_FACE('',(#6054),#6020,.F.);
#6056=CARTESIAN_POINT('',(0.143700787401575,-0.180472440944881,0.093464566929135));
#6057=DIRECTION('',(-1.0,0.0,0.0));
#6058=DIRECTION('',(0.0,0.0,1.0));
#6059=AXIS2_PLACEMENT_3D('',#6056,#6057,#6058);
#6060=PLANE('',#6059);
#6061=ORIENTED_EDGE('',*,*,#5029,.F.);
#6062=CARTESIAN_POINT('',(0.143700787401575,-0.179921259842519,0.102755905511812));
#6063=DIRECTION('',(0.0,0.0,1.0));
#6064=VECTOR('',#6063,0.181102362204724);
#6065=LINE('',#6062,#6064);
#6066=EDGE_CURVE('',#5992,#5017,#6065,.T.);
#6067=ORIENTED_EDGE('',*,*,#6066,.F.);
#6068=ORIENTED_EDGE('',*,*,#5997,.T.);
#6069=CARTESIAN_POINT('',(0.143700787401575,-0.168897637795275,0.288582677165355));
#6070=DIRECTION('',(0.0,0.0,-1.0));
#6071=VECTOR('',#6070,0.185826771653543);
#6072=LINE('',#6069,#6071);
#6073=EDGE_CURVE('',#4761,#5982,#6072,.T.);
#6074=ORIENTED_EDGE('',*,*,#6073,.F.);
#6075=ORIENTED_EDGE('',*,*,#4766,.F.);
#6076=EDGE_LOOP('',(#6061,#6067,#6068,#6074,#6075));
#6077=FACE_OUTER_BOUND('',#6076,.T.);
#6078=ADVANCED_FACE('',(#6077),#6060,.F.);
#6079=CARTESIAN_POINT('',(0.143700787401575,0.168346456692914,0.093464566929135));
#6080=DIRECTION('',(-1.0,0.0,0.0));
#6081=DIRECTION('',(0.0,0.0,1.0));
#6082=AXIS2_PLACEMENT_3D('',#6079,#6080,#6081);
#6083=PLANE('',#6082);
#6084=ORIENTED_EDGE('',*,*,#4807,.F.);
#6085=ORIENTED_EDGE('',*,*,#4950,.F.);
#6086=CARTESIAN_POINT('',(0.143700787401575,0.168897637795276,0.102755905511812));
#6087=DIRECTION('',(0.0,0.0,1.0));
#6088=VECTOR('',#6087,0.185826771653543);
#6089=LINE('',#6086,#6088);
#6090=EDGE_CURVE('',#6024,#4939,#6089,.T.);
#6091=ORIENTED_EDGE('',*,*,#6090,.F.);
#6092=ORIENTED_EDGE('',*,*,#6051,.T.);
#6093=CARTESIAN_POINT('',(0.143700787401575,0.17992125984252,0.283858267716536));
#6094=DIRECTION('',(0.0,0.0,-1.0));
#6095=VECTOR('',#6094,0.181102362204724);
#6096=LINE('',#6093,#6095);
#6097=EDGE_CURVE('',#4801,#6040,#6096,.T.);
#6098=ORIENTED_EDGE('',*,*,#6097,.F.);
#6099=EDGE_LOOP('',(#6084,#6085,#6091,#6092,#6098));
#6100=FACE_OUTER_BOUND('',#6099,.T.);
#6101=ADVANCED_FACE('',(#6100),#6083,.F.);
#6102=CARTESIAN_POINT('',(-0.143700787401575,-0.180472440944881,0.297874015748032));
#6103=DIRECTION('',(1.0,0.0,0.0));
#6104=DIRECTION('',(0.0,0.0,-1.0));
#6105=AXIS2_PLACEMENT_3D('',#6102,#6103,#6104);
#6106=PLANE('',#6105);
#6107=ORIENTED_EDGE('',*,*,#5014,.F.);
#6108=ORIENTED_EDGE('',*,*,#4782,.T.);
#6109=CARTESIAN_POINT('',(-0.143700787401575,-0.168897637795275,0.102755905511812));
#6110=VERTEX_POINT('',#6109);
#6111=CARTESIAN_POINT('',(-0.143700787401575,-0.168897637795275,0.102755905511812));
#6112=DIRECTION('',(0.0,0.0,1.0));
#6113=VECTOR('',#6112,0.185826771653543);
#6114=LINE('',#6111,#6113);
#6115=EDGE_CURVE('',#6110,#4769,#6114,.T.);
#6116=ORIENTED_EDGE('',*,*,#6115,.F.);
#6117=CARTESIAN_POINT('',(-0.143700787401575,-0.179921259842519,0.102755905511812));
#6118=VERTEX_POINT('',#6117);
#6119=CARTESIAN_POINT('',(-0.143700787401575,-0.179921259842519,0.102755905511812));
#6120=DIRECTION('',(0.0,1.0,0.0));
#6121=VECTOR('',#6120,0.011023622047244);
#6122=LINE('',#6119,#6121);
#6123=EDGE_CURVE('',#6118,#6110,#6122,.T.);
#6124=ORIENTED_EDGE('',*,*,#6123,.F.);
#6125=CARTESIAN_POINT('',(-0.143700787401575,-0.179921259842519,0.283858267716536));
#6126=DIRECTION('',(0.0,0.0,-1.0));
#6127=VECTOR('',#6126,0.181102362204724);
#6128=LINE('',#6125,#6127);
#6129=EDGE_CURVE('',#5008,#6118,#6128,.T.);
#6130=ORIENTED_EDGE('',*,*,#6129,.F.);
#6131=EDGE_LOOP('',(#6107,#6108,#6116,#6124,#6130));
#6132=FACE_OUTER_BOUND('',#6131,.T.);
#6133=ADVANCED_FACE('',(#6132),#6106,.F.);
#6134=CARTESIAN_POINT('',(-0.146653543307087,-0.180472440944881,0.105708661417323));
#6135=DIRECTION('',(0.707106781186548,8.589127E-017,0.707106781186548));
#6136=DIRECTION('',(0.707106781186548,0.0,-0.707106781186548));
#6137=AXIS2_PLACEMENT_3D('',#6134,#6135,#6136);
#6138=PLANE('',#6137);
#6139=CARTESIAN_POINT('',(-0.084645669291339,-0.168897637795275,0.043700787401575));
#6140=VERTEX_POINT('',#6139);
#6141=CARTESIAN_POINT('',(-0.084645669291339,-0.168897637795275,0.043700787401575));
#6142=DIRECTION('',(-0.707106781186547,0.0,0.707106781186548));
#6143=VECTOR('',#6142,0.083516548959041);
#6144=LINE('',#6141,#6143);
#6145=EDGE_CURVE('',#6140,#6110,#6144,.T.);
#6146=ORIENTED_EDGE('',*,*,#6145,.F.);
#6147=CARTESIAN_POINT('',(-0.084645669291339,-0.179921259842519,0.043700787401575));
#6148=VERTEX_POINT('',#6147);
#6149=CARTESIAN_POINT('',(-0.084645669291339,-0.179921259842519,0.043700787401575));
#6150=DIRECTION('',(0.0,1.0,0.0));
#6151=VECTOR('',#6150,0.011023622047244);
#6152=LINE('',#6149,#6151);
#6153=EDGE_CURVE('',#6148,#6140,#6152,.T.);
#6154=ORIENTED_EDGE('',*,*,#6153,.F.);
#6155=CARTESIAN_POINT('',(-0.143700787401575,-0.179921259842519,0.102755905511812));
#6156=DIRECTION('',(0.707106781186547,0.0,-0.707106781186548));
#6157=VECTOR('',#6156,0.083516548959041);
#6158=LINE('',#6155,#6157);
#6159=EDGE_CURVE('',#6118,#6148,#6158,.T.);
#6160=ORIENTED_EDGE('',*,*,#6159,.F.);
#6161=ORIENTED_EDGE('',*,*,#6123,.T.);
#6162=EDGE_LOOP('',(#6146,#6154,#6160,#6161));
#6163=FACE_OUTER_BOUND('',#6162,.T.);
#6164=ADVANCED_FACE('',(#6163),#6138,.F.);
#6165=CARTESIAN_POINT('',(-0.146653543307087,0.168346456692914,0.105708661417323));
#6166=DIRECTION('',(0.707106781186548,8.589127E-017,0.707106781186548));
#6167=DIRECTION('',(0.707106781186548,0.0,-0.707106781186548));
#6168=AXIS2_PLACEMENT_3D('',#6165,#6166,#6167);
#6169=PLANE('',#6168);
#6170=CARTESIAN_POINT('',(-0.084645669291339,0.168897637795276,0.043700787401575));
#6171=VERTEX_POINT('',#6170);
#6172=CARTESIAN_POINT('',(-0.143700787401575,0.168897637795276,0.102755905511812));
#6173=DIRECTION('',(0.707106781186547,0.0,-0.707106781186547));
#6174=VECTOR('',#6173,0.083516548959041);
#6175=LINE('',#6172,#6174);
#6176=EDGE_CURVE('',#4985,#6171,#6175,.T.);
#6177=ORIENTED_EDGE('',*,*,#6176,.F.);
#6178=ORIENTED_EDGE('',*,*,#4990,.T.);
#6179=CARTESIAN_POINT('',(-0.084645669291339,0.17992125984252,0.043700787401575));
#6180=VERTEX_POINT('',#6179);
#6181=CARTESIAN_POINT('',(-0.084645669291339,0.17992125984252,0.043700787401575));
#6182=DIRECTION('',(-0.707106781186547,0.0,0.707106781186548));
#6183=VECTOR('',#6182,0.083516548959041);
#6184=LINE('',#6181,#6183);
#6185=EDGE_CURVE('',#6180,#4977,#6184,.T.);
#6186=ORIENTED_EDGE('',*,*,#6185,.F.);
#6187=CARTESIAN_POINT('',(-0.084645669291339,0.168897637795276,0.043700787401575));
#6188=DIRECTION('',(0.0,1.0,0.0));
#6189=VECTOR('',#6188,0.011023622047244);
#6190=LINE('',#6187,#6189);
#6191=EDGE_CURVE('',#6171,#6180,#6190,.T.);
#6192=ORIENTED_EDGE('',*,*,#6191,.F.);
#6193=EDGE_LOOP('',(#6177,#6178,#6186,#6192));
#6194=FACE_OUTER_BOUND('',#6193,.T.);
#6195=ADVANCED_FACE('',(#6194),#6169,.F.);
#6196=CARTESIAN_POINT('',(0.081299212598425,-0.180472440944882,0.100872740307388));
#6197=DIRECTION('',(1.0,0.0,0.0));
#6198=DIRECTION('',(0.0,0.0,-1.0));
#6199=AXIS2_PLACEMENT_3D('',#6196,#6197,#6198);
#6200=PLANE('',#6199);
#6201=CARTESIAN_POINT('',(0.081299212598425,-0.17992125984252,0.074277477316816));
#6202=VERTEX_POINT('',#6201);
#6203=CARTESIAN_POINT('',(0.081299212598425,-0.168897637795275,0.097917711086214));
#6204=VERTEX_POINT('',#6203);
#6205=CARTESIAN_POINT('',(0.081299212598425,-0.17992125984252,0.074277477316816));
#6206=DIRECTION('',(0.0,0.422618261740701,0.906307787036649));
#6207=VECTOR('',#6206,0.026084111940265);
#6208=LINE('',#6205,#6207);
#6209=EDGE_CURVE('',#6202,#6204,#6208,.T.);
#6210=ORIENTED_EDGE('',*,*,#6209,.F.);
#6211=CARTESIAN_POINT('',(0.081299212598425,-0.179921259842519,0.099606299212599));
#6212=VERTEX_POINT('',#6211);
#6213=CARTESIAN_POINT('',(0.081299212598425,-0.179921259842519,0.099606299212599));
#6214=DIRECTION('',(0.0,0.0,-1.0));
#6215=VECTOR('',#6214,0.025328821895783);
#6216=LINE('',#6213,#6215);
#6217=EDGE_CURVE('',#6212,#6202,#6216,.T.);
#6218=ORIENTED_EDGE('',*,*,#6217,.F.);
#6219=CARTESIAN_POINT('',(0.081299212598425,-0.168897637795275,0.099606299212599));
#6220=VERTEX_POINT('',#6219);
#6221=CARTESIAN_POINT('',(0.081299212598425,-0.179921259842519,0.099606299212599));
#6222=DIRECTION('',(0.0,1.0,0.0));
#6223=VECTOR('',#6222,0.011023622047244);
#6224=LINE('',#6221,#6223);
#6225=EDGE_CURVE('',#6212,#6220,#6224,.T.);
#6226=ORIENTED_EDGE('',*,*,#6225,.T.);
#6227=CARTESIAN_POINT('',(0.081299212598425,-0.168897637795275,0.097917711086214));
#6228=DIRECTION('',(0.0,0.0,1.0));
#6229=VECTOR('',#6228,0.001688588126385);
#6230=LINE('',#6227,#6229);
#6231=EDGE_CURVE('',#6204,#6220,#6230,.T.);
#6232=ORIENTED_EDGE('',*,*,#6231,.F.);
#6233=EDGE_LOOP('',(#6210,#6218,#6226,#6232));
#6234=FACE_OUTER_BOUND('',#6233,.T.);
#6235=ADVANCED_FACE('',(#6234),#6200,.F.);
#6236=CARTESIAN_POINT('',(0.081299212598425,0.168346456692914,0.100872740307388));
#6237=DIRECTION('',(1.0,0.0,0.0));
#6238=DIRECTION('',(0.0,0.0,-1.0));
#6239=AXIS2_PLACEMENT_3D('',#6236,#6237,#6238);
#6240=PLANE('',#6239);
#6241=CARTESIAN_POINT('',(0.081299212598425,0.168897637795276,0.097917711086212));
#6242=VERTEX_POINT('',#6241);
#6243=CARTESIAN_POINT('',(0.081299212598425,0.17992125984252,0.074277477316816));
#6244=VERTEX_POINT('',#6243);
#6245=CARTESIAN_POINT('',(0.081299212598425,0.168897637795276,0.097917711086212));
#6246=DIRECTION('',(0.0,0.422618261740699,-0.90630778703665));
#6247=VECTOR('',#6246,0.026084111940263);
#6248=LINE('',#6245,#6247);
#6249=EDGE_CURVE('',#6242,#6244,#6248,.T.);
#6250=ORIENTED_EDGE('',*,*,#6249,.F.);
#6251=CARTESIAN_POINT('',(0.081299212598425,0.168897637795276,0.099606299212599));
#6252=VERTEX_POINT('',#6251);
#6253=CARTESIAN_POINT('',(0.081299212598425,0.168897637795276,0.099606299212599));
#6254=DIRECTION('',(0.0,0.0,-1.0));
#6255=VECTOR('',#6254,0.001688588126387);
#6256=LINE('',#6253,#6255);
#6257=EDGE_CURVE('',#6252,#6242,#6256,.T.);
#6258=ORIENTED_EDGE('',*,*,#6257,.F.);
#6259=CARTESIAN_POINT('',(0.081299212598425,0.17992125984252,0.099606299212599));
#6260=VERTEX_POINT('',#6259);
#6261=CARTESIAN_POINT('',(0.081299212598425,0.168897637795276,0.099606299212599));
#6262=DIRECTION('',(0.0,1.0,0.0));
#6263=VECTOR('',#6262,0.011023622047244);
#6264=LINE('',#6261,#6263);
#6265=EDGE_CURVE('',#6252,#6260,#6264,.T.);
#6266=ORIENTED_EDGE('',*,*,#6265,.T.);
#6267=CARTESIAN_POINT('',(0.081299212598425,0.17992125984252,0.074277477316816));
#6268=DIRECTION('',(0.0,0.0,1.0));
#6269=VECTOR('',#6268,0.025328821895783);
#6270=LINE('',#6267,#6269);
#6271=EDGE_CURVE('',#6244,#6260,#6270,.T.);
#6272=ORIENTED_EDGE('',*,*,#6271,.F.);
#6273=EDGE_LOOP('',(#6250,#6258,#6266,#6272));
#6274=FACE_OUTER_BOUND('',#6273,.T.);
#6275=ADVANCED_FACE('',(#6274),#6240,.F.);
#6276=CARTESIAN_POINT('',(-0.089429133858267,-0.180472440944881,0.099606299212599));
#6277=DIRECTION('',(0.0,0.0,1.0));
#6278=DIRECTION('',(1.0,0.0,0.0));
#6279=AXIS2_PLACEMENT_3D('',#6276,#6277,#6278);
#6280=PLANE('',#6279);
#6281=CARTESIAN_POINT('',(0.081299212598425,-0.168897637795275,0.099606299212599));
#6282=DIRECTION('',(-1.0,0.0,0.0));
#6283=VECTOR('',#6282,0.16259842519685);
#6284=LINE('',#6281,#6283);
#6285=EDGE_CURVE('',#6220,#4697,#6284,.T.);
#6286=ORIENTED_EDGE('',*,*,#6285,.F.);
#6287=ORIENTED_EDGE('',*,*,#6225,.F.);
#6288=CARTESIAN_POINT('',(-0.081299212598425,-0.179921259842519,0.099606299212599));
#6289=DIRECTION('',(1.0,0.0,0.0));
#6290=VECTOR('',#6289,0.16259842519685);
#6291=LINE('',#6288,#6290);
#6292=EDGE_CURVE('',#4705,#6212,#6291,.T.);
#6293=ORIENTED_EDGE('',*,*,#6292,.F.);
#6294=ORIENTED_EDGE('',*,*,#4710,.T.);
#6295=EDGE_LOOP('',(#6286,#6287,#6293,#6294));
#6296=FACE_OUTER_BOUND('',#6295,.T.);
#6297=ADVANCED_FACE('',(#6296),#6280,.F.);
#6298=CARTESIAN_POINT('',(-0.089429133858267,0.168346456692914,0.099606299212599));
#6299=DIRECTION('',(0.0,0.0,1.0));
#6300=DIRECTION('',(1.0,0.0,0.0));
#6301=AXIS2_PLACEMENT_3D('',#6298,#6299,#6300);
#6302=PLANE('',#6301);
#6303=CARTESIAN_POINT('',(-0.081299212598425,0.168897637795276,0.099606299212599));
#6304=DIRECTION('',(1.0,0.0,0.0));
#6305=VECTOR('',#6304,0.16259842519685);
#6306=LINE('',#6303,#6305);
#6307=EDGE_CURVE('',#4665,#6252,#6306,.T.);
#6308=ORIENTED_EDGE('',*,*,#6307,.F.);
#6309=ORIENTED_EDGE('',*,*,#4670,.T.);
#6310=CARTESIAN_POINT('',(0.081299212598425,0.17992125984252,0.099606299212599));
#6311=DIRECTION('',(-1.0,0.0,0.0));
#6312=VECTOR('',#6311,0.16259842519685);
#6313=LINE('',#6310,#6312);
#6314=EDGE_CURVE('',#6260,#4657,#6313,.T.);
#6315=ORIENTED_EDGE('',*,*,#6314,.F.);
#6316=ORIENTED_EDGE('',*,*,#6265,.F.);
#6317=EDGE_LOOP('',(#6308,#6309,#6315,#6316));
#6318=FACE_OUTER_BOUND('',#6317,.T.);
#6319=ADVANCED_FACE('',(#6318),#6302,.F.);
#6320=CARTESIAN_POINT('',(-0.093110236220473,0.168346456692914,0.043700787401575));
#6321=DIRECTION('',(0.0,0.0,1.0));
#6322=DIRECTION('',(1.0,0.0,0.0));
#6323=AXIS2_PLACEMENT_3D('',#6320,#6321,#6322);
#6324=PLANE('',#6323);
#6325=ORIENTED_EDGE('',*,*,#6037,.T.);
#6326=CARTESIAN_POINT('',(0.084645669291339,0.168897637795276,0.043700787401575));
#6327=DIRECTION('',(-1.0,0.0,0.0));
#6328=VECTOR('',#6327,0.169291338582678);
#6329=LINE('',#6326,#6328);
#6330=EDGE_CURVE('',#6022,#6171,#6329,.T.);
#6331=ORIENTED_EDGE('',*,*,#6330,.T.);
#6332=ORIENTED_EDGE('',*,*,#6191,.T.);
#6333=CARTESIAN_POINT('',(-0.084645669291339,0.17992125984252,0.043700787401575));
#6334=DIRECTION('',(1.0,0.0,0.0));
#6335=VECTOR('',#6334,0.169291338582678);
#6336=LINE('',#6333,#6335);
#6337=EDGE_CURVE('',#6180,#6032,#6336,.T.);
#6338=ORIENTED_EDGE('',*,*,#6337,.T.);
#6339=EDGE_LOOP('',(#6325,#6331,#6332,#6338));
#6340=FACE_OUTER_BOUND('',#6339,.T.);
#6341=ADVANCED_FACE('',(#6340),#6324,.F.);
#6342=CARTESIAN_POINT('',(-0.158070866141733,0.168897637795276,0.031456692913386));
#6343=DIRECTION('',(0.0,1.0,0.0));
#6344=DIRECTION('',(0.0,0.0,1.0));
#6345=AXIS2_PLACEMENT_3D('',#6342,#6343,#6344);
#6346=PLANE('',#6345);
#6347=ORIENTED_EDGE('',*,*,#6029,.T.);
#6348=ORIENTED_EDGE('',*,*,#6090,.T.);
#6349=ORIENTED_EDGE('',*,*,#4944,.T.);
#6350=ORIENTED_EDGE('',*,*,#4996,.T.);
#6351=ORIENTED_EDGE('',*,*,#6176,.T.);
#6352=ORIENTED_EDGE('',*,*,#6330,.F.);
#6353=EDGE_LOOP('',(#6347,#6348,#6349,#6350,#6351,#6352));
#6354=FACE_OUTER_BOUND('',#6353,.T.);
#6355=CARTESIAN_POINT('',(-0.081299212598425,0.168897637795276,0.068110236220472));
#6356=VERTEX_POINT('',#6355);
#6357=CARTESIAN_POINT('',(-0.081299212598425,0.168897637795276,0.097917711086213));
#6358=DIRECTION('',(0.0,0.0,-1.0));
#6359=VECTOR('',#6358,0.029807474865741);
#6360=LINE('',#6357,#6359);
#6361=EDGE_CURVE('',#4649,#6356,#6360,.T.);
#6362=ORIENTED_EDGE('',*,*,#6361,.F.);
#6363=ORIENTED_EDGE('',*,*,#4676,.T.);
#6364=ORIENTED_EDGE('',*,*,#6307,.T.);
#6365=ORIENTED_EDGE('',*,*,#6257,.T.);
#6366=CARTESIAN_POINT('',(0.081299212598425,0.168897637795276,0.068110236220473));
#6367=VERTEX_POINT('',#6366);
#6368=CARTESIAN_POINT('',(0.081299212598425,0.168897637795276,0.068110236220473));
#6369=DIRECTION('',(0.0,0.0,1.0));
#6370=VECTOR('',#6369,0.029807474865739);
#6371=LINE('',#6368,#6370);
#6372=EDGE_CURVE('',#6367,#6242,#6371,.T.);
#6373=ORIENTED_EDGE('',*,*,#6372,.F.);
#6374=CARTESIAN_POINT('',(-0.081299212598425,0.168897637795276,0.068110236220472));
#6375=DIRECTION('',(1.0,0.0,0.0));
#6376=VECTOR('',#6375,0.16259842519685);
#6377=LINE('',#6374,#6376);
#6378=EDGE_CURVE('',#6356,#6367,#6377,.T.);
#6379=ORIENTED_EDGE('',*,*,#6378,.F.);
#6380=EDGE_LOOP('',(#6362,#6363,#6364,#6365,#6373,#6379));
#6381=FACE_BOUND('',#6380,.T.);
#6382=ADVANCED_FACE('',(#6354,#6381),#6346,.F.);
#6383=CARTESIAN_POINT('',(-0.158070866141733,-0.168897637795275,0.300826771653544));
#6384=DIRECTION('',(0.0,-1.0,0.0));
#6385=DIRECTION('',(0.0,0.0,-1.0));
#6386=AXIS2_PLACEMENT_3D('',#6383,#6384,#6385);
#6387=PLANE('',#6386);
#6388=ORIENTED_EDGE('',*,*,#5989,.T.);
#6389=CARTESIAN_POINT('',(-0.084645669291339,-0.168897637795275,0.043700787401575));
#6390=DIRECTION('',(1.0,0.0,0.0));
#6391=VECTOR('',#6390,0.169291338582678);
#6392=LINE('',#6389,#6391);
#6393=EDGE_CURVE('',#6140,#5984,#6392,.T.);
#6394=ORIENTED_EDGE('',*,*,#6393,.F.);
#6395=ORIENTED_EDGE('',*,*,#6145,.T.);
#6396=ORIENTED_EDGE('',*,*,#6115,.T.);
#6397=ORIENTED_EDGE('',*,*,#4774,.F.);
#6398=ORIENTED_EDGE('',*,*,#6073,.T.);
#6399=EDGE_LOOP('',(#6388,#6394,#6395,#6396,#6397,#6398));
#6400=FACE_OUTER_BOUND('',#6399,.T.);
#6401=ORIENTED_EDGE('',*,*,#4702,.T.);
#6402=CARTESIAN_POINT('',(-0.081299212598425,-0.168897637795275,0.068110236220472));
#6403=VERTEX_POINT('',#6402);
#6404=CARTESIAN_POINT('',(-0.081299212598425,-0.168897637795275,0.068110236220472));
#6405=DIRECTION('',(0.0,0.0,1.0));
#6406=VECTOR('',#6405,0.029807474865742);
#6407=LINE('',#6404,#6406);
#6408=EDGE_CURVE('',#6403,#4687,#6407,.T.);
#6409=ORIENTED_EDGE('',*,*,#6408,.F.);
#6410=CARTESIAN_POINT('',(0.081299212598425,-0.168897637795275,0.068110236220473));
#6411=VERTEX_POINT('',#6410);
#6412=CARTESIAN_POINT('',(0.081299212598425,-0.168897637795275,0.068110236220472));
#6413=DIRECTION('',(-1.0,0.0,0.0));
#6414=VECTOR('',#6413,0.16259842519685);
#6415=LINE('',#6412,#6414);
#6416=EDGE_CURVE('',#6411,#6403,#6415,.T.);
#6417=ORIENTED_EDGE('',*,*,#6416,.F.);
#6418=CARTESIAN_POINT('',(0.081299212598425,-0.168897637795275,0.097917711086214));
#6419=DIRECTION('',(0.0,0.0,-1.0));
#6420=VECTOR('',#6419,0.029807474865741);
#6421=LINE('',#6418,#6420);
#6422=EDGE_CURVE('',#6204,#6411,#6421,.T.);
#6423=ORIENTED_EDGE('',*,*,#6422,.F.);
#6424=ORIENTED_EDGE('',*,*,#6231,.T.);
#6425=ORIENTED_EDGE('',*,*,#6285,.T.);
#6426=EDGE_LOOP('',(#6401,#6409,#6417,#6423,#6424,#6425));
#6427=FACE_BOUND('',#6426,.T.);
#6428=ADVANCED_FACE('',(#6400,#6427),#6387,.F.);
#6429=CARTESIAN_POINT('',(-0.16003937007874,0.17992125984252,0.043700787401575));
#6430=DIRECTION('',(0.0,1.0,0.0));
#6431=DIRECTION('',(0.0,0.0,1.0));
#6432=AXIS2_PLACEMENT_3D('',#6429,#6430,#6431);
#6433=PLANE('',#6432);
#6434=ORIENTED_EDGE('',*,*,#5227,.T.);
#6435=ORIENTED_EDGE('',*,*,#5263,.T.);
#6436=ORIENTED_EDGE('',*,*,#5294,.T.);
#6437=ORIENTED_EDGE('',*,*,#5325,.T.);
#6438=ORIENTED_EDGE('',*,*,#5356,.T.);
#6439=ORIENTED_EDGE('',*,*,#5387,.T.);
#6440=ORIENTED_EDGE('',*,*,#5418,.T.);
#6441=ORIENTED_EDGE('',*,*,#5449,.T.);
#6442=ORIENTED_EDGE('',*,*,#5480,.T.);
#6443=ORIENTED_EDGE('',*,*,#5511,.T.);
#6444=ORIENTED_EDGE('',*,*,#5542,.T.);
#6445=ORIENTED_EDGE('',*,*,#5564,.T.);
#6446=EDGE_LOOP('',(#6434,#6435,#6436,#6437,#6438,#6439,#6440,#6441,#6442,#6443,#6444,#6445));
#6447=FACE_OUTER_BOUND('',#6446,.T.);
#6448=ADVANCED_FACE('',(#6447),#6433,.T.);
#6449=CARTESIAN_POINT('',(-0.093110236220473,-0.180472440944881,0.043700787401575));
#6450=DIRECTION('',(0.0,0.0,1.0));
#6451=DIRECTION('',(1.0,0.0,0.0));
#6452=AXIS2_PLACEMENT_3D('',#6449,#6450,#6451);
#6453=PLANE('',#6452);
#6454=ORIENTED_EDGE('',*,*,#6011,.T.);
#6455=CARTESIAN_POINT('',(0.084645669291339,-0.179921259842519,0.043700787401575));
#6456=DIRECTION('',(-1.0,0.0,0.0));
#6457=VECTOR('',#6456,0.169291338582678);
#6458=LINE('',#6455,#6457);
#6459=EDGE_CURVE('',#6000,#6148,#6458,.T.);
#6460=ORIENTED_EDGE('',*,*,#6459,.T.);
#6461=ORIENTED_EDGE('',*,*,#6153,.T.);
#6462=ORIENTED_EDGE('',*,*,#6393,.T.);
#6463=EDGE_LOOP('',(#6454,#6460,#6461,#6462));
#6464=FACE_OUTER_BOUND('',#6463,.T.);
#6465=ADVANCED_FACE('',(#6464),#6453,.F.);
#6466=CARTESIAN_POINT('',(-3.278218E-017,-2.309207E-018,0.288582677165354));
#6467=DIRECTION('',(0.0,0.0,1.0));
#6468=DIRECTION('',(1.0,0.0,0.0));
#6469=AXIS2_PLACEMENT_3D('',#6466,#6467,#6468);
#6470=PLANE('',#6469);
#6471=ORIENTED_EDGE('',*,*,#4874,.T.);
#6472=ORIENTED_EDGE('',*,*,#5193,.T.);
#6473=CARTESIAN_POINT('',(0.16003937007874,0.17992125984252,0.288582677165354));
#6474=VERTEX_POINT('',#6473);
#6475=CARTESIAN_POINT('',(0.16003937007874,0.17992125984252,0.288582677165354));
#6476=DIRECTION('',(0.0,-1.0,0.0));
#6477=VECTOR('',#6476,0.016141732283465);
#6478=LINE('',#6475,#6477);
#6479=EDGE_CURVE('',#6474,#5182,#6478,.T.);
#6480=ORIENTED_EDGE('',*,*,#6479,.F.);
#6481=CARTESIAN_POINT('',(0.144291338582677,0.17992125984252,0.288582677165354));
#6482=VERTEX_POINT('',#6481);
#6483=CARTESIAN_POINT('',(0.144291338582677,0.17992125984252,0.288582677165354));
#6484=DIRECTION('',(1.0,0.0,0.0));
#6485=VECTOR('',#6484,0.015748031496063);
#6486=LINE('',#6483,#6485);
#6487=EDGE_CURVE('',#6482,#6474,#6486,.T.);
#6488=ORIENTED_EDGE('',*,*,#6487,.F.);
#6489=CARTESIAN_POINT('',(0.144291338582677,0.17992125984252,0.288582677165354));
#6490=DIRECTION('',(0.0,-1.0,0.0));
#6491=VECTOR('',#6490,0.00072536690682);
#6492=LINE('',#6489,#6491);
#6493=EDGE_CURVE('',#6482,#4869,#6492,.T.);
#6494=ORIENTED_EDGE('',*,*,#6493,.T.);
#6495=EDGE_LOOP('',(#6471,#6472,#6480,#6488,#6494));
#6496=FACE_OUTER_BOUND('',#6495,.T.);
#6497=ADVANCED_FACE('',(#6496),#6470,.T.);
#6498=CARTESIAN_POINT('',(0.143503937007874,-0.180728346456693,0.288582677165354));
#6499=DIRECTION('',(0.0,0.0,1.0));
#6500=DIRECTION('',(1.0,0.0,0.0));
#6501=AXIS2_PLACEMENT_3D('',#6498,#6499,#6500);
#6502=PLANE('',#6501);
#6503=ORIENTED_EDGE('',*,*,#5038,.T.);
#6504=CARTESIAN_POINT('',(0.144291338582677,-0.17992125984252,0.288582677165354));
#6505=VERTEX_POINT('',#6504);
#6506=CARTESIAN_POINT('',(0.144291338582677,-0.1791958929357,0.288582677165354));
#6507=DIRECTION('',(0.0,-1.0,0.0));
#6508=VECTOR('',#6507,0.00072536690682);
#6509=LINE('',#6506,#6508);
#6510=EDGE_CURVE('',#4745,#6505,#6509,.T.);
#6511=ORIENTED_EDGE('',*,*,#6510,.T.);
#6512=CARTESIAN_POINT('',(0.16003937007874,-0.17992125984252,0.288582677165354));
#6513=VERTEX_POINT('',#6512);
#6514=CARTESIAN_POINT('',(0.16003937007874,-0.17992125984252,0.288582677165354));
#6515=DIRECTION('',(-1.0,0.0,0.0));
#6516=VECTOR('',#6515,0.015748031496063);
#6517=LINE('',#6514,#6516);
#6518=EDGE_CURVE('',#6513,#6505,#6517,.T.);
#6519=ORIENTED_EDGE('',*,*,#6518,.F.);
#6520=CARTESIAN_POINT('',(0.16003937007874,-0.163779527559055,0.288582677165354));
#6521=DIRECTION('',(0.0,-1.0,0.0));
#6522=VECTOR('',#6521,0.016141732283465);
#6523=LINE('',#6520,#6522);
#6524=EDGE_CURVE('',#5157,#6513,#6523,.T.);
#6525=ORIENTED_EDGE('',*,*,#6524,.F.);
#6526=ORIENTED_EDGE('',*,*,#5162,.T.);
#6527=EDGE_LOOP('',(#6503,#6511,#6519,#6525,#6526));
#6528=FACE_OUTER_BOUND('',#6527,.T.);
#6529=ADVANCED_FACE('',(#6528),#6502,.T.);
#6530=CARTESIAN_POINT('',(-0.160826771653543,-0.180728346456693,0.288582677165354));
#6531=DIRECTION('',(0.0,0.0,1.0));
#6532=DIRECTION('',(1.0,0.0,0.0));
#6533=AXIS2_PLACEMENT_3D('',#6530,#6531,#6532);
#6534=PLANE('',#6533);
#6535=ORIENTED_EDGE('',*,*,#5102,.T.);
#6536=CARTESIAN_POINT('',(-0.16003937007874,-0.17992125984252,0.288582677165354));
#6537=VERTEX_POINT('',#6536);
#6538=CARTESIAN_POINT('',(-0.16003937007874,-0.17992125984252,0.288582677165354));
#6539=DIRECTION('',(0.0,1.0,0.0));
#6540=VECTOR('',#6539,0.016141732283465);
#6541=LINE('',#6538,#6540);
#6542=EDGE_CURVE('',#6537,#5091,#6541,.T.);
#6543=ORIENTED_EDGE('',*,*,#6542,.F.);
#6544=CARTESIAN_POINT('',(-0.144291338582677,-0.17992125984252,0.288582677165354));
#6545=VERTEX_POINT('',#6544);
#6546=CARTESIAN_POINT('',(-0.144291338582677,-0.17992125984252,0.288582677165354));
#6547=DIRECTION('',(-1.0,0.0,0.0));
#6548=VECTOR('',#6547,0.015748031496063);
#6549=LINE('',#6546,#6548);
#6550=EDGE_CURVE('',#6545,#6537,#6549,.T.);
#6551=ORIENTED_EDGE('',*,*,#6550,.F.);
#6552=CARTESIAN_POINT('',(-0.144291338582677,-0.17992125984252,0.288582677165354));
#6553=DIRECTION('',(0.0,1.0,0.0));
#6554=VECTOR('',#6553,0.00072536690682);
#6555=LINE('',#6552,#6554);
#6556=EDGE_CURVE('',#6545,#4727,#6555,.T.);
#6557=ORIENTED_EDGE('',*,*,#6556,.T.);
#6558=ORIENTED_EDGE('',*,*,#5070,.T.);
#6559=EDGE_LOOP('',(#6535,#6543,#6551,#6557,#6558));
#6560=FACE_OUTER_BOUND('',#6559,.T.);
#6561=ADVANCED_FACE('',(#6560),#6534,.T.);
#6562=CARTESIAN_POINT('',(-0.160826771653543,0.162972440944883,0.288582677165354));
#6563=DIRECTION('',(0.0,0.0,1.0));
#6564=DIRECTION('',(1.0,0.0,0.0));
#6565=AXIS2_PLACEMENT_3D('',#6562,#6563,#6564);
#6566=PLANE('',#6565);
#6567=ORIENTED_EDGE('',*,*,#4897,.T.);
#6568=ORIENTED_EDGE('',*,*,#4840,.T.);
#6569=CARTESIAN_POINT('',(-0.144291338582677,0.17992125984252,0.288582677165354));
#6570=VERTEX_POINT('',#6569);
#6571=CARTESIAN_POINT('',(-0.144291338582677,0.1791958929357,0.288582677165354));
#6572=DIRECTION('',(0.0,1.0,0.0));
#6573=VECTOR('',#6572,0.00072536690682);
#6574=LINE('',#6571,#6573);
#6575=EDGE_CURVE('',#4827,#6570,#6574,.T.);
#6576=ORIENTED_EDGE('',*,*,#6575,.T.);
#6577=CARTESIAN_POINT('',(-0.16003937007874,0.17992125984252,0.288582677165354));
#6578=VERTEX_POINT('',#6577);
#6579=CARTESIAN_POINT('',(-0.16003937007874,0.17992125984252,0.288582677165354));
#6580=DIRECTION('',(1.0,0.0,0.0));
#6581=VECTOR('',#6580,0.015748031496063);
#6582=LINE('',#6579,#6581);
#6583=EDGE_CURVE('',#6578,#6570,#6582,.T.);
#6584=ORIENTED_EDGE('',*,*,#6583,.F.);
#6585=CARTESIAN_POINT('',(-0.16003937007874,0.163779527559056,0.288582677165354));
#6586=DIRECTION('',(0.0,1.0,0.0));
#6587=VECTOR('',#6586,0.016141732283464);
#6588=LINE('',#6585,#6587);
#6589=EDGE_CURVE('',#4892,#6578,#6588,.T.);
#6590=ORIENTED_EDGE('',*,*,#6589,.F.);
#6591=EDGE_LOOP('',(#6567,#6568,#6576,#6584,#6590));
#6592=FACE_OUTER_BOUND('',#6591,.T.);
#6593=ADVANCED_FACE('',(#6592),#6566,.T.);
#6594=CARTESIAN_POINT('',(0.081299212598425,-0.168937007874015,0.101181102362205));
#6595=DIRECTION('',(1.0,0.0,0.0));
#6596=DIRECTION('',(0.0,0.0,-1.0));
#6597=AXIS2_PLACEMENT_3D('',#6594,#6595,#6596);
#6598=PLANE('',#6597);
#6599=ORIENTED_EDGE('',*,*,#6422,.T.);
#6600=CARTESIAN_POINT('',(0.081299212598425,-0.168110236220472,0.068110236220473));
#6601=VERTEX_POINT('',#6600);
#6602=CARTESIAN_POINT('',(0.081299212598425,-0.168897637795275,0.068110236220473));
#6603=DIRECTION('',(0.0,1.0,0.0));
#6604=VECTOR('',#6603,0.000787401574803);
#6605=LINE('',#6602,#6604);
#6606=EDGE_CURVE('',#6411,#6601,#6605,.T.);
#6607=ORIENTED_EDGE('',*,*,#6606,.T.);
#6608=CARTESIAN_POINT('',(0.081299212598425,-0.168110236220472,0.099606299212599));
#6609=VERTEX_POINT('',#6608);
#6610=CARTESIAN_POINT('',(0.081299212598425,-0.168110236220472,0.068110236220473));
#6611=DIRECTION('',(0.0,0.0,1.0));
#6612=VECTOR('',#6611,0.031496062992126);
#6613=LINE('',#6610,#6612);
#6614=EDGE_CURVE('',#6601,#6609,#6613,.T.);
#6615=ORIENTED_EDGE('',*,*,#6614,.T.);
#6616=CARTESIAN_POINT('',(0.081299212598425,-0.168897637795275,0.097917711086214));
#6617=DIRECTION('',(0.0,0.42261826174071,0.906307787036645));
#6618=VECTOR('',#6617,0.001863150852875);
#6619=LINE('',#6616,#6618);
#6620=EDGE_CURVE('',#6204,#6609,#6619,.T.);
#6621=ORIENTED_EDGE('',*,*,#6620,.F.);
#6622=EDGE_LOOP('',(#6599,#6607,#6615,#6621));
#6623=FACE_OUTER_BOUND('',#6622,.T.);
#6624=ADVANCED_FACE('',(#6623),#6598,.T.);
#6625=CARTESIAN_POINT('',(0.089429133858267,-0.169527559055117,0.068110236220472));
#6626=DIRECTION('',(0.0,0.0,-1.0));
#6627=DIRECTION('',(-1.0,0.0,0.0));
#6628=AXIS2_PLACEMENT_3D('',#6625,#6626,#6627);
#6629=PLANE('',#6628);
#6630=ORIENTED_EDGE('',*,*,#6416,.T.);
#6631=CARTESIAN_POINT('',(-0.081299212598425,-0.168110236220473,0.068110236220472));
#6632=VERTEX_POINT('',#6631);
#6633=CARTESIAN_POINT('',(-0.081299212598425,-0.168897637795275,0.068110236220472));
#6634=DIRECTION('',(0.0,1.0,0.0));
#6635=VECTOR('',#6634,0.000787401574802);
#6636=LINE('',#6633,#6635);
#6637=EDGE_CURVE('',#6403,#6632,#6636,.T.);
#6638=ORIENTED_EDGE('',*,*,#6637,.T.);
#6639=CARTESIAN_POINT('',(-0.081299212598425,-0.156299212598425,0.068110236220472));
#6640=VERTEX_POINT('',#6639);
#6641=CARTESIAN_POINT('',(-0.081299212598425,-0.168110236220473,0.068110236220472));
#6642=DIRECTION('',(0.0,1.0,0.0));
#6643=VECTOR('',#6642,0.011811023622048);
#6644=LINE('',#6641,#6643);
#6645=EDGE_CURVE('',#6632,#6640,#6644,.T.);
#6646=ORIENTED_EDGE('',*,*,#6645,.T.);
#6647=CARTESIAN_POINT('',(0.081299212598425,-0.156299212598425,0.068110236220473));
#6648=VERTEX_POINT('',#6647);
#6649=CARTESIAN_POINT('',(0.081299212598425,-0.156299212598425,0.068110236220473));
#6650=DIRECTION('',(-1.0,0.0,0.0));
#6651=VECTOR('',#6650,0.16259842519685);
#6652=LINE('',#6649,#6651);
#6653=EDGE_CURVE('',#6648,#6640,#6652,.T.);
#6654=ORIENTED_EDGE('',*,*,#6653,.F.);
#6655=CARTESIAN_POINT('',(0.081299212598425,-0.168110236220472,0.068110236220473));
#6656=DIRECTION('',(0.0,1.0,0.0));
#6657=VECTOR('',#6656,0.011811023622047);
#6658=LINE('',#6655,#6657);
#6659=EDGE_CURVE('',#6601,#6648,#6658,.T.);
#6660=ORIENTED_EDGE('',*,*,#6659,.F.);
#6661=ORIENTED_EDGE('',*,*,#6606,.F.);
#6662=EDGE_LOOP('',(#6630,#6638,#6646,#6654,#6660,#6661));
#6663=FACE_OUTER_BOUND('',#6662,.T.);
#6664=ADVANCED_FACE('',(#6663),#6629,.T.);
#6665=CARTESIAN_POINT('',(-0.081299212598425,-0.168937007874016,0.066535433070866));
#6666=DIRECTION('',(-1.0,0.0,0.0));
#6667=DIRECTION('',(0.0,0.0,1.0));
#6668=AXIS2_PLACEMENT_3D('',#6665,#6666,#6667);
#6669=PLANE('',#6668);
#6670=ORIENTED_EDGE('',*,*,#6408,.T.);
#6671=CARTESIAN_POINT('',(-0.081299212598425,-0.168110236220473,0.099606299212599));
#6672=VERTEX_POINT('',#6671);
#6673=CARTESIAN_POINT('',(-0.081299212598425,-0.168110236220473,0.099606299212599));
#6674=DIRECTION('',(0.0,-0.422618261740701,-0.906307787036649));
#6675=VECTOR('',#6674,0.001863150852875);
#6676=LINE('',#6673,#6675);
#6677=EDGE_CURVE('',#6672,#4687,#6676,.T.);
#6678=ORIENTED_EDGE('',*,*,#6677,.F.);
#6679=CARTESIAN_POINT('',(-0.081299212598425,-0.168110236220473,0.099606299212599));
#6680=DIRECTION('',(0.0,0.0,-1.0));
#6681=VECTOR('',#6680,0.031496062992127);
#6682=LINE('',#6679,#6681);
#6683=EDGE_CURVE('',#6672,#6632,#6682,.T.);
#6684=ORIENTED_EDGE('',*,*,#6683,.T.);
#6685=ORIENTED_EDGE('',*,*,#6637,.F.);
#6686=EDGE_LOOP('',(#6670,#6678,#6684,#6685));
#6687=FACE_OUTER_BOUND('',#6686,.T.);
#6688=ADVANCED_FACE('',(#6687),#6669,.T.);
#6689=CARTESIAN_POINT('',(-0.156102362204724,-0.010826771653543,-0.033070866141732));
#6690=DIRECTION('',(-1.0,0.0,0.0));
#6691=DIRECTION('',(0.0,0.0,1.0));
#6692=AXIS2_PLACEMENT_3D('',#6689,#6690,#6691);
#6693=PLANE('',#6692);
#6694=CARTESIAN_POINT('',(-0.156102362204724,-0.009842519685039,-0.021653543307087));
#6695=VERTEX_POINT('',#6694);
#6696=CARTESIAN_POINT('',(-0.156102362204724,0.009842519685039,-0.021653543307087));
#6697=VERTEX_POINT('',#6696);
#6698=CARTESIAN_POINT('',(-0.156102362204724,1.912294E-017,-0.021653543307087));
#6699=DIRECTION('',(1.0,0.0,0.0));
#6700=DIRECTION('',(0.0,-0.707106781186547,-0.707106781186548));
#6701=AXIS2_PLACEMENT_3D('',#6698,#6699,#6700);
#6702=CIRCLE('',#6701,0.009842519685039);
#6703=EDGE_CURVE('',#6695,#6697,#6702,.T.);
#6704=ORIENTED_EDGE('',*,*,#6703,.F.);
#6705=CARTESIAN_POINT('',(-0.156102362204724,-0.009842519685039,0.0));
#6706=VERTEX_POINT('',#6705);
#6707=CARTESIAN_POINT('',(-0.156102362204724,-0.009842519685039,0.0));
#6708=DIRECTION('',(0.0,0.0,-1.0));
#6709=VECTOR('',#6708,0.021653543307087);
#6710=LINE('',#6707,#6709);
#6711=EDGE_CURVE('',#6706,#6695,#6710,.T.);
#6712=ORIENTED_EDGE('',*,*,#6711,.F.);
#6713=CARTESIAN_POINT('',(-0.156102362204724,0.009842519685039,0.0));
#6714=VERTEX_POINT('',#6713);
#6715=CARTESIAN_POINT('',(-0.156102362204724,0.009842519685039,0.0));
#6716=DIRECTION('',(0.0,-1.0,0.0));
#6717=VECTOR('',#6716,0.019685039370078);
#6718=LINE('',#6715,#6717);
#6719=EDGE_CURVE('',#6714,#6706,#6718,.T.);
#6720=ORIENTED_EDGE('',*,*,#6719,.F.);
#6721=CARTESIAN_POINT('',(-0.156102362204724,0.009842519685039,0.0));
#6722=DIRECTION('',(0.0,0.0,-1.0));
#6723=VECTOR('',#6722,0.021653543307087);
#6724=LINE('',#6721,#6723);
#6725=EDGE_CURVE('',#6714,#6697,#6724,.T.);
#6726=ORIENTED_EDGE('',*,*,#6725,.T.);
#6727=EDGE_LOOP('',(#6704,#6712,#6720,#6726));
#6728=FACE_OUTER_BOUND('',#6727,.T.);
#6729=ADVANCED_FACE('',(#6728),#6693,.T.);
#6730=CARTESIAN_POINT('',(-0.171712598425196,1.040834E-017,-0.021653543307087));
#6731=DIRECTION('',(1.0,0.0,0.0));
#6732=DIRECTION('',(0.0,0.0,1.0));
#6733=AXIS2_PLACEMENT_3D('',#6730,#6731,#6732);
#6734=CYLINDRICAL_SURFACE('',#6733,0.009842519685039);
#6735=CARTESIAN_POINT('',(0.156102362204724,0.009842519685039,-0.021653543307087));
#6736=VERTEX_POINT('',#6735);
#6737=CARTESIAN_POINT('',(0.156102362204724,-0.009842519685039,-0.021653543307087));
#6738=VERTEX_POINT('',#6737);
#6739=CARTESIAN_POINT('',(0.156102362204724,-3.961181E-017,-0.021653543307087));
#6740=DIRECTION('',(-1.0,0.0,0.0));
#6741=DIRECTION('',(0.0,0.707106781186547,-0.707106781186548));
#6742=AXIS2_PLACEMENT_3D('',#6739,#6740,#6741);
#6743=CIRCLE('',#6742,0.009842519685039);
#6744=EDGE_CURVE('',#6736,#6738,#6743,.T.);
#6745=ORIENTED_EDGE('',*,*,#6744,.T.);
#6746=CARTESIAN_POINT('',(0.156102362204724,-0.009842519685039,-0.021653543307087));
#6747=DIRECTION('',(-1.0,0.0,0.0));
#6748=VECTOR('',#6747,0.312204724409448);
#6749=LINE('',#6746,#6748);
#6750=EDGE_CURVE('',#6738,#6695,#6749,.T.);
#6751=ORIENTED_EDGE('',*,*,#6750,.T.);
#6752=ORIENTED_EDGE('',*,*,#6703,.T.);
#6753=CARTESIAN_POINT('',(-0.156102362204724,0.009842519685039,-0.021653543307087));
#6754=DIRECTION('',(1.0,0.0,0.0));
#6755=VECTOR('',#6754,0.312204724409448);
#6756=LINE('',#6753,#6755);
#6757=EDGE_CURVE('',#6697,#6736,#6756,.T.);
#6758=ORIENTED_EDGE('',*,*,#6757,.T.);
#6759=EDGE_LOOP('',(#6745,#6751,#6752,#6758));
#6760=FACE_OUTER_BOUND('',#6759,.T.);
#6761=ADVANCED_FACE('',(#6760),#6734,.T.);
#6762=CARTESIAN_POINT('',(0.156102362204724,-0.010826771653543,0.001574803149606));
#6763=DIRECTION('',(1.0,0.0,0.0));
#6764=DIRECTION('',(0.0,0.0,-1.0));
#6765=AXIS2_PLACEMENT_3D('',#6762,#6763,#6764);
#6766=PLANE('',#6765);
#6767=ORIENTED_EDGE('',*,*,#6744,.F.);
#6768=CARTESIAN_POINT('',(0.156102362204724,0.009842519685039,0.0));
#6769=VERTEX_POINT('',#6768);
#6770=CARTESIAN_POINT('',(0.156102362204724,0.009842519685039,0.0));
#6771=DIRECTION('',(0.0,0.0,-1.0));
#6772=VECTOR('',#6771,0.021653543307087);
#6773=LINE('',#6770,#6772);
#6774=EDGE_CURVE('',#6769,#6736,#6773,.T.);
#6775=ORIENTED_EDGE('',*,*,#6774,.F.);
#6776=CARTESIAN_POINT('',(0.156102362204724,-0.009842519685039,0.0));
#6777=VERTEX_POINT('',#6776);
#6778=CARTESIAN_POINT('',(0.156102362204724,-0.009842519685039,0.0));
#6779=DIRECTION('',(0.0,1.0,0.0));
#6780=VECTOR('',#6779,0.019685039370078);
#6781=LINE('',#6778,#6780);
#6782=EDGE_CURVE('',#6777,#6769,#6781,.T.);
#6783=ORIENTED_EDGE('',*,*,#6782,.F.);
#6784=CARTESIAN_POINT('',(0.156102362204724,-0.009842519685039,0.0));
#6785=DIRECTION('',(0.0,0.0,-1.0));
#6786=VECTOR('',#6785,0.021653543307087);
#6787=LINE('',#6784,#6786);
#6788=EDGE_CURVE('',#6777,#6738,#6787,.T.);
#6789=ORIENTED_EDGE('',*,*,#6788,.T.);
#6790=EDGE_LOOP('',(#6767,#6775,#6783,#6789));
#6791=FACE_OUTER_BOUND('',#6790,.T.);
#6792=ADVANCED_FACE('',(#6791),#6766,.T.);
#6793=CARTESIAN_POINT('',(-0.171712598425196,0.009842519685039,-0.022736220472441));
#6794=DIRECTION('',(0.0,1.0,0.0));
#6795=DIRECTION('',(0.0,0.0,1.0));
#6796=AXIS2_PLACEMENT_3D('',#6793,#6794,#6795);
#6797=PLANE('',#6796);
#6798=ORIENTED_EDGE('',*,*,#6757,.F.);
#6799=ORIENTED_EDGE('',*,*,#6725,.F.);
#6800=CARTESIAN_POINT('',(0.156102362204724,0.009842519685039,0.0));
#6801=DIRECTION('',(-1.0,0.0,0.0));
#6802=VECTOR('',#6801,0.312204724409448);
#6803=LINE('',#6800,#6802);
#6804=EDGE_CURVE('',#6769,#6714,#6803,.T.);
#6805=ORIENTED_EDGE('',*,*,#6804,.F.);
#6806=ORIENTED_EDGE('',*,*,#6774,.T.);
#6807=EDGE_LOOP('',(#6798,#6799,#6805,#6806));
#6808=FACE_OUTER_BOUND('',#6807,.T.);
#6809=ADVANCED_FACE('',(#6808),#6797,.T.);
#6810=CARTESIAN_POINT('',(-0.171712598425196,-0.009842519685039,0.001082677165354));
#6811=DIRECTION('',(0.0,-1.0,0.0));
#6812=DIRECTION('',(0.0,0.0,-1.0));
#6813=AXIS2_PLACEMENT_3D('',#6810,#6811,#6812);
#6814=PLANE('',#6813);
#6815=ORIENTED_EDGE('',*,*,#6750,.F.);
#6816=ORIENTED_EDGE('',*,*,#6788,.F.);
#6817=CARTESIAN_POINT('',(-0.156102362204724,-0.009842519685039,0.0));
#6818=DIRECTION('',(1.0,0.0,0.0));
#6819=VECTOR('',#6818,0.312204724409448);
#6820=LINE('',#6817,#6819);
#6821=EDGE_CURVE('',#6706,#6777,#6820,.T.);
#6822=ORIENTED_EDGE('',*,*,#6821,.F.);
#6823=ORIENTED_EDGE('',*,*,#6711,.T.);
#6824=EDGE_LOOP('',(#6815,#6816,#6822,#6823));
#6825=FACE_OUTER_BOUND('',#6824,.T.);
#6826=ADVANCED_FACE('',(#6825),#6814,.T.);
#6827=CARTESIAN_POINT('',(0.147244094488189,0.167125984251969,-0.018700787401575));
#6828=DIRECTION('',(0.0,0.0,1.0));
#6829=DIRECTION('',(1.0,0.0,0.0));
#6830=AXIS2_PLACEMENT_3D('',#6827,#6828,#6829);
#6831=SPHERICAL_SURFACE('',#6830,0.012795275590551);
#6832=ORIENTED_EDGE('',*,*,#4308,.T.);
#6833=EDGE_LOOP('',(#6832));
#6834=FACE_OUTER_BOUND('',#6833,.T.);
#6835=ADVANCED_FACE('',(#6834),#6831,.T.);
#6836=CARTESIAN_POINT('',(-0.147244094488189,-0.167125984251969,-0.018700787401575));
#6837=DIRECTION('',(0.0,0.0,1.0));
#6838=DIRECTION('',(1.0,0.0,0.0));
#6839=AXIS2_PLACEMENT_3D('',#6836,#6837,#6838);
#6840=SPHERICAL_SURFACE('',#6839,0.012795275590551);
#6841=ORIENTED_EDGE('',*,*,#2208,.T.);
#6842=EDGE_LOOP('',(#6841));
#6843=FACE_OUTER_BOUND('',#6842,.T.);
#6844=ADVANCED_FACE('',(#6843),#6840,.T.);
#6845=CARTESIAN_POINT('',(0.147244094488189,-0.167125984251969,-0.018700787401575));
#6846=DIRECTION('',(0.0,0.0,1.0));
#6847=DIRECTION('',(1.0,0.0,0.0));
#6848=AXIS2_PLACEMENT_3D('',#6845,#6846,#6847);
#6849=SPHERICAL_SURFACE('',#6848,0.012795275590551);
#6850=CARTESIAN_POINT('',(0.16003937007874,-0.167125984251969,-0.018700787401575));
#6851=VERTEX_POINT('',#6850);
#6852=CARTESIAN_POINT('',(0.147244094488189,-0.167125984251969,-0.018700787401575));
#6853=DIRECTION('',(0.0,0.0,-1.0));
#6854=DIRECTION('',(1.0,0.0,0.0));
#6855=AXIS2_PLACEMENT_3D('',#6852,#6853,#6854);
#6856=CIRCLE('',#6855,0.012795275590551);
#6857=EDGE_CURVE('',#6851,#6851,#6856,.T.);
#6858=ORIENTED_EDGE('',*,*,#6857,.T.);
#6859=EDGE_LOOP('',(#6858));
#6860=FACE_OUTER_BOUND('',#6859,.T.);
#6861=ADVANCED_FACE('',(#6860),#6849,.T.);
#6862=CARTESIAN_POINT('',(0.147244094488189,-0.167125984251969,0.000935039370079));
#6863=DIRECTION('',(0.0,0.0,-1.0));
#6864=DIRECTION('',(1.0,0.0,0.0));
#6865=AXIS2_PLACEMENT_3D('',#6862,#6863,#6864);
#6866=CYLINDRICAL_SURFACE('',#6865,0.012795275590551);
#6867=ORIENTED_EDGE('',*,*,#6857,.F.);
#6868=EDGE_LOOP('',(#6867));
#6869=FACE_OUTER_BOUND('',#6868,.T.);
#6870=CARTESIAN_POINT('',(0.16003937007874,-0.167125984251969,0.0));
#6871=VERTEX_POINT('',#6870);
#6872=CARTESIAN_POINT('',(0.147244094488189,-0.167125984251969,0.0));
#6873=DIRECTION('',(0.0,0.0,1.0));
#6874=DIRECTION('',(1.0,0.0,0.0));
#6875=AXIS2_PLACEMENT_3D('',#6872,#6873,#6874);
#6876=CIRCLE('',#6875,0.012795275590551);
#6877=EDGE_CURVE('',#2250,#6871,#6876,.T.);
#6878=ORIENTED_EDGE('',*,*,#6877,.F.);
#6879=ORIENTED_EDGE('',*,*,#2256,.F.);
#6880=ORIENTED_EDGE('',*,*,#1364,.T.);
#6881=ORIENTED_EDGE('',*,*,#330,.T.);
#6882=ORIENTED_EDGE('',*,*,#260,.T.);
#6883=CARTESIAN_POINT('',(0.147244094488189,-0.167125984251969,0.0));
#6884=DIRECTION('',(0.0,0.0,1.0));
#6885=DIRECTION('',(1.0,0.0,0.0));
#6886=AXIS2_PLACEMENT_3D('',#6883,#6884,#6885);
#6887=CIRCLE('',#6886,0.012795275590551);
#6888=EDGE_CURVE('',#6871,#254,#6887,.T.);
#6889=ORIENTED_EDGE('',*,*,#6888,.F.);
#6890=EDGE_LOOP('',(#6878,#6879,#6880,#6881,#6882,#6889));
#6891=FACE_BOUND('',#6890,.T.);
#6892=ADVANCED_FACE('',(#6869,#6891),#6866,.T.);
#6893=CARTESIAN_POINT('',(-0.147244094488189,0.167125984251969,-0.018700787401575));
#6894=DIRECTION('',(0.0,0.0,1.0));
#6895=DIRECTION('',(1.0,0.0,0.0));
#6896=AXIS2_PLACEMENT_3D('',#6893,#6894,#6895);
#6897=SPHERICAL_SURFACE('',#6896,0.012795275590551);
#6898=CARTESIAN_POINT('',(-0.134448818897638,0.167125984251969,-0.018700787401575));
#6899=VERTEX_POINT('',#6898);
#6900=CARTESIAN_POINT('',(-0.147244094488189,0.167125984251969,-0.018700787401575));
#6901=DIRECTION('',(0.0,0.0,-1.0));
#6902=DIRECTION('',(1.0,0.0,0.0));
#6903=AXIS2_PLACEMENT_3D('',#6900,#6901,#6902);
#6904=CIRCLE('',#6903,0.012795275590551);
#6905=EDGE_CURVE('',#6899,#6899,#6904,.T.);
#6906=ORIENTED_EDGE('',*,*,#6905,.T.);
#6907=EDGE_LOOP('',(#6906));
#6908=FACE_OUTER_BOUND('',#6907,.T.);
#6909=ADVANCED_FACE('',(#6908),#6897,.T.);
#6910=CARTESIAN_POINT('',(-0.147244094488189,0.167125984251969,0.000935039370079));
#6911=DIRECTION('',(0.0,0.0,-1.0));
#6912=DIRECTION('',(1.0,0.0,0.0));
#6913=AXIS2_PLACEMENT_3D('',#6910,#6911,#6912);
#6914=CYLINDRICAL_SURFACE('',#6913,0.012795275590551);
#6915=ORIENTED_EDGE('',*,*,#6905,.F.);
#6916=EDGE_LOOP('',(#6915));
#6917=FACE_OUTER_BOUND('',#6916,.T.);
#6918=ORIENTED_EDGE('',*,*,#4356,.F.);
#6919=ORIENTED_EDGE('',*,*,#3374,.T.);
#6920=ORIENTED_EDGE('',*,*,#2474,.T.);
#6921=ORIENTED_EDGE('',*,*,#2404,.T.);
#6922=CARTESIAN_POINT('',(-0.16003937007874,0.167125984251969,0.0));
#6923=VERTEX_POINT('',#6922);
#6924=CARTESIAN_POINT('',(-0.147244094488189,0.167125984251969,0.0));
#6925=DIRECTION('',(0.0,0.0,1.0));
#6926=DIRECTION('',(1.0,0.0,0.0));
#6927=AXIS2_PLACEMENT_3D('',#6924,#6925,#6926);
#6928=CIRCLE('',#6927,0.012795275590551);
#6929=EDGE_CURVE('',#6923,#2398,#6928,.T.);
#6930=ORIENTED_EDGE('',*,*,#6929,.F.);
#6931=CARTESIAN_POINT('',(-0.147244094488189,0.167125984251969,0.0));
#6932=DIRECTION('',(0.0,0.0,1.0));
#6933=DIRECTION('',(1.0,0.0,0.0));
#6934=AXIS2_PLACEMENT_3D('',#6931,#6932,#6933);
#6935=CIRCLE('',#6934,0.012795275590551);
#6936=EDGE_CURVE('',#4350,#6923,#6935,.T.);
#6937=ORIENTED_EDGE('',*,*,#6936,.F.);
#6938=EDGE_LOOP('',(#6918,#6919,#6920,#6921,#6930,#6937));
#6939=FACE_BOUND('',#6938,.T.);
#6940=ADVANCED_FACE('',(#6917,#6939),#6914,.T.);
#6941=CARTESIAN_POINT('',(-3.278218E-017,2.515423E-018,0.0));
#6942=DIRECTION('',(0.0,0.0,1.0));
#6943=DIRECTION('',(1.0,0.0,0.0));
#6944=AXIS2_PLACEMENT_3D('',#6941,#6942,#6943);
#6945=PLANE('',#6944);
#6946=ORIENTED_EDGE('',*,*,#4338,.T.);
#6947=CARTESIAN_POINT('',(0.16003937007874,0.17992125984252,0.0));
#6948=VERTEX_POINT('',#6947);
#6949=CARTESIAN_POINT('',(0.147244094488189,0.17992125984252,0.0));
#6950=DIRECTION('',(1.0,0.0,0.0));
#6951=VECTOR('',#6950,0.012795275590551);
#6952=LINE('',#6949,#6951);
#6953=EDGE_CURVE('',#4325,#6948,#6952,.T.);
#6954=ORIENTED_EDGE('',*,*,#6953,.T.);
#6955=CARTESIAN_POINT('',(0.16003937007874,0.17992125984252,0.0));
#6956=DIRECTION('',(0.0,-1.0,0.0));
#6957=VECTOR('',#6956,0.012795275590551);
#6958=LINE('',#6955,#6957);
#6959=EDGE_CURVE('',#6948,#4313,#6958,.T.);
#6960=ORIENTED_EDGE('',*,*,#6959,.T.);
#6961=EDGE_LOOP('',(#6946,#6954,#6960));
#6962=FACE_OUTER_BOUND('',#6961,.T.);
#6963=ADVANCED_FACE('',(#6962),#6945,.F.);
#6964=CARTESIAN_POINT('',(-0.160679133858268,-0.180561023622048,0.0));
#6965=DIRECTION('',(0.0,0.0,1.0));
#6966=DIRECTION('',(1.0,0.0,0.0));
#6967=AXIS2_PLACEMENT_3D('',#6964,#6965,#6966);
#6968=PLANE('',#6967);
#6969=ORIENTED_EDGE('',*,*,#2228,.T.);
#6970=CARTESIAN_POINT('',(-0.16003937007874,-0.17992125984252,0.0));
#6971=VERTEX_POINT('',#6970);
#6972=CARTESIAN_POINT('',(-0.147244094488189,-0.17992125984252,0.0));
#6973=DIRECTION('',(-1.0,0.0,0.0));
#6974=VECTOR('',#6973,0.012795275590551);
#6975=LINE('',#6972,#6974);
#6976=EDGE_CURVE('',#2213,#6971,#6975,.T.);
#6977=ORIENTED_EDGE('',*,*,#6976,.T.);
#6978=CARTESIAN_POINT('',(-0.16003937007874,-0.17992125984252,0.0));
#6979=DIRECTION('',(0.0,1.0,0.0));
#6980=VECTOR('',#6979,0.012795275590551);
#6981=LINE('',#6978,#6980);
#6982=EDGE_CURVE('',#6971,#2222,#6981,.T.);
#6983=ORIENTED_EDGE('',*,*,#6982,.T.);
#6984=EDGE_LOOP('',(#6969,#6977,#6983));
#6985=FACE_OUTER_BOUND('',#6984,.T.);
#6986=ADVANCED_FACE('',(#6985),#6968,.F.);
#6987=CARTESIAN_POINT('',(-0.160679133858268,0.166486220472441,0.0));
#6988=DIRECTION('',(0.0,0.0,1.0));
#6989=DIRECTION('',(1.0,0.0,0.0));
#6990=AXIS2_PLACEMENT_3D('',#6987,#6988,#6989);
#6991=PLANE('',#6990);
#6992=ORIENTED_EDGE('',*,*,#6936,.T.);
#6993=CARTESIAN_POINT('',(-0.16003937007874,0.17992125984252,0.0));
#6994=VERTEX_POINT('',#6993);
#6995=CARTESIAN_POINT('',(-0.16003937007874,0.167125984251969,0.0));
#6996=DIRECTION('',(0.0,1.0,0.0));
#6997=VECTOR('',#6996,0.012795275590551);
#6998=LINE('',#6995,#6997);
#6999=EDGE_CURVE('',#6923,#6994,#6998,.T.);
#7000=ORIENTED_EDGE('',*,*,#6999,.T.);
#7001=CARTESIAN_POINT('',(-0.16003937007874,0.17992125984252,0.0));
#7002=DIRECTION('',(1.0,0.0,0.0));
#7003=VECTOR('',#7002,0.012795275590551);
#7004=LINE('',#7001,#7003);
#7005=EDGE_CURVE('',#6994,#4350,#7004,.T.);
#7006=ORIENTED_EDGE('',*,*,#7005,.T.);
#7007=EDGE_LOOP('',(#6992,#7000,#7006));
#7008=FACE_OUTER_BOUND('',#7007,.T.);
#7009=ADVANCED_FACE('',(#7008),#6991,.F.);
#7010=CARTESIAN_POINT('',(0.146604330708661,-0.180561023622048,0.0));
#7011=DIRECTION('',(0.0,0.0,1.0));
#7012=DIRECTION('',(1.0,0.0,0.0));
#7013=AXIS2_PLACEMENT_3D('',#7010,#7011,#7012);
#7014=PLANE('',#7013);
#7015=ORIENTED_EDGE('',*,*,#6877,.T.);
#7016=CARTESIAN_POINT('',(0.16003937007874,-0.17992125984252,0.0));
#7017=VERTEX_POINT('',#7016);
#7018=CARTESIAN_POINT('',(0.16003937007874,-0.167125984251969,0.0));
#7019=DIRECTION('',(0.0,-1.0,0.0));
#7020=VECTOR('',#7019,0.012795275590551);
#7021=LINE('',#7018,#7020);
#7022=EDGE_CURVE('',#6871,#7017,#7021,.T.);
#7023=ORIENTED_EDGE('',*,*,#7022,.T.);
#7024=CARTESIAN_POINT('',(0.16003937007874,-0.17992125984252,0.0));
#7025=DIRECTION('',(-1.0,0.0,0.0));
#7026=VECTOR('',#7025,0.012795275590551);
#7027=LINE('',#7024,#7026);
#7028=EDGE_CURVE('',#7017,#2250,#7027,.T.);
#7029=ORIENTED_EDGE('',*,*,#7028,.T.);
#7030=EDGE_LOOP('',(#7015,#7023,#7029));
#7031=FACE_OUTER_BOUND('',#7030,.T.);
#7032=ADVANCED_FACE('',(#7031),#7014,.F.);
#7033=CARTESIAN_POINT('',(-0.176043307086614,-0.183838582677166,0.0));
#7034=DIRECTION('',(0.0,0.0,1.0));
#7035=DIRECTION('',(1.0,0.0,0.0));
#7036=AXIS2_PLACEMENT_3D('',#7033,#7034,#7035);
#7037=PLANE('',#7036);
#7038=ORIENTED_EDGE('',*,*,#177,.T.);
#7039=ORIENTED_EDGE('',*,*,#2235,.T.);
#7040=CARTESIAN_POINT('',(-0.16003937007874,-0.167125984251969,0.0));
#7041=DIRECTION('',(0.0,1.0,0.0));
#7042=VECTOR('',#7041,0.334251968503938);
#7043=LINE('',#7040,#7042);
#7044=EDGE_CURVE('',#2222,#6923,#7043,.T.);
#7045=ORIENTED_EDGE('',*,*,#7044,.T.);
#7046=ORIENTED_EDGE('',*,*,#6929,.T.);
#7047=ORIENTED_EDGE('',*,*,#2436,.T.);
#7048=ORIENTED_EDGE('',*,*,#3559,.T.);
#7049=ORIENTED_EDGE('',*,*,#3708,.T.);
#7050=ORIENTED_EDGE('',*,*,#3752,.T.);
#7051=ORIENTED_EDGE('',*,*,#2321,.T.);
#7052=ORIENTED_EDGE('',*,*,#4319,.T.);
#7053=CARTESIAN_POINT('',(0.16003937007874,0.167125984251969,0.0));
#7054=DIRECTION('',(0.0,-1.0,0.0));
#7055=VECTOR('',#7054,0.334251968503938);
#7056=LINE('',#7053,#7055);
#7057=EDGE_CURVE('',#4313,#6871,#7056,.T.);
#7058=ORIENTED_EDGE('',*,*,#7057,.T.);
#7059=ORIENTED_EDGE('',*,*,#6888,.T.);
#7060=ORIENTED_EDGE('',*,*,#292,.T.);
#7061=ORIENTED_EDGE('',*,*,#1589,.T.);
#7062=ORIENTED_EDGE('',*,*,#1699,.T.);
#7063=ORIENTED_EDGE('',*,*,#1768,.T.);
#7064=EDGE_LOOP('',(#7038,#7039,#7045,#7046,#7047,#7048,#7049,#7050,#7051,#7052,#7058,#7059,#7060,#7061,#7062,#7063));
#7065=FACE_OUTER_BOUND('',#7064,.T.);
#7066=ORIENTED_EDGE('',*,*,#6782,.T.);
#7067=ORIENTED_EDGE('',*,*,#6804,.T.);
#7068=ORIENTED_EDGE('',*,*,#6719,.T.);
#7069=ORIENTED_EDGE('',*,*,#6821,.T.);
#7070=EDGE_LOOP('',(#7066,#7067,#7068,#7069));
#7071=FACE_BOUND('',#7070,.T.);
#7072=ADVANCED_FACE('',(#7065,#7071),#7037,.F.);
#7073=CARTESIAN_POINT('',(-0.089429133858267,-0.16751968503937,0.100872740307388));
#7074=DIRECTION('',(1.237643E-016,-0.90630778703665,0.422618261740699));
#7075=DIRECTION('',(-6.870299E-033,-0.422618261740699,-0.90630778703665));
#7076=AXIS2_PLACEMENT_3D('',#7073,#7074,#7075);
#7077=PLANE('',#7076);
#7078=ORIENTED_EDGE('',*,*,#6677,.T.);
#7079=ORIENTED_EDGE('',*,*,#4694,.T.);
#7080=CARTESIAN_POINT('',(-0.081299212598425,-0.17992125984252,0.074277477316816));
#7081=DIRECTION('',(1.0,0.0,0.0));
#7082=VECTOR('',#7081,0.16259842519685);
#7083=LINE('',#7080,#7082);
#7084=EDGE_CURVE('',#4689,#6202,#7083,.T.);
#7085=ORIENTED_EDGE('',*,*,#7084,.T.);
#7086=ORIENTED_EDGE('',*,*,#6209,.T.);
#7087=ORIENTED_EDGE('',*,*,#6620,.T.);
#7088=CARTESIAN_POINT('',(0.081299212598425,-0.168110236220472,0.099606299212599));
#7089=DIRECTION('',(-1.0,0.0,0.0));
#7090=VECTOR('',#7089,0.16259842519685);
#7091=LINE('',#7088,#7090);
#7092=EDGE_CURVE('',#6609,#6672,#7091,.T.);
#7093=ORIENTED_EDGE('',*,*,#7092,.T.);
#7094=EDGE_LOOP('',(#7078,#7079,#7085,#7086,#7087,#7093));
#7095=FACE_OUTER_BOUND('',#7094,.T.);
#7096=ADVANCED_FACE('',(#7095),#7077,.T.);
#7097=CARTESIAN_POINT('',(-0.089429133858267,0.180511811023622,0.073011036222027));
#7098=DIRECTION('',(0.0,0.90630778703665,0.422618261740699));
#7099=DIRECTION('',(0.0,-0.422618261740699,0.90630778703665));
#7100=AXIS2_PLACEMENT_3D('',#7097,#7098,#7099);
#7101=PLANE('',#7100);
#7102=CARTESIAN_POINT('',(0.081299212598425,0.168110236220472,0.099606299212599));
#7103=VERTEX_POINT('',#7102);
#7104=CARTESIAN_POINT('',(0.081299212598425,0.168110236220473,0.099606299212599));
#7105=DIRECTION('',(0.0,0.4226182617407,-0.90630778703665));
#7106=VECTOR('',#7105,0.001863150852878);
#7107=LINE('',#7104,#7106);
#7108=EDGE_CURVE('',#7103,#6242,#7107,.T.);
#7109=ORIENTED_EDGE('',*,*,#7108,.T.);
#7110=ORIENTED_EDGE('',*,*,#6249,.T.);
#7111=CARTESIAN_POINT('',(0.081299212598425,0.17992125984252,0.074277477316816));
#7112=DIRECTION('',(-1.0,0.0,0.0));
#7113=VECTOR('',#7112,0.16259842519685);
#7114=LINE('',#7111,#7113);
#7115=EDGE_CURVE('',#6244,#4647,#7114,.T.);
#7116=ORIENTED_EDGE('',*,*,#7115,.T.);
#7117=ORIENTED_EDGE('',*,*,#4654,.T.);
#7118=CARTESIAN_POINT('',(-0.081299212598425,0.168110236220473,0.099606299212599));
#7119=VERTEX_POINT('',#7118);
#7120=CARTESIAN_POINT('',(-0.081299212598425,0.168897637795276,0.097917711086213));
#7121=DIRECTION('',(0.0,-0.42261826174068,0.906307787036659));
#7122=VECTOR('',#7121,0.001863150852877);
#7123=LINE('',#7120,#7122);
#7124=EDGE_CURVE('',#4649,#7119,#7123,.T.);
#7125=ORIENTED_EDGE('',*,*,#7124,.T.);
#7126=CARTESIAN_POINT('',(0.081299212598425,0.168110236220472,0.099606299212599));
#7127=DIRECTION('',(-1.0,0.0,0.0));
#7128=VECTOR('',#7127,0.16259842519685);
#7129=LINE('',#7126,#7128);
#7130=EDGE_CURVE('',#7103,#7119,#7129,.T.);
#7131=ORIENTED_EDGE('',*,*,#7130,.F.);
#7132=EDGE_LOOP('',(#7109,#7110,#7116,#7117,#7125,#7131));
#7133=FACE_OUTER_BOUND('',#7132,.T.);
#7134=ADVANCED_FACE('',(#7133),#7101,.T.);
#7135=CARTESIAN_POINT('',(-0.16003937007874,0.17992125984252,0.0));
#7136=DIRECTION('',(0.0,1.0,0.0));
#7137=DIRECTION('',(0.0,0.0,1.0));
#7138=AXIS2_PLACEMENT_3D('',#7135,#7136,#7137);
#7139=PLANE('',#7138);
#7140=ORIENTED_EDGE('',*,*,#4815,.F.);
#7141=ORIENTED_EDGE('',*,*,#6097,.T.);
#7142=ORIENTED_EDGE('',*,*,#6045,.T.);
#7143=ORIENTED_EDGE('',*,*,#6337,.F.);
#7144=ORIENTED_EDGE('',*,*,#6185,.T.);
#7145=ORIENTED_EDGE('',*,*,#4982,.T.);
#7146=EDGE_LOOP('',(#7140,#7141,#7142,#7143,#7144,#7145));
#7147=FACE_OUTER_BOUND('',#7146,.T.);
#7148=ORIENTED_EDGE('',*,*,#5599,.T.);
#7149=ORIENTED_EDGE('',*,*,#5936,.T.);
#7150=ORIENTED_EDGE('',*,*,#5909,.T.);
#7151=ORIENTED_EDGE('',*,*,#5878,.T.);
#7152=ORIENTED_EDGE('',*,*,#5847,.T.);
#7153=ORIENTED_EDGE('',*,*,#5816,.T.);
#7154=ORIENTED_EDGE('',*,*,#5785,.T.);
#7155=ORIENTED_EDGE('',*,*,#5754,.T.);
#7156=ORIENTED_EDGE('',*,*,#5723,.T.);
#7157=ORIENTED_EDGE('',*,*,#5692,.T.);
#7158=ORIENTED_EDGE('',*,*,#5661,.T.);
#7159=ORIENTED_EDGE('',*,*,#5630,.T.);
#7160=EDGE_LOOP('',(#7148,#7149,#7150,#7151,#7152,#7153,#7154,#7155,#7156,#7157,#7158,#7159));
#7161=FACE_BOUND('',#7160,.T.);
#7162=ORIENTED_EDGE('',*,*,#7115,.F.);
#7163=ORIENTED_EDGE('',*,*,#6271,.T.);
#7164=ORIENTED_EDGE('',*,*,#6314,.T.);
#7165=ORIENTED_EDGE('',*,*,#4662,.T.);
#7166=EDGE_LOOP('',(#7162,#7163,#7164,#7165));
#7167=FACE_BOUND('',#7166,.T.);
#7168=ADVANCED_FACE('',(#7147,#7161,#7167),#7139,.T.);
#7169=CARTESIAN_POINT('',(0.081299212598425,0.168070866141732,0.066535433070867));
#7170=DIRECTION('',(-1.0,0.0,0.0));
#7171=DIRECTION('',(0.0,0.0,1.0));
#7172=AXIS2_PLACEMENT_3D('',#7169,#7170,#7171);
#7173=PLANE('',#7172);
#7174=ORIENTED_EDGE('',*,*,#6372,.T.);
#7175=ORIENTED_EDGE('',*,*,#7108,.F.);
#7176=CARTESIAN_POINT('',(0.081299212598425,0.168110236220472,0.068110236220473));
#7177=VERTEX_POINT('',#7176);
#7178=CARTESIAN_POINT('',(0.081299212598425,0.168110236220472,0.068110236220473));
#7179=DIRECTION('',(0.0,0.0,1.0));
#7180=VECTOR('',#7179,0.031496062992126);
#7181=LINE('',#7178,#7180);
#7182=EDGE_CURVE('',#7177,#7103,#7181,.T.);
#7183=ORIENTED_EDGE('',*,*,#7182,.F.);
#7184=CARTESIAN_POINT('',(0.081299212598425,0.168897637795276,0.068110236220473));
#7185=DIRECTION('',(0.0,-1.0,0.0));
#7186=VECTOR('',#7185,0.000787401574804);
#7187=LINE('',#7184,#7186);
#7188=EDGE_CURVE('',#6367,#7177,#7187,.T.);
#7189=ORIENTED_EDGE('',*,*,#7188,.F.);
#7190=EDGE_LOOP('',(#7174,#7175,#7183,#7189));
#7191=FACE_OUTER_BOUND('',#7190,.T.);
#7192=ADVANCED_FACE('',(#7191),#7173,.F.);
#7193=CARTESIAN_POINT('',(0.106102362204725,0.15511811023622,-0.003405511811024));
#7194=DIRECTION('',(-0.944791119968652,0.0,-0.327673220798376));
#7195=DIRECTION('',(-0.327673220798376,0.0,0.944791119968652));
#7196=AXIS2_PLACEMENT_3D('',#7193,#7194,#7195);
#7197=PLANE('',#7196);
#7198=CARTESIAN_POINT('',(0.096045924172773,0.168110236220473,0.025590551181102));
#7199=VERTEX_POINT('',#7198);
#7200=CARTESIAN_POINT('',(0.096045924172773,0.168110236220472,0.025590551181102));
#7201=DIRECTION('',(-0.327673220798376,0.0,0.944791119968651));
#7202=VECTOR('',#7201,0.045004323326813);
#7203=LINE('',#7200,#7202);
#7204=EDGE_CURVE('',#7199,#7177,#7203,.T.);
#7205=ORIENTED_EDGE('',*,*,#7204,.F.);
#7206=CARTESIAN_POINT('',(0.096045924172773,0.17992125984252,0.025590551181102));
#7207=VERTEX_POINT('',#7206);
#7208=CARTESIAN_POINT('',(0.096045924172773,0.17992125984252,0.025590551181102));
#7209=DIRECTION('',(0.0,-1.0,0.0));
#7210=VECTOR('',#7209,0.011811023622047);
#7211=LINE('',#7208,#7210);
#7212=EDGE_CURVE('',#7207,#7199,#7211,.T.);
#7213=ORIENTED_EDGE('',*,*,#7212,.F.);
#7214=CARTESIAN_POINT('',(0.10492125984252,0.17992125984252,1.640095E-018));
#7215=DIRECTION('',(-0.327673220798376,0.0,0.944791119968651));
#7216=VECTOR('',#7215,0.027085935335581);
#7217=LINE('',#7214,#7216);
#7218=EDGE_CURVE('',#4382,#7207,#7217,.T.);
#7219=ORIENTED_EDGE('',*,*,#7218,.F.);
#7220=ORIENTED_EDGE('',*,*,#4387,.F.);
#7221=ORIENTED_EDGE('',*,*,#2363,.F.);
#7222=CARTESIAN_POINT('',(0.081299212598425,0.156299212598425,0.068110236220473));
#7223=VERTEX_POINT('',#7222);
#7224=CARTESIAN_POINT('',(0.10492125984252,0.156299212598425,0.0));
#7225=DIRECTION('',(-0.327673220798376,0.0,0.944791119968651));
#7226=VECTOR('',#7225,0.072090258662394);
#7227=LINE('',#7224,#7226);
#7228=EDGE_CURVE('',#2356,#7223,#7227,.T.);
#7229=ORIENTED_EDGE('',*,*,#7228,.T.);
#7230=CARTESIAN_POINT('',(0.081299212598425,0.168110236220472,0.068110236220473));
#7231=DIRECTION('',(0.0,-1.0,0.0));
#7232=VECTOR('',#7231,0.011811023622047);
#7233=LINE('',#7230,#7232);
#7234=EDGE_CURVE('',#7177,#7223,#7233,.T.);
#7235=ORIENTED_EDGE('',*,*,#7234,.F.);
#7236=EDGE_LOOP('',(#7205,#7213,#7219,#7220,#7221,#7229,#7235));
#7237=FACE_OUTER_BOUND('',#7236,.T.);
#7238=ADVANCED_FACE('',(#7237),#7197,.T.);
#7239=CARTESIAN_POINT('',(-0.08011811023622,0.15511811023622,0.071515748031496));
#7240=DIRECTION('',(0.944791119968652,0.0,-0.327673220798376));
#7241=DIRECTION('',(-0.327673220798376,0.0,-0.944791119968652));
#7242=AXIS2_PLACEMENT_3D('',#7239,#7240,#7241);
#7243=PLANE('',#7242);
#7244=CARTESIAN_POINT('',(-0.081299212598425,0.168110236220473,0.068110236220472));
#7245=VERTEX_POINT('',#7244);
#7246=CARTESIAN_POINT('',(-0.096045924172773,0.168110236220473,0.025590551181102));
#7247=VERTEX_POINT('',#7246);
#7248=CARTESIAN_POINT('',(-0.081299212598425,0.168110236220473,0.068110236220472));
#7249=DIRECTION('',(-0.327673220798376,0.0,-0.944791119968651));
#7250=VECTOR('',#7249,0.045004323326812);
#7251=LINE('',#7248,#7250);
#7252=EDGE_CURVE('',#7245,#7247,#7251,.T.);
#7253=ORIENTED_EDGE('',*,*,#7252,.F.);
#7254=CARTESIAN_POINT('',(-0.081299212598425,0.156299212598425,0.068110236220472));
#7255=VERTEX_POINT('',#7254);
#7256=CARTESIAN_POINT('',(-0.081299212598425,0.168110236220473,0.068110236220472));
#7257=DIRECTION('',(0.0,-1.0,0.0));
#7258=VECTOR('',#7257,0.011811023622048);
#7259=LINE('',#7256,#7258);
#7260=EDGE_CURVE('',#7245,#7255,#7259,.T.);
#7261=ORIENTED_EDGE('',*,*,#7260,.T.);
#7262=CARTESIAN_POINT('',(-0.081299212598425,0.156299212598425,0.068110236220472));
#7263=DIRECTION('',(-0.327673220798376,0.0,-0.944791119968652));
#7264=VECTOR('',#7263,0.072090258662393);
#7265=LINE('',#7262,#7264);
#7266=EDGE_CURVE('',#7255,#2374,#7265,.T.);
#7267=ORIENTED_EDGE('',*,*,#7266,.T.);
#7268=ORIENTED_EDGE('',*,*,#2379,.F.);
#7269=ORIENTED_EDGE('',*,*,#4370,.F.);
#7270=CARTESIAN_POINT('',(-0.096045924172773,0.17992125984252,0.025590551181102));
#7271=VERTEX_POINT('',#7270);
#7272=CARTESIAN_POINT('',(-0.096045924172773,0.17992125984252,0.025590551181102));
#7273=DIRECTION('',(-0.327673220798376,0.0,-0.944791119968651));
#7274=VECTOR('',#7273,0.027085935335581);
#7275=LINE('',#7272,#7274);
#7276=EDGE_CURVE('',#7271,#4359,#7275,.T.);
#7277=ORIENTED_EDGE('',*,*,#7276,.F.);
#7278=CARTESIAN_POINT('',(-0.096045924172773,0.168110236220473,0.025590551181102));
#7279=DIRECTION('',(0.0,1.0,0.0));
#7280=VECTOR('',#7279,0.011811023622047);
#7281=LINE('',#7278,#7280);
#7282=EDGE_CURVE('',#7247,#7271,#7281,.T.);
#7283=ORIENTED_EDGE('',*,*,#7282,.F.);
#7284=EDGE_LOOP('',(#7253,#7261,#7267,#7268,#7269,#7277,#7283));
#7285=FACE_OUTER_BOUND('',#7284,.T.);
#7286=ADVANCED_FACE('',(#7285),#7243,.T.);
#7287=CARTESIAN_POINT('',(-0.115413385826772,0.156299212598425,-0.003405511811024));
#7288=DIRECTION('',(0.0,1.0,0.0));
#7289=DIRECTION('',(0.0,0.0,1.0));
#7290=AXIS2_PLACEMENT_3D('',#7287,#7288,#7289);
#7291=PLANE('',#7290);
#7292=ORIENTED_EDGE('',*,*,#7228,.F.);
#7293=ORIENTED_EDGE('',*,*,#2385,.F.);
#7294=ORIENTED_EDGE('',*,*,#7266,.F.);
#7295=CARTESIAN_POINT('',(0.081299212598425,0.156299212598425,0.068110236220473));
#7296=DIRECTION('',(-1.0,0.0,0.0));
#7297=VECTOR('',#7296,0.16259842519685);
#7298=LINE('',#7295,#7297);
#7299=EDGE_CURVE('',#7223,#7255,#7298,.T.);
#7300=ORIENTED_EDGE('',*,*,#7299,.F.);
#7301=EDGE_LOOP('',(#7292,#7293,#7294,#7300));
#7302=FACE_OUTER_BOUND('',#7301,.T.);
#7303=ADVANCED_FACE('',(#7302),#7291,.T.);
#7304=CARTESIAN_POINT('',(-0.158720472440945,0.168110236220472,0.012440944881889));
#7305=DIRECTION('',(0.0,1.0,0.0));
#7306=DIRECTION('',(0.0,0.0,1.0));
#7307=AXIS2_PLACEMENT_3D('',#7304,#7305,#7306);
#7308=PLANE('',#7307);
#7309=ORIENTED_EDGE('',*,*,#7204,.T.);
#7310=ORIENTED_EDGE('',*,*,#7182,.T.);
#7311=ORIENTED_EDGE('',*,*,#7130,.T.);
#7312=CARTESIAN_POINT('',(-0.081299212598425,0.168110236220473,0.099606299212599));
#7313=DIRECTION('',(0.0,0.0,-1.0));
#7314=VECTOR('',#7313,0.031496062992127);
#7315=LINE('',#7312,#7314);
#7316=EDGE_CURVE('',#7119,#7245,#7315,.T.);
#7317=ORIENTED_EDGE('',*,*,#7316,.T.);
#7318=ORIENTED_EDGE('',*,*,#7252,.T.);
#7319=CARTESIAN_POINT('',(-0.144291338582677,0.168110236220473,0.025590551181102));
#7320=VERTEX_POINT('',#7319);
#7321=CARTESIAN_POINT('',(-0.144291338582677,0.168110236220473,0.025590551181102));
#7322=DIRECTION('',(1.0,0.0,0.0));
#7323=VECTOR('',#7322,0.048245414409904);
#7324=LINE('',#7321,#7323);
#7325=EDGE_CURVE('',#7320,#7247,#7324,.T.);
#7326=ORIENTED_EDGE('',*,*,#7325,.F.);
#7327=CARTESIAN_POINT('',(-0.144291338582677,0.168110236220473,0.288582677165354));
#7328=DIRECTION('',(0.0,0.0,-1.0));
#7329=VECTOR('',#7328,0.262992125984252);
#7330=LINE('',#7327,#7329);
#7331=EDGE_CURVE('',#4922,#7320,#7330,.T.);
#7332=ORIENTED_EDGE('',*,*,#7331,.F.);
#7333=ORIENTED_EDGE('',*,*,#4965,.F.);
#7334=CARTESIAN_POINT('',(0.144291338582677,0.168110236220473,0.025590551181102));
#7335=VERTEX_POINT('',#7334);
#7336=CARTESIAN_POINT('',(0.144291338582677,0.168110236220473,0.025590551181102));
#7337=DIRECTION('',(0.0,0.0,1.0));
#7338=VECTOR('',#7337,0.262992125984252);
#7339=LINE('',#7336,#7338);
#7340=EDGE_CURVE('',#7335,#4954,#7339,.T.);
#7341=ORIENTED_EDGE('',*,*,#7340,.F.);
#7342=CARTESIAN_POINT('',(0.096045924172773,0.168110236220473,0.025590551181102));
#7343=DIRECTION('',(1.0,0.0,0.0));
#7344=VECTOR('',#7343,0.048245414409904);
#7345=LINE('',#7342,#7344);
#7346=EDGE_CURVE('',#7199,#7335,#7345,.T.);
#7347=ORIENTED_EDGE('',*,*,#7346,.F.);
#7348=EDGE_LOOP('',(#7309,#7310,#7311,#7317,#7318,#7326,#7332,#7333,#7341,#7347));
#7349=FACE_OUTER_BOUND('',#7348,.T.);
#7350=ADVANCED_FACE('',(#7349),#7308,.T.);
#7351=CARTESIAN_POINT('',(-0.146703609303172,0.167519685039371,0.025590551181102));
#7352=DIRECTION('',(0.0,0.0,1.0));
#7353=DIRECTION('',(1.0,0.0,0.0));
#7354=AXIS2_PLACEMENT_3D('',#7351,#7352,#7353);
#7355=PLANE('',#7354);
#7356=ORIENTED_EDGE('',*,*,#7282,.T.);
#7357=CARTESIAN_POINT('',(-0.144291338582677,0.17992125984252,0.025590551181102));
#7358=VERTEX_POINT('',#7357);
#7359=CARTESIAN_POINT('',(-0.144291338582677,0.17992125984252,0.025590551181102));
#7360=DIRECTION('',(1.0,0.0,0.0));
#7361=VECTOR('',#7360,0.048245414409904);
#7362=LINE('',#7359,#7361);
#7363=EDGE_CURVE('',#7358,#7271,#7362,.T.);
#7364=ORIENTED_EDGE('',*,*,#7363,.F.);
#7365=CARTESIAN_POINT('',(-0.144291338582677,0.17992125984252,0.025590551181102));
#7366=DIRECTION('',(0.0,-1.0,0.0));
#7367=VECTOR('',#7366,0.011811023622047);
#7368=LINE('',#7365,#7367);
#7369=EDGE_CURVE('',#7358,#7320,#7368,.T.);
#7370=ORIENTED_EDGE('',*,*,#7369,.T.);
#7371=ORIENTED_EDGE('',*,*,#7325,.T.);
#7372=EDGE_LOOP('',(#7356,#7364,#7370,#7371));
#7373=FACE_OUTER_BOUND('',#7372,.T.);
#7374=ADVANCED_FACE('',(#7373),#7355,.T.);
#7375=CARTESIAN_POINT('',(-0.081299212598425,0.168070866141733,0.101181102362205));
#7376=DIRECTION('',(1.0,0.0,0.0));
#7377=DIRECTION('',(0.0,0.0,-1.0));
#7378=AXIS2_PLACEMENT_3D('',#7375,#7376,#7377);
#7379=PLANE('',#7378);
#7380=ORIENTED_EDGE('',*,*,#6361,.T.);
#7381=CARTESIAN_POINT('',(-0.081299212598425,0.168897637795276,0.068110236220472));
#7382=DIRECTION('',(0.0,-1.0,0.0));
#7383=VECTOR('',#7382,0.000787401574803);
#7384=LINE('',#7381,#7383);
#7385=EDGE_CURVE('',#6356,#7245,#7384,.T.);
#7386=ORIENTED_EDGE('',*,*,#7385,.T.);
#7387=ORIENTED_EDGE('',*,*,#7316,.F.);
#7388=ORIENTED_EDGE('',*,*,#7124,.F.);
#7389=EDGE_LOOP('',(#7380,#7386,#7387,#7388));
#7390=FACE_OUTER_BOUND('',#7389,.T.);
#7391=ADVANCED_FACE('',(#7390),#7379,.F.);
#7392=CARTESIAN_POINT('',(-0.089429133858268,0.155669291338582,0.068110236220472));
#7393=DIRECTION('',(0.0,0.0,1.0));
#7394=DIRECTION('',(1.0,0.0,0.0));
#7395=AXIS2_PLACEMENT_3D('',#7392,#7393,#7394);
#7396=PLANE('',#7395);
#7397=ORIENTED_EDGE('',*,*,#6378,.T.);
#7398=ORIENTED_EDGE('',*,*,#7188,.T.);
#7399=ORIENTED_EDGE('',*,*,#7234,.T.);
#7400=ORIENTED_EDGE('',*,*,#7299,.T.);
#7401=ORIENTED_EDGE('',*,*,#7260,.F.);
#7402=ORIENTED_EDGE('',*,*,#7385,.F.);
#7403=EDGE_LOOP('',(#7397,#7398,#7399,#7400,#7401,#7402));
#7404=FACE_OUTER_BOUND('',#7403,.T.);
#7405=ADVANCED_FACE('',(#7404),#7396,.F.);
#7406=CARTESIAN_POINT('',(0.093633653452278,0.16751968503937,0.025590551181102));
#7407=DIRECTION('',(0.0,0.0,1.0));
#7408=DIRECTION('',(1.0,0.0,0.0));
#7409=AXIS2_PLACEMENT_3D('',#7406,#7407,#7408);
#7410=PLANE('',#7409);
#7411=ORIENTED_EDGE('',*,*,#7212,.T.);
#7412=ORIENTED_EDGE('',*,*,#7346,.T.);
#7413=CARTESIAN_POINT('',(0.144291338582677,0.17992125984252,0.025590551181102));
#7414=VERTEX_POINT('',#7413);
#7415=CARTESIAN_POINT('',(0.144291338582677,0.17992125984252,0.025590551181102));
#7416=DIRECTION('',(0.0,-1.0,0.0));
#7417=VECTOR('',#7416,0.011811023622047);
#7418=LINE('',#7415,#7417);
#7419=EDGE_CURVE('',#7414,#7335,#7418,.T.);
#7420=ORIENTED_EDGE('',*,*,#7419,.F.);
#7421=CARTESIAN_POINT('',(0.096045924172773,0.17992125984252,0.025590551181102));
#7422=DIRECTION('',(1.0,0.0,0.0));
#7423=VECTOR('',#7422,0.048245414409904);
#7424=LINE('',#7421,#7423);
#7425=EDGE_CURVE('',#7207,#7414,#7424,.T.);
#7426=ORIENTED_EDGE('',*,*,#7425,.F.);
#7427=EDGE_LOOP('',(#7411,#7412,#7420,#7426));
#7428=FACE_OUTER_BOUND('',#7427,.T.);
#7429=ADVANCED_FACE('',(#7428),#7410,.T.);
#7430=CARTESIAN_POINT('',(0.144291338582677,0.16751968503937,0.012440944881889));
#7431=DIRECTION('',(-1.0,0.0,0.0));
#7432=DIRECTION('',(0.0,0.0,1.0));
#7433=AXIS2_PLACEMENT_3D('',#7430,#7431,#7432);
#7434=PLANE('',#7433);
#7435=ORIENTED_EDGE('',*,*,#7340,.T.);
#7436=ORIENTED_EDGE('',*,*,#4959,.F.);
#7437=ORIENTED_EDGE('',*,*,#6493,.F.);
#7438=CARTESIAN_POINT('',(0.144291338582677,0.17992125984252,0.025590551181102));
#7439=DIRECTION('',(0.0,0.0,1.0));
#7440=VECTOR('',#7439,0.262992125984252);
#7441=LINE('',#7438,#7440);
#7442=EDGE_CURVE('',#7414,#6482,#7441,.T.);
#7443=ORIENTED_EDGE('',*,*,#7442,.F.);
#7444=ORIENTED_EDGE('',*,*,#7419,.T.);
#7445=EDGE_LOOP('',(#7435,#7436,#7437,#7443,#7444));
#7446=FACE_OUTER_BOUND('',#7445,.T.);
#7447=ADVANCED_FACE('',(#7446),#7434,.T.);
#7448=CARTESIAN_POINT('',(-0.144291338582677,0.167519685039371,0.301732283464568));
#7449=DIRECTION('',(1.0,0.0,0.0));
#7450=DIRECTION('',(0.0,0.0,-1.0));
#7451=AXIS2_PLACEMENT_3D('',#7448,#7449,#7450);
#7452=PLANE('',#7451);
#7453=ORIENTED_EDGE('',*,*,#7331,.T.);
#7454=ORIENTED_EDGE('',*,*,#7369,.F.);
#7455=CARTESIAN_POINT('',(-0.144291338582677,0.17992125984252,0.288582677165354));
#7456=DIRECTION('',(0.0,0.0,-1.0));
#7457=VECTOR('',#7456,0.262992125984252);
#7458=LINE('',#7455,#7457);
#7459=EDGE_CURVE('',#6570,#7358,#7458,.T.);
#7460=ORIENTED_EDGE('',*,*,#7459,.F.);
#7461=ORIENTED_EDGE('',*,*,#6575,.F.);
#7462=ORIENTED_EDGE('',*,*,#4927,.F.);
#7463=EDGE_LOOP('',(#7453,#7454,#7460,#7461,#7462));
#7464=FACE_OUTER_BOUND('',#7463,.T.);
#7465=ADVANCED_FACE('',(#7464),#7452,.T.);
#7466=CARTESIAN_POINT('',(0.092846251877475,0.17992125984252,-0.014429133858268));
#7467=DIRECTION('',(0.0,1.0,0.0));
#7468=DIRECTION('',(0.0,0.0,1.0));
#7469=AXIS2_PLACEMENT_3D('',#7466,#7467,#7468);
#7470=PLANE('',#7469);
#7471=ORIENTED_EDGE('',*,*,#7218,.T.);
#7472=ORIENTED_EDGE('',*,*,#7425,.T.);
#7473=ORIENTED_EDGE('',*,*,#7442,.T.);
#7474=ORIENTED_EDGE('',*,*,#6487,.T.);
#7475=CARTESIAN_POINT('',(0.16003937007874,0.17992125984252,0.0));
#7476=DIRECTION('',(0.0,0.0,1.0));
#7477=VECTOR('',#7476,0.288582677165354);
#7478=LINE('',#7475,#7477);
#7479=EDGE_CURVE('',#6948,#6474,#7478,.T.);
#7480=ORIENTED_EDGE('',*,*,#7479,.F.);
#7481=ORIENTED_EDGE('',*,*,#6953,.F.);
#7482=ORIENTED_EDGE('',*,*,#4393,.F.);
#7483=EDGE_LOOP('',(#7471,#7472,#7473,#7474,#7480,#7481,#7482));
#7484=FACE_OUTER_BOUND('',#7483,.T.);
#7485=ADVANCED_FACE('',(#7484),#7470,.T.);
#7486=CARTESIAN_POINT('',(0.080118110236221,-0.181102362204725,0.071515748031497));
#7487=DIRECTION('',(0.944791119968652,0.0,0.327673220798376));
#7488=DIRECTION('',(0.327673220798376,0.0,-0.944791119968652));
#7489=AXIS2_PLACEMENT_3D('',#7486,#7487,#7488);
#7490=PLANE('',#7489);
#7491=CARTESIAN_POINT('',(0.096045924172773,-0.168110236220473,0.025590551181102));
#7492=VERTEX_POINT('',#7491);
#7493=CARTESIAN_POINT('',(0.081299212598425,-0.168110236220472,0.068110236220473));
#7494=DIRECTION('',(0.327673220798376,0.0,-0.944791119968651));
#7495=VECTOR('',#7494,0.045004323326813);
#7496=LINE('',#7493,#7495);
#7497=EDGE_CURVE('',#6601,#7492,#7496,.T.);
#7498=ORIENTED_EDGE('',*,*,#7497,.F.);
#7499=ORIENTED_EDGE('',*,*,#6659,.T.);
#7500=CARTESIAN_POINT('',(0.10492125984252,-0.156299212598425,-1.143638E-036));
#7501=DIRECTION('',(-0.327673220798376,0.0,0.944791119968652));
#7502=VECTOR('',#7501,0.072090258662394);
#7503=LINE('',#7500,#7502);
#7504=EDGE_CURVE('',#230,#6648,#7503,.T.);
#7505=ORIENTED_EDGE('',*,*,#7504,.F.);
#7506=ORIENTED_EDGE('',*,*,#235,.F.);
#7507=ORIENTED_EDGE('',*,*,#2270,.F.);
#7508=CARTESIAN_POINT('',(0.096045924172773,-0.17992125984252,0.025590551181102));
#7509=VERTEX_POINT('',#7508);
#7510=CARTESIAN_POINT('',(0.096045924172773,-0.17992125984252,0.025590551181102));
#7511=DIRECTION('',(0.327673220798376,0.0,-0.944791119968651));
#7512=VECTOR('',#7511,0.027085935335581);
#7513=LINE('',#7510,#7512);
#7514=EDGE_CURVE('',#7509,#2259,#7513,.T.);
#7515=ORIENTED_EDGE('',*,*,#7514,.F.);
#7516=CARTESIAN_POINT('',(0.096045924172773,-0.168110236220473,0.025590551181102));
#7517=DIRECTION('',(0.0,-1.0,0.0));
#7518=VECTOR('',#7517,0.011811023622047);
#7519=LINE('',#7516,#7518);
#7520=EDGE_CURVE('',#7492,#7509,#7519,.T.);
#7521=ORIENTED_EDGE('',*,*,#7520,.F.);
#7522=EDGE_LOOP('',(#7498,#7499,#7505,#7506,#7507,#7515,#7521));
#7523=FACE_OUTER_BOUND('',#7522,.T.);
#7524=ADVANCED_FACE('',(#7523),#7490,.F.);
#7525=CARTESIAN_POINT('',(-0.106102362204724,-0.181102362204725,-0.003405511811024));
#7526=DIRECTION('',(-0.944791119968652,0.0,0.327673220798376));
#7527=DIRECTION('',(0.327673220798376,0.0,0.944791119968652));
#7528=AXIS2_PLACEMENT_3D('',#7525,#7526,#7527);
#7529=PLANE('',#7528);
#7530=CARTESIAN_POINT('',(-0.096045924172773,-0.168110236220473,0.025590551181102));
#7531=VERTEX_POINT('',#7530);
#7532=CARTESIAN_POINT('',(-0.096045924172773,-0.168110236220473,0.025590551181102));
#7533=DIRECTION('',(0.327673220798376,0.0,0.944791119968651));
#7534=VECTOR('',#7533,0.045004323326812);
#7535=LINE('',#7532,#7534);
#7536=EDGE_CURVE('',#7531,#6632,#7535,.T.);
#7537=ORIENTED_EDGE('',*,*,#7536,.F.);
#7538=CARTESIAN_POINT('',(-0.096045924172773,-0.17992125984252,0.025590551181102));
#7539=VERTEX_POINT('',#7538);
#7540=CARTESIAN_POINT('',(-0.096045924172773,-0.17992125984252,0.025590551181102));
#7541=DIRECTION('',(0.0,1.0,0.0));
#7542=VECTOR('',#7541,0.011811023622047);
#7543=LINE('',#7540,#7542);
#7544=EDGE_CURVE('',#7539,#7531,#7543,.T.);
#7545=ORIENTED_EDGE('',*,*,#7544,.F.);
#7546=CARTESIAN_POINT('',(-0.10492125984252,-0.17992125984252,-2.164124E-020));
#7547=DIRECTION('',(0.327673220798376,0.0,0.944791119968651));
#7548=VECTOR('',#7547,0.027085935335581);
#7549=LINE('',#7546,#7548);
#7550=EDGE_CURVE('',#2282,#7539,#7549,.T.);
#7551=ORIENTED_EDGE('',*,*,#7550,.F.);
#7552=ORIENTED_EDGE('',*,*,#2287,.F.);
#7553=ORIENTED_EDGE('',*,*,#219,.F.);
#7554=CARTESIAN_POINT('',(-0.081299212598425,-0.156299212598425,0.068110236220472));
#7555=DIRECTION('',(-0.327673220798376,0.0,-0.944791119968652));
#7556=VECTOR('',#7555,0.072090258662393);
#7557=LINE('',#7554,#7556);
#7558=EDGE_CURVE('',#6640,#212,#7557,.T.);
#7559=ORIENTED_EDGE('',*,*,#7558,.F.);
#7560=ORIENTED_EDGE('',*,*,#6645,.F.);
#7561=EDGE_LOOP('',(#7537,#7545,#7551,#7552,#7553,#7559,#7560));
#7562=FACE_OUTER_BOUND('',#7561,.T.);
#7563=ADVANCED_FACE('',(#7562),#7529,.F.);
#7564=CARTESIAN_POINT('',(-0.115413385826772,-0.156299212598425,-0.003405511811024));
#7565=DIRECTION('',(0.0,1.0,0.0));
#7566=DIRECTION('',(0.0,0.0,1.0));
#7567=AXIS2_PLACEMENT_3D('',#7564,#7565,#7566);
#7568=PLANE('',#7567);
#7569=ORIENTED_EDGE('',*,*,#7504,.T.);
#7570=ORIENTED_EDGE('',*,*,#6653,.T.);
#7571=ORIENTED_EDGE('',*,*,#7558,.T.);
#7572=ORIENTED_EDGE('',*,*,#241,.F.);
#7573=EDGE_LOOP('',(#7569,#7570,#7571,#7572));
#7574=FACE_OUTER_BOUND('',#7573,.T.);
#7575=ADVANCED_FACE('',(#7574),#7568,.F.);
#7576=CARTESIAN_POINT('',(-0.163239042374038,-0.17992125984252,0.303011811023622));
#7577=DIRECTION('',(0.0,-1.0,0.0));
#7578=DIRECTION('',(0.0,0.0,-1.0));
#7579=AXIS2_PLACEMENT_3D('',#7576,#7577,#7578);
#7580=PLANE('',#7579);
#7581=ORIENTED_EDGE('',*,*,#7550,.T.);
#7582=CARTESIAN_POINT('',(-0.144291338582677,-0.17992125984252,0.025590551181102));
#7583=VERTEX_POINT('',#7582);
#7584=CARTESIAN_POINT('',(-0.096045924172773,-0.17992125984252,0.025590551181102));
#7585=DIRECTION('',(-1.0,0.0,0.0));
#7586=VECTOR('',#7585,0.048245414409904);
#7587=LINE('',#7584,#7586);
#7588=EDGE_CURVE('',#7539,#7583,#7587,.T.);
#7589=ORIENTED_EDGE('',*,*,#7588,.T.);
#7590=CARTESIAN_POINT('',(-0.144291338582677,-0.17992125984252,0.025590551181102));
#7591=DIRECTION('',(0.0,0.0,1.0));
#7592=VECTOR('',#7591,0.262992125984252);
#7593=LINE('',#7590,#7592);
#7594=EDGE_CURVE('',#7583,#6545,#7593,.T.);
#7595=ORIENTED_EDGE('',*,*,#7594,.T.);
#7596=ORIENTED_EDGE('',*,*,#6550,.T.);
#7597=CARTESIAN_POINT('',(-0.16003937007874,-0.17992125984252,0.0));
#7598=DIRECTION('',(0.0,0.0,1.0));
#7599=VECTOR('',#7598,0.288582677165354);
#7600=LINE('',#7597,#7599);
#7601=EDGE_CURVE('',#6971,#6537,#7600,.T.);
#7602=ORIENTED_EDGE('',*,*,#7601,.F.);
#7603=ORIENTED_EDGE('',*,*,#6976,.F.);
#7604=ORIENTED_EDGE('',*,*,#2293,.F.);
#7605=EDGE_LOOP('',(#7581,#7589,#7595,#7596,#7602,#7603,#7604));
#7606=FACE_OUTER_BOUND('',#7605,.T.);
#7607=ADVANCED_FACE('',(#7606),#7580,.T.);
#7608=CARTESIAN_POINT('',(-0.093633653452278,-0.180511811023622,0.025590551181102));
#7609=DIRECTION('',(0.0,0.0,-1.0));
#7610=DIRECTION('',(-1.0,0.0,0.0));
#7611=AXIS2_PLACEMENT_3D('',#7608,#7609,#7610);
#7612=PLANE('',#7611);
#7613=ORIENTED_EDGE('',*,*,#7544,.T.);
#7614=CARTESIAN_POINT('',(-0.144291338582677,-0.168110236220473,0.025590551181102));
#7615=VERTEX_POINT('',#7614);
#7616=CARTESIAN_POINT('',(-0.144291338582677,-0.168110236220473,0.025590551181102));
#7617=DIRECTION('',(1.0,0.0,0.0));
#7618=VECTOR('',#7617,0.048245414409904);
#7619=LINE('',#7616,#7618);
#7620=EDGE_CURVE('',#7615,#7531,#7619,.T.);
#7621=ORIENTED_EDGE('',*,*,#7620,.F.);
#7622=CARTESIAN_POINT('',(-0.144291338582677,-0.17992125984252,0.025590551181102));
#7623=DIRECTION('',(0.0,1.0,0.0));
#7624=VECTOR('',#7623,0.011811023622047);
#7625=LINE('',#7622,#7624);
#7626=EDGE_CURVE('',#7583,#7615,#7625,.T.);
#7627=ORIENTED_EDGE('',*,*,#7626,.F.);
#7628=ORIENTED_EDGE('',*,*,#7588,.F.);
#7629=EDGE_LOOP('',(#7613,#7621,#7627,#7628));
#7630=FACE_OUTER_BOUND('',#7629,.T.);
#7631=ADVANCED_FACE('',(#7630),#7612,.F.);
#7632=CARTESIAN_POINT('',(0.146703609303172,-0.180511811023622,0.025590551181102));
#7633=DIRECTION('',(0.0,0.0,-1.0));
#7634=DIRECTION('',(-1.0,0.0,0.0));
#7635=AXIS2_PLACEMENT_3D('',#7632,#7633,#7634);
#7636=PLANE('',#7635);
#7637=ORIENTED_EDGE('',*,*,#7520,.T.);
#7638=CARTESIAN_POINT('',(0.144291338582677,-0.17992125984252,0.025590551181102));
#7639=VERTEX_POINT('',#7638);
#7640=CARTESIAN_POINT('',(0.144291338582677,-0.17992125984252,0.025590551181102));
#7641=DIRECTION('',(-1.0,0.0,0.0));
#7642=VECTOR('',#7641,0.048245414409904);
#7643=LINE('',#7640,#7642);
#7644=EDGE_CURVE('',#7639,#7509,#7643,.T.);
#7645=ORIENTED_EDGE('',*,*,#7644,.F.);
#7646=CARTESIAN_POINT('',(0.144291338582677,-0.168110236220473,0.025590551181102));
#7647=VERTEX_POINT('',#7646);
#7648=CARTESIAN_POINT('',(0.144291338582677,-0.17992125984252,0.025590551181102));
#7649=DIRECTION('',(0.0,1.0,0.0));
#7650=VECTOR('',#7649,0.011811023622047);
#7651=LINE('',#7648,#7650);
#7652=EDGE_CURVE('',#7639,#7647,#7651,.T.);
#7653=ORIENTED_EDGE('',*,*,#7652,.T.);
#7654=CARTESIAN_POINT('',(0.096045924172773,-0.168110236220473,0.025590551181102));
#7655=DIRECTION('',(1.0,0.0,0.0));
#7656=VECTOR('',#7655,0.048245414409904);
#7657=LINE('',#7654,#7656);
#7658=EDGE_CURVE('',#7492,#7647,#7657,.T.);
#7659=ORIENTED_EDGE('',*,*,#7658,.F.);
#7660=EDGE_LOOP('',(#7637,#7645,#7653,#7659));
#7661=FACE_OUTER_BOUND('',#7660,.T.);
#7662=ADVANCED_FACE('',(#7661),#7636,.F.);
#7663=CARTESIAN_POINT('',(0.144291338582677,-0.180511811023622,0.301732283464568));
#7664=DIRECTION('',(1.0,0.0,0.0));
#7665=DIRECTION('',(0.0,0.0,-1.0));
#7666=AXIS2_PLACEMENT_3D('',#7663,#7664,#7665);
#7667=PLANE('',#7666);
#7668=CARTESIAN_POINT('',(0.144291338582677,-0.168110236220473,0.025590551181102));
#7669=DIRECTION('',(0.0,0.0,1.0));
#7670=VECTOR('',#7669,0.262992125984252);
#7671=LINE('',#7668,#7670);
#7672=EDGE_CURVE('',#7647,#4737,#7671,.T.);
#7673=ORIENTED_EDGE('',*,*,#7672,.F.);
#7674=ORIENTED_EDGE('',*,*,#7652,.F.);
#7675=CARTESIAN_POINT('',(0.144291338582677,-0.17992125984252,0.288582677165354));
#7676=DIRECTION('',(0.0,0.0,-1.0));
#7677=VECTOR('',#7676,0.262992125984252);
#7678=LINE('',#7675,#7677);
#7679=EDGE_CURVE('',#6505,#7639,#7678,.T.);
#7680=ORIENTED_EDGE('',*,*,#7679,.F.);
#7681=ORIENTED_EDGE('',*,*,#6510,.F.);
#7682=ORIENTED_EDGE('',*,*,#4750,.F.);
#7683=EDGE_LOOP('',(#7673,#7674,#7680,#7681,#7682));
#7684=FACE_OUTER_BOUND('',#7683,.T.);
#7685=ADVANCED_FACE('',(#7684),#7667,.F.);
#7686=CARTESIAN_POINT('',(-0.144291338582677,-0.180511811023622,0.012440944881889));
#7687=DIRECTION('',(-1.0,0.0,0.0));
#7688=DIRECTION('',(0.0,0.0,1.0));
#7689=AXIS2_PLACEMENT_3D('',#7686,#7687,#7688);
#7690=PLANE('',#7689);
#7691=CARTESIAN_POINT('',(-0.144291338582677,-0.168110236220473,0.288582677165354));
#7692=DIRECTION('',(0.0,0.0,-1.0));
#7693=VECTOR('',#7692,0.262992125984252);
#7694=LINE('',#7691,#7693);
#7695=EDGE_CURVE('',#4729,#7615,#7694,.T.);
#7696=ORIENTED_EDGE('',*,*,#7695,.F.);
#7697=ORIENTED_EDGE('',*,*,#4734,.F.);
#7698=ORIENTED_EDGE('',*,*,#6556,.F.);
#7699=ORIENTED_EDGE('',*,*,#7594,.F.);
#7700=ORIENTED_EDGE('',*,*,#7626,.T.);
#7701=EDGE_LOOP('',(#7696,#7697,#7698,#7699,#7700));
#7702=FACE_OUTER_BOUND('',#7701,.T.);
#7703=ADVANCED_FACE('',(#7702),#7690,.F.);
#7704=CARTESIAN_POINT('',(-0.158720472440945,-0.168110236220472,0.012440944881889));
#7705=DIRECTION('',(0.0,1.0,0.0));
#7706=DIRECTION('',(0.0,0.0,1.0));
#7707=AXIS2_PLACEMENT_3D('',#7704,#7705,#7706);
#7708=PLANE('',#7707);
#7709=ORIENTED_EDGE('',*,*,#7497,.T.);
#7710=ORIENTED_EDGE('',*,*,#7658,.T.);
#7711=ORIENTED_EDGE('',*,*,#7672,.T.);
#7712=ORIENTED_EDGE('',*,*,#4742,.F.);
#7713=ORIENTED_EDGE('',*,*,#7695,.T.);
#7714=ORIENTED_EDGE('',*,*,#7620,.T.);
#7715=ORIENTED_EDGE('',*,*,#7536,.T.);
#7716=ORIENTED_EDGE('',*,*,#6683,.F.);
#7717=ORIENTED_EDGE('',*,*,#7092,.F.);
#7718=ORIENTED_EDGE('',*,*,#6614,.F.);
#7719=EDGE_LOOP('',(#7709,#7710,#7711,#7712,#7713,#7714,#7715,#7716,#7717,#7718));
#7720=FACE_OUTER_BOUND('',#7719,.T.);
#7721=ADVANCED_FACE('',(#7720),#7708,.F.);
#7722=CARTESIAN_POINT('',(-0.158070866141733,-0.17992125984252,0.295866141732284));
#7723=DIRECTION('',(0.0,-1.0,0.0));
#7724=DIRECTION('',(0.0,0.0,-1.0));
#7725=AXIS2_PLACEMENT_3D('',#7722,#7723,#7724);
#7726=PLANE('',#7725);
#7727=ORIENTED_EDGE('',*,*,#5022,.F.);
#7728=ORIENTED_EDGE('',*,*,#6129,.T.);
#7729=ORIENTED_EDGE('',*,*,#6159,.T.);
#7730=ORIENTED_EDGE('',*,*,#6459,.F.);
#7731=ORIENTED_EDGE('',*,*,#6005,.T.);
#7732=ORIENTED_EDGE('',*,*,#6066,.T.);
#7733=EDGE_LOOP('',(#7727,#7728,#7729,#7730,#7731,#7732));
#7734=FACE_OUTER_BOUND('',#7733,.T.);
#7735=ORIENTED_EDGE('',*,*,#7084,.F.);
#7736=ORIENTED_EDGE('',*,*,#4716,.T.);
#7737=ORIENTED_EDGE('',*,*,#6292,.T.);
#7738=ORIENTED_EDGE('',*,*,#6217,.T.);
#7739=EDGE_LOOP('',(#7735,#7736,#7737,#7738));
#7740=FACE_BOUND('',#7739,.T.);
#7741=ADVANCED_FACE('',(#7734,#7740),#7726,.T.);
#7742=CARTESIAN_POINT('',(0.16003937007874,-0.197913385826772,0.314586614173229));
#7743=DIRECTION('',(1.0,0.0,0.0));
#7744=DIRECTION('',(0.0,0.0,-1.0));
#7745=AXIS2_PLACEMENT_3D('',#7742,#7743,#7744);
#7746=PLANE('',#7745);
#7747=ORIENTED_EDGE('',*,*,#6479,.T.);
#7748=ORIENTED_EDGE('',*,*,#5187,.F.);
#7749=ORIENTED_EDGE('',*,*,#5136,.T.);
#7750=ORIENTED_EDGE('',*,*,#5168,.F.);
#7751=ORIENTED_EDGE('',*,*,#6524,.T.);
#7752=CARTESIAN_POINT('',(0.16003937007874,-0.17992125984252,0.0));
#7753=DIRECTION('',(0.0,0.0,1.0));
#7754=VECTOR('',#7753,0.288582677165354);
#7755=LINE('',#7752,#7754);
#7756=EDGE_CURVE('',#7017,#6513,#7755,.T.);
#7757=ORIENTED_EDGE('',*,*,#7756,.F.);
#7758=ORIENTED_EDGE('',*,*,#7022,.F.);
#7759=ORIENTED_EDGE('',*,*,#7057,.F.);
#7760=ORIENTED_EDGE('',*,*,#6959,.F.);
#7761=ORIENTED_EDGE('',*,*,#7479,.T.);
#7762=EDGE_LOOP('',(#7747,#7748,#7749,#7750,#7751,#7757,#7758,#7759,#7760,#7761));
#7763=FACE_OUTER_BOUND('',#7762,.T.);
#7764=ADVANCED_FACE('',(#7763),#7746,.T.);
#7765=CARTESIAN_POINT('',(0.092846251877475,-0.17992125984252,0.303011811023622));
#7766=DIRECTION('',(0.0,-1.0,0.0));
#7767=DIRECTION('',(0.0,0.0,-1.0));
#7768=AXIS2_PLACEMENT_3D('',#7765,#7766,#7767);
#7769=PLANE('',#7768);
#7770=ORIENTED_EDGE('',*,*,#7514,.T.);
#7771=ORIENTED_EDGE('',*,*,#2264,.F.);
#7772=ORIENTED_EDGE('',*,*,#7028,.F.);
#7773=ORIENTED_EDGE('',*,*,#7756,.T.);
#7774=ORIENTED_EDGE('',*,*,#6518,.T.);
#7775=ORIENTED_EDGE('',*,*,#7679,.T.);
#7776=ORIENTED_EDGE('',*,*,#7644,.T.);
#7777=EDGE_LOOP('',(#7770,#7771,#7772,#7773,#7774,#7775,#7776));
#7778=FACE_OUTER_BOUND('',#7777,.T.);
#7779=ADVANCED_FACE('',(#7778),#7769,.T.);
#7780=CARTESIAN_POINT('',(-0.16003937007874,-0.197913385826772,-0.01498031496063));
#7781=DIRECTION('',(-1.0,0.0,0.0));
#7782=DIRECTION('',(0.0,0.0,1.0));
#7783=AXIS2_PLACEMENT_3D('',#7780,#7781,#7782);
#7784=PLANE('',#7783);
#7785=ORIENTED_EDGE('',*,*,#6542,.T.);
#7786=ORIENTED_EDGE('',*,*,#5096,.F.);
#7787=ORIENTED_EDGE('',*,*,#5118,.T.);
#7788=ORIENTED_EDGE('',*,*,#4905,.F.);
#7789=ORIENTED_EDGE('',*,*,#6589,.T.);
#7790=CARTESIAN_POINT('',(-0.16003937007874,0.17992125984252,0.0));
#7791=DIRECTION('',(0.0,0.0,1.0));
#7792=VECTOR('',#7791,0.288582677165354);
#7793=LINE('',#7790,#7792);
#7794=EDGE_CURVE('',#6994,#6578,#7793,.T.);
#7795=ORIENTED_EDGE('',*,*,#7794,.F.);
#7796=ORIENTED_EDGE('',*,*,#6999,.F.);
#7797=ORIENTED_EDGE('',*,*,#7044,.F.);
#7798=ORIENTED_EDGE('',*,*,#6982,.F.);
#7799=ORIENTED_EDGE('',*,*,#7601,.T.);
#7800=EDGE_LOOP('',(#7785,#7786,#7787,#7788,#7789,#7795,#7796,#7797,#7798,#7799));
#7801=FACE_OUTER_BOUND('',#7800,.T.);
#7802=ADVANCED_FACE('',(#7801),#7784,.T.);
#7803=CARTESIAN_POINT('',(-0.163239042374038,0.17992125984252,-0.014429133858268));
#7804=DIRECTION('',(0.0,1.0,0.0));
#7805=DIRECTION('',(0.0,0.0,1.0));
#7806=AXIS2_PLACEMENT_3D('',#7803,#7804,#7805);
#7807=PLANE('',#7806);
#7808=ORIENTED_EDGE('',*,*,#7276,.T.);
#7809=ORIENTED_EDGE('',*,*,#4364,.F.);
#7810=ORIENTED_EDGE('',*,*,#7005,.F.);
#7811=ORIENTED_EDGE('',*,*,#7794,.T.);
#7812=ORIENTED_EDGE('',*,*,#6583,.T.);
#7813=ORIENTED_EDGE('',*,*,#7459,.T.);
#7814=ORIENTED_EDGE('',*,*,#7363,.T.);
#7815=EDGE_LOOP('',(#7808,#7809,#7810,#7811,#7812,#7813,#7814));
#7816=FACE_OUTER_BOUND('',#7815,.T.);
#7817=ADVANCED_FACE('',(#7816),#7807,.T.);
#7818=CLOSED_SHELL('',(#205,#245,#296,#355,#395,#428,#459,#492,#523,#563,#596,#627,#660,#691,#722,#753,#784,#815,#855,#888,#919,#952,#983,#1014,#1045,#1145,#1185,#1244,#1381,#1503,#1547,#1614,#1728,#1785,#1853,#1931,#1953,#1980,#2012,#2029,#2056,#2088,#2115,#2127,#2159,#2171,#2183,#2195,#2242,#2274,#2298,#2349,#2389,#2440,#2499,#2539,#2572,#2603,#2636,#2667,#2707,#2740,#2771,#2804,#2835,#2866,#2897,#2928,#2959,#2999,#3032,#3063,#3096,#3127,#3158,#3189,#3248,#3391,#3477,#3517,#3584,#3712,#3769,#3855,#3895,#3963,#4031,#4063,#4080,#4107,#4139,#4156,#4183,#4215,#4247,#4259,#4271,#4283,#4295,#4342,#4374,#4398,#4426,#4443,#4455,#4483,#4526,#4557,#4569,#4587,#4608,#4628,#4640,#4680,#4720,#4792,#4884,#4915,#4969,#5001,#5075,#5106,#5149,#5173,#5197,#5237,#5268,#5299,#5330,#5361,#5392,#5423,#5454,#5485,#5516,#5547,#5569,#5609,#5640,#5671,#5702,#5733,#5764,#5795,#5826,#5857,#5888,#5919,#5941,#5975,#6015,#6055,#6078,#6101,#6133,#6164,#6195,#6235,#6275,#6297,#6319,#6341,#6382,#6428,#6448,#6465,#6497,#6529,#6561,#6593,#6624,#6664,#6688,#6729,#6761,#6792,#6809,#6826,#6835,#6844,#6861,#6892,#6909,#6940,#6963,#6986,#7009,#7032,#7072,#7096,#7134,#7168,#7192,#7238,#7286,#7303,#7350,#7374,#7391,#7405,#7429,#7447,#7465,#7485,#7524,#7563,#7575,#7607,#7631,#7662,#7685,#7703,#7721,#7741,#7764,#7779,#7802,#7817));
#7819=CARTESIAN_POINT('',(-0.154389763779528,-0.158070866141732,0.040551181102362));
#7820=DIRECTION('',(0.0,0.0,1.0));
#7821=DIRECTION('',(1.0,0.0,0.0));
#7822=AXIS2_PLACEMENT_3D('',#7819,#7820,#7821);
#7823=PLANE('',#7822);
#7824=CARTESIAN_POINT('',(0.140354330708661,-0.143700787401575,0.040551181102362));
#7825=VERTEX_POINT('',#7824);
#7826=CARTESIAN_POINT('',(0.140354330708661,0.143700787401575,0.040551181102362));
#7827=VERTEX_POINT('',#7826);
#7828=CARTESIAN_POINT('',(0.140354330708661,-0.143700787401575,0.040551181102362));
#7829=DIRECTION('',(0.0,1.0,0.0));
#7830=VECTOR('',#7829,0.28740157480315);
#7831=LINE('',#7828,#7830);
#7832=EDGE_CURVE('',#7825,#7827,#7831,.T.);
#7833=ORIENTED_EDGE('',*,*,#7832,.T.);
#7834=CARTESIAN_POINT('',(-0.140354330708662,0.143700787401575,0.040551181102362));
#7835=VERTEX_POINT('',#7834);
#7836=CARTESIAN_POINT('',(0.140354330708661,0.143700787401575,0.040551181102362));
#7837=DIRECTION('',(-1.0,0.0,0.0));
#7838=VECTOR('',#7837,0.280708661417323);
#7839=LINE('',#7836,#7838);
#7840=EDGE_CURVE('',#7827,#7835,#7839,.T.);
#7841=ORIENTED_EDGE('',*,*,#7840,.T.);
#7842=CARTESIAN_POINT('',(-0.140354330708661,-0.143700787401575,0.040551181102362));
#7843=VERTEX_POINT('',#7842);
#7844=CARTESIAN_POINT('',(-0.140354330708662,0.143700787401575,0.040551181102362));
#7845=DIRECTION('',(0.0,-1.0,0.0));
#7846=VECTOR('',#7845,0.28740157480315);
#7847=LINE('',#7844,#7846);
#7848=EDGE_CURVE('',#7835,#7843,#7847,.T.);
#7849=ORIENTED_EDGE('',*,*,#7848,.T.);
#7850=CARTESIAN_POINT('',(-0.140354330708661,-0.143700787401575,0.040551181102362));
#7851=DIRECTION('',(1.0,0.0,0.0));
#7852=VECTOR('',#7851,0.280708661417322);
#7853=LINE('',#7850,#7852);
#7854=EDGE_CURVE('',#7843,#7825,#7853,.T.);
#7855=ORIENTED_EDGE('',*,*,#7854,.T.);
#7856=EDGE_LOOP('',(#7833,#7841,#7849,#7855));
#7857=FACE_OUTER_BOUND('',#7856,.T.);
#7858=ADVANCED_FACE('',(#7857),#7823,.T.);
#7859=CARTESIAN_POINT('',(-0.154389763779527,-0.143700787401575,0.300984251968504));
#7860=DIRECTION('',(0.0,-1.0,0.0));
#7861=DIRECTION('',(0.0,0.0,-1.0));
#7862=AXIS2_PLACEMENT_3D('',#7859,#7860,#7861);
#7863=PLANE('',#7862);
#7864=ORIENTED_EDGE('',*,*,#7854,.F.);
#7865=CARTESIAN_POINT('',(-0.140354330708661,-0.143700787401575,0.288582677165354));
#7866=VERTEX_POINT('',#7865);
#7867=CARTESIAN_POINT('',(-0.140354330708661,-0.143700787401575,0.288582677165354));
#7868=DIRECTION('',(0.0,0.0,-1.0));
#7869=VECTOR('',#7868,0.248031496062992);
#7870=LINE('',#7867,#7869);
#7871=EDGE_CURVE('',#7866,#7843,#7870,.T.);
#7872=ORIENTED_EDGE('',*,*,#7871,.F.);
#7873=CARTESIAN_POINT('',(0.140354330708661,-0.143700787401575,0.288582677165354));
#7874=VERTEX_POINT('',#7873);
#7875=CARTESIAN_POINT('',(0.140354330708661,-0.143700787401575,0.288582677165354));
#7876=DIRECTION('',(-1.0,0.0,0.0));
#7877=VECTOR('',#7876,0.280708661417322);
#7878=LINE('',#7875,#7877);
#7879=EDGE_CURVE('',#7874,#7866,#7878,.T.);
#7880=ORIENTED_EDGE('',*,*,#7879,.F.);
#7881=CARTESIAN_POINT('',(0.140354330708661,-0.143700787401575,0.288582677165354));
#7882=DIRECTION('',(0.0,0.0,-1.0));
#7883=VECTOR('',#7882,0.248031496062992);
#7884=LINE('',#7881,#7883);
#7885=EDGE_CURVE('',#7874,#7825,#7884,.T.);
#7886=ORIENTED_EDGE('',*,*,#7885,.T.);
#7887=EDGE_LOOP('',(#7864,#7872,#7880,#7886));
#7888=FACE_OUTER_BOUND('',#7887,.T.);
#7889=ADVANCED_FACE('',(#7888),#7863,.F.);
#7890=CARTESIAN_POINT('',(-0.140354330708662,-0.158070866141732,0.028149606299212));
#7891=DIRECTION('',(-1.0,0.0,0.0));
#7892=DIRECTION('',(0.0,0.0,1.0));
#7893=AXIS2_PLACEMENT_3D('',#7890,#7891,#7892);
#7894=PLANE('',#7893);
#7895=ORIENTED_EDGE('',*,*,#7848,.F.);
#7896=CARTESIAN_POINT('',(-0.140354330708662,0.143700787401575,0.288582677165354));
#7897=VERTEX_POINT('',#7896);
#7898=CARTESIAN_POINT('',(-0.140354330708662,0.143700787401575,0.288582677165354));
#7899=DIRECTION('',(0.0,0.0,-1.0));
#7900=VECTOR('',#7899,0.248031496062992);
#7901=LINE('',#7898,#7900);
#7902=EDGE_CURVE('',#7897,#7835,#7901,.T.);
#7903=ORIENTED_EDGE('',*,*,#7902,.F.);
#7904=CARTESIAN_POINT('',(-0.140354330708661,-0.143700787401575,0.288582677165354));
#7905=DIRECTION('',(0.0,1.0,0.0));
#7906=VECTOR('',#7905,0.28740157480315);
#7907=LINE('',#7904,#7906);
#7908=EDGE_CURVE('',#7866,#7897,#7907,.T.);
#7909=ORIENTED_EDGE('',*,*,#7908,.F.);
#7910=ORIENTED_EDGE('',*,*,#7871,.T.);
#7911=EDGE_LOOP('',(#7895,#7903,#7909,#7910));
#7912=FACE_OUTER_BOUND('',#7911,.T.);
#7913=ADVANCED_FACE('',(#7912),#7894,.F.);
#7914=CARTESIAN_POINT('',(-0.154389763779528,0.143700787401575,0.028149606299212));
#7915=DIRECTION('',(0.0,1.0,0.0));
#7916=DIRECTION('',(0.0,0.0,1.0));
#7917=AXIS2_PLACEMENT_3D('',#7914,#7915,#7916);
#7918=PLANE('',#7917);
#7919=ORIENTED_EDGE('',*,*,#7840,.F.);
#7920=CARTESIAN_POINT('',(0.140354330708661,0.143700787401575,0.288582677165354));
#7921=VERTEX_POINT('',#7920);
#7922=CARTESIAN_POINT('',(0.140354330708661,0.143700787401575,0.288582677165354));
#7923=DIRECTION('',(0.0,0.0,-1.0));
#7924=VECTOR('',#7923,0.248031496062992);
#7925=LINE('',#7922,#7924);
#7926=EDGE_CURVE('',#7921,#7827,#7925,.T.);
#7927=ORIENTED_EDGE('',*,*,#7926,.F.);
#7928=CARTESIAN_POINT('',(-0.140354330708662,0.143700787401575,0.288582677165354));
#7929=DIRECTION('',(1.0,0.0,0.0));
#7930=VECTOR('',#7929,0.280708661417323);
#7931=LINE('',#7928,#7930);
#7932=EDGE_CURVE('',#7897,#7921,#7931,.T.);
#7933=ORIENTED_EDGE('',*,*,#7932,.F.);
#7934=ORIENTED_EDGE('',*,*,#7902,.T.);
#7935=EDGE_LOOP('',(#7919,#7927,#7933,#7934));
#7936=FACE_OUTER_BOUND('',#7935,.T.);
#7937=ADVANCED_FACE('',(#7936),#7918,.F.);
#7938=CARTESIAN_POINT('',(0.140354330708661,-0.158070866141732,0.300984251968504));
#7939=DIRECTION('',(1.0,0.0,0.0));
#7940=DIRECTION('',(0.0,0.0,-1.0));
#7941=AXIS2_PLACEMENT_3D('',#7938,#7939,#7940);
#7942=PLANE('',#7941);
#7943=ORIENTED_EDGE('',*,*,#7832,.F.);
#7944=ORIENTED_EDGE('',*,*,#7885,.F.);
#7945=CARTESIAN_POINT('',(0.140354330708661,0.143700787401575,0.288582677165354));
#7946=DIRECTION('',(0.0,-1.0,0.0));
#7947=VECTOR('',#7946,0.28740157480315);
#7948=LINE('',#7945,#7947);
#7949=EDGE_CURVE('',#7921,#7874,#7948,.T.);
#7950=ORIENTED_EDGE('',*,*,#7949,.F.);
#7951=ORIENTED_EDGE('',*,*,#7926,.T.);
#7952=EDGE_LOOP('',(#7943,#7944,#7950,#7951));
#7953=FACE_OUTER_BOUND('',#7952,.T.);
#7954=ADVANCED_FACE('',(#7953),#7942,.F.);
#7955=CARTESIAN_POINT('',(-0.154389763779528,-0.158070866141732,0.288582677165355));
#7956=DIRECTION('',(0.0,0.0,1.0));
#7957=DIRECTION('',(1.0,0.0,0.0));
#7958=AXIS2_PLACEMENT_3D('',#7955,#7956,#7957);
#7959=PLANE('',#7958);
#7960=ORIENTED_EDGE('',*,*,#7949,.T.);
#7961=ORIENTED_EDGE('',*,*,#7879,.T.);
#7962=ORIENTED_EDGE('',*,*,#7908,.T.);
#7963=ORIENTED_EDGE('',*,*,#7932,.T.);
#7964=EDGE_LOOP('',(#7960,#7961,#7962,#7963));
#7965=FACE_OUTER_BOUND('',#7964,.T.);
#7966=ADVANCED_FACE('',(#7965),#7959,.F.);
#7967=CLOSED_SHELL('',(#7858,#7889,#7913,#7937,#7954,#7966));
#7968=ORIENTED_CLOSED_SHELL('',*,#7967,.F.);
#7969=BREP_WITH_VOIDS('',#7818,(#7968));
#7970=COLOUR_RGB('',0.75,0.75,0.75);
#7971=FILL_AREA_STYLE_COLOUR('',#7970);
#7972=FILL_AREA_STYLE('',(#7971));
#7973=SURFACE_STYLE_FILL_AREA(#7972);
#7974=SURFACE_SIDE_STYLE('',(#7973));
#7975=SURFACE_STYLE_USAGE(.BOTH.,#7974);
#7976=PRESENTATION_STYLE_ASSIGNMENT((#7975));
#7977=STYLED_ITEM('',(#7976),#7969);
#7978=MECHANICAL_DESIGN_GEOMETRIC_PRESENTATION_REPRESENTATION('',(#7977),#123);
#7979=ADVANCED_BREP_SHAPE_REPRESENTATION('ABSR',(#7969),#123);
#7980=SHAPE_REPRESENTATION_RELATIONSHIP('SRR','None',#7979,#128);
ENDSEC;
END-ISO-10303-21;
