ISO-10303-21;
HEADER;
FILE_DESCRIPTION(('KiCad electronic assembly'),'2;1');
FILE_NAME('panel.step','2026-08-14T09:18:22',('Pcbnew'),('Kicad'),
  'Open CASCADE STEP processor 7.9','KiCad to STEP converter','Unknown'
  );
FILE_SCHEMA(('AUTOMOTIVE_DESIGN { 1 0 10303 214 1 1 1 1 }'));
ENDSEC;
DATA;
#1 = APPLICATION_PROTOCOL_DEFINITION('international standard',
  'automotive_design',2000,#2);
#2 = APPLICATION_CONTEXT(
  'core data for automotive mechanical design processes');
#3 = SHAPE_DEFINITION_REPRESENTATION(#4,#10);
#4 = PRODUCT_DEFINITION_SHAPE('','',#5);
#5 = PRODUCT_DEFINITION('design','',#6,#9);
#6 = PRODUCT_DEFINITION_FORMATION('','',#7);
#7 = PRODUCT('panel 1','panel 1','',(#8));
#8 = PRODUCT_CONTEXT('',#2,'mechanical');
#9 = PRODUCT_DEFINITION_CONTEXT('part definition',#2,'design');
#10 = SHAPE_REPRESENTATION('',(#11,#15,#19,#23,#27),#31);
#11 = AXIS2_PLACEMENT_3D('',#12,#13,#14);
#12 = CARTESIAN_POINT('',(0.,0.,0.));
#13 = DIRECTION('',(0.,0.,1.));
#14 = DIRECTION('',(1.,0.,-0.));
#15 = AXIS2_PLACEMENT_3D('',#16,#17,#18);
#16 = CARTESIAN_POINT('',(0.,0.,0.));
#17 = DIRECTION('',(0.,0.,1.));
#18 = DIRECTION('',(1.,0.,-0.));
#19 = AXIS2_PLACEMENT_3D('',#20,#21,#22);
#20 = CARTESIAN_POINT('',(0.,0.,0.));
#21 = DIRECTION('',(0.,0.,1.));
#22 = DIRECTION('',(1.,0.,-0.));
#23 = AXIS2_PLACEMENT_3D('',#24,#25,#26);
#24 = CARTESIAN_POINT('',(0.,0.,0.));
#25 = DIRECTION('',(0.,0.,1.));
#26 = DIRECTION('',(1.,0.,-0.));
#27 = AXIS2_PLACEMENT_3D('',#28,#29,#30);
#28 = CARTESIAN_POINT('',(0.,0.,0.));
#29 = DIRECTION('',(0.,0.,1.));
#30 = DIRECTION('',(1.,0.,-0.));
#31 = ( GEOMETRIC_REPRESENTATION_CONTEXT(3) 
GLOBAL_UNCERTAINTY_ASSIGNED_CONTEXT((#35)) GLOBAL_UNIT_ASSIGNED_CONTEXT(
(#32,#33,#34)) REPRESENTATION_CONTEXT('Context #1',
  '3D Context with UNIT and UNCERTAINTY') );
#32 = ( LENGTH_UNIT() NAMED_UNIT(*) SI_UNIT(.MILLI.,.METRE.) );
#33 = ( NAMED_UNIT(*) PLANE_ANGLE_UNIT() SI_UNIT($,.RADIAN.) );
#34 = ( NAMED_UNIT(*) SI_UNIT($,.STERADIAN.) SOLID_ANGLE_UNIT() );
#35 = UNCERTAINTY_MEASURE_WITH_UNIT(LENGTH_MEASURE(1.E-07),#32,
  'distance_accuracy_value','confusion accuracy');
#36 = PRODUCT_RELATED_PRODUCT_CATEGORY('part',$,(#7));
#37 = SHAPE_DEFINITION_REPRESENTATION(#38,#44);
#38 = PRODUCT_DEFINITION_SHAPE('','',#39);
#39 = PRODUCT_DEFINITION('design','',#40,#43);
#40 = PRODUCT_DEFINITION_FORMATION('','',#41);
#41 = PRODUCT('v3-panel_silkscreen','v3-panel_silkscreen','',(#42));
#42 = PRODUCT_CONTEXT('',#2,'mechanical');
#43 = PRODUCT_DEFINITION_CONTEXT('part definition',#2,'design');
#44 = SHAPE_REPRESENTATION('',(#11,#45,#318,#569,#983,#1161,#1307,#1453,
    #1725,#1915,#2164,#2436,#2626,#2703,#2780,#2923,#3017,#3095,#3173,
    #3324,#3384,#3502,#3653,#3713,#3831,#3974,#4177,#4319,#4444,#4586,
    #4711,#4862,#5013,#5057,#5101,#5313,#5525,#5651,#5777,#6026,#6299,
    #6524,#6747,#6824,#6950,#7156,#7302,#7396,#7508,#7780,#7970,#8242,
    #8432,#8509,#8667,#8744,#8958,#9052,#9130,#9208,#9422,#9573,#9633,
    #9751,#9894,#10036,#10161,#10319,#10470,#10514,#10558,#10770,#10982,
    #11108,#11234,#11506,#11755,#11980,#12235,#12458,#12535,#12784,
    #13142,#13332,#13392,#13510,#13661,#13691,#13751,#13869,#14027,
    #14087,#14205,#14419,#14668,#14745,#15001,#15257,#15384,#15673),
  #15801);
#45 = SHELL_BASED_SURFACE_MODEL('',(#46));
#46 = OPEN_SHELL('',(#47));
#47 = ADVANCED_FACE('',(#48),#313,.T.);
#48 = FACE_BOUND('',#49,.F.);
#49 = EDGE_LOOP('',(#50,#61,#69,#78,#86,#94,#102,#110,#118,#126,#134,
    #142,#150,#158,#166,#174,#182,#190,#198,#206,#214,#223,#231,#240,
    #248,#257,#265,#274,#282,#291,#299,#307));
#50 = ORIENTED_EDGE('',*,*,#51,.T.);
#51 = EDGE_CURVE('',#52,#54,#56,.T.);
#52 = VERTEX_POINT('',#53);
#53 = CARTESIAN_POINT('',(68.147216,-160.762823,1.585));
#54 = VERTEX_POINT('',#55);
#55 = CARTESIAN_POINT('',(68.240476,-160.693764,1.585));
#56 = CIRCLE('',#57,9.750414594394E-02);
#57 = AXIS2_PLACEMENT_3D('',#58,#59,#60);
#58 = CARTESIAN_POINT('',(68.240478705036,-160.7912681459,1.585));
#59 = DIRECTION('',(0.,0.,-1.));
#60 = DIRECTION('',(-0.956499891703,0.291732681016,0.));
#61 = ORIENTED_EDGE('',*,*,#62,.T.);
#62 = EDGE_CURVE('',#54,#63,#65,.T.);
#63 = VERTEX_POINT('',#64);
#64 = CARTESIAN_POINT('',(68.878545,-160.695637,1.585));
#65 = LINE('',#66,#67);
#66 = CARTESIAN_POINT('',(68.240476,-160.693764,1.585));
#67 = VECTOR('',#68,1.);
#68 = DIRECTION('',(0.999995691685,-2.935406563465E-03,0.));
#69 = ORIENTED_EDGE('',*,*,#70,.T.);
#70 = EDGE_CURVE('',#63,#71,#73,.T.);
#71 = VERTEX_POINT('',#72);
#72 = CARTESIAN_POINT('',(68.878545,-160.886891,1.585));
#73 = CIRCLE('',#74,9.750036702494E-02);
#74 = AXIS2_PLACEMENT_3D('',#75,#76,#77);
#75 = CARTESIAN_POINT('',(68.859524,-160.791264,1.585));
#76 = DIRECTION('',(0.,0.,-1.));
#77 = DIRECTION('',(0.195086445112,0.98078605156,0.));
#78 = ORIENTED_EDGE('',*,*,#79,.T.);
#79 = EDGE_CURVE('',#71,#80,#82,.T.);
#80 = VERTEX_POINT('',#81);
#81 = CARTESIAN_POINT('',(68.328712,-160.888764,1.585));
#82 = LINE('',#83,#84);
#83 = CARTESIAN_POINT('',(68.878545,-160.886891,1.585));
#84 = VECTOR('',#85,1.);
#85 = DIRECTION('',(-0.999994197967,-3.406469114822E-03,0.));
#86 = ORIENTED_EDGE('',*,*,#87,.T.);
#87 = EDGE_CURVE('',#80,#88,#90,.T.);
#88 = VERTEX_POINT('',#89);
#89 = CARTESIAN_POINT('',(68.296447,-161.211412,1.585));
#90 = LINE('',#91,#92);
#91 = CARTESIAN_POINT('',(68.328712,-160.888764,1.585));
#92 = VECTOR('',#93,1.);
#93 = DIRECTION('',(-9.950432970833E-02,-0.995037129141,0.));
#94 = ORIENTED_EDGE('',*,*,#95,.T.);
#95 = EDGE_CURVE('',#88,#96,#98,.T.);
#96 = VERTEX_POINT('',#97);
#97 = CARTESIAN_POINT('',(68.345265,-161.190875,1.585));
#98 = LINE('',#99,#100);
#99 = CARTESIAN_POINT('',(68.296447,-161.211412,1.585));
#100 = VECTOR('',#101,1.);
#101 = DIRECTION('',(0.921756527134,0.387769138387,0.));
#102 = ORIENTED_EDGE('',*,*,#103,.T.);
#103 = EDGE_CURVE('',#96,#104,#106,.T.);
#104 = VERTEX_POINT('',#105);
#105 = CARTESIAN_POINT('',(68.692831,-161.190875,1.585));
#106 = LINE('',#107,#108);
#107 = CARTESIAN_POINT('',(68.345265,-161.190875,1.585));
#108 = VECTOR('',#109,1.);
#109 = DIRECTION('',(1.,0.,0.));
#110 = ORIENTED_EDGE('',*,*,#111,.T.);
#111 = EDGE_CURVE('',#104,#112,#114,.T.);
#112 = VERTEX_POINT('',#113);
#113 = CARTESIAN_POINT('',(68.841223,-161.261201,1.585));
#114 = LINE('',#115,#116);
#115 = CARTESIAN_POINT('',(68.692831,-161.190875,1.585));
#116 = VECTOR('',#117,1.);
#117 = DIRECTION('',(0.90365523982,-0.428260677096,0.));
#118 = ORIENTED_EDGE('',*,*,#119,.T.);
#119 = EDGE_CURVE('',#112,#120,#122,.T.);
#120 = VERTEX_POINT('',#121);
#121 = CARTESIAN_POINT('',(68.866562,-161.279464,1.585));
#122 = LINE('',#123,#124);
#123 = CARTESIAN_POINT('',(68.841223,-161.261201,1.585));
#124 = VECTOR('',#125,1.);
#125 = DIRECTION('',(0.811247012556,-0.584703586973,0.));
#126 = ORIENTED_EDGE('',*,*,#127,.T.);
#127 = EDGE_CURVE('',#120,#128,#130,.T.);
#128 = VERTEX_POINT('',#129);
#129 = CARTESIAN_POINT('',(68.941576,-161.358519,1.585));
#130 = LINE('',#131,#132);
#131 = CARTESIAN_POINT('',(68.866562,-161.279464,1.585));
#132 = VECTOR('',#133,1.);
#133 = DIRECTION('',(0.688323705162,-0.725403664804,0.));
#134 = ORIENTED_EDGE('',*,*,#135,.T.);
#135 = EDGE_CURVE('',#128,#136,#138,.T.);
#136 = VERTEX_POINT('',#137);
#137 = CARTESIAN_POINT('',(69.015715,-161.511863,1.585));
#138 = LINE('',#139,#140);
#139 = CARTESIAN_POINT('',(68.941576,-161.358519,1.585));
#140 = VECTOR('',#141,1.);
#141 = DIRECTION('',(0.435276851527,-0.900296652512,0.));
#142 = ORIENTED_EDGE('',*,*,#143,.T.);
#143 = EDGE_CURVE('',#136,#144,#146,.T.);
#144 = VERTEX_POINT('',#145);
#145 = CARTESIAN_POINT('',(69.018929,-161.843645,1.585));
#146 = LINE('',#147,#148);
#147 = CARTESIAN_POINT('',(69.015715,-161.511863,1.585));
#148 = VECTOR('',#149,1.);
#149 = DIRECTION('',(9.686629203485E-03,-0.999953083507,0.));
#150 = ORIENTED_EDGE('',*,*,#151,.T.);
#151 = EDGE_CURVE('',#144,#152,#154,.T.);
#152 = VERTEX_POINT('',#153);
#153 = CARTESIAN_POINT('',(69.008636,-161.887248,1.585));
#154 = LINE('',#155,#156);
#155 = CARTESIAN_POINT('',(69.018929,-161.843645,1.585));
#156 = VECTOR('',#157,1.);
#157 = DIRECTION('',(-0.229747169302,-0.973250347135,0.));
#158 = ORIENTED_EDGE('',*,*,#159,.T.);
#159 = EDGE_CURVE('',#152,#160,#162,.T.);
#160 = VERTEX_POINT('',#161);
#161 = CARTESIAN_POINT('',(68.934602,-162.028922,1.585));
#162 = LINE('',#163,#164);
#163 = CARTESIAN_POINT('',(69.008636,-161.887248,1.585));
#164 = VECTOR('',#165,1.);
#165 = DIRECTION('',(-0.463141870241,-0.88628415761,0.));
#166 = ORIENTED_EDGE('',*,*,#167,.T.);
#167 = EDGE_CURVE('',#160,#168,#170,.T.);
#168 = VERTEX_POINT('',#169);
#169 = CARTESIAN_POINT('',(68.849409,-162.111413,1.585));
#170 = LINE('',#171,#172);
#171 = CARTESIAN_POINT('',(68.934602,-162.028922,1.585));
#172 = VECTOR('',#173,1.);
#173 = DIRECTION('',(-0.718407585925,-0.695622412294,0.));
#174 = ORIENTED_EDGE('',*,*,#175,.T.);
#175 = EDGE_CURVE('',#168,#176,#178,.T.);
#176 = VERTEX_POINT('',#177);
#177 = CARTESIAN_POINT('',(68.696067,-162.18555,1.585));
#178 = LINE('',#179,#180);
#179 = CARTESIAN_POINT('',(68.849409,-162.111413,1.585));
#180 = VECTOR('',#181,1.);
#181 = DIRECTION('',(-0.900299029299,-0.435271935511,0.));
#182 = ORIENTED_EDGE('',*,*,#183,.T.);
#183 = EDGE_CURVE('',#176,#184,#186,.T.);
#184 = VERTEX_POINT('',#185);
#185 = CARTESIAN_POINT('',(68.364286,-162.188764,1.585));
#186 = LINE('',#187,#188);
#187 = CARTESIAN_POINT('',(68.696067,-162.18555,1.585));
#188 = VECTOR('',#189,1.);
#189 = DIRECTION('',(-0.999953083224,-9.686658396555E-03,0.));
#190 = ORIENTED_EDGE('',*,*,#191,.T.);
#191 = EDGE_CURVE('',#184,#192,#194,.T.);
#192 = VERTEX_POINT('',#193);
#193 = CARTESIAN_POINT('',(68.320683,-162.178471,1.585));
#194 = LINE('',#195,#196);
#195 = CARTESIAN_POINT('',(68.364286,-162.188764,1.585));
#196 = VECTOR('',#197,1.);
#197 = DIRECTION('',(-0.973250347135,0.229747169301,0.));
#198 = ORIENTED_EDGE('',*,*,#199,.T.);
#199 = EDGE_CURVE('',#192,#200,#202,.T.);
#200 = VERTEX_POINT('',#201);
#201 = CARTESIAN_POINT('',(68.179011,-162.10444,1.585));
#202 = LINE('',#203,#204);
#203 = CARTESIAN_POINT('',(68.320683,-162.178471,1.585));
#204 = VECTOR('',#205,1.);
#205 = DIRECTION('',(-0.886289177468,0.463132263941,0.));
#206 = ORIENTED_EDGE('',*,*,#207,.T.);
#207 = EDGE_CURVE('',#200,#208,#210,.T.);
#208 = VERTEX_POINT('',#209);
#209 = CARTESIAN_POINT('',(68.097503,-162.021623,1.585));
#210 = LINE('',#211,#212);
#211 = CARTESIAN_POINT('',(68.179011,-162.10444,1.585));
#212 = VECTOR('',#213,1.);
#213 = DIRECTION('',(-0.701451769019,0.712716925392,0.));
#214 = ORIENTED_EDGE('',*,*,#215,.T.);
#215 = EDGE_CURVE('',#208,#216,#218,.T.);
#216 = VERTEX_POINT('',#217);
#217 = CARTESIAN_POINT('',(68.232741,-161.886387,1.585));
#218 = CIRCLE('',#219,9.750044150079E-02);
#219 = AXIS2_PLACEMENT_3D('',#220,#221,#222);
#220 = CARTESIAN_POINT('',(68.178572049387,-161.9674552483,1.585));
#221 = DIRECTION('',(0.,0.,-1.));
#222 = DIRECTION('',(-0.831473664525,-0.555564168392,-0.));
#223 = ORIENTED_EDGE('',*,*,#224,.T.);
#224 = EDGE_CURVE('',#216,#225,#227,.T.);
#225 = VERTEX_POINT('',#226);
#226 = CARTESIAN_POINT('',(68.298229,-161.949228,1.585));
#227 = LINE('',#228,#229);
#228 = CARTESIAN_POINT('',(68.232741,-161.886387,1.585));
#229 = VECTOR('',#230,1.);
#230 = DIRECTION('',(0.72153856337,-0.692374249644,0.));
#231 = ORIENTED_EDGE('',*,*,#232,.T.);
#232 = EDGE_CURVE('',#225,#233,#235,.T.);
#233 = VERTEX_POINT('',#234);
#234 = CARTESIAN_POINT('',(68.739864,-161.949228,1.585));
#235 = CIRCLE('',#236,0.397312357569);
#236 = AXIS2_PLACEMENT_3D('',#237,#238,#239);
#237 = CARTESIAN_POINT('',(68.5190465,-161.6189300418,1.585));
#238 = DIRECTION('',(0.,0.,1.));
#239 = DIRECTION('',(-0.555778081888,-0.831330694545,0.));
#240 = ORIENTED_EDGE('',*,*,#241,.T.);
#241 = EDGE_CURVE('',#233,#242,#244,.T.);
#242 = VERTEX_POINT('',#243);
#243 = CARTESIAN_POINT('',(68.779392,-161.9097,1.585));
#244 = LINE('',#245,#246);
#245 = CARTESIAN_POINT('',(68.739864,-161.949228,1.585));
#246 = VECTOR('',#247,1.);
#247 = DIRECTION('',(0.707106781186,0.707106781187,0.));
#248 = ORIENTED_EDGE('',*,*,#249,.T.);
#249 = EDGE_CURVE('',#242,#250,#252,.T.);
#250 = VERTEX_POINT('',#251);
#251 = CARTESIAN_POINT('',(68.779392,-161.468066,1.585));
#252 = CIRCLE('',#253,0.397304251702);
#253 = AXIS2_PLACEMENT_3D('',#254,#255,#256);
#254 = CARTESIAN_POINT('',(68.449103458069,-161.688883,1.585));
#255 = DIRECTION('',(0.,-0.,1.));
#256 = DIRECTION('',(0.831323955172,-0.555788162483,-0.));
#257 = ORIENTED_EDGE('',*,*,#258,.T.);
#258 = EDGE_CURVE('',#250,#259,#261,.T.);
#259 = VERTEX_POINT('',#260);
#260 = CARTESIAN_POINT('',(68.739864,-161.428538,1.585));
#261 = LINE('',#262,#263);
#262 = CARTESIAN_POINT('',(68.779392,-161.468066,1.585));
#263 = VECTOR('',#264,1.);
#264 = DIRECTION('',(-0.707106781187,0.707106781186,0.));
#265 = ORIENTED_EDGE('',*,*,#266,.T.);
#266 = EDGE_CURVE('',#259,#267,#269,.T.);
#267 = VERTEX_POINT('',#268);
#268 = CARTESIAN_POINT('',(68.298229,-161.428538,1.585));
#269 = CIRCLE('',#270,0.397309898356);
#270 = AXIS2_PLACEMENT_3D('',#271,#272,#273);
#271 = CARTESIAN_POINT('',(68.5190465,-161.758833,1.585));
#272 = DIRECTION('',(0.,0.,1.));
#273 = DIRECTION('',(0.555781521966,0.831328394704,-0.));
#274 = ORIENTED_EDGE('',*,*,#275,.T.);
#275 = EDGE_CURVE('',#267,#276,#278,.T.);
#276 = VERTEX_POINT('',#277);
#277 = CARTESIAN_POINT('',(68.228205,-161.493258,1.585));
#278 = LINE('',#279,#280);
#279 = CARTESIAN_POINT('',(68.298229,-161.428538,1.585));
#280 = VECTOR('',#281,1.);
#281 = DIRECTION('',(-0.734372272665,-0.678746908016,0.));
#282 = ORIENTED_EDGE('',*,*,#283,.T.);
#283 = EDGE_CURVE('',#276,#284,#286,.T.);
#284 = VERTEX_POINT('',#285);
#285 = CARTESIAN_POINT('',(68.116606,-161.485588,1.585));
#286 = CIRCLE('',#287,9.452545290906E-02);
#287 = AXIS2_PLACEMENT_3D('',#288,#289,#290);
#288 = CARTESIAN_POINT('',(68.1776304131,-161.4134001737,1.585));
#289 = DIRECTION('',(-0.,0.,-1.));
#290 = DIRECTION('',(0.535036705389,-0.844828813362,-0.));
#291 = ORIENTED_EDGE('',*,*,#292,.T.);
#292 = EDGE_CURVE('',#284,#293,#295,.T.);
#293 = VERTEX_POINT('',#294);
#294 = CARTESIAN_POINT('',(68.092516,-161.456145,1.585));
#295 = LINE('',#296,#297);
#296 = CARTESIAN_POINT('',(68.116606,-161.485588,1.585));
#297 = VECTOR('',#298,1.);
#298 = DIRECTION('',(-0.633242084579,0.773953785648,0.));
#299 = ORIENTED_EDGE('',*,*,#300,.T.);
#300 = EDGE_CURVE('',#293,#301,#303,.T.);
#301 = VERTEX_POINT('',#302);
#302 = CARTESIAN_POINT('',(68.081527,-161.419723,1.585));
#303 = LINE('',#304,#305);
#304 = CARTESIAN_POINT('',(68.092516,-161.456145,1.585));
#305 = VECTOR('',#306,1.);
#306 = DIRECTION('',(-0.288852320546,0.957373666295,0.));
#307 = ORIENTED_EDGE('',*,*,#308,.T.);
#308 = EDGE_CURVE('',#301,#52,#309,.T.);
#309 = LINE('',#310,#311);
#310 = CARTESIAN_POINT('',(68.081527,-161.419723,1.585));
#311 = VECTOR('',#312,1.);
#312 = DIRECTION('',(9.950221927133E-02,0.995037340184,0.));
#313 = PLANE('',#314);
#314 = AXIS2_PLACEMENT_3D('',#315,#316,#317);
#315 = CARTESIAN_POINT('',(0.,0.,1.585));
#316 = DIRECTION('',(0.,0.,1.));
#317 = DIRECTION('',(1.,0.,-0.));
#318 = SHELL_BASED_SURFACE_MODEL('',(#319));
#319 = OPEN_SHELL('',(#320));
#320 = ADVANCED_FACE('',(#321,#462),#564,.T.);
#321 = FACE_BOUND('',#322,.F.);
#322 = EDGE_LOOP('',(#323,#333,#341,#349,#357,#365,#373,#381,#390,#398,
    #406,#415,#423,#431,#439,#448,#456));
#323 = ORIENTED_EDGE('',*,*,#324,.T.);
#324 = EDGE_CURVE('',#325,#327,#329,.T.);
#325 = VERTEX_POINT('',#326);
#326 = CARTESIAN_POINT('',(69.762493,-160.771116,1.585));
#327 = VERTEX_POINT('',#328);
#328 = CARTESIAN_POINT('',(69.915837,-160.696977,1.585));
#329 = LINE('',#330,#331);
#330 = CARTESIAN_POINT('',(69.762493,-160.771116,1.585));
#331 = VECTOR('',#332,1.);
#332 = DIRECTION('',(0.900296652512,0.435276851527,0.));
#333 = ORIENTED_EDGE('',*,*,#334,.T.);
#334 = EDGE_CURVE('',#327,#335,#337,.T.);
#335 = VERTEX_POINT('',#336);
#336 = CARTESIAN_POINT('',(70.061905,-160.693764,1.585));
#337 = LINE('',#338,#339);
#338 = CARTESIAN_POINT('',(69.915837,-160.696977,1.585));
#339 = VECTOR('',#340,1.);
#340 = DIRECTION('',(0.999758162456,2.199128471661E-02,0.));
#341 = ORIENTED_EDGE('',*,*,#342,.T.);
#342 = EDGE_CURVE('',#335,#343,#345,.T.);
#343 = VERTEX_POINT('',#344);
#344 = CARTESIAN_POINT('',(70.080926,-160.695637,1.585));
#345 = LINE('',#346,#347);
#346 = CARTESIAN_POINT('',(70.061905,-160.693764,1.585));
#347 = VECTOR('',#348,1.);
#348 = DIRECTION('',(0.995186793325,-9.79961549821E-02,0.));
#349 = ORIENTED_EDGE('',*,*,#350,.T.);
#350 = EDGE_CURVE('',#343,#351,#353,.T.);
#351 = VERTEX_POINT('',#352);
#352 = CARTESIAN_POINT('',(70.229318,-160.765963,1.585));
#353 = LINE('',#354,#355);
#354 = CARTESIAN_POINT('',(70.080926,-160.695637,1.585));
#355 = VECTOR('',#356,1.);
#356 = DIRECTION('',(0.90365523982,-0.428260677096,0.));
#357 = ORIENTED_EDGE('',*,*,#358,.T.);
#358 = EDGE_CURVE('',#351,#359,#361,.T.);
#359 = VERTEX_POINT('',#360);
#360 = CARTESIAN_POINT('',(70.254657,-160.784226,1.585));
#361 = LINE('',#362,#363);
#362 = CARTESIAN_POINT('',(70.229318,-160.765963,1.585));
#363 = VECTOR('',#364,1.);
#364 = DIRECTION('',(0.811247012556,-0.584703586973,0.));
#365 = ORIENTED_EDGE('',*,*,#366,.T.);
#366 = EDGE_CURVE('',#359,#367,#369,.T.);
#367 = VERTEX_POINT('',#368);
#368 = CARTESIAN_POINT('',(70.329671,-160.863281,1.585));
#369 = LINE('',#370,#371);
#370 = CARTESIAN_POINT('',(70.254657,-160.784226,1.585));
#371 = VECTOR('',#372,1.);
#372 = DIRECTION('',(0.688323705163,-0.725403664804,0.));
#373 = ORIENTED_EDGE('',*,*,#374,.T.);
#374 = EDGE_CURVE('',#367,#375,#377,.T.);
#375 = VERTEX_POINT('',#376);
#376 = CARTESIAN_POINT('',(70.404113,-161.015236,1.585));
#377 = LINE('',#378,#379);
#378 = CARTESIAN_POINT('',(70.329671,-160.863281,1.585));
#379 = VECTOR('',#380,1.);
#380 = DIRECTION('',(0.439939234812,-0.898027543939,0.));
#381 = ORIENTED_EDGE('',*,*,#382,.T.);
#382 = EDGE_CURVE('',#375,#383,#385,.T.);
#383 = VERTEX_POINT('',#384);
#384 = CARTESIAN_POINT('',(70.396731,-161.887248,1.585));
#385 = CIRCLE('',#386,1.25730118003);
#386 = AXIS2_PLACEMENT_3D('',#387,#388,#389);
#387 = CARTESIAN_POINT('',(69.221188458273,-161.4412592222,1.585));
#388 = DIRECTION('',(0.,0.,-1.));
#389 = DIRECTION('',(0.940844214987,0.338839435611,0.));
#390 = ORIENTED_EDGE('',*,*,#391,.T.);
#391 = EDGE_CURVE('',#383,#392,#394,.T.);
#392 = VERTEX_POINT('',#393);
#393 = CARTESIAN_POINT('',(70.322697,-162.028922,1.585));
#394 = LINE('',#395,#396);
#395 = CARTESIAN_POINT('',(70.396731,-161.887248,1.585));
#396 = VECTOR('',#397,1.);
#397 = DIRECTION('',(-0.463141870241,-0.88628415761,0.));
#398 = ORIENTED_EDGE('',*,*,#399,.T.);
#399 = EDGE_CURVE('',#392,#400,#402,.T.);
#400 = VERTEX_POINT('',#401);
#401 = CARTESIAN_POINT('',(70.237504,-162.111413,1.585));
#402 = LINE('',#403,#404);
#403 = CARTESIAN_POINT('',(70.322697,-162.028922,1.585));
#404 = VECTOR('',#405,1.);
#405 = DIRECTION('',(-0.718407585925,-0.695622412294,0.));
#406 = ORIENTED_EDGE('',*,*,#407,.T.);
#407 = EDGE_CURVE('',#400,#408,#410,.T.);
#408 = VERTEX_POINT('',#409);
#409 = CARTESIAN_POINT('',(69.894492,-162.178471,1.585));
#410 = CIRCLE('',#411,0.37296700165);
#411 = AXIS2_PLACEMENT_3D('',#412,#413,#414);
#412 = CARTESIAN_POINT('',(70.002779611633,-161.8215702049,1.585));
#413 = DIRECTION('',(-0.,0.,-1.));
#414 = DIRECTION('',(0.629343580876,-0.777127182133,-0.));
#415 = ORIENTED_EDGE('',*,*,#416,.T.);
#416 = EDGE_CURVE('',#408,#417,#419,.T.);
#417 = VERTEX_POINT('',#418);
#418 = CARTESIAN_POINT('',(69.752821,-162.10444,1.585));
#419 = LINE('',#420,#421);
#420 = CARTESIAN_POINT('',(69.894492,-162.178471,1.585));
#421 = VECTOR('',#422,1.);
#422 = DIRECTION('',(-0.886287835614,0.463134831817,0.));
#423 = ORIENTED_EDGE('',*,*,#424,.T.);
#424 = EDGE_CURVE('',#417,#425,#427,.T.);
#425 = VERTEX_POINT('',#426);
#426 = CARTESIAN_POINT('',(69.670328,-162.019247,1.585));
#427 = LINE('',#428,#429);
#428 = CARTESIAN_POINT('',(69.752821,-162.10444,1.585));
#429 = VECTOR('',#430,1.);
#430 = DIRECTION('',(-0.69563111654,0.718399157642,0.));
#431 = ORIENTED_EDGE('',*,*,#432,.T.);
#432 = EDGE_CURVE('',#425,#433,#435,.T.);
#433 = VERTEX_POINT('',#434);
#434 = CARTESIAN_POINT('',(69.595887,-161.867292,1.585));
#435 = LINE('',#436,#437);
#436 = CARTESIAN_POINT('',(69.670328,-162.019247,1.585));
#437 = VECTOR('',#438,1.);
#438 = DIRECTION('',(-0.439934468794,0.898029878772,0.));
#439 = ORIENTED_EDGE('',*,*,#440,.T.);
#440 = EDGE_CURVE('',#433,#441,#443,.T.);
#441 = VERTEX_POINT('',#442);
#442 = CARTESIAN_POINT('',(69.603269,-160.995279,1.585));
#443 = CIRCLE('',#444,1.257320731326);
#444 = AXIS2_PLACEMENT_3D('',#445,#446,#447);
#445 = CARTESIAN_POINT('',(70.778832201088,-161.4412684412,1.585));
#446 = DIRECTION('',(0.,0.,-1.));
#447 = DIRECTION('',(-0.940846016148,-0.338834434347,-0.));
#448 = ORIENTED_EDGE('',*,*,#449,.T.);
#449 = EDGE_CURVE('',#441,#450,#452,.T.);
#450 = VERTEX_POINT('',#451);
#451 = CARTESIAN_POINT('',(69.677302,-160.853606,1.585));
#452 = LINE('',#453,#454);
#453 = CARTESIAN_POINT('',(69.603269,-160.995279,1.585));
#454 = VECTOR('',#455,1.);
#455 = DIRECTION('',(0.463139524142,0.886285383597,0.));
#456 = ORIENTED_EDGE('',*,*,#457,.T.);
#457 = EDGE_CURVE('',#450,#325,#458,.T.);
#458 = LINE('',#459,#460);
#459 = CARTESIAN_POINT('',(69.677302,-160.853606,1.585));
#460 = VECTOR('',#461,1.);
#461 = DIRECTION('',(0.718403638993,0.695626488485,0.));
#462 = FACE_BOUND('',#463,.F.);
#463 = EDGE_LOOP('',(#464,#475,#483,#491,#500,#508,#516,#525,#533,#541,
    #550,#558));
#464 = ORIENTED_EDGE('',*,*,#465,.T.);
#465 = EDGE_CURVE('',#466,#468,#470,.T.);
#466 = VERTEX_POINT('',#467);
#467 = CARTESIAN_POINT('',(70.127959,-160.9333,1.585));
#468 = VERTEX_POINT('',#469);
#469 = CARTESIAN_POINT('',(69.87204,-160.9333,1.585));
#470 = CIRCLE('',#471,0.19307114853);
#471 = AXIS2_PLACEMENT_3D('',#472,#473,#474);
#472 = CARTESIAN_POINT('',(69.9999995,-161.0778781268,1.585));
#473 = DIRECTION('',(0.,0.,1.));
#474 = DIRECTION('',(0.662758267997,0.748833411515,-0.));
#475 = ORIENTED_EDGE('',*,*,#476,.T.);
#476 = EDGE_CURVE('',#468,#477,#479,.T.);
#477 = VERTEX_POINT('',#478);
#478 = CARTESIAN_POINT('',(69.832512,-160.972828,1.585));
#479 = LINE('',#480,#481);
#480 = CARTESIAN_POINT('',(69.87204,-160.9333,1.585));
#481 = VECTOR('',#482,1.);
#482 = DIRECTION('',(-0.707106781187,-0.707106781186,0.));
#483 = ORIENTED_EDGE('',*,*,#484,.T.);
#484 = EDGE_CURVE('',#477,#485,#487,.T.);
#485 = VERTEX_POINT('',#486);
#486 = CARTESIAN_POINT('',(69.782468,-161.072916,1.585));
#487 = LINE('',#488,#489);
#488 = CARTESIAN_POINT('',(69.832512,-160.972828,1.585));
#489 = VECTOR('',#490,1.);
#490 = DIRECTION('',(-0.4472135955,-0.894427191,0.));
#491 = ORIENTED_EDGE('',*,*,#492,.T.);
#492 = EDGE_CURVE('',#485,#493,#495,.T.);
#493 = VERTEX_POINT('',#494);
#494 = CARTESIAN_POINT('',(69.782469,-161.809614,1.585));
#495 = CIRCLE('',#496,1.060087276156);
#496 = AXIS2_PLACEMENT_3D('',#497,#498,#499);
#497 = CARTESIAN_POINT('',(70.776502728417,-161.4412636506,1.585));
#498 = DIRECTION('',(0.,0.,1.));
#499 = DIRECTION('',(-0.937691405958,0.347469174449,0.));
#500 = ORIENTED_EDGE('',*,*,#501,.T.);
#501 = EDGE_CURVE('',#493,#502,#504,.T.);
#502 = VERTEX_POINT('',#503);
#503 = CARTESIAN_POINT('',(69.832512,-161.9097,1.585));
#504 = LINE('',#505,#506);
#505 = CARTESIAN_POINT('',(69.782469,-161.809614,1.585));
#506 = VECTOR('',#507,1.);
#507 = DIRECTION('',(0.4472135955,-0.894427191,0.));
#508 = ORIENTED_EDGE('',*,*,#509,.T.);
#509 = EDGE_CURVE('',#502,#510,#512,.T.);
#510 = VERTEX_POINT('',#511);
#511 = CARTESIAN_POINT('',(69.87204,-161.949228,1.585));
#512 = LINE('',#513,#514);
#513 = CARTESIAN_POINT('',(69.832512,-161.9097,1.585));
#514 = VECTOR('',#515,1.);
#515 = DIRECTION('',(0.707106781186,-0.707106781187,0.));
#516 = ORIENTED_EDGE('',*,*,#517,.T.);
#517 = EDGE_CURVE('',#510,#518,#520,.T.);
#518 = VERTEX_POINT('',#519);
#519 = CARTESIAN_POINT('',(70.127959,-161.949228,1.585));
#520 = CIRCLE('',#521,0.193071802398);
#521 = AXIS2_PLACEMENT_3D('',#522,#523,#524);
#522 = CARTESIAN_POINT('',(69.9999995,-161.804649,1.585));
#523 = DIRECTION('',(0.,0.,1.));
#524 = DIRECTION('',(-0.662756023462,-0.748835398045,0.));
#525 = ORIENTED_EDGE('',*,*,#526,.T.);
#526 = EDGE_CURVE('',#518,#527,#529,.T.);
#527 = VERTEX_POINT('',#528);
#528 = CARTESIAN_POINT('',(70.167487,-161.9097,1.585));
#529 = LINE('',#530,#531);
#530 = CARTESIAN_POINT('',(70.127959,-161.949228,1.585));
#531 = VECTOR('',#532,1.);
#532 = DIRECTION('',(0.707106781186,0.707106781187,0.));
#533 = ORIENTED_EDGE('',*,*,#534,.T.);
#534 = EDGE_CURVE('',#527,#535,#537,.T.);
#535 = VERTEX_POINT('',#536);
#536 = CARTESIAN_POINT('',(70.217531,-161.809612,1.585));
#537 = LINE('',#538,#539);
#538 = CARTESIAN_POINT('',(70.167487,-161.9097,1.585));
#539 = VECTOR('',#540,1.);
#540 = DIRECTION('',(0.4472135955,0.894427191,0.));
#541 = ORIENTED_EDGE('',*,*,#542,.T.);
#542 = EDGE_CURVE('',#535,#543,#545,.T.);
#543 = VERTEX_POINT('',#544);
#544 = CARTESIAN_POINT('',(70.21753,-161.072912,1.585));
#545 = CIRCLE('',#546,1.06006119205);
#546 = AXIS2_PLACEMENT_3D('',#547,#548,#549);
#547 = CARTESIAN_POINT('',(69.223524459581,-161.4412633492,1.585));
#548 = DIRECTION('',(0.,-0.,1.));
#549 = DIRECTION('',(0.937687888089,-0.347478667735,-0.));
#550 = ORIENTED_EDGE('',*,*,#551,.T.);
#551 = EDGE_CURVE('',#543,#552,#554,.T.);
#552 = VERTEX_POINT('',#553);
#553 = CARTESIAN_POINT('',(70.167487,-160.972828,1.585));
#554 = LINE('',#555,#556);
#555 = CARTESIAN_POINT('',(70.21753,-161.072912,1.585));
#556 = VECTOR('',#557,1.);
#557 = DIRECTION('',(-0.447220744869,0.89442361628,0.));
#558 = ORIENTED_EDGE('',*,*,#559,.T.);
#559 = EDGE_CURVE('',#552,#466,#560,.T.);
#560 = LINE('',#561,#562);
#561 = CARTESIAN_POINT('',(70.167487,-160.972828,1.585));
#562 = VECTOR('',#563,1.);
#563 = DIRECTION('',(-0.707106781187,0.707106781187,0.));
#564 = PLANE('',#565);
#565 = AXIS2_PLACEMENT_3D('',#566,#567,#568);
#566 = CARTESIAN_POINT('',(0.,0.,1.585));
#567 = DIRECTION('',(0.,0.,1.));
#568 = DIRECTION('',(1.,0.,-0.));
#569 = SHELL_BASED_SURFACE_MODEL('',(#570));
#570 = OPEN_SHELL('',(#571));
#571 = ADVANCED_FACE('',(#572,#823,#893),#978,.T.);
#572 = FACE_BOUND('',#573,.F.);
#573 = EDGE_LOOP('',(#574,#584,#592,#600,#608,#616,#624,#632,#640,#648,
    #656,#664,#672,#680,#688,#696,#704,#712,#720,#728,#736,#744,#752,
    #760,#768,#777,#785,#793,#801,#809,#817));
#574 = ORIENTED_EDGE('',*,*,#575,.T.);
#575 = EDGE_CURVE('',#576,#578,#580,.T.);
#576 = VERTEX_POINT('',#577);
#577 = CARTESIAN_POINT('',(71.150589,-160.771116,1.585));
#578 = VERTEX_POINT('',#579);
#579 = CARTESIAN_POINT('',(71.303933,-160.696977,1.585));
#580 = LINE('',#581,#582);
#581 = CARTESIAN_POINT('',(71.150589,-160.771116,1.585));
#582 = VECTOR('',#583,1.);
#583 = DIRECTION('',(0.900296652512,0.435276851527,0.));
#584 = ORIENTED_EDGE('',*,*,#585,.T.);
#585 = EDGE_CURVE('',#578,#586,#588,.T.);
#586 = VERTEX_POINT('',#587);
#587 = CARTESIAN_POINT('',(71.57381,-160.693764,1.585));
#588 = LINE('',#589,#590);
#589 = CARTESIAN_POINT('',(71.303933,-160.696977,1.585));
#590 = VECTOR('',#591,1.);
#591 = DIRECTION('',(0.999929137978,1.190457993952E-02,0.));
#592 = ORIENTED_EDGE('',*,*,#593,.T.);
#593 = EDGE_CURVE('',#586,#594,#596,.T.);
#594 = VERTEX_POINT('',#595);
#595 = CARTESIAN_POINT('',(71.592831,-160.695637,1.585));
#596 = LINE('',#597,#598);
#597 = CARTESIAN_POINT('',(71.57381,-160.693764,1.585));
#598 = VECTOR('',#599,1.);
#599 = DIRECTION('',(0.995186793325,-9.79961549821E-02,0.));
#600 = ORIENTED_EDGE('',*,*,#601,.T.);
#601 = EDGE_CURVE('',#594,#602,#604,.T.);
#602 = VERTEX_POINT('',#603);
#603 = CARTESIAN_POINT('',(71.741223,-160.765963,1.585));
#604 = LINE('',#605,#606);
#605 = CARTESIAN_POINT('',(71.592831,-160.695637,1.585));
#606 = VECTOR('',#607,1.);
#607 = DIRECTION('',(0.90365523982,-0.428260677096,0.));
#608 = ORIENTED_EDGE('',*,*,#609,.T.);
#609 = EDGE_CURVE('',#602,#610,#612,.T.);
#610 = VERTEX_POINT('',#611);
#611 = CARTESIAN_POINT('',(71.766562,-160.784226,1.585));
#612 = LINE('',#613,#614);
#613 = CARTESIAN_POINT('',(71.741223,-160.765963,1.585));
#614 = VECTOR('',#615,1.);
#615 = DIRECTION('',(0.811247012556,-0.584703586973,0.));
#616 = ORIENTED_EDGE('',*,*,#617,.T.);
#617 = EDGE_CURVE('',#610,#618,#620,.T.);
#618 = VERTEX_POINT('',#619);
#619 = CARTESIAN_POINT('',(71.841576,-160.863281,1.585));
#620 = LINE('',#621,#622);
#621 = CARTESIAN_POINT('',(71.766562,-160.784226,1.585));
#622 = VECTOR('',#623,1.);
#623 = DIRECTION('',(0.688323705163,-0.725403664804,0.));
#624 = ORIENTED_EDGE('',*,*,#625,.T.);
#625 = EDGE_CURVE('',#618,#626,#628,.T.);
#626 = VERTEX_POINT('',#627);
#627 = CARTESIAN_POINT('',(71.915715,-161.016625,1.585));
#628 = LINE('',#629,#630);
#629 = CARTESIAN_POINT('',(71.841576,-160.863281,1.585));
#630 = VECTOR('',#631,1.);
#631 = DIRECTION('',(0.435276851527,-0.900296652512,0.));
#632 = ORIENTED_EDGE('',*,*,#633,.T.);
#633 = EDGE_CURVE('',#626,#634,#636,.T.);
#634 = VERTEX_POINT('',#635);
#635 = CARTESIAN_POINT('',(71.917056,-161.119809,1.585));
#636 = LINE('',#637,#638);
#637 = CARTESIAN_POINT('',(71.915715,-161.016625,1.585));
#638 = VECTOR('',#639,1.);
#639 = DIRECTION('',(1.299510356314E-02,-0.999915560077,0.));
#640 = ORIENTED_EDGE('',*,*,#641,.T.);
#641 = EDGE_CURVE('',#634,#642,#644,.T.);
#642 = VERTEX_POINT('',#643);
#643 = CARTESIAN_POINT('',(71.846731,-161.268201,1.585));
#644 = LINE('',#645,#646);
#645 = CARTESIAN_POINT('',(71.917056,-161.119809,1.585));
#646 = VECTOR('',#647,1.);
#647 = DIRECTION('',(-0.428255704312,-0.903657596507,0.));
#648 = ORIENTED_EDGE('',*,*,#649,.T.);
#649 = EDGE_CURVE('',#642,#650,#652,.T.);
#650 = VERTEX_POINT('',#651);
#651 = CARTESIAN_POINT('',(71.828466,-161.293542,1.585));
#652 = LINE('',#653,#654);
#653 = CARTESIAN_POINT('',(71.846731,-161.268201,1.585));
#654 = VECTOR('',#655,1.);
#655 = DIRECTION('',(-0.584715353739,-0.811238531569,0.));
#656 = ORIENTED_EDGE('',*,*,#657,.T.);
#657 = EDGE_CURVE('',#650,#658,#660,.T.);
#658 = VERTEX_POINT('',#659);
#659 = CARTESIAN_POINT('',(71.773599,-161.348406,1.585));
#660 = LINE('',#661,#662);
#661 = CARTESIAN_POINT('',(71.828466,-161.293542,1.585));
#662 = VECTOR('',#663,1.);
#663 = DIRECTION('',(-0.707126112928,-0.707087448916,0.));
#664 = ORIENTED_EDGE('',*,*,#665,.T.);
#665 = EDGE_CURVE('',#658,#666,#668,.T.);
#666 = VERTEX_POINT('',#667);
#667 = CARTESIAN_POINT('',(71.841576,-161.420424,1.585));
#668 = LINE('',#669,#670);
#669 = CARTESIAN_POINT('',(71.773599,-161.348406,1.585));
#670 = VECTOR('',#671,1.);
#671 = DIRECTION('',(0.68641001896,-0.727214745362,0.));
#672 = ORIENTED_EDGE('',*,*,#673,.T.);
#673 = EDGE_CURVE('',#666,#674,#676,.T.);
#674 = VERTEX_POINT('',#675);
#675 = CARTESIAN_POINT('',(71.915715,-161.573768,1.585));
#676 = LINE('',#677,#678);
#677 = CARTESIAN_POINT('',(71.841576,-161.420424,1.585));
#678 = VECTOR('',#679,1.);
#679 = DIRECTION('',(0.435276851527,-0.900296652512,0.));
#680 = ORIENTED_EDGE('',*,*,#681,.T.);
#681 = EDGE_CURVE('',#674,#682,#684,.T.);
#682 = VERTEX_POINT('',#683);
#683 = CARTESIAN_POINT('',(71.918929,-161.843645,1.585));
#684 = LINE('',#685,#686);
#685 = CARTESIAN_POINT('',(71.915715,-161.573768,1.585));
#686 = VECTOR('',#687,1.);
#687 = DIRECTION('',(1.190828454327E-02,-0.999929093866,0.));
#688 = ORIENTED_EDGE('',*,*,#689,.T.);
#689 = EDGE_CURVE('',#682,#690,#692,.T.);
#690 = VERTEX_POINT('',#691);
#691 = CARTESIAN_POINT('',(71.908636,-161.887248,1.585));
#692 = LINE('',#693,#694);
#693 = CARTESIAN_POINT('',(71.918929,-161.843645,1.585));
#694 = VECTOR('',#695,1.);
#695 = DIRECTION('',(-0.229747169302,-0.973250347135,0.));
#696 = ORIENTED_EDGE('',*,*,#697,.T.);
#697 = EDGE_CURVE('',#690,#698,#700,.T.);
#698 = VERTEX_POINT('',#699);
#699 = CARTESIAN_POINT('',(71.834602,-162.028922,1.585));
#700 = LINE('',#701,#702);
#701 = CARTESIAN_POINT('',(71.908636,-161.887248,1.585));
#702 = VECTOR('',#703,1.);
#703 = DIRECTION('',(-0.463141870241,-0.88628415761,0.));
#704 = ORIENTED_EDGE('',*,*,#705,.T.);
#705 = EDGE_CURVE('',#698,#706,#708,.T.);
#706 = VERTEX_POINT('',#707);
#707 = CARTESIAN_POINT('',(71.749409,-162.111413,1.585));
#708 = LINE('',#709,#710);
#709 = CARTESIAN_POINT('',(71.834602,-162.028922,1.585));
#710 = VECTOR('',#711,1.);
#711 = DIRECTION('',(-0.718407585925,-0.695622412294,0.));
#712 = ORIENTED_EDGE('',*,*,#713,.T.);
#713 = EDGE_CURVE('',#706,#714,#716,.T.);
#714 = VERTEX_POINT('',#715);
#715 = CARTESIAN_POINT('',(71.596067,-162.18555,1.585));
#716 = LINE('',#717,#718);
#717 = CARTESIAN_POINT('',(71.749409,-162.111413,1.585));
#718 = VECTOR('',#719,1.);
#719 = DIRECTION('',(-0.900299029299,-0.435271935511,0.));
#720 = ORIENTED_EDGE('',*,*,#721,.T.);
#721 = EDGE_CURVE('',#714,#722,#724,.T.);
#722 = VERTEX_POINT('',#723);
#723 = CARTESIAN_POINT('',(71.326191,-162.188764,1.585));
#724 = LINE('',#725,#726);
#725 = CARTESIAN_POINT('',(71.596067,-162.18555,1.585));
#726 = VECTOR('',#727,1.);
#727 = DIRECTION('',(-0.99992909334,-1.190832866198E-02,0.));
#728 = ORIENTED_EDGE('',*,*,#729,.T.);
#729 = EDGE_CURVE('',#722,#730,#732,.T.);
#730 = VERTEX_POINT('',#731);
#731 = CARTESIAN_POINT('',(71.282588,-162.178471,1.585));
#732 = LINE('',#733,#734);
#733 = CARTESIAN_POINT('',(71.326191,-162.188764,1.585));
#734 = VECTOR('',#735,1.);
#735 = DIRECTION('',(-0.973250347135,0.229747169301,0.));
#736 = ORIENTED_EDGE('',*,*,#737,.T.);
#737 = EDGE_CURVE('',#730,#738,#740,.T.);
#738 = VERTEX_POINT('',#739);
#739 = CARTESIAN_POINT('',(71.140916,-162.10444,1.585));
#740 = LINE('',#741,#742);
#741 = CARTESIAN_POINT('',(71.282588,-162.178471,1.585));
#742 = VECTOR('',#743,1.);
#743 = DIRECTION('',(-0.886289177468,0.463132263941,0.));
#744 = ORIENTED_EDGE('',*,*,#745,.T.);
#745 = EDGE_CURVE('',#738,#746,#748,.T.);
#746 = VERTEX_POINT('',#747);
#747 = CARTESIAN_POINT('',(71.058422,-162.019243,1.585));
#748 = LINE('',#749,#750);
#749 = CARTESIAN_POINT('',(71.140916,-162.10444,1.585));
#750 = VECTOR('',#751,1.);
#751 = DIRECTION('',(-0.695618612385,0.718411265296,0.));
#752 = ORIENTED_EDGE('',*,*,#753,.T.);
#753 = EDGE_CURVE('',#746,#754,#756,.T.);
#754 = VERTEX_POINT('',#755);
#755 = CARTESIAN_POINT('',(70.984285,-161.865902,1.585));
#756 = LINE('',#757,#758);
#757 = CARTESIAN_POINT('',(71.058422,-162.019243,1.585));
#758 = VECTOR('',#759,1.);
#759 = DIRECTION('',(-0.435274236291,0.900297916926,0.));
#760 = ORIENTED_EDGE('',*,*,#761,.T.);
#761 = EDGE_CURVE('',#754,#762,#764,.T.);
#762 = VERTEX_POINT('',#763);
#763 = CARTESIAN_POINT('',(70.981072,-161.596026,1.585));
#764 = LINE('',#765,#766);
#765 = CARTESIAN_POINT('',(70.984285,-161.865902,1.585));
#766 = VECTOR('',#767,1.);
#767 = DIRECTION('',(-1.190462404451E-02,0.999929137452,0.));
#768 = ORIENTED_EDGE('',*,*,#769,.T.);
#769 = EDGE_CURVE('',#762,#770,#772,.T.);
#770 = VERTEX_POINT('',#771);
#771 = CARTESIAN_POINT('',(71.1264,-161.348406,1.585));
#772 = CIRCLE('',#773,0.415404032001);
#773 = AXIS2_PLACEMENT_3D('',#774,#775,#776);
#774 = CARTESIAN_POINT('',(71.389922366162,-161.6695235366,1.585));
#775 = DIRECTION('',(0.,0.,-1.));
#776 = DIRECTION('',(-0.984223393772,0.176930243747,0.));
#777 = ORIENTED_EDGE('',*,*,#778,.T.);
#778 = EDGE_CURVE('',#770,#779,#781,.T.);
#779 = VERTEX_POINT('',#780);
#780 = CARTESIAN_POINT('',(71.058421,-161.276386,1.585));
#781 = LINE('',#782,#783);
#782 = CARTESIAN_POINT('',(71.1264,-161.348406,1.585));
#783 = VECTOR('',#784,1.);
#784 = DIRECTION('',(-0.686410618216,0.72721417973,0.));
#785 = ORIENTED_EDGE('',*,*,#786,.T.);
#786 = EDGE_CURVE('',#779,#787,#789,.T.);
#787 = VERTEX_POINT('',#788);
#788 = CARTESIAN_POINT('',(70.984285,-161.123045,1.585));
#789 = LINE('',#790,#791);
#790 = CARTESIAN_POINT('',(71.058421,-161.276386,1.585));
#791 = VECTOR('',#792,1.);
#792 = DIRECTION('',(-0.43526947744,0.90030021771,0.));
#793 = ORIENTED_EDGE('',*,*,#794,.T.);
#794 = EDGE_CURVE('',#787,#795,#797,.T.);
#795 = VERTEX_POINT('',#796);
#796 = CARTESIAN_POINT('',(70.982945,-161.019862,1.585));
#797 = LINE('',#798,#799);
#798 = CARTESIAN_POINT('',(70.984285,-161.123045,1.585));
#799 = VECTOR('',#800,1.);
#800 = DIRECTION('',(-1.29855404183E-02,0.999915684315,0.));
#801 = ORIENTED_EDGE('',*,*,#802,.T.);
#802 = EDGE_CURVE('',#795,#803,#805,.T.);
#803 = VERTEX_POINT('',#804);
#804 = CARTESIAN_POINT('',(71.053269,-160.871471,1.585));
#805 = LINE('',#806,#807);
#806 = CARTESIAN_POINT('',(70.982945,-161.019862,1.585));
#807 = VECTOR('',#808,1.);
#808 = DIRECTION('',(0.428253088166,0.903658836329,0.));
#809 = ORIENTED_EDGE('',*,*,#810,.T.);
#810 = EDGE_CURVE('',#803,#811,#813,.T.);
#811 = VERTEX_POINT('',#812);
#812 = CARTESIAN_POINT('',(71.071533,-160.846131,1.585));
#813 = LINE('',#814,#815);
#814 = CARTESIAN_POINT('',(71.053269,-160.871471,1.585));
#815 = VECTOR('',#816,1.);
#816 = DIRECTION('',(0.584709470634,0.811242771894,0.));
#817 = ORIENTED_EDGE('',*,*,#818,.T.);
#818 = EDGE_CURVE('',#811,#576,#819,.T.);
#819 = LINE('',#820,#821);
#820 = CARTESIAN_POINT('',(71.071533,-160.846131,1.585));
#821 = VECTOR('',#822,1.);
#822 = DIRECTION('',(0.72540343061,0.688323951973,0.));
#823 = FACE_BOUND('',#824,.F.);
#824 = EDGE_LOOP('',(#825,#836,#844,#853,#861,#870,#878,#887));
#825 = ORIENTED_EDGE('',*,*,#826,.T.);
#826 = EDGE_CURVE('',#827,#829,#831,.T.);
#827 = VERTEX_POINT('',#828);
#828 = CARTESIAN_POINT('',(71.639864,-161.490443,1.585));
#829 = VERTEX_POINT('',#830);
#830 = CARTESIAN_POINT('',(71.260135,-161.490443,1.585));
#831 = CIRCLE('',#832,0.3287607235);
#832 = AXIS2_PLACEMENT_3D('',#833,#834,#835);
#833 = CARTESIAN_POINT('',(71.4499995,-161.7588365262,1.585));
#834 = DIRECTION('',(0.,0.,1.));
#835 = DIRECTION('',(0.577515762767,0.816379534136,-0.));
#836 = ORIENTED_EDGE('',*,*,#837,.T.);
#837 = EDGE_CURVE('',#829,#838,#840,.T.);
#838 = VERTEX_POINT('',#839);
#839 = CARTESIAN_POINT('',(71.220607,-161.529971,1.585));
#840 = LINE('',#841,#842);
#841 = CARTESIAN_POINT('',(71.260135,-161.490443,1.585));
#842 = VECTOR('',#843,1.);
#843 = DIRECTION('',(-0.707106781187,-0.707106781186,0.));
#844 = ORIENTED_EDGE('',*,*,#845,.T.);
#845 = EDGE_CURVE('',#838,#846,#848,.T.);
#846 = VERTEX_POINT('',#847);
#847 = CARTESIAN_POINT('',(71.220607,-161.9097,1.585));
#848 = CIRCLE('',#849,0.32876091695);
#849 = AXIS2_PLACEMENT_3D('',#850,#851,#852);
#850 = CARTESIAN_POINT('',(71.489000763254,-161.7198355,1.585));
#851 = DIRECTION('',(0.,0.,1.));
#852 = DIRECTION('',(-0.81637977453,0.577515422945,0.));
#853 = ORIENTED_EDGE('',*,*,#854,.T.);
#854 = EDGE_CURVE('',#846,#855,#857,.T.);
#855 = VERTEX_POINT('',#856);
#856 = CARTESIAN_POINT('',(71.260135,-161.949228,1.585));
#857 = LINE('',#858,#859);
#858 = CARTESIAN_POINT('',(71.220607,-161.9097,1.585));
#859 = VECTOR('',#860,1.);
#860 = DIRECTION('',(0.707106781186,-0.707106781187,0.));
#861 = ORIENTED_EDGE('',*,*,#862,.T.);
#862 = EDGE_CURVE('',#855,#863,#865,.T.);
#863 = VERTEX_POINT('',#864);
#864 = CARTESIAN_POINT('',(71.639864,-161.949228,1.585));
#865 = CIRCLE('',#866,0.328757028337);
#866 = AXIS2_PLACEMENT_3D('',#867,#868,#869);
#867 = CARTESIAN_POINT('',(71.4499995,-161.680839,1.585));
#868 = DIRECTION('',(0.,0.,1.));
#869 = DIRECTION('',(-0.577522253928,-0.816374942179,0.));
#870 = ORIENTED_EDGE('',*,*,#871,.T.);
#871 = EDGE_CURVE('',#863,#872,#874,.T.);
#872 = VERTEX_POINT('',#873);
#873 = CARTESIAN_POINT('',(71.679392,-161.9097,1.585));
#874 = LINE('',#875,#876);
#875 = CARTESIAN_POINT('',(71.639864,-161.949228,1.585));
#876 = VECTOR('',#877,1.);
#877 = DIRECTION('',(0.707106781186,0.707106781187,0.));
#878 = ORIENTED_EDGE('',*,*,#879,.T.);
#879 = EDGE_CURVE('',#872,#880,#882,.T.);
#880 = VERTEX_POINT('',#881);
#881 = CARTESIAN_POINT('',(71.679392,-161.529971,1.585));
#882 = CIRCLE('',#883,0.328753139886);
#883 = AXIS2_PLACEMENT_3D('',#884,#885,#886);
#884 = CARTESIAN_POINT('',(71.411007763085,-161.7198355,1.585));
#885 = DIRECTION('',(0.,-0.,1.));
#886 = DIRECTION('',(0.816370109829,-0.577529084789,-0.));
#887 = ORIENTED_EDGE('',*,*,#888,.T.);
#888 = EDGE_CURVE('',#880,#827,#889,.T.);
#889 = LINE('',#890,#891);
#890 = CARTESIAN_POINT('',(71.679392,-161.529971,1.585));
#891 = VECTOR('',#892,1.);
#892 = DIRECTION('',(-0.707106781187,0.707106781186,0.));
#893 = FACE_BOUND('',#894,.F.);
#894 = EDGE_LOOP('',(#895,#906,#914,#922,#930,#939,#947,#956,#964,#972)
  );
#895 = ORIENTED_EDGE('',*,*,#896,.T.);
#896 = EDGE_CURVE('',#897,#899,#901,.T.);
#897 = VERTEX_POINT('',#898);
#898 = CARTESIAN_POINT('',(71.639864,-160.9333,1.585));
#899 = VERTEX_POINT('',#900);
#900 = CARTESIAN_POINT('',(71.260135,-160.9333,1.585));
#901 = CIRCLE('',#902,0.3287607235);
#902 = AXIS2_PLACEMENT_3D('',#903,#904,#905);
#903 = CARTESIAN_POINT('',(71.4499995,-161.2016935262,1.585));
#904 = DIRECTION('',(0.,0.,1.));
#905 = DIRECTION('',(0.577515762767,0.816379534136,-0.));
#906 = ORIENTED_EDGE('',*,*,#907,.T.);
#907 = EDGE_CURVE('',#899,#908,#910,.T.);
#908 = VERTEX_POINT('',#909);
#909 = CARTESIAN_POINT('',(71.220607,-160.972828,1.585));
#910 = LINE('',#911,#912);
#911 = CARTESIAN_POINT('',(71.260135,-160.9333,1.585));
#912 = VECTOR('',#913,1.);
#913 = DIRECTION('',(-0.707106781187,-0.707106781186,0.));
#914 = ORIENTED_EDGE('',*,*,#915,.T.);
#915 = EDGE_CURVE('',#908,#916,#918,.T.);
#916 = VERTEX_POINT('',#917);
#917 = CARTESIAN_POINT('',(71.176072,-161.061899,1.585));
#918 = LINE('',#919,#920);
#919 = CARTESIAN_POINT('',(71.220607,-160.972828,1.585));
#920 = VECTOR('',#921,1.);
#921 = DIRECTION('',(-0.447209578793,-0.894429199342,0.));
#922 = ORIENTED_EDGE('',*,*,#923,.T.);
#923 = EDGE_CURVE('',#916,#924,#926,.T.);
#924 = VERTEX_POINT('',#925);
#925 = CARTESIAN_POINT('',(71.176072,-161.077771,1.585));
#926 = LINE('',#927,#928);
#927 = CARTESIAN_POINT('',(71.176072,-161.061899,1.585));
#928 = VECTOR('',#929,1.);
#929 = DIRECTION('',(0.,-1.,0.));
#930 = ORIENTED_EDGE('',*,*,#931,.T.);
#931 = EDGE_CURVE('',#924,#932,#934,.T.);
#932 = VERTEX_POINT('',#933);
#933 = CARTESIAN_POINT('',(71.349209,-161.250907,1.585));
#934 = CIRCLE('',#935,0.242913284247);
#935 = AXIS2_PLACEMENT_3D('',#936,#937,#938);
#936 = CARTESIAN_POINT('',(71.41099562395,-161.0159830191,1.585));
#937 = DIRECTION('',(0.,0.,1.));
#938 = DIRECTION('',(-0.967109002203,-0.254362296454,0.));
#939 = ORIENTED_EDGE('',*,*,#940,.T.);
#940 = EDGE_CURVE('',#932,#941,#943,.T.);
#941 = VERTEX_POINT('',#942);
#942 = CARTESIAN_POINT('',(71.550792,-161.250907,1.585));
#943 = LINE('',#944,#945);
#944 = CARTESIAN_POINT('',(71.349209,-161.250907,1.585));
#945 = VECTOR('',#946,1.);
#946 = DIRECTION('',(1.,0.,0.));
#947 = ORIENTED_EDGE('',*,*,#948,.T.);
#948 = EDGE_CURVE('',#941,#949,#951,.T.);
#949 = VERTEX_POINT('',#950);
#950 = CARTESIAN_POINT('',(71.723929,-161.07777,1.585));
#951 = CIRCLE('',#952,0.242928865481);
#952 = AXIS2_PLACEMENT_3D('',#953,#954,#955);
#953 = CARTESIAN_POINT('',(71.48899233748,-161.0159703374,1.585));
#954 = DIRECTION('',(0.,0.,1.));
#955 = DIRECTION('',(0.254394068807,-0.967100645102,0.));
#956 = ORIENTED_EDGE('',*,*,#957,.T.);
#957 = EDGE_CURVE('',#949,#958,#960,.T.);
#958 = VERTEX_POINT('',#959);
#959 = CARTESIAN_POINT('',(71.723929,-161.061899,1.585));
#960 = LINE('',#961,#962);
#961 = CARTESIAN_POINT('',(71.723929,-161.07777,1.585));
#962 = VECTOR('',#963,1.);
#963 = DIRECTION('',(0.,1.,0.));
#964 = ORIENTED_EDGE('',*,*,#965,.T.);
#965 = EDGE_CURVE('',#958,#966,#968,.T.);
#966 = VERTEX_POINT('',#967);
#967 = CARTESIAN_POINT('',(71.679392,-160.972828,1.585));
#968 = LINE('',#969,#970);
#969 = CARTESIAN_POINT('',(71.723929,-161.061899,1.585));
#970 = VECTOR('',#971,1.);
#971 = DIRECTION('',(-0.447225645458,0.89442116592,0.));
#972 = ORIENTED_EDGE('',*,*,#973,.T.);
#973 = EDGE_CURVE('',#966,#897,#974,.T.);
#974 = LINE('',#975,#976);
#975 = CARTESIAN_POINT('',(71.679392,-160.972828,1.585));
#976 = VECTOR('',#977,1.);
#977 = DIRECTION('',(-0.707106781187,0.707106781186,0.));
#978 = PLANE('',#979);
#979 = AXIS2_PLACEMENT_3D('',#980,#981,#982);
#980 = CARTESIAN_POINT('',(0.,0.,1.585));
#981 = DIRECTION('',(0.,0.,1.));
#982 = DIRECTION('',(1.,0.,-0.));
#983 = SHELL_BASED_SURFACE_MODEL('',(#984));
#984 = OPEN_SHELL('',(#985));
#985 = ADVANCED_FACE('',(#986,#1122),#1156,.T.);
#986 = FACE_BOUND('',#987,.F.);
#987 = EDGE_LOOP('',(#988,#999,#1007,#1016,#1024,#1032,#1041,#1049,#1057
    ,#1066,#1074,#1083,#1091,#1099,#1108,#1116));
#988 = ORIENTED_EDGE('',*,*,#989,.T.);
#989 = EDGE_CURVE('',#990,#992,#994,.T.);
#990 = VERTEX_POINT('',#991);
#991 = CARTESIAN_POINT('',(66.902402,-160.275614,1.585));
#992 = VERTEX_POINT('',#993);
#993 = CARTESIAN_POINT('',(67.000614,-160.177402,1.585));
#994 = CIRCLE('',#995,0.124998078635);
#995 = AXIS2_PLACEMENT_3D('',#996,#997,#998);
#996 = CARTESIAN_POINT('',(67.024998547659,-160.2999985476,1.585));
#997 = DIRECTION('',(0.,0.,-1.));
#998 = DIRECTION('',(-0.980787456878,0.19507937982,0.));
#999 = ORIENTED_EDGE('',*,*,#1000,.T.);
#1000 = EDGE_CURVE('',#992,#1001,#1003,.T.);
#1001 = VERTEX_POINT('',#1002);
#1002 = CARTESIAN_POINT('',(72.999386,-160.177402,1.585));
#1003 = LINE('',#1004,#1005);
#1004 = CARTESIAN_POINT('',(67.000614,-160.177402,1.585));
#1005 = VECTOR('',#1006,1.);
#1006 = DIRECTION('',(1.,0.,0.));
#1007 = ORIENTED_EDGE('',*,*,#1008,.T.);
#1008 = EDGE_CURVE('',#1001,#1009,#1011,.T.);
#1009 = VERTEX_POINT('',#1010);
#1010 = CARTESIAN_POINT('',(73.097598,-160.275614,1.585));
#1011 = CIRCLE('',#1012,0.124998078635);
#1012 = AXIS2_PLACEMENT_3D('',#1013,#1014,#1015);
#1013 = CARTESIAN_POINT('',(72.975001452341,-160.2999985476,1.585));
#1014 = DIRECTION('',(0.,0.,-1.));
#1015 = DIRECTION('',(0.19507937982,0.980787456878,0.));
#1016 = ORIENTED_EDGE('',*,*,#1017,.T.);
#1017 = EDGE_CURVE('',#1009,#1018,#1020,.T.);
#1018 = VERTEX_POINT('',#1019);
#1019 = CARTESIAN_POINT('',(73.1,-161.375,1.585));
#1020 = LINE('',#1021,#1022);
#1021 = CARTESIAN_POINT('',(73.097598,-160.275614,1.585));
#1022 = VECTOR('',#1023,1.);
#1023 = DIRECTION('',(2.184850695681E-03,-0.999997613211,0.));
#1024 = ORIENTED_EDGE('',*,*,#1025,.T.);
#1025 = EDGE_CURVE('',#1018,#1026,#1028,.T.);
#1026 = VERTEX_POINT('',#1027);
#1027 = CARTESIAN_POINT('',(74.799386,-161.377402,1.585));
#1028 = LINE('',#1029,#1030);
#1029 = CARTESIAN_POINT('',(73.1,-161.375,1.585));
#1030 = VECTOR('',#1031,1.);
#1031 = DIRECTION('',(0.999999001079,-1.413450270027E-03,0.));
#1032 = ORIENTED_EDGE('',*,*,#1033,.T.);
#1033 = EDGE_CURVE('',#1026,#1034,#1036,.T.);
#1034 = VERTEX_POINT('',#1035);
#1035 = CARTESIAN_POINT('',(74.799386,-161.622598,1.585));
#1036 = CIRCLE('',#1037,0.1249997864);
#1037 = AXIS2_PLACEMENT_3D('',#1038,#1039,#1040);
#1038 = CARTESIAN_POINT('',(74.775,-161.5,1.585));
#1039 = DIRECTION('',(0.,0.,-1.));
#1040 = DIRECTION('',(0.195088333367,0.980785675968,0.));
#1041 = ORIENTED_EDGE('',*,*,#1042,.T.);
#1042 = EDGE_CURVE('',#1034,#1043,#1045,.T.);
#1043 = VERTEX_POINT('',#1044);
#1044 = CARTESIAN_POINT('',(73.1,-161.625,1.585));
#1045 = LINE('',#1046,#1047);
#1046 = CARTESIAN_POINT('',(74.799386,-161.622598,1.585));
#1047 = VECTOR('',#1048,1.);
#1048 = DIRECTION('',(-0.999999001079,-1.413450270027E-03,0.));
#1049 = ORIENTED_EDGE('',*,*,#1050,.T.);
#1050 = EDGE_CURVE('',#1043,#1051,#1053,.T.);
#1051 = VERTEX_POINT('',#1052);
#1052 = CARTESIAN_POINT('',(73.097598,-162.724386,1.585));
#1053 = LINE('',#1054,#1055);
#1054 = CARTESIAN_POINT('',(73.1,-161.625,1.585));
#1055 = VECTOR('',#1056,1.);
#1056 = DIRECTION('',(-2.184850695681E-03,-0.999997613211,0.));
#1057 = ORIENTED_EDGE('',*,*,#1058,.T.);
#1058 = EDGE_CURVE('',#1051,#1059,#1061,.T.);
#1059 = VERTEX_POINT('',#1060);
#1060 = CARTESIAN_POINT('',(72.999386,-162.822598,1.585));
#1061 = CIRCLE('',#1062,0.124998078635);
#1062 = AXIS2_PLACEMENT_3D('',#1063,#1064,#1065);
#1063 = CARTESIAN_POINT('',(72.975001452341,-162.7000014523,1.585));
#1064 = DIRECTION('',(0.,0.,-1.));
#1065 = DIRECTION('',(0.980787456878,-0.19507937982,0.));
#1066 = ORIENTED_EDGE('',*,*,#1067,.T.);
#1067 = EDGE_CURVE('',#1059,#1068,#1070,.T.);
#1068 = VERTEX_POINT('',#1069);
#1069 = CARTESIAN_POINT('',(67.000614,-162.822598,1.585));
#1070 = LINE('',#1071,#1072);
#1071 = CARTESIAN_POINT('',(72.999386,-162.822598,1.585));
#1072 = VECTOR('',#1073,1.);
#1073 = DIRECTION('',(-1.,0.,0.));
#1074 = ORIENTED_EDGE('',*,*,#1075,.T.);
#1075 = EDGE_CURVE('',#1068,#1076,#1078,.T.);
#1076 = VERTEX_POINT('',#1077);
#1077 = CARTESIAN_POINT('',(66.902402,-162.724386,1.585));
#1078 = CIRCLE('',#1079,0.124998078635);
#1079 = AXIS2_PLACEMENT_3D('',#1080,#1081,#1082);
#1080 = CARTESIAN_POINT('',(67.024998547659,-162.7000014523,1.585));
#1081 = DIRECTION('',(0.,0.,-1.));
#1082 = DIRECTION('',(-0.19507937982,-0.980787456878,-0.));
#1083 = ORIENTED_EDGE('',*,*,#1084,.T.);
#1084 = EDGE_CURVE('',#1076,#1085,#1087,.T.);
#1085 = VERTEX_POINT('',#1086);
#1086 = CARTESIAN_POINT('',(66.9,-161.625,1.585));
#1087 = LINE('',#1088,#1089);
#1088 = CARTESIAN_POINT('',(66.902402,-162.724386,1.585));
#1089 = VECTOR('',#1090,1.);
#1090 = DIRECTION('',(-2.184850695681E-03,0.999997613211,0.));
#1091 = ORIENTED_EDGE('',*,*,#1092,.T.);
#1092 = EDGE_CURVE('',#1085,#1093,#1095,.T.);
#1093 = VERTEX_POINT('',#1094);
#1094 = CARTESIAN_POINT('',(65.200614,-161.622598,1.585));
#1095 = LINE('',#1096,#1097);
#1096 = CARTESIAN_POINT('',(66.9,-161.625,1.585));
#1097 = VECTOR('',#1098,1.);
#1098 = DIRECTION('',(-0.999999001079,1.413450270027E-03,0.));
#1099 = ORIENTED_EDGE('',*,*,#1100,.T.);
#1100 = EDGE_CURVE('',#1093,#1101,#1103,.T.);
#1101 = VERTEX_POINT('',#1102);
#1102 = CARTESIAN_POINT('',(65.200614,-161.377402,1.585));
#1103 = CIRCLE('',#1104,0.1249997864);
#1104 = AXIS2_PLACEMENT_3D('',#1105,#1106,#1107);
#1105 = CARTESIAN_POINT('',(65.225,-161.5,1.585));
#1106 = DIRECTION('',(0.,0.,-1.));
#1107 = DIRECTION('',(-0.195088333367,-0.980785675968,-0.));
#1108 = ORIENTED_EDGE('',*,*,#1109,.T.);
#1109 = EDGE_CURVE('',#1101,#1110,#1112,.T.);
#1110 = VERTEX_POINT('',#1111);
#1111 = CARTESIAN_POINT('',(66.9,-161.375,1.585));
#1112 = LINE('',#1113,#1114);
#1113 = CARTESIAN_POINT('',(65.200614,-161.377402,1.585));
#1114 = VECTOR('',#1115,1.);
#1115 = DIRECTION('',(0.999999001079,1.413450270027E-03,0.));
#1116 = ORIENTED_EDGE('',*,*,#1117,.T.);
#1117 = EDGE_CURVE('',#1110,#990,#1118,.T.);
#1118 = LINE('',#1119,#1120);
#1119 = CARTESIAN_POINT('',(66.9,-161.375,1.585));
#1120 = VECTOR('',#1121,1.);
#1121 = DIRECTION('',(2.184850695681E-03,0.999997613211,0.));
#1122 = FACE_BOUND('',#1123,.F.);
#1123 = EDGE_LOOP('',(#1124,#1134,#1142,#1150));
#1124 = ORIENTED_EDGE('',*,*,#1125,.T.);
#1125 = EDGE_CURVE('',#1126,#1128,#1130,.T.);
#1126 = VERTEX_POINT('',#1127);
#1127 = CARTESIAN_POINT('',(72.85,-162.575,1.585));
#1128 = VERTEX_POINT('',#1129);
#1129 = CARTESIAN_POINT('',(72.85,-160.425,1.585));
#1130 = LINE('',#1131,#1132);
#1131 = CARTESIAN_POINT('',(72.85,-162.575,1.585));
#1132 = VECTOR('',#1133,1.);
#1133 = DIRECTION('',(0.,1.,0.));
#1134 = ORIENTED_EDGE('',*,*,#1135,.T.);
#1135 = EDGE_CURVE('',#1128,#1136,#1138,.T.);
#1136 = VERTEX_POINT('',#1137);
#1137 = CARTESIAN_POINT('',(67.15,-160.425,1.585));
#1138 = LINE('',#1139,#1140);
#1139 = CARTESIAN_POINT('',(72.85,-160.425,1.585));
#1140 = VECTOR('',#1141,1.);
#1141 = DIRECTION('',(-1.,0.,0.));
#1142 = ORIENTED_EDGE('',*,*,#1143,.T.);
#1143 = EDGE_CURVE('',#1136,#1144,#1146,.T.);
#1144 = VERTEX_POINT('',#1145);
#1145 = CARTESIAN_POINT('',(67.15,-162.575,1.585));
#1146 = LINE('',#1147,#1148);
#1147 = CARTESIAN_POINT('',(67.15,-160.425,1.585));
#1148 = VECTOR('',#1149,1.);
#1149 = DIRECTION('',(0.,-1.,0.));
#1150 = ORIENTED_EDGE('',*,*,#1151,.T.);
#1151 = EDGE_CURVE('',#1144,#1126,#1152,.T.);
#1152 = LINE('',#1153,#1154);
#1153 = CARTESIAN_POINT('',(67.15,-162.575,1.585));
#1154 = VECTOR('',#1155,1.);
#1155 = DIRECTION('',(1.,0.,0.));
#1156 = PLANE('',#1157);
#1157 = AXIS2_PLACEMENT_3D('',#1158,#1159,#1160);
#1158 = CARTESIAN_POINT('',(0.,0.,1.585));
#1159 = DIRECTION('',(0.,0.,1.));
#1160 = DIRECTION('',(1.,0.,-0.));
#1161 = SHELL_BASED_SURFACE_MODEL('',(#1162));
#1162 = OPEN_SHELL('',(#1163));
#1163 = ADVANCED_FACE('',(#1164),#1302,.T.);
#1164 = FACE_BOUND('',#1165,.F.);
#1165 = EDGE_LOOP('',(#1166,#1177,#1185,#1194,#1202,#1211,#1219,#1228,
    #1236,#1245,#1253,#1262,#1270,#1279,#1287,#1296));
#1166 = ORIENTED_EDGE('',*,*,#1167,.T.);
#1167 = EDGE_CURVE('',#1168,#1170,#1172,.T.);
#1168 = VERTEX_POINT('',#1169);
#1169 = CARTESIAN_POINT('',(60.475,-120.999997,1.585));
#1170 = VERTEX_POINT('',#1171);
#1171 = CARTESIAN_POINT('',(61.6,-119.875,1.585));
#1172 = CIRCLE('',#1173,1.125022643542);
#1173 = AXIS2_PLACEMENT_3D('',#1174,#1175,#1176);
#1174 = CARTESIAN_POINT('',(61.60002264325,-121.0000226433,1.585));
#1175 = DIRECTION('',(0.,0.,-1.));
#1176 = DIRECTION('',(-0.99999999974,2.279359826357E-05,0.));
#1177 = ORIENTED_EDGE('',*,*,#1178,.T.);
#1178 = EDGE_CURVE('',#1170,#1179,#1181,.T.);
#1179 = VERTEX_POINT('',#1180);
#1180 = CARTESIAN_POINT('',(61.974386,-119.877402,1.585));
#1181 = LINE('',#1182,#1183);
#1182 = CARTESIAN_POINT('',(61.6,-119.875,1.585));
#1183 = VECTOR('',#1184,1.);
#1184 = DIRECTION('',(0.999979419145,-6.415706155655E-03,0.));
#1185 = ORIENTED_EDGE('',*,*,#1186,.T.);
#1186 = EDGE_CURVE('',#1179,#1187,#1189,.T.);
#1187 = VERTEX_POINT('',#1188);
#1188 = CARTESIAN_POINT('',(61.974386,-120.122598,1.585));
#1189 = CIRCLE('',#1190,0.1249997864);
#1190 = AXIS2_PLACEMENT_3D('',#1191,#1192,#1193);
#1191 = CARTESIAN_POINT('',(61.95,-120.,1.585));
#1192 = DIRECTION('',(0.,0.,-1.));
#1193 = DIRECTION('',(0.195088333367,0.980785675968,0.));
#1194 = ORIENTED_EDGE('',*,*,#1195,.T.);
#1195 = EDGE_CURVE('',#1187,#1196,#1198,.T.);
#1196 = VERTEX_POINT('',#1197);
#1197 = CARTESIAN_POINT('',(61.513823,-120.125002,1.585));
#1198 = LINE('',#1199,#1200);
#1199 = CARTESIAN_POINT('',(61.974386,-120.122598,1.585));
#1200 = VECTOR('',#1201,1.);
#1201 = DIRECTION('',(-0.999986377652,-5.219627394893E-03,0.));
#1202 = ORIENTED_EDGE('',*,*,#1203,.T.);
#1203 = EDGE_CURVE('',#1196,#1204,#1206,.T.);
#1204 = VERTEX_POINT('',#1205);
#1205 = CARTESIAN_POINT('',(60.725002,-120.913823,1.585));
#1206 = CIRCLE('',#1207,0.879255247702);
#1207 = AXIS2_PLACEMENT_3D('',#1208,#1209,#1210);
#1208 = CARTESIAN_POINT('',(61.600021751675,-121.0000217516,1.585));
#1209 = DIRECTION('',(0.,0.,1.));
#1210 = DIRECTION('',(-9.803609577582E-02,0.995182859541,0.));
#1211 = ORIENTED_EDGE('',*,*,#1212,.T.);
#1212 = EDGE_CURVE('',#1204,#1213,#1215,.T.);
#1213 = VERTEX_POINT('',#1214);
#1214 = CARTESIAN_POINT('',(60.725002,-158.236177,1.585));
#1215 = LINE('',#1216,#1217);
#1216 = CARTESIAN_POINT('',(60.725002,-120.913823,1.585));
#1217 = VECTOR('',#1218,1.);
#1218 = DIRECTION('',(0.,-1.,0.));
#1219 = ORIENTED_EDGE('',*,*,#1220,.T.);
#1220 = EDGE_CURVE('',#1213,#1221,#1223,.T.);
#1221 = VERTEX_POINT('',#1222);
#1222 = CARTESIAN_POINT('',(61.513823,-159.024998,1.585));
#1223 = CIRCLE('',#1224,0.879255247702);
#1224 = AXIS2_PLACEMENT_3D('',#1225,#1226,#1227);
#1225 = CARTESIAN_POINT('',(61.600021751675,-158.1499782483,1.585));
#1226 = DIRECTION('',(0.,0.,1.));
#1227 = DIRECTION('',(-0.995182859541,-9.803609577583E-02,0.));
#1228 = ORIENTED_EDGE('',*,*,#1229,.T.);
#1229 = EDGE_CURVE('',#1221,#1230,#1232,.T.);
#1230 = VERTEX_POINT('',#1231);
#1231 = CARTESIAN_POINT('',(68.686177,-159.024998,1.585));
#1232 = LINE('',#1233,#1234);
#1233 = CARTESIAN_POINT('',(61.513823,-159.024998,1.585));
#1234 = VECTOR('',#1235,1.);
#1235 = DIRECTION('',(1.,0.,0.));
#1236 = ORIENTED_EDGE('',*,*,#1237,.T.);
#1237 = EDGE_CURVE('',#1230,#1238,#1240,.T.);
#1238 = VERTEX_POINT('',#1239);
#1239 = CARTESIAN_POINT('',(69.474998,-158.236177,1.585));
#1240 = CIRCLE('',#1241,0.879255247702);
#1241 = AXIS2_PLACEMENT_3D('',#1242,#1243,#1244);
#1242 = CARTESIAN_POINT('',(68.599978248325,-158.1499782483,1.585));
#1243 = DIRECTION('',(0.,0.,1.));
#1244 = DIRECTION('',(9.803609577585E-02,-0.995182859541,0.));
#1245 = ORIENTED_EDGE('',*,*,#1246,.T.);
#1246 = EDGE_CURVE('',#1238,#1247,#1249,.T.);
#1247 = VERTEX_POINT('',#1248);
#1248 = CARTESIAN_POINT('',(69.477402,-158.025614,1.585));
#1249 = LINE('',#1250,#1251);
#1250 = CARTESIAN_POINT('',(69.474998,-158.236177,1.585));
#1251 = VECTOR('',#1252,1.);
#1252 = DIRECTION('',(1.141626656564E-02,0.999934832305,0.));
#1253 = ORIENTED_EDGE('',*,*,#1254,.T.);
#1254 = EDGE_CURVE('',#1247,#1255,#1257,.T.);
#1255 = VERTEX_POINT('',#1256);
#1256 = CARTESIAN_POINT('',(69.722598,-158.025614,1.585));
#1257 = CIRCLE('',#1258,0.1249997864);
#1258 = AXIS2_PLACEMENT_3D('',#1259,#1260,#1261);
#1259 = CARTESIAN_POINT('',(69.6,-158.05,1.585));
#1260 = DIRECTION('',(0.,0.,-1.));
#1261 = DIRECTION('',(-0.980785675968,0.195088333367,0.));
#1262 = ORIENTED_EDGE('',*,*,#1263,.T.);
#1263 = EDGE_CURVE('',#1255,#1264,#1266,.T.);
#1264 = VERTEX_POINT('',#1265);
#1265 = CARTESIAN_POINT('',(69.725,-158.150003,1.585));
#1266 = LINE('',#1267,#1268);
#1267 = CARTESIAN_POINT('',(69.722598,-158.025614,1.585));
#1268 = VECTOR('',#1269,1.);
#1269 = DIRECTION('',(1.93067898524E-02,-0.999813606562,0.));
#1270 = ORIENTED_EDGE('',*,*,#1271,.T.);
#1271 = EDGE_CURVE('',#1264,#1272,#1274,.T.);
#1272 = VERTEX_POINT('',#1273);
#1273 = CARTESIAN_POINT('',(68.6,-159.275,1.585));
#1274 = CIRCLE('',#1275,1.125022643542);
#1275 = AXIS2_PLACEMENT_3D('',#1276,#1277,#1278);
#1276 = CARTESIAN_POINT('',(68.59997735675,-158.1499773566,1.585));
#1277 = DIRECTION('',(0.,0.,-1.));
#1278 = DIRECTION('',(0.99999999974,-2.279359822568E-05,0.));
#1279 = ORIENTED_EDGE('',*,*,#1280,.T.);
#1280 = EDGE_CURVE('',#1272,#1281,#1283,.T.);
#1281 = VERTEX_POINT('',#1282);
#1282 = CARTESIAN_POINT('',(61.599997,-159.275,1.585));
#1283 = LINE('',#1284,#1285);
#1284 = CARTESIAN_POINT('',(68.6,-159.275,1.585));
#1285 = VECTOR('',#1286,1.);
#1286 = DIRECTION('',(-1.,0.,0.));
#1287 = ORIENTED_EDGE('',*,*,#1288,.T.);
#1288 = EDGE_CURVE('',#1281,#1289,#1291,.T.);
#1289 = VERTEX_POINT('',#1290);
#1290 = CARTESIAN_POINT('',(60.475,-158.15,1.585));
#1291 = CIRCLE('',#1292,1.125022643542);
#1292 = AXIS2_PLACEMENT_3D('',#1293,#1294,#1295);
#1293 = CARTESIAN_POINT('',(61.600022643314,-158.1499773567,1.585));
#1294 = DIRECTION('',(0.,0.,-1.));
#1295 = DIRECTION('',(-2.279359824462E-05,-0.99999999974,-0.));
#1296 = ORIENTED_EDGE('',*,*,#1297,.T.);
#1297 = EDGE_CURVE('',#1289,#1168,#1298,.T.);
#1298 = LINE('',#1299,#1300);
#1299 = CARTESIAN_POINT('',(60.475,-158.15,1.585));
#1300 = VECTOR('',#1301,1.);
#1301 = DIRECTION('',(0.,1.,0.));
#1302 = PLANE('',#1303);
#1303 = AXIS2_PLACEMENT_3D('',#1304,#1305,#1306);
#1304 = CARTESIAN_POINT('',(0.,0.,1.585));
#1305 = DIRECTION('',(0.,0.,1.));
#1306 = DIRECTION('',(1.,0.,-0.));
#1307 = SHELL_BASED_SURFACE_MODEL('',(#1308));
#1308 = OPEN_SHELL('',(#1309));
#1309 = ADVANCED_FACE('',(#1310),#1448,.T.);
#1310 = FACE_BOUND('',#1311,.F.);
#1311 = EDGE_LOOP('',(#1312,#1323,#1331,#1340,#1348,#1357,#1365,#1374,
    #1382,#1391,#1399,#1408,#1416,#1425,#1433,#1442));
#1312 = ORIENTED_EDGE('',*,*,#1313,.T.);
#1313 = EDGE_CURVE('',#1314,#1316,#1318,.T.);
#1314 = VERTEX_POINT('',#1315);
#1315 = CARTESIAN_POINT('',(78.025614,-120.122598,1.585));
#1316 = VERTEX_POINT('',#1317);
#1317 = CARTESIAN_POINT('',(78.025614,-119.877402,1.585));
#1318 = CIRCLE('',#1319,0.1249997864);
#1319 = AXIS2_PLACEMENT_3D('',#1320,#1321,#1322);
#1320 = CARTESIAN_POINT('',(78.05,-120.,1.585));
#1321 = DIRECTION('',(0.,0.,-1.));
#1322 = DIRECTION('',(-0.195088333367,-0.980785675968,-0.));
#1323 = ORIENTED_EDGE('',*,*,#1324,.T.);
#1324 = EDGE_CURVE('',#1316,#1325,#1327,.T.);
#1325 = VERTEX_POINT('',#1326);
#1326 = CARTESIAN_POINT('',(78.400002,-119.875,1.585));
#1327 = LINE('',#1328,#1329);
#1328 = CARTESIAN_POINT('',(78.025614,-119.877402,1.585));
#1329 = VECTOR('',#1330,1.);
#1330 = DIRECTION('',(0.999979419365,6.415671884033E-03,0.));
#1331 = ORIENTED_EDGE('',*,*,#1332,.T.);
#1332 = EDGE_CURVE('',#1325,#1333,#1335,.T.);
#1333 = VERTEX_POINT('',#1334);
#1334 = CARTESIAN_POINT('',(79.525,-121.,1.585));
#1335 = CIRCLE('',#1336,1.1250226435);
#1336 = AXIS2_PLACEMENT_3D('',#1337,#1338,#1339);
#1337 = CARTESIAN_POINT('',(78.399977356728,-121.0000226432,1.585));
#1338 = DIRECTION('',(0.,0.,-1.));
#1339 = DIRECTION('',(2.190469003057E-05,0.99999999976,0.));
#1340 = ORIENTED_EDGE('',*,*,#1341,.T.);
#1341 = EDGE_CURVE('',#1333,#1342,#1344,.T.);
#1342 = VERTEX_POINT('',#1343);
#1343 = CARTESIAN_POINT('',(79.525,-158.150003,1.585));
#1344 = LINE('',#1345,#1346);
#1345 = CARTESIAN_POINT('',(79.525,-121.,1.585));
#1346 = VECTOR('',#1347,1.);
#1347 = DIRECTION('',(0.,-1.,0.));
#1348 = ORIENTED_EDGE('',*,*,#1349,.T.);
#1349 = EDGE_CURVE('',#1342,#1350,#1352,.T.);
#1350 = VERTEX_POINT('',#1351);
#1351 = CARTESIAN_POINT('',(78.4,-159.275,1.585));
#1352 = CIRCLE('',#1353,1.125022643542);
#1353 = AXIS2_PLACEMENT_3D('',#1354,#1355,#1356);
#1354 = CARTESIAN_POINT('',(78.39997735675,-158.1499773566,1.585));
#1355 = DIRECTION('',(0.,0.,-1.));
#1356 = DIRECTION('',(0.99999999974,-2.279359825094E-05,0.));
#1357 = ORIENTED_EDGE('',*,*,#1358,.T.);
#1358 = EDGE_CURVE('',#1350,#1359,#1361,.T.);
#1359 = VERTEX_POINT('',#1360);
#1360 = CARTESIAN_POINT('',(71.399997,-159.275,1.585));
#1361 = LINE('',#1362,#1363);
#1362 = CARTESIAN_POINT('',(78.4,-159.275,1.585));
#1363 = VECTOR('',#1364,1.);
#1364 = DIRECTION('',(-1.,0.,0.));
#1365 = ORIENTED_EDGE('',*,*,#1366,.T.);
#1366 = EDGE_CURVE('',#1359,#1367,#1369,.T.);
#1367 = VERTEX_POINT('',#1368);
#1368 = CARTESIAN_POINT('',(70.275,-158.15,1.585));
#1369 = CIRCLE('',#1370,1.125022643542);
#1370 = AXIS2_PLACEMENT_3D('',#1371,#1372,#1373);
#1371 = CARTESIAN_POINT('',(71.400022643314,-158.1499773567,1.585));
#1372 = DIRECTION('',(0.,0.,-1.));
#1373 = DIRECTION('',(-2.279359823831E-05,-0.99999999974,-0.));
#1374 = ORIENTED_EDGE('',*,*,#1375,.T.);
#1375 = EDGE_CURVE('',#1367,#1376,#1378,.T.);
#1376 = VERTEX_POINT('',#1377);
#1377 = CARTESIAN_POINT('',(70.277402,-158.025614,1.585));
#1378 = LINE('',#1379,#1380);
#1379 = CARTESIAN_POINT('',(70.275,-158.15,1.585));
#1380 = VECTOR('',#1381,1.);
#1381 = DIRECTION('',(1.930725532905E-02,0.999813597573,0.));
#1382 = ORIENTED_EDGE('',*,*,#1383,.T.);
#1383 = EDGE_CURVE('',#1376,#1384,#1386,.T.);
#1384 = VERTEX_POINT('',#1385);
#1385 = CARTESIAN_POINT('',(70.522598,-158.025614,1.585));
#1386 = CIRCLE('',#1387,0.1249997864);
#1387 = AXIS2_PLACEMENT_3D('',#1388,#1389,#1390);
#1388 = CARTESIAN_POINT('',(70.4,-158.05,1.585));
#1389 = DIRECTION('',(0.,0.,-1.));
#1390 = DIRECTION('',(-0.980785675968,0.195088333367,0.));
#1391 = ORIENTED_EDGE('',*,*,#1392,.T.);
#1392 = EDGE_CURVE('',#1384,#1393,#1395,.T.);
#1393 = VERTEX_POINT('',#1394);
#1394 = CARTESIAN_POINT('',(70.525002,-158.236177,1.585));
#1395 = LINE('',#1396,#1397);
#1396 = CARTESIAN_POINT('',(70.522598,-158.025614,1.585));
#1397 = VECTOR('',#1398,1.);
#1398 = DIRECTION('',(1.141626656564E-02,-0.999934832305,0.));
#1399 = ORIENTED_EDGE('',*,*,#1400,.T.);
#1400 = EDGE_CURVE('',#1393,#1401,#1403,.T.);
#1401 = VERTEX_POINT('',#1402);
#1402 = CARTESIAN_POINT('',(71.313823,-159.024998,1.585));
#1403 = CIRCLE('',#1404,0.879255247702);
#1404 = AXIS2_PLACEMENT_3D('',#1405,#1406,#1407);
#1405 = CARTESIAN_POINT('',(71.400021751675,-158.1499782483,1.585));
#1406 = DIRECTION('',(0.,0.,1.));
#1407 = DIRECTION('',(-0.995182859541,-9.803609577583E-02,0.));
#1408 = ORIENTED_EDGE('',*,*,#1409,.T.);
#1409 = EDGE_CURVE('',#1401,#1410,#1412,.T.);
#1410 = VERTEX_POINT('',#1411);
#1411 = CARTESIAN_POINT('',(78.486177,-159.024998,1.585));
#1412 = LINE('',#1413,#1414);
#1413 = CARTESIAN_POINT('',(71.313823,-159.024998,1.585));
#1414 = VECTOR('',#1415,1.);
#1415 = DIRECTION('',(1.,0.,0.));
#1416 = ORIENTED_EDGE('',*,*,#1417,.T.);
#1417 = EDGE_CURVE('',#1410,#1418,#1420,.T.);
#1418 = VERTEX_POINT('',#1419);
#1419 = CARTESIAN_POINT('',(79.274998,-158.236177,1.585));
#1420 = CIRCLE('',#1421,0.879255247702);
#1421 = AXIS2_PLACEMENT_3D('',#1422,#1423,#1424);
#1422 = CARTESIAN_POINT('',(78.399978248325,-158.1499782483,1.585));
#1423 = DIRECTION('',(0.,0.,1.));
#1424 = DIRECTION('',(9.803609577586E-02,-0.995182859541,0.));
#1425 = ORIENTED_EDGE('',*,*,#1426,.T.);
#1426 = EDGE_CURVE('',#1418,#1427,#1429,.T.);
#1427 = VERTEX_POINT('',#1428);
#1428 = CARTESIAN_POINT('',(79.274998,-120.913823,1.585));
#1429 = LINE('',#1430,#1431);
#1430 = CARTESIAN_POINT('',(79.274998,-158.236177,1.585));
#1431 = VECTOR('',#1432,1.);
#1432 = DIRECTION('',(0.,1.,0.));
#1433 = ORIENTED_EDGE('',*,*,#1434,.T.);
#1434 = EDGE_CURVE('',#1427,#1435,#1437,.T.);
#1435 = VERTEX_POINT('',#1436);
#1436 = CARTESIAN_POINT('',(78.486177,-120.125002,1.585));
#1437 = CIRCLE('',#1438,0.879255247702);
#1438 = AXIS2_PLACEMENT_3D('',#1439,#1440,#1441);
#1439 = CARTESIAN_POINT('',(78.399978248325,-121.0000217516,1.585));
#1440 = DIRECTION('',(0.,0.,1.));
#1441 = DIRECTION('',(0.995182859541,9.80360957758E-02,-0.));
#1442 = ORIENTED_EDGE('',*,*,#1443,.T.);
#1443 = EDGE_CURVE('',#1435,#1314,#1444,.T.);
#1444 = LINE('',#1445,#1446);
#1445 = CARTESIAN_POINT('',(78.486177,-120.125002,1.585));
#1446 = VECTOR('',#1447,1.);
#1447 = DIRECTION('',(-0.999986377652,5.219627394893E-03,0.));
#1448 = PLANE('',#1449);
#1449 = AXIS2_PLACEMENT_3D('',#1450,#1451,#1452);
#1450 = CARTESIAN_POINT('',(0.,0.,1.585));
#1451 = DIRECTION('',(0.,0.,1.));
#1452 = DIRECTION('',(1.,0.,-0.));
#1453 = SHELL_BASED_SURFACE_MODEL('',(#1454));
#1454 = OPEN_SHELL('',(#1455));
#1455 = ADVANCED_FACE('',(#1456,#1650),#1720,.T.);
#1456 = FACE_BOUND('',#1457,.F.);
#1457 = EDGE_LOOP('',(#1458,#1468,#1476,#1484,#1492,#1500,#1508,#1516,
    #1524,#1532,#1540,#1548,#1556,#1564,#1572,#1580,#1588,#1596,#1604,
    #1612,#1620,#1628,#1636,#1644));
#1458 = ORIENTED_EDGE('',*,*,#1459,.T.);
#1459 = EDGE_CURVE('',#1460,#1462,#1464,.T.);
#1460 = VERTEX_POINT('',#1461);
#1461 = CARTESIAN_POINT('',(61.87857,-156.454124,1.585));
#1462 = VERTEX_POINT('',#1463);
#1463 = CARTESIAN_POINT('',(62.065924,-156.361971,1.585));
#1464 = LINE('',#1465,#1466);
#1465 = CARTESIAN_POINT('',(61.87857,-156.454124,1.585));
#1466 = VECTOR('',#1467,1.);
#1467 = DIRECTION('',(0.897327795127,0.441364733629,0.));
#1468 = ORIENTED_EDGE('',*,*,#1469,.T.);
#1469 = EDGE_CURVE('',#1462,#1470,#1472,.T.);
#1470 = VERTEX_POINT('',#1471);
#1471 = CARTESIAN_POINT('',(62.097619,-156.35771,1.585));
#1472 = LINE('',#1473,#1474);
#1473 = CARTESIAN_POINT('',(62.065924,-156.361971,1.585));
#1474 = VECTOR('',#1475,1.);
#1475 = DIRECTION('',(0.991083942394,0.133238954995,0.));
#1476 = ORIENTED_EDGE('',*,*,#1477,.T.);
#1477 = EDGE_CURVE('',#1470,#1478,#1480,.T.);
#1478 = VERTEX_POINT('',#1479);
#1479 = CARTESIAN_POINT('',(62.425792,-156.360016,1.585));
#1480 = LINE('',#1481,#1482);
#1481 = CARTESIAN_POINT('',(62.097619,-156.35771,1.585));
#1482 = VECTOR('',#1483,1.);
#1483 = DIRECTION('',(0.999975313084,-7.026608136491E-03,0.));
#1484 = ORIENTED_EDGE('',*,*,#1485,.T.);
#1485 = EDGE_CURVE('',#1478,#1486,#1488,.T.);
#1486 = VERTEX_POINT('',#1487);
#1487 = CARTESIAN_POINT('',(62.456046,-156.370379,1.585));
#1488 = LINE('',#1489,#1490);
#1489 = CARTESIAN_POINT('',(62.425792,-156.360016,1.585));
#1490 = VECTOR('',#1491,1.);
#1491 = DIRECTION('',(0.946039921511,-0.32405009938,0.));
#1492 = ORIENTED_EDGE('',*,*,#1493,.T.);
#1493 = EDGE_CURVE('',#1486,#1494,#1496,.T.);
#1494 = VERTEX_POINT('',#1495);
#1495 = CARTESIAN_POINT('',(62.628336,-156.459101,1.585));
#1496 = LINE('',#1497,#1498);
#1497 = CARTESIAN_POINT('',(62.456046,-156.370379,1.585));
#1498 = VECTOR('',#1499,1.);
#1499 = DIRECTION('',(0.889044826057,-0.457820158207,0.));
#1500 = ORIENTED_EDGE('',*,*,#1501,.T.);
#1501 = EDGE_CURVE('',#1494,#1502,#1504,.T.);
#1502 = VERTEX_POINT('',#1503);
#1503 = CARTESIAN_POINT('',(62.806919,-156.639613,1.585));
#1504 = LINE('',#1505,#1506);
#1505 = CARTESIAN_POINT('',(62.628336,-156.459101,1.585));
#1506 = VECTOR('',#1507,1.);
#1507 = DIRECTION('',(0.7032981711,-0.71089498699,0.));
#1508 = ORIENTED_EDGE('',*,*,#1509,.T.);
#1509 = EDGE_CURVE('',#1502,#1510,#1512,.T.);
#1510 = VERTEX_POINT('',#1511);
#1511 = CARTESIAN_POINT('',(62.82356,-156.677177,1.585));
#1512 = LINE('',#1513,#1514);
#1513 = CARTESIAN_POINT('',(62.806919,-156.639613,1.585));
#1514 = VECTOR('',#1515,1.);
#1515 = DIRECTION('',(0.405038364913,-0.914299689898,0.));
#1516 = ORIENTED_EDGE('',*,*,#1517,.T.);
#1517 = EDGE_CURVE('',#1510,#1518,#1520,.T.);
#1518 = VERTEX_POINT('',#1519);
#1519 = CARTESIAN_POINT('',(62.90293,-157.006958,1.585));
#1520 = LINE('',#1521,#1522);
#1521 = CARTESIAN_POINT('',(62.82356,-156.677177,1.585));
#1522 = VECTOR('',#1523,1.);
#1523 = DIRECTION('',(0.233993306312,-0.972238207746,0.));
#1524 = ORIENTED_EDGE('',*,*,#1525,.T.);
#1525 = EDGE_CURVE('',#1518,#1526,#1528,.T.);
#1526 = VERTEX_POINT('',#1527);
#1527 = CARTESIAN_POINT('',(62.90035,-157.569421,1.585));
#1528 = LINE('',#1529,#1530);
#1529 = CARTESIAN_POINT('',(62.90293,-157.006958,1.585));
#1530 = VECTOR('',#1531,1.);
#1531 = DIRECTION('',(-4.586920132459E-03,-0.999989480027,0.));
#1532 = ORIENTED_EDGE('',*,*,#1533,.T.);
#1533 = EDGE_CURVE('',#1526,#1534,#1536,.T.);
#1534 = VERTEX_POINT('',#1535);
#1535 = CARTESIAN_POINT('',(62.815645,-157.900396,1.585));
#1536 = LINE('',#1537,#1538);
#1537 = CARTESIAN_POINT('',(62.90035,-157.569421,1.585));
#1538 = VECTOR('',#1539,1.);
#1539 = DIRECTION('',(-0.247934833215,-0.968776712395,0.));
#1540 = ORIENTED_EDGE('',*,*,#1541,.T.);
#1541 = EDGE_CURVE('',#1534,#1542,#1544,.T.);
#1542 = VERTEX_POINT('',#1543);
#1543 = CARTESIAN_POINT('',(62.791996,-157.933992,1.585));
#1544 = LINE('',#1545,#1546);
#1545 = CARTESIAN_POINT('',(62.815645,-157.900396,1.585));
#1546 = VECTOR('',#1547,1.);
#1547 = DIRECTION('',(-0.575613379867,-0.81772198021,0.));
#1548 = ORIENTED_EDGE('',*,*,#1549,.T.);
#1549 = EDGE_CURVE('',#1542,#1550,#1552,.T.);
#1550 = VERTEX_POINT('',#1551);
#1551 = CARTESIAN_POINT('',(62.62143,-158.101296,1.585));
#1552 = LINE('',#1553,#1554);
#1553 = CARTESIAN_POINT('',(62.791996,-157.933992,1.585));
#1554 = VECTOR('',#1555,1.);
#1555 = DIRECTION('',(-0.713900343919,-0.700247312706,0.));
#1556 = ORIENTED_EDGE('',*,*,#1557,.T.);
#1557 = EDGE_CURVE('',#1550,#1558,#1560,.T.);
#1558 = VERTEX_POINT('',#1559);
#1559 = CARTESIAN_POINT('',(62.434076,-158.193449,1.585));
#1560 = LINE('',#1561,#1562);
#1561 = CARTESIAN_POINT('',(62.62143,-158.101296,1.585));
#1562 = VECTOR('',#1563,1.);
#1563 = DIRECTION('',(-0.897327795127,-0.441364733629,0.));
#1564 = ORIENTED_EDGE('',*,*,#1565,.T.);
#1565 = EDGE_CURVE('',#1558,#1566,#1568,.T.);
#1566 = VERTEX_POINT('',#1567);
#1567 = CARTESIAN_POINT('',(62.402381,-158.19771,1.585));
#1568 = LINE('',#1569,#1570);
#1569 = CARTESIAN_POINT('',(62.434076,-158.193449,1.585));
#1570 = VECTOR('',#1571,1.);
#1571 = DIRECTION('',(-0.991083942394,-0.133238954995,0.));
#1572 = ORIENTED_EDGE('',*,*,#1573,.T.);
#1573 = EDGE_CURVE('',#1566,#1574,#1576,.T.);
#1574 = VERTEX_POINT('',#1575);
#1575 = CARTESIAN_POINT('',(62.074208,-158.195404,1.585));
#1576 = LINE('',#1577,#1578);
#1577 = CARTESIAN_POINT('',(62.402381,-158.19771,1.585));
#1578 = VECTOR('',#1579,1.);
#1579 = DIRECTION('',(-0.999975313084,7.026608136491E-03,0.));
#1580 = ORIENTED_EDGE('',*,*,#1581,.T.);
#1581 = EDGE_CURVE('',#1574,#1582,#1584,.T.);
#1582 = VERTEX_POINT('',#1583);
#1583 = CARTESIAN_POINT('',(62.043954,-158.185041,1.585));
#1584 = LINE('',#1585,#1586);
#1585 = CARTESIAN_POINT('',(62.074208,-158.195404,1.585));
#1586 = VECTOR('',#1587,1.);
#1587 = DIRECTION('',(-0.946039921511,0.324050099379,0.));
#1588 = ORIENTED_EDGE('',*,*,#1589,.T.);
#1589 = EDGE_CURVE('',#1582,#1590,#1592,.T.);
#1590 = VERTEX_POINT('',#1591);
#1591 = CARTESIAN_POINT('',(61.871664,-158.096319,1.585));
#1592 = LINE('',#1593,#1594);
#1593 = CARTESIAN_POINT('',(62.043954,-158.185041,1.585));
#1594 = VECTOR('',#1595,1.);
#1595 = DIRECTION('',(-0.889044826057,0.457820158207,0.));
#1596 = ORIENTED_EDGE('',*,*,#1597,.T.);
#1597 = EDGE_CURVE('',#1590,#1598,#1600,.T.);
#1598 = VERTEX_POINT('',#1599);
#1599 = CARTESIAN_POINT('',(61.693081,-157.915807,1.585));
#1600 = LINE('',#1601,#1602);
#1601 = CARTESIAN_POINT('',(61.871664,-158.096319,1.585));
#1602 = VECTOR('',#1603,1.);
#1603 = DIRECTION('',(-0.7032981711,0.71089498699,0.));
#1604 = ORIENTED_EDGE('',*,*,#1605,.T.);
#1605 = EDGE_CURVE('',#1598,#1606,#1608,.T.);
#1606 = VERTEX_POINT('',#1607);
#1607 = CARTESIAN_POINT('',(61.67644,-157.878244,1.585));
#1608 = LINE('',#1609,#1610);
#1609 = CARTESIAN_POINT('',(61.693081,-157.915807,1.585));
#1610 = VECTOR('',#1611,1.);
#1611 = DIRECTION('',(-0.40504737876,0.914295696676,0.));
#1612 = ORIENTED_EDGE('',*,*,#1613,.T.);
#1613 = EDGE_CURVE('',#1606,#1614,#1616,.T.);
#1614 = VERTEX_POINT('',#1615);
#1615 = CARTESIAN_POINT('',(61.597068,-157.548461,1.585));
#1616 = LINE('',#1617,#1618);
#1617 = CARTESIAN_POINT('',(61.67644,-157.878244,1.585));
#1618 = VECTOR('',#1619,1.);
#1619 = DIRECTION('',(-0.233997538324,0.972237189197,0.));
#1620 = ORIENTED_EDGE('',*,*,#1621,.T.);
#1621 = EDGE_CURVE('',#1614,#1622,#1624,.T.);
#1622 = VERTEX_POINT('',#1623);
#1623 = CARTESIAN_POINT('',(61.599648,-156.985998,1.585));
#1624 = LINE('',#1625,#1626);
#1625 = CARTESIAN_POINT('',(61.597068,-157.548461,1.585));
#1626 = VECTOR('',#1627,1.);
#1627 = DIRECTION('',(4.586920132471E-03,0.999989480027,0.));
#1628 = ORIENTED_EDGE('',*,*,#1629,.T.);
#1629 = EDGE_CURVE('',#1622,#1630,#1632,.T.);
#1630 = VERTEX_POINT('',#1631);
#1631 = CARTESIAN_POINT('',(61.684355,-156.655023,1.585));
#1632 = LINE('',#1633,#1634);
#1633 = CARTESIAN_POINT('',(61.599648,-156.985998,1.585));
#1634 = VECTOR('',#1635,1.);
#1635 = DIRECTION('',(0.247940327421,0.96877530627,0.));
#1636 = ORIENTED_EDGE('',*,*,#1637,.T.);
#1637 = EDGE_CURVE('',#1630,#1638,#1640,.T.);
#1638 = VERTEX_POINT('',#1639);
#1639 = CARTESIAN_POINT('',(61.708004,-156.621428,1.585));
#1640 = LINE('',#1641,#1642);
#1641 = CARTESIAN_POINT('',(61.684355,-156.655023,1.585));
#1642 = VECTOR('',#1643,1.);
#1643 = DIRECTION('',(0.575624836609,0.817713915424,0.));
#1644 = ORIENTED_EDGE('',*,*,#1645,.T.);
#1645 = EDGE_CURVE('',#1638,#1460,#1646,.T.);
#1646 = LINE('',#1647,#1648);
#1647 = CARTESIAN_POINT('',(61.708004,-156.621428,1.585));
#1648 = VECTOR('',#1649,1.);
#1649 = DIRECTION('',(0.713900343919,0.700247312706,0.));
#1650 = FACE_BOUND('',#1651,.F.);
#1651 = EDGE_LOOP('',(#1652,#1663,#1671,#1680,#1688,#1697,#1705,#1714));
#1652 = ORIENTED_EDGE('',*,*,#1653,.T.);
#1653 = EDGE_CURVE('',#1654,#1656,#1658,.T.);
#1654 = VERTEX_POINT('',#1655);
#1655 = CARTESIAN_POINT('',(62.483677,-156.652521,1.585));
#1656 = VERTEX_POINT('',#1657);
#1657 = CARTESIAN_POINT('',(62.016322,-156.652521,1.585));
#1658 = CIRCLE('',#1659,0.40462874567);
#1659 = AXIS2_PLACEMENT_3D('',#1660,#1661,#1662);
#1660 = CARTESIAN_POINT('',(62.2499995,-156.9828530266,1.585));
#1661 = DIRECTION('',(0.,0.,1.));
#1662 = DIRECTION('',(0.577510872623,0.816382993455,-0.));
#1663 = ORIENTED_EDGE('',*,*,#1664,.T.);
#1664 = EDGE_CURVE('',#1656,#1665,#1667,.T.);
#1665 = VERTEX_POINT('',#1666);
#1666 = CARTESIAN_POINT('',(61.901212,-156.767631,1.585));
#1667 = LINE('',#1668,#1669);
#1668 = CARTESIAN_POINT('',(62.016322,-156.652521,1.585));
#1669 = VECTOR('',#1670,1.);
#1670 = DIRECTION('',(-0.707106781187,-0.707106781187,0.));
#1671 = ORIENTED_EDGE('',*,*,#1672,.T.);
#1672 = EDGE_CURVE('',#1665,#1673,#1675,.T.);
#1673 = VERTEX_POINT('',#1674);
#1674 = CARTESIAN_POINT('',(61.901212,-157.787788,1.585));
#1675 = CIRCLE('',#1676,1.576473410842);
#1676 = AXIS2_PLACEMENT_3D('',#1677,#1678,#1679);
#1677 = CARTESIAN_POINT('',(63.392885,-157.2777095,1.585));
#1678 = DIRECTION('',(0.,0.,1.));
#1679 = DIRECTION('',(-0.946208790926,0.323556678148,0.));
#1680 = ORIENTED_EDGE('',*,*,#1681,.T.);
#1681 = EDGE_CURVE('',#1673,#1682,#1684,.T.);
#1682 = VERTEX_POINT('',#1683);
#1683 = CARTESIAN_POINT('',(62.016322,-157.902898,1.585));
#1684 = LINE('',#1685,#1686);
#1685 = CARTESIAN_POINT('',(61.901212,-157.787788,1.585));
#1686 = VECTOR('',#1687,1.);
#1687 = DIRECTION('',(0.707106781187,-0.707106781187,0.));
#1688 = ORIENTED_EDGE('',*,*,#1689,.T.);
#1689 = EDGE_CURVE('',#1682,#1690,#1692,.T.);
#1690 = VERTEX_POINT('',#1691);
#1691 = CARTESIAN_POINT('',(62.483677,-157.902898,1.585));
#1692 = CIRCLE('',#1693,0.404623009271);
#1693 = AXIS2_PLACEMENT_3D('',#1694,#1695,#1696);
#1694 = CARTESIAN_POINT('',(62.2499995,-157.572573,1.585));
#1695 = DIRECTION('',(0.,0.,1.));
#1696 = DIRECTION('',(-0.577519060078,-0.816377201572,0.));
#1697 = ORIENTED_EDGE('',*,*,#1698,.T.);
#1698 = EDGE_CURVE('',#1690,#1699,#1701,.T.);
#1699 = VERTEX_POINT('',#1700);
#1700 = CARTESIAN_POINT('',(62.598787,-157.787788,1.585));
#1701 = LINE('',#1702,#1703);
#1702 = CARTESIAN_POINT('',(62.483677,-157.902898,1.585));
#1703 = VECTOR('',#1704,1.);
#1704 = DIRECTION('',(0.707106781187,0.707106781187,0.));
#1705 = ORIENTED_EDGE('',*,*,#1706,.T.);
#1706 = EDGE_CURVE('',#1699,#1707,#1709,.T.);
#1707 = VERTEX_POINT('',#1708);
#1708 = CARTESIAN_POINT('',(62.598787,-156.767631,1.585));
#1709 = CIRCLE('',#1710,1.576469718201);
#1710 = AXIS2_PLACEMENT_3D('',#1711,#1712,#1713);
#1711 = CARTESIAN_POINT('',(61.107117902566,-157.2777095,1.585));
#1712 = DIRECTION('',(0.,-0.,1.));
#1713 = DIRECTION('',(0.946208531768,-0.32355743603,-0.));
#1714 = ORIENTED_EDGE('',*,*,#1715,.T.);
#1715 = EDGE_CURVE('',#1707,#1654,#1716,.T.);
#1716 = LINE('',#1717,#1718);
#1717 = CARTESIAN_POINT('',(62.598787,-156.767631,1.585));
#1718 = VECTOR('',#1719,1.);
#1719 = DIRECTION('',(-0.707106781187,0.707106781187,0.));
#1720 = PLANE('',#1721);
#1721 = AXIS2_PLACEMENT_3D('',#1722,#1723,#1724);
#1722 = CARTESIAN_POINT('',(0.,0.,1.585));
#1723 = DIRECTION('',(0.,0.,1.));
#1724 = DIRECTION('',(1.,0.,-0.));
#1725 = SHELL_BASED_SURFACE_MODEL('',(#1726));
#1726 = OPEN_SHELL('',(#1727));
#1727 = ADVANCED_FACE('',(#1728),#1910,.T.);
#1728 = FACE_BOUND('',#1729,.F.);
#1729 = EDGE_LOOP('',(#1730,#1741,#1749,#1758,#1766,#1775,#1783,#1792,
    #1800,#1808,#1816,#1824,#1832,#1840,#1848,#1856,#1864,#1872,#1880,
    #1888,#1896,#1904));
#1730 = ORIENTED_EDGE('',*,*,#1731,.T.);
#1731 = EDGE_CURVE('',#1732,#1734,#1736,.T.);
#1732 = VERTEX_POINT('',#1733);
#1733 = CARTESIAN_POINT('',(63.426189,-156.377934,1.585));
#1734 = VERTEX_POINT('',#1735);
#1735 = CARTESIAN_POINT('',(63.610551,-156.454299,1.585));
#1736 = CIRCLE('',#1737,0.119999904712);
#1737 = AXIS2_PLACEMENT_3D('',#1738,#1739,#1740);
#1738 = CARTESIAN_POINT('',(63.492857,-156.4777105248,1.585));
#1739 = DIRECTION('',(0.,0.,-1.));
#1740 = DIRECTION('',(-0.555567107826,0.831471700482,0.));
#1741 = ORIENTED_EDGE('',*,*,#1742,.T.);
#1742 = EDGE_CURVE('',#1734,#1743,#1745,.T.);
#1743 = VERTEX_POINT('',#1744);
#1744 = CARTESIAN_POINT('',(63.612857,-157.744621,1.585));
#1745 = LINE('',#1746,#1747);
#1746 = CARTESIAN_POINT('',(63.610551,-156.454299,1.585));
#1747 = VECTOR('',#1748,1.);
#1748 = DIRECTION('',(1.787147950225E-03,-0.99999840305,0.));
#1749 = ORIENTED_EDGE('',*,*,#1750,.T.);
#1750 = EDGE_CURVE('',#1743,#1751,#1753,.T.);
#1751 = VERTEX_POINT('',#1752);
#1752 = CARTESIAN_POINT('',(63.825946,-157.95771,1.585));
#1753 = CIRCLE('',#1754,0.29898309155);
#1754 = AXIS2_PLACEMENT_3D('',#1755,#1756,#1757);
#1755 = CARTESIAN_POINT('',(63.902004112348,-157.6685628876,1.585));
#1756 = DIRECTION('',(0.,0.,1.));
#1757 = DIRECTION('',(-0.967101888098,-0.254389343402,0.));
#1758 = ORIENTED_EDGE('',*,*,#1759,.T.);
#1759 = EDGE_CURVE('',#1751,#1760,#1762,.T.);
#1760 = VERTEX_POINT('',#1761);
#1761 = CARTESIAN_POINT('',(64.074054,-157.95771,1.585));
#1762 = LINE('',#1763,#1764);
#1763 = CARTESIAN_POINT('',(63.825946,-157.95771,1.585));
#1764 = VECTOR('',#1765,1.);
#1765 = DIRECTION('',(1.,0.,0.));
#1766 = ORIENTED_EDGE('',*,*,#1767,.T.);
#1767 = EDGE_CURVE('',#1760,#1768,#1770,.T.);
#1768 = VERTEX_POINT('',#1769);
#1769 = CARTESIAN_POINT('',(64.287143,-157.744619,1.585));
#1770 = CIRCLE('',#1771,0.298982613487);
#1771 = AXIS2_PLACEMENT_3D('',#1772,#1773,#1774);
#1772 = CARTESIAN_POINT('',(63.997995713848,-157.6685634276,1.585));
#1773 = DIRECTION('',(0.,0.,1.));
#1774 = DIRECTION('',(0.254390331481,-0.967101628191,0.));
#1775 = ORIENTED_EDGE('',*,*,#1776,.T.);
#1776 = EDGE_CURVE('',#1768,#1777,#1779,.T.);
#1777 = VERTEX_POINT('',#1778);
#1778 = CARTESIAN_POINT('',(64.289449,-156.454299,1.585));
#1779 = LINE('',#1780,#1781);
#1780 = CARTESIAN_POINT('',(64.287143,-157.744619,1.585));
#1781 = VECTOR('',#1782,1.);
#1782 = DIRECTION('',(1.787150720306E-03,0.999998403045,0.));
#1783 = ORIENTED_EDGE('',*,*,#1784,.T.);
#1784 = EDGE_CURVE('',#1777,#1785,#1787,.T.);
#1785 = VERTEX_POINT('',#1786);
#1786 = CARTESIAN_POINT('',(64.524837,-156.454299,1.585));
#1787 = CIRCLE('',#1788,0.119999802321);
#1788 = AXIS2_PLACEMENT_3D('',#1789,#1790,#1791);
#1789 = CARTESIAN_POINT('',(64.407143,-156.47771,1.585));
#1790 = DIRECTION('',(0.,0.,-1.));
#1791 = DIRECTION('',(-0.980784949008,0.195091988047,0.));
#1792 = ORIENTED_EDGE('',*,*,#1793,.T.);
#1793 = EDGE_CURVE('',#1785,#1794,#1796,.T.);
#1794 = VERTEX_POINT('',#1795);
#1795 = CARTESIAN_POINT('',(64.524837,-157.796359,1.585));
#1796 = LINE('',#1797,#1798);
#1797 = CARTESIAN_POINT('',(64.524837,-156.454299,1.585));
#1798 = VECTOR('',#1799,1.);
#1799 = DIRECTION('',(0.,-1.,0.));
#1800 = ORIENTED_EDGE('',*,*,#1801,.T.);
#1801 = EDGE_CURVE('',#1794,#1802,#1804,.T.);
#1802 = VERTEX_POINT('',#1803);
#1803 = CARTESIAN_POINT('',(64.514474,-157.826614,1.585));
#1804 = LINE('',#1805,#1806);
#1805 = CARTESIAN_POINT('',(64.524837,-157.796359,1.585));
#1806 = VECTOR('',#1807,1.);
#1807 = DIRECTION('',(-0.324040513406,-0.946043204971,0.));
#1808 = ORIENTED_EDGE('',*,*,#1809,.T.);
#1809 = EDGE_CURVE('',#1802,#1810,#1812,.T.);
#1810 = VERTEX_POINT('',#1811);
#1811 = CARTESIAN_POINT('',(64.425751,-157.998903,1.585));
#1812 = LINE('',#1813,#1814);
#1813 = CARTESIAN_POINT('',(64.514474,-157.826614,1.585));
#1814 = VECTOR('',#1815,1.);
#1815 = DIRECTION('',(-0.457826337112,-0.889041644158,0.));
#1816 = ORIENTED_EDGE('',*,*,#1817,.T.);
#1817 = EDGE_CURVE('',#1810,#1818,#1820,.T.);
#1818 = VERTEX_POINT('',#1819);
#1819 = CARTESIAN_POINT('',(64.321431,-158.101296,1.585));
#1820 = LINE('',#1821,#1822);
#1821 = CARTESIAN_POINT('',(64.425751,-157.998903,1.585));
#1822 = VECTOR('',#1823,1.);
#1823 = DIRECTION('',(-0.713667495097,-0.70048462256,0.));
#1824 = ORIENTED_EDGE('',*,*,#1825,.T.);
#1825 = EDGE_CURVE('',#1818,#1826,#1828,.T.);
#1826 = VERTEX_POINT('',#1827);
#1827 = CARTESIAN_POINT('',(64.134076,-158.193449,1.585));
#1828 = LINE('',#1829,#1830);
#1829 = CARTESIAN_POINT('',(64.321431,-158.101296,1.585));
#1830 = VECTOR('',#1831,1.);
#1831 = DIRECTION('',(-0.897328728125,-0.441362836769,0.));
#1832 = ORIENTED_EDGE('',*,*,#1833,.T.);
#1833 = EDGE_CURVE('',#1826,#1834,#1836,.T.);
#1834 = VERTEX_POINT('',#1835);
#1835 = CARTESIAN_POINT('',(64.102381,-158.19771,1.585));
#1836 = LINE('',#1837,#1838);
#1837 = CARTESIAN_POINT('',(64.134076,-158.193449,1.585));
#1838 = VECTOR('',#1839,1.);
#1839 = DIRECTION('',(-0.991083942394,-0.133238954995,0.));
#1840 = ORIENTED_EDGE('',*,*,#1841,.T.);
#1841 = EDGE_CURVE('',#1834,#1842,#1844,.T.);
#1842 = VERTEX_POINT('',#1843);
#1843 = CARTESIAN_POINT('',(63.774208,-158.195404,1.585));
#1844 = LINE('',#1845,#1846);
#1845 = CARTESIAN_POINT('',(64.102381,-158.19771,1.585));
#1846 = VECTOR('',#1847,1.);
#1847 = DIRECTION('',(-0.999975313084,7.026608136492E-03,0.));
#1848 = ORIENTED_EDGE('',*,*,#1849,.T.);
#1849 = EDGE_CURVE('',#1842,#1850,#1852,.T.);
#1850 = VERTEX_POINT('',#1851);
#1851 = CARTESIAN_POINT('',(63.743954,-158.185041,1.585));
#1852 = LINE('',#1853,#1854);
#1853 = CARTESIAN_POINT('',(63.774208,-158.195404,1.585));
#1854 = VECTOR('',#1855,1.);
#1855 = DIRECTION('',(-0.946039921511,0.324050099379,0.));
#1856 = ORIENTED_EDGE('',*,*,#1857,.T.);
#1857 = EDGE_CURVE('',#1850,#1858,#1860,.T.);
#1858 = VERTEX_POINT('',#1859);
#1859 = CARTESIAN_POINT('',(63.571664,-158.096319,1.585));
#1860 = LINE('',#1861,#1862);
#1861 = CARTESIAN_POINT('',(63.743954,-158.185041,1.585));
#1862 = VECTOR('',#1863,1.);
#1863 = DIRECTION('',(-0.889044826057,0.457820158207,0.));
#1864 = ORIENTED_EDGE('',*,*,#1865,.T.);
#1865 = EDGE_CURVE('',#1858,#1866,#1868,.T.);
#1866 = VERTEX_POINT('',#1867);
#1867 = CARTESIAN_POINT('',(63.469271,-157.991997,1.585));
#1868 = LINE('',#1869,#1870);
#1869 = CARTESIAN_POINT('',(63.571664,-158.096319,1.585));
#1870 = VECTOR('',#1871,1.);
#1871 = DIRECTION('',(-0.700477782645,0.7136742086,0.));
#1872 = ORIENTED_EDGE('',*,*,#1873,.T.);
#1873 = EDGE_CURVE('',#1866,#1874,#1876,.T.);
#1874 = VERTEX_POINT('',#1875);
#1875 = CARTESIAN_POINT('',(63.377118,-157.804643,1.585));
#1876 = LINE('',#1877,#1878);
#1877 = CARTESIAN_POINT('',(63.469271,-157.991997,1.585));
#1878 = VECTOR('',#1879,1.);
#1879 = DIRECTION('',(-0.441364733629,0.897327795127,0.));
#1880 = ORIENTED_EDGE('',*,*,#1881,.T.);
#1881 = EDGE_CURVE('',#1874,#1882,#1884,.T.);
#1882 = VERTEX_POINT('',#1883);
#1883 = CARTESIAN_POINT('',(63.372857,-157.772948,1.585));
#1884 = LINE('',#1885,#1886);
#1885 = CARTESIAN_POINT('',(63.377118,-157.804643,1.585));
#1886 = VECTOR('',#1887,1.);
#1887 = DIRECTION('',(-0.133238954994,0.991083942394,0.));
#1888 = ORIENTED_EDGE('',*,*,#1889,.T.);
#1889 = EDGE_CURVE('',#1882,#1890,#1892,.T.);
#1890 = VERTEX_POINT('',#1891);
#1891 = CARTESIAN_POINT('',(63.375163,-156.454299,1.585));
#1892 = LINE('',#1893,#1894);
#1893 = CARTESIAN_POINT('',(63.372857,-157.772948,1.585));
#1894 = VECTOR('',#1895,1.);
#1895 = DIRECTION('',(1.748756851859E-03,0.999998470924,0.));
#1896 = ORIENTED_EDGE('',*,*,#1897,.T.);
#1897 = EDGE_CURVE('',#1890,#1898,#1900,.T.);
#1898 = VERTEX_POINT('',#1899);
#1899 = CARTESIAN_POINT('',(63.393081,-156.411042,1.585));
#1900 = LINE('',#1901,#1902);
#1901 = CARTESIAN_POINT('',(63.375163,-156.454299,1.585));
#1902 = VECTOR('',#1903,1.);
#1903 = DIRECTION('',(0.382690066869,0.923876784382,0.));
#1904 = ORIENTED_EDGE('',*,*,#1905,.T.);
#1905 = EDGE_CURVE('',#1898,#1732,#1906,.T.);
#1906 = LINE('',#1907,#1908);
#1907 = CARTESIAN_POINT('',(63.393081,-156.411042,1.585));
#1908 = VECTOR('',#1909,1.);
#1909 = DIRECTION('',(0.707106781187,0.707106781187,0.));
#1910 = PLANE('',#1911);
#1911 = AXIS2_PLACEMENT_3D('',#1912,#1913,#1914);
#1912 = CARTESIAN_POINT('',(0.,0.,1.585));
#1913 = DIRECTION('',(0.,0.,1.));
#1914 = DIRECTION('',(1.,0.,-0.));
#1915 = SHELL_BASED_SURFACE_MODEL('',(#1916));
#1916 = OPEN_SHELL('',(#1917));
#1917 = ADVANCED_FACE('',(#1918),#2159,.T.);
#1918 = FACE_BOUND('',#1919,.F.);
#1919 = EDGE_LOOP('',(#1920,#1931,#1939,#1948,#1956,#1964,#1972,#1981,
    #1989,#1997,#2005,#2013,#2021,#2029,#2037,#2045,#2053,#2061,#2069,
    #2078,#2086,#2095,#2103,#2112,#2120,#2128,#2136,#2145,#2153));
#1920 = ORIENTED_EDGE('',*,*,#1921,.T.);
#1921 = EDGE_CURVE('',#1922,#1924,#1926,.T.);
#1922 = VERTEX_POINT('',#1923);
#1923 = CARTESIAN_POINT('',(66.793255,-156.595404,1.585));
#1924 = VERTEX_POINT('',#1925);
#1925 = CARTESIAN_POINT('',(66.793255,-156.360016,1.585));
#1926 = CIRCLE('',#1927,0.119999802321);
#1927 = AXIS2_PLACEMENT_3D('',#1928,#1929,#1930);
#1928 = CARTESIAN_POINT('',(66.816666,-156.47771,1.585));
#1929 = DIRECTION('',(0.,0.,-1.));
#1930 = DIRECTION('',(-0.195091988047,-0.980784949008,-0.));
#1931 = ORIENTED_EDGE('',*,*,#1932,.T.);
#1932 = EDGE_CURVE('',#1924,#1933,#1935,.T.);
#1933 = VERTEX_POINT('',#1934);
#1934 = CARTESIAN_POINT('',(67.819525,-156.358929,1.585));
#1935 = LINE('',#1936,#1937);
#1936 = CARTESIAN_POINT('',(66.793255,-156.360016,1.585));
#1937 = VECTOR('',#1938,1.);
#1938 = DIRECTION('',(0.999999439074,1.059174866542E-03,0.));
#1939 = ORIENTED_EDGE('',*,*,#1940,.T.);
#1940 = EDGE_CURVE('',#1933,#1941,#1943,.T.);
#1941 = VERTEX_POINT('',#1942);
#1942 = CARTESIAN_POINT('',(67.924836,-156.454299,1.585));
#1943 = CIRCLE('',#1944,0.118164245493);
#1944 = AXIS2_PLACEMENT_3D('',#1945,#1946,#1947);
#1945 = CARTESIAN_POINT('',(67.808796251044,-156.4766051779,1.585));
#1946 = DIRECTION('',(0.,0.,-1.));
#1947 = DIRECTION('',(9.079522245899E-02,0.99586958362,0.));
#1948 = ORIENTED_EDGE('',*,*,#1949,.T.);
#1949 = EDGE_CURVE('',#1941,#1950,#1952,.T.);
#1950 = VERTEX_POINT('',#1951);
#1951 = CARTESIAN_POINT('',(67.924836,-156.501121,1.585));
#1952 = LINE('',#1953,#1954);
#1953 = CARTESIAN_POINT('',(67.924836,-156.454299,1.585));
#1954 = VECTOR('',#1955,1.);
#1955 = DIRECTION('',(0.,-1.,0.));
#1956 = ORIENTED_EDGE('',*,*,#1957,.T.);
#1957 = EDGE_CURVE('',#1950,#1958,#1960,.T.);
#1958 = VERTEX_POINT('',#1959);
#1959 = CARTESIAN_POINT('',(67.904685,-156.54661,1.585));
#1960 = LINE('',#1961,#1962);
#1961 = CARTESIAN_POINT('',(67.924836,-156.501121,1.585));
#1962 = VECTOR('',#1963,1.);
#1963 = DIRECTION('',(-0.405024818655,-0.914305690824,0.));
#1964 = ORIENTED_EDGE('',*,*,#1965,.T.);
#1965 = EDGE_CURVE('',#1958,#1966,#1968,.T.);
#1966 = VERTEX_POINT('',#1967);
#1967 = CARTESIAN_POINT('',(67.534417,-156.971626,1.585));
#1968 = LINE('',#1969,#1970);
#1969 = CARTESIAN_POINT('',(67.904685,-156.54661,1.585));
#1970 = VECTOR('',#1971,1.);
#1971 = DIRECTION('',(-0.656874329861,-0.754000076107,0.));
#1972 = ORIENTED_EDGE('',*,*,#1973,.T.);
#1973 = EDGE_CURVE('',#1966,#1974,#1976,.T.);
#1974 = VERTEX_POINT('',#1975);
#1975 = CARTESIAN_POINT('',(67.922881,-157.360301,1.585));
#1976 = CIRCLE('',#1977,0.554176242878);
#1977 = AXIS2_PLACEMENT_3D('',#1978,#1979,#1980);
#1978 = CARTESIAN_POINT('',(67.388249273847,-157.5061784333,1.585));
#1979 = DIRECTION('',(0.,0.,-1.));
#1980 = DIRECTION('',(0.263756752534,0.964589226299,0.));
#1981 = ORIENTED_EDGE('',*,*,#1982,.T.);
#1982 = EDGE_CURVE('',#1974,#1983,#1985,.T.);
#1983 = VERTEX_POINT('',#1984);
#1984 = CARTESIAN_POINT('',(67.927142,-157.391996,1.585));
#1985 = LINE('',#1986,#1987);
#1986 = CARTESIAN_POINT('',(67.922881,-157.360301,1.585));
#1987 = VECTOR('',#1988,1.);
#1988 = DIRECTION('',(0.133238954994,-0.991083942394,0.));
#1989 = ORIENTED_EDGE('',*,*,#1990,.T.);
#1990 = EDGE_CURVE('',#1983,#1991,#1993,.T.);
#1991 = VERTEX_POINT('',#1992);
#1992 = CARTESIAN_POINT('',(67.924836,-157.796359,1.585));
#1993 = LINE('',#1994,#1995);
#1994 = CARTESIAN_POINT('',(67.927142,-157.391996,1.585));
#1995 = VECTOR('',#1996,1.);
#1996 = DIRECTION('',(-5.702704013916E-03,-0.999983739451,0.));
#1997 = ORIENTED_EDGE('',*,*,#1998,.T.);
#1998 = EDGE_CURVE('',#1991,#1999,#2001,.T.);
#1999 = VERTEX_POINT('',#2000);
#2000 = CARTESIAN_POINT('',(67.914473,-157.826613,1.585));
#2001 = LINE('',#2002,#2003);
#2002 = CARTESIAN_POINT('',(67.924836,-157.796359,1.585));
#2003 = VECTOR('',#2004,1.);
#2004 = DIRECTION('',(-0.324050099379,-0.946039921511,0.));
#2005 = ORIENTED_EDGE('',*,*,#2006,.T.);
#2006 = EDGE_CURVE('',#1999,#2007,#2009,.T.);
#2007 = VERTEX_POINT('',#2008);
#2008 = CARTESIAN_POINT('',(67.825751,-157.998903,1.585));
#2009 = LINE('',#2010,#2011);
#2010 = CARTESIAN_POINT('',(67.914473,-157.826613,1.585));
#2011 = VECTOR('',#2012,1.);
#2012 = DIRECTION('',(-0.457820158207,-0.889044826057,0.));
#2013 = ORIENTED_EDGE('',*,*,#2014,.T.);
#2014 = EDGE_CURVE('',#2007,#2015,#2017,.T.);
#2015 = VERTEX_POINT('',#2016);
#2016 = CARTESIAN_POINT('',(67.721429,-158.101296,1.585));
#2017 = LINE('',#2018,#2019);
#2018 = CARTESIAN_POINT('',(67.825751,-157.998903,1.585));
#2019 = VECTOR('',#2020,1.);
#2020 = DIRECTION('',(-0.7136742086,-0.700477782645,0.));
#2021 = ORIENTED_EDGE('',*,*,#2022,.T.);
#2022 = EDGE_CURVE('',#2015,#2023,#2025,.T.);
#2023 = VERTEX_POINT('',#2024);
#2024 = CARTESIAN_POINT('',(67.534075,-158.193449,1.585));
#2025 = LINE('',#2026,#2027);
#2026 = CARTESIAN_POINT('',(67.721429,-158.101296,1.585));
#2027 = VECTOR('',#2028,1.);
#2028 = DIRECTION('',(-0.897327795127,-0.441364733629,0.));
#2029 = ORIENTED_EDGE('',*,*,#2030,.T.);
#2030 = EDGE_CURVE('',#2023,#2031,#2033,.T.);
#2031 = VERTEX_POINT('',#2032);
#2032 = CARTESIAN_POINT('',(67.50238,-158.19771,1.585));
#2033 = LINE('',#2034,#2035);
#2034 = CARTESIAN_POINT('',(67.534075,-158.193449,1.585));
#2035 = VECTOR('',#2036,1.);
#2036 = DIRECTION('',(-0.991083942394,-0.133238954995,0.));
#2037 = ORIENTED_EDGE('',*,*,#2038,.T.);
#2038 = EDGE_CURVE('',#2031,#2039,#2041,.T.);
#2039 = VERTEX_POINT('',#2040);
#2040 = CARTESIAN_POINT('',(67.021826,-158.195404,1.585));
#2041 = LINE('',#2042,#2043);
#2042 = CARTESIAN_POINT('',(67.50238,-158.19771,1.585));
#2043 = VECTOR('',#2044,1.);
#2044 = DIRECTION('',(-0.999988486782,4.798573002252E-03,0.));
#2045 = ORIENTED_EDGE('',*,*,#2046,.T.);
#2046 = EDGE_CURVE('',#2039,#2047,#2049,.T.);
#2047 = VERTEX_POINT('',#2048);
#2048 = CARTESIAN_POINT('',(66.991572,-158.185041,1.585));
#2049 = LINE('',#2050,#2051);
#2050 = CARTESIAN_POINT('',(67.021826,-158.195404,1.585));
#2051 = VECTOR('',#2052,1.);
#2052 = DIRECTION('',(-0.946039921511,0.324050099379,0.));
#2053 = ORIENTED_EDGE('',*,*,#2054,.T.);
#2054 = EDGE_CURVE('',#2047,#2055,#2057,.T.);
#2055 = VERTEX_POINT('',#2056);
#2056 = CARTESIAN_POINT('',(66.819282,-158.096319,1.585));
#2057 = LINE('',#2058,#2059);
#2058 = CARTESIAN_POINT('',(66.991572,-158.185041,1.585));
#2059 = VECTOR('',#2060,1.);
#2060 = DIRECTION('',(-0.889044826057,0.457820158207,0.));
#2061 = ORIENTED_EDGE('',*,*,#2062,.T.);
#2062 = EDGE_CURVE('',#2055,#2063,#2065,.T.);
#2063 = VERTEX_POINT('',#2064);
#2064 = CARTESIAN_POINT('',(66.716889,-157.991996,1.585));
#2065 = LINE('',#2066,#2067);
#2066 = CARTESIAN_POINT('',(66.819282,-158.096319,1.585));
#2067 = VECTOR('',#2068,1.);
#2068 = DIRECTION('',(-0.700474362714,0.713677565277,0.));
#2069 = ORIENTED_EDGE('',*,*,#2070,.T.);
#2070 = EDGE_CURVE('',#2063,#2071,#2073,.T.);
#2071 = VERTEX_POINT('',#2072);
#2072 = CARTESIAN_POINT('',(66.883335,-157.825553,1.585));
#2073 = CIRCLE('',#2074,0.119999842445);
#2074 = AXIS2_PLACEMENT_3D('',#2075,#2076,#2077);
#2075 = CARTESIAN_POINT('',(66.816665949937,-157.9253287483,1.585));
#2076 = DIRECTION('',(0.,0.,-1.));
#2077 = DIRECTION('',(-0.8314756745,-0.555561160192,-0.));
#2078 = ORIENTED_EDGE('',*,*,#2079,.T.);
#2079 = EDGE_CURVE('',#2071,#2080,#2082,.T.);
#2080 = VERTEX_POINT('',#2081);
#2081 = CARTESIAN_POINT('',(66.96394,-157.902898,1.585));
#2082 = LINE('',#2083,#2084);
#2083 = CARTESIAN_POINT('',(66.883335,-157.825553,1.585));
#2084 = VECTOR('',#2085,1.);
#2085 = DIRECTION('',(0.721547402794,-0.692365037766,0.));
#2086 = ORIENTED_EDGE('',*,*,#2087,.T.);
#2087 = EDGE_CURVE('',#2080,#2088,#2090,.T.);
#2088 = VERTEX_POINT('',#2089);
#2089 = CARTESIAN_POINT('',(67.583676,-157.902898,1.585));
#2090 = CIRCLE('',#2091,0.573605491484);
#2091 = AXIS2_PLACEMENT_3D('',#2092,#2093,#2094);
#2092 = CARTESIAN_POINT('',(67.273808,-157.420192,1.585));
#2093 = DIRECTION('',(0.,0.,1.));
#2094 = DIRECTION('',(-0.540211006695,-0.841529600338,0.));
#2095 = ORIENTED_EDGE('',*,*,#2096,.T.);
#2096 = EDGE_CURVE('',#2088,#2097,#2099,.T.);
#2097 = VERTEX_POINT('',#2098);
#2098 = CARTESIAN_POINT('',(67.63233,-157.854244,1.585));
#2099 = LINE('',#2100,#2101);
#2100 = CARTESIAN_POINT('',(67.583676,-157.902898,1.585));
#2101 = VECTOR('',#2102,1.);
#2102 = DIRECTION('',(0.707106781187,0.707106781187,0.));
#2103 = ORIENTED_EDGE('',*,*,#2104,.T.);
#2104 = EDGE_CURVE('',#2097,#2105,#2107,.T.);
#2105 = VERTEX_POINT('',#2106);
#2106 = CARTESIAN_POINT('',(67.63233,-157.310699,1.585));
#2107 = CIRCLE('',#2108,0.488991136753);
#2108 = AXIS2_PLACEMENT_3D('',#2109,#2110,#2111);
#2109 = CARTESIAN_POINT('',(67.225817958276,-157.5824715,1.585));
#2110 = DIRECTION('',(0.,-0.,1.));
#2111 = DIRECTION('',(0.831328036789,-0.555782057328,-0.));
#2112 = ORIENTED_EDGE('',*,*,#2113,.T.);
#2113 = EDGE_CURVE('',#2105,#2114,#2116,.T.);
#2114 = VERTEX_POINT('',#2115);
#2115 = CARTESIAN_POINT('',(67.583676,-157.262045,1.585));
#2116 = LINE('',#2117,#2118);
#2117 = CARTESIAN_POINT('',(67.63233,-157.310699,1.585));
#2118 = VECTOR('',#2119,1.);
#2119 = DIRECTION('',(-0.707106781187,0.707106781187,0.));
#2120 = ORIENTED_EDGE('',*,*,#2121,.T.);
#2121 = EDGE_CURVE('',#2114,#2122,#2124,.T.);
#2122 = VERTEX_POINT('',#2123);
#2123 = CARTESIAN_POINT('',(67.474053,-157.207234,1.585));
#2124 = LINE('',#2125,#2126);
#2125 = CARTESIAN_POINT('',(67.583676,-157.262045,1.585));
#2126 = VECTOR('',#2127,1.);
#2127 = DIRECTION('',(-0.894428822821,0.447210331843,0.));
#2128 = ORIENTED_EDGE('',*,*,#2129,.T.);
#2129 = EDGE_CURVE('',#2122,#2130,#2132,.T.);
#2130 = VERTEX_POINT('',#2131);
#2131 = CARTESIAN_POINT('',(67.250398,-157.204928,1.585));
#2132 = LINE('',#2133,#2134);
#2133 = CARTESIAN_POINT('',(67.474053,-157.207234,1.585));
#2134 = VECTOR('',#2135,1.);
#2135 = DIRECTION('',(-0.999946850796,1.030997490752E-02,0.));
#2136 = ORIENTED_EDGE('',*,*,#2137,.T.);
#2137 = EDGE_CURVE('',#2130,#2138,#2140,.T.);
#2138 = VERTEX_POINT('',#2139);
#2139 = CARTESIAN_POINT('',(67.176264,-157.018334,1.585));
#2140 = CIRCLE('',#2141,0.119442209002);
#2141 = AXIS2_PLACEMENT_3D('',#2142,#2143,#2144);
#2142 = CARTESIAN_POINT('',(67.273474020634,-157.0877361122,1.585));
#2143 = DIRECTION('',(0.,0.,-1.));
#2144 = DIRECTION('',(-0.193198207122,-0.981159748851,-0.));
#2145 = ORIENTED_EDGE('',*,*,#2146,.T.);
#2146 = EDGE_CURVE('',#2138,#2147,#2149,.T.);
#2147 = VERTEX_POINT('',#2148);
#2148 = CARTESIAN_POINT('',(67.54269,-156.59771,1.585));
#2149 = LINE('',#2150,#2151);
#2150 = CARTESIAN_POINT('',(67.176264,-157.018334,1.585));
#2151 = VECTOR('',#2152,1.);
#2152 = DIRECTION('',(0.656858277474,0.754014060422,0.));
#2153 = ORIENTED_EDGE('',*,*,#2154,.T.);
#2154 = EDGE_CURVE('',#2147,#1922,#2155,.T.);
#2155 = LINE('',#2156,#2157);
#2156 = CARTESIAN_POINT('',(67.54269,-156.59771,1.585));
#2157 = VECTOR('',#2158,1.);
#2158 = DIRECTION('',(-0.999995266116,3.076970095697E-03,0.));
#2159 = PLANE('',#2160);
#2160 = AXIS2_PLACEMENT_3D('',#2161,#2162,#2163);
#2161 = CARTESIAN_POINT('',(0.,0.,1.585));
#2162 = DIRECTION('',(0.,0.,1.));
#2163 = DIRECTION('',(1.,0.,-0.));
#2164 = SHELL_BASED_SURFACE_MODEL('',(#2165));
#2165 = OPEN_SHELL('',(#2166));
#2166 = ADVANCED_FACE('',(#2167,#2361),#2431,.T.);
#2167 = FACE_BOUND('',#2168,.F.);
#2168 = EDGE_LOOP('',(#2169,#2179,#2187,#2195,#2203,#2211,#2219,#2227,
    #2235,#2243,#2251,#2259,#2267,#2275,#2283,#2291,#2299,#2307,#2315,
    #2323,#2331,#2339,#2347,#2355));
#2169 = ORIENTED_EDGE('',*,*,#2170,.T.);
#2170 = EDGE_CURVE('',#2171,#2173,#2175,.T.);
#2171 = VERTEX_POINT('',#2172);
#2172 = CARTESIAN_POINT('',(72.27857,-156.454124,1.585));
#2173 = VERTEX_POINT('',#2174);
#2174 = CARTESIAN_POINT('',(72.465924,-156.361971,1.585));
#2175 = LINE('',#2176,#2177);
#2176 = CARTESIAN_POINT('',(72.27857,-156.454124,1.585));
#2177 = VECTOR('',#2178,1.);
#2178 = DIRECTION('',(0.897327795127,0.441364733629,0.));
#2179 = ORIENTED_EDGE('',*,*,#2180,.T.);
#2180 = EDGE_CURVE('',#2173,#2181,#2183,.T.);
#2181 = VERTEX_POINT('',#2182);
#2182 = CARTESIAN_POINT('',(72.497619,-156.35771,1.585));
#2183 = LINE('',#2184,#2185);
#2184 = CARTESIAN_POINT('',(72.465924,-156.361971,1.585));
#2185 = VECTOR('',#2186,1.);
#2186 = DIRECTION('',(0.991083942394,0.133238954995,0.));
#2187 = ORIENTED_EDGE('',*,*,#2188,.T.);
#2188 = EDGE_CURVE('',#2181,#2189,#2191,.T.);
#2189 = VERTEX_POINT('',#2190);
#2190 = CARTESIAN_POINT('',(72.825792,-156.360016,1.585));
#2191 = LINE('',#2192,#2193);
#2192 = CARTESIAN_POINT('',(72.497619,-156.35771,1.585));
#2193 = VECTOR('',#2194,1.);
#2194 = DIRECTION('',(0.999975313084,-7.026608136491E-03,0.));
#2195 = ORIENTED_EDGE('',*,*,#2196,.T.);
#2196 = EDGE_CURVE('',#2189,#2197,#2199,.T.);
#2197 = VERTEX_POINT('',#2198);
#2198 = CARTESIAN_POINT('',(72.856046,-156.370379,1.585));
#2199 = LINE('',#2200,#2201);
#2200 = CARTESIAN_POINT('',(72.825792,-156.360016,1.585));
#2201 = VECTOR('',#2202,1.);
#2202 = DIRECTION('',(0.946039921511,-0.32405009938,0.));
#2203 = ORIENTED_EDGE('',*,*,#2204,.T.);
#2204 = EDGE_CURVE('',#2197,#2205,#2207,.T.);
#2205 = VERTEX_POINT('',#2206);
#2206 = CARTESIAN_POINT('',(73.028336,-156.459101,1.585));
#2207 = LINE('',#2208,#2209);
#2208 = CARTESIAN_POINT('',(72.856046,-156.370379,1.585));
#2209 = VECTOR('',#2210,1.);
#2210 = DIRECTION('',(0.889044826057,-0.457820158207,0.));
#2211 = ORIENTED_EDGE('',*,*,#2212,.T.);
#2212 = EDGE_CURVE('',#2205,#2213,#2215,.T.);
#2213 = VERTEX_POINT('',#2214);
#2214 = CARTESIAN_POINT('',(73.206919,-156.639613,1.585));
#2215 = LINE('',#2216,#2217);
#2216 = CARTESIAN_POINT('',(73.028336,-156.459101,1.585));
#2217 = VECTOR('',#2218,1.);
#2218 = DIRECTION('',(0.7032981711,-0.71089498699,0.));
#2219 = ORIENTED_EDGE('',*,*,#2220,.T.);
#2220 = EDGE_CURVE('',#2213,#2221,#2223,.T.);
#2221 = VERTEX_POINT('',#2222);
#2222 = CARTESIAN_POINT('',(73.22356,-156.677177,1.585));
#2223 = LINE('',#2224,#2225);
#2224 = CARTESIAN_POINT('',(73.206919,-156.639613,1.585));
#2225 = VECTOR('',#2226,1.);
#2226 = DIRECTION('',(0.405038364913,-0.914299689898,0.));
#2227 = ORIENTED_EDGE('',*,*,#2228,.T.);
#2228 = EDGE_CURVE('',#2221,#2229,#2231,.T.);
#2229 = VERTEX_POINT('',#2230);
#2230 = CARTESIAN_POINT('',(73.30293,-157.006958,1.585));
#2231 = LINE('',#2232,#2233);
#2232 = CARTESIAN_POINT('',(73.22356,-156.677177,1.585));
#2233 = VECTOR('',#2234,1.);
#2234 = DIRECTION('',(0.233993306312,-0.972238207746,0.));
#2235 = ORIENTED_EDGE('',*,*,#2236,.T.);
#2236 = EDGE_CURVE('',#2229,#2237,#2239,.T.);
#2237 = VERTEX_POINT('',#2238);
#2238 = CARTESIAN_POINT('',(73.30035,-157.569421,1.585));
#2239 = LINE('',#2240,#2241);
#2240 = CARTESIAN_POINT('',(73.30293,-157.006958,1.585));
#2241 = VECTOR('',#2242,1.);
#2242 = DIRECTION('',(-4.586920132484E-03,-0.999989480027,0.));
#2243 = ORIENTED_EDGE('',*,*,#2244,.T.);
#2244 = EDGE_CURVE('',#2237,#2245,#2247,.T.);
#2245 = VERTEX_POINT('',#2246);
#2246 = CARTESIAN_POINT('',(73.215645,-157.900396,1.585));
#2247 = LINE('',#2248,#2249);
#2248 = CARTESIAN_POINT('',(73.30035,-157.569421,1.585));
#2249 = VECTOR('',#2250,1.);
#2250 = DIRECTION('',(-0.247934833215,-0.968776712395,0.));
#2251 = ORIENTED_EDGE('',*,*,#2252,.T.);
#2252 = EDGE_CURVE('',#2245,#2253,#2255,.T.);
#2253 = VERTEX_POINT('',#2254);
#2254 = CARTESIAN_POINT('',(73.191996,-157.933992,1.585));
#2255 = LINE('',#2256,#2257);
#2256 = CARTESIAN_POINT('',(73.215645,-157.900396,1.585));
#2257 = VECTOR('',#2258,1.);
#2258 = DIRECTION('',(-0.575613379866,-0.81772198021,0.));
#2259 = ORIENTED_EDGE('',*,*,#2260,.T.);
#2260 = EDGE_CURVE('',#2253,#2261,#2263,.T.);
#2261 = VERTEX_POINT('',#2262);
#2262 = CARTESIAN_POINT('',(73.02143,-158.101296,1.585));
#2263 = LINE('',#2264,#2265);
#2264 = CARTESIAN_POINT('',(73.191996,-157.933992,1.585));
#2265 = VECTOR('',#2266,1.);
#2266 = DIRECTION('',(-0.713900343919,-0.700247312706,0.));
#2267 = ORIENTED_EDGE('',*,*,#2268,.T.);
#2268 = EDGE_CURVE('',#2261,#2269,#2271,.T.);
#2269 = VERTEX_POINT('',#2270);
#2270 = CARTESIAN_POINT('',(72.834076,-158.193449,1.585));
#2271 = LINE('',#2272,#2273);
#2272 = CARTESIAN_POINT('',(73.02143,-158.101296,1.585));
#2273 = VECTOR('',#2274,1.);
#2274 = DIRECTION('',(-0.897327795127,-0.441364733629,0.));
#2275 = ORIENTED_EDGE('',*,*,#2276,.T.);
#2276 = EDGE_CURVE('',#2269,#2277,#2279,.T.);
#2277 = VERTEX_POINT('',#2278);
#2278 = CARTESIAN_POINT('',(72.802381,-158.19771,1.585));
#2279 = LINE('',#2280,#2281);
#2280 = CARTESIAN_POINT('',(72.834076,-158.193449,1.585));
#2281 = VECTOR('',#2282,1.);
#2282 = DIRECTION('',(-0.991083942394,-0.133238954995,0.));
#2283 = ORIENTED_EDGE('',*,*,#2284,.T.);
#2284 = EDGE_CURVE('',#2277,#2285,#2287,.T.);
#2285 = VERTEX_POINT('',#2286);
#2286 = CARTESIAN_POINT('',(72.474208,-158.195404,1.585));
#2287 = LINE('',#2288,#2289);
#2288 = CARTESIAN_POINT('',(72.802381,-158.19771,1.585));
#2289 = VECTOR('',#2290,1.);
#2290 = DIRECTION('',(-0.999975313084,7.026608136492E-03,0.));
#2291 = ORIENTED_EDGE('',*,*,#2292,.T.);
#2292 = EDGE_CURVE('',#2285,#2293,#2295,.T.);
#2293 = VERTEX_POINT('',#2294);
#2294 = CARTESIAN_POINT('',(72.443954,-158.185041,1.585));
#2295 = LINE('',#2296,#2297);
#2296 = CARTESIAN_POINT('',(72.474208,-158.195404,1.585));
#2297 = VECTOR('',#2298,1.);
#2298 = DIRECTION('',(-0.946039921511,0.324050099379,0.));
#2299 = ORIENTED_EDGE('',*,*,#2300,.T.);
#2300 = EDGE_CURVE('',#2293,#2301,#2303,.T.);
#2301 = VERTEX_POINT('',#2302);
#2302 = CARTESIAN_POINT('',(72.271664,-158.096319,1.585));
#2303 = LINE('',#2304,#2305);
#2304 = CARTESIAN_POINT('',(72.443954,-158.185041,1.585));
#2305 = VECTOR('',#2306,1.);
#2306 = DIRECTION('',(-0.889044826057,0.457820158207,0.));
#2307 = ORIENTED_EDGE('',*,*,#2308,.T.);
#2308 = EDGE_CURVE('',#2301,#2309,#2311,.T.);
#2309 = VERTEX_POINT('',#2310);
#2310 = CARTESIAN_POINT('',(72.093081,-157.915807,1.585));
#2311 = LINE('',#2312,#2313);
#2312 = CARTESIAN_POINT('',(72.271664,-158.096319,1.585));
#2313 = VECTOR('',#2314,1.);
#2314 = DIRECTION('',(-0.7032981711,0.71089498699,0.));
#2315 = ORIENTED_EDGE('',*,*,#2316,.T.);
#2316 = EDGE_CURVE('',#2309,#2317,#2319,.T.);
#2317 = VERTEX_POINT('',#2318);
#2318 = CARTESIAN_POINT('',(72.07644,-157.878244,1.585));
#2319 = LINE('',#2320,#2321);
#2320 = CARTESIAN_POINT('',(72.093081,-157.915807,1.585));
#2321 = VECTOR('',#2322,1.);
#2322 = DIRECTION('',(-0.40504737876,0.914295696676,0.));
#2323 = ORIENTED_EDGE('',*,*,#2324,.T.);
#2324 = EDGE_CURVE('',#2317,#2325,#2327,.T.);
#2325 = VERTEX_POINT('',#2326);
#2326 = CARTESIAN_POINT('',(71.997068,-157.548461,1.585));
#2327 = LINE('',#2328,#2329);
#2328 = CARTESIAN_POINT('',(72.07644,-157.878244,1.585));
#2329 = VECTOR('',#2330,1.);
#2330 = DIRECTION('',(-0.233997538324,0.972237189197,0.));
#2331 = ORIENTED_EDGE('',*,*,#2332,.T.);
#2332 = EDGE_CURVE('',#2325,#2333,#2335,.T.);
#2333 = VERTEX_POINT('',#2334);
#2334 = CARTESIAN_POINT('',(71.999648,-156.985998,1.585));
#2335 = LINE('',#2336,#2337);
#2336 = CARTESIAN_POINT('',(71.997068,-157.548461,1.585));
#2337 = VECTOR('',#2338,1.);
#2338 = DIRECTION('',(4.586920132459E-03,0.999989480027,0.));
#2339 = ORIENTED_EDGE('',*,*,#2340,.T.);
#2340 = EDGE_CURVE('',#2333,#2341,#2343,.T.);
#2341 = VERTEX_POINT('',#2342);
#2342 = CARTESIAN_POINT('',(72.084355,-156.655023,1.585));
#2343 = LINE('',#2344,#2345);
#2344 = CARTESIAN_POINT('',(71.999648,-156.985998,1.585));
#2345 = VECTOR('',#2346,1.);
#2346 = DIRECTION('',(0.247940327421,0.96877530627,0.));
#2347 = ORIENTED_EDGE('',*,*,#2348,.T.);
#2348 = EDGE_CURVE('',#2341,#2349,#2351,.T.);
#2349 = VERTEX_POINT('',#2350);
#2350 = CARTESIAN_POINT('',(72.108004,-156.621428,1.585));
#2351 = LINE('',#2352,#2353);
#2352 = CARTESIAN_POINT('',(72.084355,-156.655023,1.585));
#2353 = VECTOR('',#2354,1.);
#2354 = DIRECTION('',(0.575624836609,0.817713915425,0.));
#2355 = ORIENTED_EDGE('',*,*,#2356,.T.);
#2356 = EDGE_CURVE('',#2349,#2171,#2357,.T.);
#2357 = LINE('',#2358,#2359);
#2358 = CARTESIAN_POINT('',(72.108004,-156.621428,1.585));
#2359 = VECTOR('',#2360,1.);
#2360 = DIRECTION('',(0.713900343919,0.700247312706,0.));
#2361 = FACE_BOUND('',#2362,.F.);
#2362 = EDGE_LOOP('',(#2363,#2374,#2382,#2391,#2399,#2408,#2416,#2425));
#2363 = ORIENTED_EDGE('',*,*,#2364,.T.);
#2364 = EDGE_CURVE('',#2365,#2367,#2369,.T.);
#2365 = VERTEX_POINT('',#2366);
#2366 = CARTESIAN_POINT('',(72.883677,-156.652521,1.585));
#2367 = VERTEX_POINT('',#2368);
#2368 = CARTESIAN_POINT('',(72.416322,-156.652521,1.585));
#2369 = CIRCLE('',#2370,0.40462874567);
#2370 = AXIS2_PLACEMENT_3D('',#2371,#2372,#2373);
#2371 = CARTESIAN_POINT('',(72.6499995,-156.9828530266,1.585));
#2372 = DIRECTION('',(0.,0.,1.));
#2373 = DIRECTION('',(0.577510872623,0.816382993455,-0.));
#2374 = ORIENTED_EDGE('',*,*,#2375,.T.);
#2375 = EDGE_CURVE('',#2367,#2376,#2378,.T.);
#2376 = VERTEX_POINT('',#2377);
#2377 = CARTESIAN_POINT('',(72.301212,-156.767631,1.585));
#2378 = LINE('',#2379,#2380);
#2379 = CARTESIAN_POINT('',(72.416322,-156.652521,1.585));
#2380 = VECTOR('',#2381,1.);
#2381 = DIRECTION('',(-0.707106781187,-0.707106781187,0.));
#2382 = ORIENTED_EDGE('',*,*,#2383,.T.);
#2383 = EDGE_CURVE('',#2376,#2384,#2386,.T.);
#2384 = VERTEX_POINT('',#2385);
#2385 = CARTESIAN_POINT('',(72.301212,-157.787788,1.585));
#2386 = CIRCLE('',#2387,1.576473410842);
#2387 = AXIS2_PLACEMENT_3D('',#2388,#2389,#2390);
#2388 = CARTESIAN_POINT('',(73.792885,-157.2777095,1.585));
#2389 = DIRECTION('',(0.,0.,1.));
#2390 = DIRECTION('',(-0.946208790926,0.323556678148,0.));
#2391 = ORIENTED_EDGE('',*,*,#2392,.T.);
#2392 = EDGE_CURVE('',#2384,#2393,#2395,.T.);
#2393 = VERTEX_POINT('',#2394);
#2394 = CARTESIAN_POINT('',(72.416322,-157.902898,1.585));
#2395 = LINE('',#2396,#2397);
#2396 = CARTESIAN_POINT('',(72.301212,-157.787788,1.585));
#2397 = VECTOR('',#2398,1.);
#2398 = DIRECTION('',(0.707106781187,-0.707106781187,0.));
#2399 = ORIENTED_EDGE('',*,*,#2400,.T.);
#2400 = EDGE_CURVE('',#2393,#2401,#2403,.T.);
#2401 = VERTEX_POINT('',#2402);
#2402 = CARTESIAN_POINT('',(72.883677,-157.902898,1.585));
#2403 = CIRCLE('',#2404,0.404623009271);
#2404 = AXIS2_PLACEMENT_3D('',#2405,#2406,#2407);
#2405 = CARTESIAN_POINT('',(72.6499995,-157.572573,1.585));
#2406 = DIRECTION('',(0.,0.,1.));
#2407 = DIRECTION('',(-0.577519060078,-0.816377201572,0.));
#2408 = ORIENTED_EDGE('',*,*,#2409,.T.);
#2409 = EDGE_CURVE('',#2401,#2410,#2412,.T.);
#2410 = VERTEX_POINT('',#2411);
#2411 = CARTESIAN_POINT('',(72.998787,-157.787788,1.585));
#2412 = LINE('',#2413,#2414);
#2413 = CARTESIAN_POINT('',(72.883677,-157.902898,1.585));
#2414 = VECTOR('',#2415,1.);
#2415 = DIRECTION('',(0.707106781187,0.707106781187,0.));
#2416 = ORIENTED_EDGE('',*,*,#2417,.T.);
#2417 = EDGE_CURVE('',#2410,#2418,#2420,.T.);
#2418 = VERTEX_POINT('',#2419);
#2419 = CARTESIAN_POINT('',(72.998787,-156.767631,1.585));
#2420 = CIRCLE('',#2421,1.5764697182);
#2421 = AXIS2_PLACEMENT_3D('',#2422,#2423,#2424);
#2422 = CARTESIAN_POINT('',(71.507117902566,-157.2777095,1.585));
#2423 = DIRECTION('',(0.,-0.,1.));
#2424 = DIRECTION('',(0.946208531768,-0.32355743603,-0.));
#2425 = ORIENTED_EDGE('',*,*,#2426,.T.);
#2426 = EDGE_CURVE('',#2418,#2365,#2427,.T.);
#2427 = LINE('',#2428,#2429);
#2428 = CARTESIAN_POINT('',(72.998787,-156.767631,1.585));
#2429 = VECTOR('',#2430,1.);
#2430 = DIRECTION('',(-0.707106781187,0.707106781187,0.));
#2431 = PLANE('',#2432);
#2432 = AXIS2_PLACEMENT_3D('',#2433,#2434,#2435);
#2433 = CARTESIAN_POINT('',(0.,0.,1.585));
#2434 = DIRECTION('',(0.,0.,1.));
#2435 = DIRECTION('',(1.,0.,-0.));
#2436 = SHELL_BASED_SURFACE_MODEL('',(#2437));
#2437 = OPEN_SHELL('',(#2438));
#2438 = ADVANCED_FACE('',(#2439),#2621,.T.);
#2439 = FACE_BOUND('',#2440,.F.);
#2440 = EDGE_LOOP('',(#2441,#2452,#2460,#2469,#2477,#2486,#2494,#2503,
    #2511,#2519,#2527,#2535,#2543,#2551,#2559,#2567,#2575,#2583,#2591,
    #2599,#2607,#2615));
#2441 = ORIENTED_EDGE('',*,*,#2442,.T.);
#2442 = EDGE_CURVE('',#2443,#2445,#2447,.T.);
#2443 = VERTEX_POINT('',#2444);
#2444 = CARTESIAN_POINT('',(73.826189,-156.377934,1.585));
#2445 = VERTEX_POINT('',#2446);
#2446 = CARTESIAN_POINT('',(74.010551,-156.454299,1.585));
#2447 = CIRCLE('',#2448,0.119999904712);
#2448 = AXIS2_PLACEMENT_3D('',#2449,#2450,#2451);
#2449 = CARTESIAN_POINT('',(73.892857,-156.4777105248,1.585));
#2450 = DIRECTION('',(0.,0.,-1.));
#2451 = DIRECTION('',(-0.555567107826,0.831471700482,0.));
#2452 = ORIENTED_EDGE('',*,*,#2453,.T.);
#2453 = EDGE_CURVE('',#2445,#2454,#2456,.T.);
#2454 = VERTEX_POINT('',#2455);
#2455 = CARTESIAN_POINT('',(74.012857,-157.744621,1.585));
#2456 = LINE('',#2457,#2458);
#2457 = CARTESIAN_POINT('',(74.010551,-156.454299,1.585));
#2458 = VECTOR('',#2459,1.);
#2459 = DIRECTION('',(1.787147950219E-03,-0.99999840305,0.));
#2460 = ORIENTED_EDGE('',*,*,#2461,.T.);
#2461 = EDGE_CURVE('',#2454,#2462,#2464,.T.);
#2462 = VERTEX_POINT('',#2463);
#2463 = CARTESIAN_POINT('',(74.225946,-157.95771,1.585));
#2464 = CIRCLE('',#2465,0.29898309155);
#2465 = AXIS2_PLACEMENT_3D('',#2466,#2467,#2468);
#2466 = CARTESIAN_POINT('',(74.302004112348,-157.6685628876,1.585));
#2467 = DIRECTION('',(0.,0.,1.));
#2468 = DIRECTION('',(-0.967101888098,-0.254389343402,0.));
#2469 = ORIENTED_EDGE('',*,*,#2470,.T.);
#2470 = EDGE_CURVE('',#2462,#2471,#2473,.T.);
#2471 = VERTEX_POINT('',#2472);
#2472 = CARTESIAN_POINT('',(74.474054,-157.95771,1.585));
#2473 = LINE('',#2474,#2475);
#2474 = CARTESIAN_POINT('',(74.225946,-157.95771,1.585));
#2475 = VECTOR('',#2476,1.);
#2476 = DIRECTION('',(1.,0.,0.));
#2477 = ORIENTED_EDGE('',*,*,#2478,.T.);
#2478 = EDGE_CURVE('',#2471,#2479,#2481,.T.);
#2479 = VERTEX_POINT('',#2480);
#2480 = CARTESIAN_POINT('',(74.687143,-157.744619,1.585));
#2481 = CIRCLE('',#2482,0.298982613487);
#2482 = AXIS2_PLACEMENT_3D('',#2483,#2484,#2485);
#2483 = CARTESIAN_POINT('',(74.397995713848,-157.6685634276,1.585));
#2484 = DIRECTION('',(0.,0.,1.));
#2485 = DIRECTION('',(0.254390331481,-0.967101628191,0.));
#2486 = ORIENTED_EDGE('',*,*,#2487,.T.);
#2487 = EDGE_CURVE('',#2479,#2488,#2490,.T.);
#2488 = VERTEX_POINT('',#2489);
#2489 = CARTESIAN_POINT('',(74.689449,-156.454299,1.585));
#2490 = LINE('',#2491,#2492);
#2491 = CARTESIAN_POINT('',(74.687143,-157.744619,1.585));
#2492 = VECTOR('',#2493,1.);
#2493 = DIRECTION('',(1.787150720295E-03,0.999998403045,0.));
#2494 = ORIENTED_EDGE('',*,*,#2495,.T.);
#2495 = EDGE_CURVE('',#2488,#2496,#2498,.T.);
#2496 = VERTEX_POINT('',#2497);
#2497 = CARTESIAN_POINT('',(74.924837,-156.454299,1.585));
#2498 = CIRCLE('',#2499,0.119999802321);
#2499 = AXIS2_PLACEMENT_3D('',#2500,#2501,#2502);
#2500 = CARTESIAN_POINT('',(74.807143,-156.47771,1.585));
#2501 = DIRECTION('',(0.,0.,-1.));
#2502 = DIRECTION('',(-0.980784949008,0.195091988047,0.));
#2503 = ORIENTED_EDGE('',*,*,#2504,.T.);
#2504 = EDGE_CURVE('',#2496,#2505,#2507,.T.);
#2505 = VERTEX_POINT('',#2506);
#2506 = CARTESIAN_POINT('',(74.924837,-157.796359,1.585));
#2507 = LINE('',#2508,#2509);
#2508 = CARTESIAN_POINT('',(74.924837,-156.454299,1.585));
#2509 = VECTOR('',#2510,1.);
#2510 = DIRECTION('',(0.,-1.,0.));
#2511 = ORIENTED_EDGE('',*,*,#2512,.T.);
#2512 = EDGE_CURVE('',#2505,#2513,#2515,.T.);
#2513 = VERTEX_POINT('',#2514);
#2514 = CARTESIAN_POINT('',(74.914474,-157.826614,1.585));
#2515 = LINE('',#2516,#2517);
#2516 = CARTESIAN_POINT('',(74.924837,-157.796359,1.585));
#2517 = VECTOR('',#2518,1.);
#2518 = DIRECTION('',(-0.324040513406,-0.946043204971,0.));
#2519 = ORIENTED_EDGE('',*,*,#2520,.T.);
#2520 = EDGE_CURVE('',#2513,#2521,#2523,.T.);
#2521 = VERTEX_POINT('',#2522);
#2522 = CARTESIAN_POINT('',(74.825751,-157.998903,1.585));
#2523 = LINE('',#2524,#2525);
#2524 = CARTESIAN_POINT('',(74.914474,-157.826614,1.585));
#2525 = VECTOR('',#2526,1.);
#2526 = DIRECTION('',(-0.457826337112,-0.889041644158,0.));
#2527 = ORIENTED_EDGE('',*,*,#2528,.T.);
#2528 = EDGE_CURVE('',#2521,#2529,#2531,.T.);
#2529 = VERTEX_POINT('',#2530);
#2530 = CARTESIAN_POINT('',(74.721431,-158.101296,1.585));
#2531 = LINE('',#2532,#2533);
#2532 = CARTESIAN_POINT('',(74.825751,-157.998903,1.585));
#2533 = VECTOR('',#2534,1.);
#2534 = DIRECTION('',(-0.713667495097,-0.70048462256,0.));
#2535 = ORIENTED_EDGE('',*,*,#2536,.T.);
#2536 = EDGE_CURVE('',#2529,#2537,#2539,.T.);
#2537 = VERTEX_POINT('',#2538);
#2538 = CARTESIAN_POINT('',(74.534076,-158.193449,1.585));
#2539 = LINE('',#2540,#2541);
#2540 = CARTESIAN_POINT('',(74.721431,-158.101296,1.585));
#2541 = VECTOR('',#2542,1.);
#2542 = DIRECTION('',(-0.897328728125,-0.441362836769,0.));
#2543 = ORIENTED_EDGE('',*,*,#2544,.T.);
#2544 = EDGE_CURVE('',#2537,#2545,#2547,.T.);
#2545 = VERTEX_POINT('',#2546);
#2546 = CARTESIAN_POINT('',(74.502381,-158.19771,1.585));
#2547 = LINE('',#2548,#2549);
#2548 = CARTESIAN_POINT('',(74.534076,-158.193449,1.585));
#2549 = VECTOR('',#2550,1.);
#2550 = DIRECTION('',(-0.991083942394,-0.133238954995,0.));
#2551 = ORIENTED_EDGE('',*,*,#2552,.T.);
#2552 = EDGE_CURVE('',#2545,#2553,#2555,.T.);
#2553 = VERTEX_POINT('',#2554);
#2554 = CARTESIAN_POINT('',(74.174208,-158.195404,1.585));
#2555 = LINE('',#2556,#2557);
#2556 = CARTESIAN_POINT('',(74.502381,-158.19771,1.585));
#2557 = VECTOR('',#2558,1.);
#2558 = DIRECTION('',(-0.999975313084,7.026608136491E-03,0.));
#2559 = ORIENTED_EDGE('',*,*,#2560,.T.);
#2560 = EDGE_CURVE('',#2553,#2561,#2563,.T.);
#2561 = VERTEX_POINT('',#2562);
#2562 = CARTESIAN_POINT('',(74.143954,-158.185041,1.585));
#2563 = LINE('',#2564,#2565);
#2564 = CARTESIAN_POINT('',(74.174208,-158.195404,1.585));
#2565 = VECTOR('',#2566,1.);
#2566 = DIRECTION('',(-0.946039921511,0.324050099379,0.));
#2567 = ORIENTED_EDGE('',*,*,#2568,.T.);
#2568 = EDGE_CURVE('',#2561,#2569,#2571,.T.);
#2569 = VERTEX_POINT('',#2570);
#2570 = CARTESIAN_POINT('',(73.971664,-158.096319,1.585));
#2571 = LINE('',#2572,#2573);
#2572 = CARTESIAN_POINT('',(74.143954,-158.185041,1.585));
#2573 = VECTOR('',#2574,1.);
#2574 = DIRECTION('',(-0.889044826057,0.457820158207,0.));
#2575 = ORIENTED_EDGE('',*,*,#2576,.T.);
#2576 = EDGE_CURVE('',#2569,#2577,#2579,.T.);
#2577 = VERTEX_POINT('',#2578);
#2578 = CARTESIAN_POINT('',(73.869271,-157.991997,1.585));
#2579 = LINE('',#2580,#2581);
#2580 = CARTESIAN_POINT('',(73.971664,-158.096319,1.585));
#2581 = VECTOR('',#2582,1.);
#2582 = DIRECTION('',(-0.700477782645,0.7136742086,0.));
#2583 = ORIENTED_EDGE('',*,*,#2584,.T.);
#2584 = EDGE_CURVE('',#2577,#2585,#2587,.T.);
#2585 = VERTEX_POINT('',#2586);
#2586 = CARTESIAN_POINT('',(73.777118,-157.804643,1.585));
#2587 = LINE('',#2588,#2589);
#2588 = CARTESIAN_POINT('',(73.869271,-157.991997,1.585));
#2589 = VECTOR('',#2590,1.);
#2590 = DIRECTION('',(-0.441364733629,0.897327795127,0.));
#2591 = ORIENTED_EDGE('',*,*,#2592,.T.);
#2592 = EDGE_CURVE('',#2585,#2593,#2595,.T.);
#2593 = VERTEX_POINT('',#2594);
#2594 = CARTESIAN_POINT('',(73.772857,-157.772948,1.585));
#2595 = LINE('',#2596,#2597);
#2596 = CARTESIAN_POINT('',(73.777118,-157.804643,1.585));
#2597 = VECTOR('',#2598,1.);
#2598 = DIRECTION('',(-0.133238954994,0.991083942394,0.));
#2599 = ORIENTED_EDGE('',*,*,#2600,.T.);
#2600 = EDGE_CURVE('',#2593,#2601,#2603,.T.);
#2601 = VERTEX_POINT('',#2602);
#2602 = CARTESIAN_POINT('',(73.775163,-156.454299,1.585));
#2603 = LINE('',#2604,#2605);
#2604 = CARTESIAN_POINT('',(73.772857,-157.772948,1.585));
#2605 = VECTOR('',#2606,1.);
#2606 = DIRECTION('',(1.748756851864E-03,0.999998470924,0.));
#2607 = ORIENTED_EDGE('',*,*,#2608,.T.);
#2608 = EDGE_CURVE('',#2601,#2609,#2611,.T.);
#2609 = VERTEX_POINT('',#2610);
#2610 = CARTESIAN_POINT('',(73.793081,-156.411042,1.585));
#2611 = LINE('',#2612,#2613);
#2612 = CARTESIAN_POINT('',(73.775163,-156.454299,1.585));
#2613 = VECTOR('',#2614,1.);
#2614 = DIRECTION('',(0.382690066869,0.923876784382,0.));
#2615 = ORIENTED_EDGE('',*,*,#2616,.T.);
#2616 = EDGE_CURVE('',#2609,#2443,#2617,.T.);
#2617 = LINE('',#2618,#2619);
#2618 = CARTESIAN_POINT('',(73.793081,-156.411042,1.585));
#2619 = VECTOR('',#2620,1.);
#2620 = DIRECTION('',(0.707106781187,0.707106781187,0.));
#2621 = PLANE('',#2622);
#2622 = AXIS2_PLACEMENT_3D('',#2623,#2624,#2625);
#2623 = CARTESIAN_POINT('',(0.,0.,1.585));
#2624 = DIRECTION('',(0.,0.,1.));
#2625 = DIRECTION('',(1.,0.,-0.));
#2626 = SHELL_BASED_SURFACE_MODEL('',(#2627));
#2627 = OPEN_SHELL('',(#2628));
#2628 = ADVANCED_FACE('',(#2629),#2698,.T.);
#2629 = FACE_BOUND('',#2630,.F.);
#2630 = EDGE_LOOP('',(#2631,#2642,#2650,#2659,#2667,#2675,#2684,#2692));
#2631 = ORIENTED_EDGE('',*,*,#2632,.T.);
#2632 = EDGE_CURVE('',#2633,#2635,#2637,.T.);
#2633 = VERTEX_POINT('',#2634);
#2634 = CARTESIAN_POINT('',(65.169445,-156.595404,1.585));
#2635 = VERTEX_POINT('',#2636);
#2636 = CARTESIAN_POINT('',(65.169445,-156.360016,1.585));
#2637 = CIRCLE('',#2638,0.119999802321);
#2638 = AXIS2_PLACEMENT_3D('',#2639,#2640,#2641);
#2639 = CARTESIAN_POINT('',(65.192856,-156.47771,1.585));
#2640 = DIRECTION('',(0.,0.,-1.));
#2641 = DIRECTION('',(-0.195091988047,-0.980784949008,-0.));
#2642 = ORIENTED_EDGE('',*,*,#2643,.T.);
#2643 = EDGE_CURVE('',#2635,#2644,#2646,.T.);
#2644 = VERTEX_POINT('',#2645);
#2645 = CARTESIAN_POINT('',(66.130553,-156.360016,1.585));
#2646 = LINE('',#2647,#2648);
#2647 = CARTESIAN_POINT('',(65.169445,-156.360016,1.585));
#2648 = VECTOR('',#2649,1.);
#2649 = DIRECTION('',(1.,0.,0.));
#2650 = ORIENTED_EDGE('',*,*,#2651,.T.);
#2651 = EDGE_CURVE('',#2644,#2652,#2654,.T.);
#2652 = VERTEX_POINT('',#2653);
#2653 = CARTESIAN_POINT('',(66.130553,-156.595404,1.585));
#2654 = CIRCLE('',#2655,0.119999802321);
#2655 = AXIS2_PLACEMENT_3D('',#2656,#2657,#2658);
#2656 = CARTESIAN_POINT('',(66.107142,-156.47771,1.585));
#2657 = DIRECTION('',(0.,0.,-1.));
#2658 = DIRECTION('',(0.195091988047,0.980784949008,0.));
#2659 = ORIENTED_EDGE('',*,*,#2660,.T.);
#2660 = EDGE_CURVE('',#2652,#2661,#2663,.T.);
#2661 = VERTEX_POINT('',#2662);
#2662 = CARTESIAN_POINT('',(65.769999,-156.59771,1.585));
#2663 = LINE('',#2664,#2665);
#2664 = CARTESIAN_POINT('',(66.130553,-156.595404,1.585));
#2665 = VECTOR('',#2666,1.);
#2666 = DIRECTION('',(-0.999979548053,-6.395582458703E-03,0.));
#2667 = ORIENTED_EDGE('',*,*,#2668,.T.);
#2668 = EDGE_CURVE('',#2661,#2669,#2671,.T.);
#2669 = VERTEX_POINT('',#2670);
#2670 = CARTESIAN_POINT('',(65.767693,-158.101121,1.585));
#2671 = LINE('',#2672,#2673);
#2672 = CARTESIAN_POINT('',(65.769999,-156.59771,1.585));
#2673 = VECTOR('',#2674,1.);
#2674 = DIRECTION('',(-1.533843564645E-03,-0.999998823661,0.));
#2675 = ORIENTED_EDGE('',*,*,#2676,.T.);
#2676 = EDGE_CURVE('',#2669,#2677,#2679,.T.);
#2677 = VERTEX_POINT('',#2678);
#2678 = CARTESIAN_POINT('',(65.532305,-158.101121,1.585));
#2679 = CIRCLE('',#2680,0.119999802321);
#2680 = AXIS2_PLACEMENT_3D('',#2681,#2682,#2683);
#2681 = CARTESIAN_POINT('',(65.649999,-158.07771,1.585));
#2682 = DIRECTION('',(-0.,0.,-1.));
#2683 = DIRECTION('',(0.980784949008,-0.195091988047,-0.));
#2684 = ORIENTED_EDGE('',*,*,#2685,.T.);
#2685 = EDGE_CURVE('',#2677,#2686,#2688,.T.);
#2686 = VERTEX_POINT('',#2687);
#2687 = CARTESIAN_POINT('',(65.529999,-156.59771,1.585));
#2688 = LINE('',#2689,#2690);
#2689 = CARTESIAN_POINT('',(65.532305,-158.101121,1.585));
#2690 = VECTOR('',#2691,1.);
#2691 = DIRECTION('',(-1.533843564636E-03,0.999998823661,0.));
#2692 = ORIENTED_EDGE('',*,*,#2693,.T.);
#2693 = EDGE_CURVE('',#2686,#2633,#2694,.T.);
#2694 = LINE('',#2695,#2696);
#2695 = CARTESIAN_POINT('',(65.529999,-156.59771,1.585));
#2696 = VECTOR('',#2697,1.);
#2697 = DIRECTION('',(-0.999979548053,6.395582458703E-03,0.));
#2698 = PLANE('',#2699);
#2699 = AXIS2_PLACEMENT_3D('',#2700,#2701,#2702);
#2700 = CARTESIAN_POINT('',(0.,0.,1.585));
#2701 = DIRECTION('',(0.,0.,1.));
#2702 = DIRECTION('',(1.,0.,-0.));
#2703 = SHELL_BASED_SURFACE_MODEL('',(#2704));
#2704 = OPEN_SHELL('',(#2705));
#2705 = ADVANCED_FACE('',(#2706),#2775,.T.);
#2706 = FACE_BOUND('',#2707,.F.);
#2707 = EDGE_LOOP('',(#2708,#2719,#2727,#2736,#2744,#2752,#2761,#2769));
#2708 = ORIENTED_EDGE('',*,*,#2709,.T.);
#2709 = EDGE_CURVE('',#2710,#2712,#2714,.T.);
#2710 = VERTEX_POINT('',#2711);
#2711 = CARTESIAN_POINT('',(75.569445,-156.595404,1.585));
#2712 = VERTEX_POINT('',#2713);
#2713 = CARTESIAN_POINT('',(75.569445,-156.360016,1.585));
#2714 = CIRCLE('',#2715,0.119999802321);
#2715 = AXIS2_PLACEMENT_3D('',#2716,#2717,#2718);
#2716 = CARTESIAN_POINT('',(75.592856,-156.47771,1.585));
#2717 = DIRECTION('',(0.,0.,-1.));
#2718 = DIRECTION('',(-0.195091988047,-0.980784949008,-0.));
#2719 = ORIENTED_EDGE('',*,*,#2720,.T.);
#2720 = EDGE_CURVE('',#2712,#2721,#2723,.T.);
#2721 = VERTEX_POINT('',#2722);
#2722 = CARTESIAN_POINT('',(76.530553,-156.360016,1.585));
#2723 = LINE('',#2724,#2725);
#2724 = CARTESIAN_POINT('',(75.569445,-156.360016,1.585));
#2725 = VECTOR('',#2726,1.);
#2726 = DIRECTION('',(1.,0.,0.));
#2727 = ORIENTED_EDGE('',*,*,#2728,.T.);
#2728 = EDGE_CURVE('',#2721,#2729,#2731,.T.);
#2729 = VERTEX_POINT('',#2730);
#2730 = CARTESIAN_POINT('',(76.530553,-156.595404,1.585));
#2731 = CIRCLE('',#2732,0.119999802321);
#2732 = AXIS2_PLACEMENT_3D('',#2733,#2734,#2735);
#2733 = CARTESIAN_POINT('',(76.507142,-156.47771,1.585));
#2734 = DIRECTION('',(0.,0.,-1.));
#2735 = DIRECTION('',(0.195091988047,0.980784949008,0.));
#2736 = ORIENTED_EDGE('',*,*,#2737,.T.);
#2737 = EDGE_CURVE('',#2729,#2738,#2740,.T.);
#2738 = VERTEX_POINT('',#2739);
#2739 = CARTESIAN_POINT('',(76.169999,-156.59771,1.585));
#2740 = LINE('',#2741,#2742);
#2741 = CARTESIAN_POINT('',(76.530553,-156.595404,1.585));
#2742 = VECTOR('',#2743,1.);
#2743 = DIRECTION('',(-0.999979548053,-6.395582458704E-03,0.));
#2744 = ORIENTED_EDGE('',*,*,#2745,.T.);
#2745 = EDGE_CURVE('',#2738,#2746,#2748,.T.);
#2746 = VERTEX_POINT('',#2747);
#2747 = CARTESIAN_POINT('',(76.167693,-158.101121,1.585));
#2748 = LINE('',#2749,#2750);
#2749 = CARTESIAN_POINT('',(76.169999,-156.59771,1.585));
#2750 = VECTOR('',#2751,1.);
#2751 = DIRECTION('',(-1.533843564645E-03,-0.999998823661,0.));
#2752 = ORIENTED_EDGE('',*,*,#2753,.T.);
#2753 = EDGE_CURVE('',#2746,#2754,#2756,.T.);
#2754 = VERTEX_POINT('',#2755);
#2755 = CARTESIAN_POINT('',(75.932305,-158.101121,1.585));
#2756 = CIRCLE('',#2757,0.119999802321);
#2757 = AXIS2_PLACEMENT_3D('',#2758,#2759,#2760);
#2758 = CARTESIAN_POINT('',(76.049999,-158.07771,1.585));
#2759 = DIRECTION('',(-0.,0.,-1.));
#2760 = DIRECTION('',(0.980784949008,-0.195091988047,-0.));
#2761 = ORIENTED_EDGE('',*,*,#2762,.T.);
#2762 = EDGE_CURVE('',#2754,#2763,#2765,.T.);
#2763 = VERTEX_POINT('',#2764);
#2764 = CARTESIAN_POINT('',(75.929999,-156.59771,1.585));
#2765 = LINE('',#2766,#2767);
#2766 = CARTESIAN_POINT('',(75.932305,-158.101121,1.585));
#2767 = VECTOR('',#2768,1.);
#2768 = DIRECTION('',(-1.533843564645E-03,0.999998823661,0.));
#2769 = ORIENTED_EDGE('',*,*,#2770,.T.);
#2770 = EDGE_CURVE('',#2763,#2710,#2771,.T.);
#2771 = LINE('',#2772,#2773);
#2772 = CARTESIAN_POINT('',(75.929999,-156.59771,1.585));
#2773 = VECTOR('',#2774,1.);
#2774 = DIRECTION('',(-0.999979548053,6.395582458704E-03,0.));
#2775 = PLANE('',#2776);
#2776 = AXIS2_PLACEMENT_3D('',#2777,#2778,#2779);
#2777 = CARTESIAN_POINT('',(0.,0.,1.585));
#2778 = DIRECTION('',(0.,0.,1.));
#2779 = DIRECTION('',(1.,0.,-0.));
#2780 = SHELL_BASED_SURFACE_MODEL('',(#2781));
#2781 = OPEN_SHELL('',(#2782));
#2782 = ADVANCED_FACE('',(#2783),#2918,.T.);
#2783 = FACE_BOUND('',#2784,.F.);
#2784 = EDGE_LOOP('',(#2785,#2796,#2804,#2812,#2820,#2829,#2837,#2845,
    #2854,#2862,#2870,#2879,#2887,#2895,#2904,#2912));
#2785 = ORIENTED_EDGE('',*,*,#2786,.T.);
#2786 = EDGE_CURVE('',#2787,#2789,#2791,.T.);
#2787 = VERTEX_POINT('',#2788);
#2788 = CARTESIAN_POINT('',(77.600235,-156.306721,1.585));
#2789 = VERTEX_POINT('',#2790);
#2790 = CARTESIAN_POINT('',(77.792866,-156.416529,1.585));
#2791 = CIRCLE('',#2792,0.119999511362);
#2792 = AXIS2_PLACEMENT_3D('',#2793,#2794,#2795);
#2793 = CARTESIAN_POINT('',(77.673808872532,-156.4015195654,1.585));
#2794 = DIRECTION('',(0.,0.,-1.));
#2795 = DIRECTION('',(-0.613118101038,0.789991262091,0.));
#2796 = ORIENTED_EDGE('',*,*,#2797,.T.);
#2797 = EDGE_CURVE('',#2789,#2798,#2800,.T.);
#2798 = VERTEX_POINT('',#2799);
#2799 = CARTESIAN_POINT('',(77.459347,-157.424377,1.585));
#2800 = LINE('',#2801,#2802);
#2801 = CARTESIAN_POINT('',(77.792866,-156.416529,1.585));
#2802 = VECTOR('',#2803,1.);
#2803 = DIRECTION('',(-0.314166637787,-0.949367854786,0.));
#2804 = ORIENTED_EDGE('',*,*,#2805,.T.);
#2805 = EDGE_CURVE('',#2798,#2806,#2808,.T.);
#2806 = VERTEX_POINT('',#2807);
#2807 = CARTESIAN_POINT('',(77.934761,-157.424377,1.585));
#2808 = LINE('',#2809,#2810);
#2809 = CARTESIAN_POINT('',(77.459347,-157.424377,1.585));
#2810 = VECTOR('',#2811,1.);
#2811 = DIRECTION('',(1.,0.,0.));
#2812 = ORIENTED_EDGE('',*,*,#2813,.T.);
#2813 = EDGE_CURVE('',#2806,#2814,#2816,.T.);
#2814 = VERTEX_POINT('',#2815);
#2815 = CARTESIAN_POINT('',(77.937067,-156.987632,1.585));
#2816 = LINE('',#2817,#2818);
#2817 = CARTESIAN_POINT('',(77.934761,-157.424377,1.585));
#2818 = VECTOR('',#2819,1.);
#2819 = DIRECTION('',(5.279895264423E-03,0.999986061256,0.));
#2820 = ORIENTED_EDGE('',*,*,#2821,.T.);
#2821 = EDGE_CURVE('',#2814,#2822,#2824,.T.);
#2822 = VERTEX_POINT('',#2823);
#2823 = CARTESIAN_POINT('',(78.172455,-156.987632,1.585));
#2824 = CIRCLE('',#2825,0.119999802321);
#2825 = AXIS2_PLACEMENT_3D('',#2826,#2827,#2828);
#2826 = CARTESIAN_POINT('',(78.054761,-157.011043,1.585));
#2827 = DIRECTION('',(0.,0.,-1.));
#2828 = DIRECTION('',(-0.980784949008,0.195091988047,0.));
#2829 = ORIENTED_EDGE('',*,*,#2830,.T.);
#2830 = EDGE_CURVE('',#2822,#2831,#2833,.T.);
#2831 = VERTEX_POINT('',#2832);
#2832 = CARTESIAN_POINT('',(78.174761,-157.424377,1.585));
#2833 = LINE('',#2834,#2835);
#2834 = CARTESIAN_POINT('',(78.172455,-156.987632,1.585));
#2835 = VECTOR('',#2836,1.);
#2836 = DIRECTION('',(5.279895264423E-03,-0.999986061256,0.));
#2837 = ORIENTED_EDGE('',*,*,#2838,.T.);
#2838 = EDGE_CURVE('',#2831,#2839,#2841,.T.);
#2839 = VERTEX_POINT('',#2840);
#2840 = CARTESIAN_POINT('',(78.306744,-157.426683,1.585));
#2841 = LINE('',#2842,#2843);
#2842 = CARTESIAN_POINT('',(78.174761,-157.424377,1.585));
#2843 = VECTOR('',#2844,1.);
#2844 = DIRECTION('',(0.999847400469,-1.746928093379E-02,0.));
#2845 = ORIENTED_EDGE('',*,*,#2846,.T.);
#2846 = EDGE_CURVE('',#2839,#2847,#2849,.T.);
#2847 = VERTEX_POINT('',#2848);
#2848 = CARTESIAN_POINT('',(78.306744,-157.662071,1.585));
#2849 = CIRCLE('',#2850,0.119999802321);
#2850 = AXIS2_PLACEMENT_3D('',#2851,#2852,#2853);
#2851 = CARTESIAN_POINT('',(78.283333,-157.544377,1.585));
#2852 = DIRECTION('',(0.,0.,-1.));
#2853 = DIRECTION('',(0.195091988047,0.980784949008,0.));
#2854 = ORIENTED_EDGE('',*,*,#2855,.T.);
#2855 = EDGE_CURVE('',#2847,#2856,#2858,.T.);
#2856 = VERTEX_POINT('',#2857);
#2857 = CARTESIAN_POINT('',(78.174761,-157.664377,1.585));
#2858 = LINE('',#2859,#2860);
#2859 = CARTESIAN_POINT('',(78.306744,-157.662071,1.585));
#2860 = VECTOR('',#2861,1.);
#2861 = DIRECTION('',(-0.999847400469,-1.746928093379E-02,0.));
#2862 = ORIENTED_EDGE('',*,*,#2863,.T.);
#2863 = EDGE_CURVE('',#2856,#2864,#2866,.T.);
#2864 = VERTEX_POINT('',#2865);
#2865 = CARTESIAN_POINT('',(78.172455,-158.101121,1.585));
#2866 = LINE('',#2867,#2868);
#2867 = CARTESIAN_POINT('',(78.174761,-157.664377,1.585));
#2868 = VECTOR('',#2869,1.);
#2869 = DIRECTION('',(-5.279907353308E-03,-0.999986061192,0.));
#2870 = ORIENTED_EDGE('',*,*,#2871,.T.);
#2871 = EDGE_CURVE('',#2864,#2872,#2874,.T.);
#2872 = VERTEX_POINT('',#2873);
#2873 = CARTESIAN_POINT('',(77.937067,-158.101121,1.585));
#2874 = CIRCLE('',#2875,0.119999802321);
#2875 = AXIS2_PLACEMENT_3D('',#2876,#2877,#2878);
#2876 = CARTESIAN_POINT('',(78.054761,-158.07771,1.585));
#2877 = DIRECTION('',(-0.,0.,-1.));
#2878 = DIRECTION('',(0.980784949008,-0.195091988047,-0.));
#2879 = ORIENTED_EDGE('',*,*,#2880,.T.);
#2880 = EDGE_CURVE('',#2872,#2881,#2883,.T.);
#2881 = VERTEX_POINT('',#2882);
#2882 = CARTESIAN_POINT('',(77.934761,-157.664377,1.585));
#2883 = LINE('',#2884,#2885);
#2884 = CARTESIAN_POINT('',(77.937067,-158.101121,1.585));
#2885 = VECTOR('',#2886,1.);
#2886 = DIRECTION('',(-5.279907353308E-03,0.999986061192,0.));
#2887 = ORIENTED_EDGE('',*,*,#2888,.T.);
#2888 = EDGE_CURVE('',#2881,#2889,#2891,.T.);
#2889 = VERTEX_POINT('',#2890);
#2890 = CARTESIAN_POINT('',(77.269445,-157.662071,1.585));
#2891 = LINE('',#2892,#2893);
#2892 = CARTESIAN_POINT('',(77.934761,-157.664377,1.585));
#2893 = VECTOR('',#2894,1.);
#2894 = DIRECTION('',(-0.999993993399,3.466001341893E-03,0.));
#2895 = ORIENTED_EDGE('',*,*,#2896,.T.);
#2896 = EDGE_CURVE('',#2889,#2897,#2899,.T.);
#2897 = VERTEX_POINT('',#2898);
#2898 = CARTESIAN_POINT('',(77.176373,-157.51804,1.585));
#2899 = CIRCLE('',#2900,0.119064228188);
#2900 = AXIS2_PLACEMENT_3D('',#2901,#2902,#2903);
#2901 = CARTESIAN_POINT('',(77.292293476851,-157.5452196519,1.585));
#2902 = DIRECTION('',(0.,0.,-1.));
#2903 = DIRECTION('',(-0.191900432221,-0.981414399789,-0.));
#2904 = ORIENTED_EDGE('',*,*,#2905,.T.);
#2905 = EDGE_CURVE('',#2897,#2906,#2908,.T.);
#2906 = VERTEX_POINT('',#2907);
#2907 = CARTESIAN_POINT('',(77.569558,-156.342092,1.585));
#2908 = LINE('',#2909,#2910);
#2909 = CARTESIAN_POINT('',(77.176373,-157.51804,1.585));
#2910 = VECTOR('',#2911,1.);
#2911 = DIRECTION('',(0.317100336602,0.948391995183,0.));
#2912 = ORIENTED_EDGE('',*,*,#2913,.T.);
#2913 = EDGE_CURVE('',#2906,#2787,#2914,.T.);
#2914 = LINE('',#2915,#2916);
#2915 = CARTESIAN_POINT('',(77.569558,-156.342092,1.585));
#2916 = VECTOR('',#2917,1.);
#2917 = DIRECTION('',(0.655200453523,0.755455071929,0.));
#2918 = PLANE('',#2919);
#2919 = AXIS2_PLACEMENT_3D('',#2920,#2921,#2922);
#2920 = CARTESIAN_POINT('',(0.,0.,1.585));
#2921 = DIRECTION('',(0.,0.,1.));
#2922 = DIRECTION('',(1.,0.,-0.));
#2923 = SHELL_BASED_SURFACE_MODEL('',(#2924));
#2924 = OPEN_SHELL('',(#2925));
#2925 = ADVANCED_FACE('',(#2926),#3012,.T.);
#2926 = FACE_BOUND('',#2927,.F.);
#2927 = EDGE_LOOP('',(#2928,#2939,#2947,#2956,#2964,#2972,#2981,#2989,
    #2997,#3006));
#2928 = ORIENTED_EDGE('',*,*,#2929,.T.);
#2929 = EDGE_CURVE('',#2930,#2932,#2934,.T.);
#2930 = VERTEX_POINT('',#2931);
#2931 = CARTESIAN_POINT('',(71.482419,-157.256021,1.585));
#2932 = VERTEX_POINT('',#2933);
#2933 = CARTESIAN_POINT('',(71.462501,-157.458252,1.585));
#2934 = CIRCLE('',#2935,0.124999793415);
#2935 = AXIS2_PLACEMENT_3D('',#2936,#2937,#2938);
#2936 = CARTESIAN_POINT('',(71.399999736843,-157.3499997923,1.585));
#2937 = DIRECTION('',(0.,0.,-1.));
#2938 = DIRECTION('',(0.659355194956,0.751831581463,0.));
#2939 = ORIENTED_EDGE('',*,*,#2940,.T.);
#2940 = EDGE_CURVE('',#2932,#2941,#2943,.T.);
#2941 = VERTEX_POINT('',#2942);
#2942 = CARTESIAN_POINT('',(70.660782,-157.918365,1.585));
#2943 = LINE('',#2944,#2945);
#2944 = CARTESIAN_POINT('',(71.462501,-157.458252,1.585));
#2945 = VECTOR('',#2946,1.);
#2946 = DIRECTION('',(-0.867315258281,-0.497759221665,0.));
#2947 = ORIENTED_EDGE('',*,*,#2948,.T.);
#2948 = EDGE_CURVE('',#2941,#2949,#2951,.T.);
#2949 = VERTEX_POINT('',#2950);
#2950 = CARTESIAN_POINT('',(70.538181,-157.706021,1.585));
#2951 = CIRCLE('',#2952,0.124999574469);
#2952 = AXIS2_PLACEMENT_3D('',#2953,#2954,#2955);
#2953 = CARTESIAN_POINT('',(70.620599715592,-157.7999999813,1.585));
#2954 = DIRECTION('',(0.,0.,-1.));
#2955 = DIRECTION('',(0.321459369594,-0.946923372665,0.));
#2956 = ORIENTED_EDGE('',*,*,#2957,.T.);
#2957 = EDGE_CURVE('',#2949,#2958,#2960,.T.);
#2958 = VERTEX_POINT('',#2959);
#2959 = CARTESIAN_POINT('',(70.933506,-157.475,1.585));
#2960 = LINE('',#2961,#2962);
#2961 = CARTESIAN_POINT('',(70.538181,-157.706021,1.585));
#2962 = VECTOR('',#2963,1.);
#2963 = DIRECTION('',(0.863384398681,0.504546707564,0.));
#2964 = ORIENTED_EDGE('',*,*,#2965,.T.);
#2965 = EDGE_CURVE('',#2958,#2966,#2968,.T.);
#2966 = VERTEX_POINT('',#2967);
#2967 = CARTESIAN_POINT('',(68.575614,-157.472598,1.585));
#2968 = LINE('',#2969,#2970);
#2969 = CARTESIAN_POINT('',(70.933506,-157.475,1.585));
#2970 = VECTOR('',#2971,1.);
#2971 = DIRECTION('',(-0.999999481119,1.018706010978E-03,0.));
#2972 = ORIENTED_EDGE('',*,*,#2973,.T.);
#2973 = EDGE_CURVE('',#2966,#2974,#2976,.T.);
#2974 = VERTEX_POINT('',#2975);
#2975 = CARTESIAN_POINT('',(68.575614,-157.227402,1.585));
#2976 = CIRCLE('',#2977,0.1249997864);
#2977 = AXIS2_PLACEMENT_3D('',#2978,#2979,#2980);
#2978 = CARTESIAN_POINT('',(68.6,-157.35,1.585));
#2979 = DIRECTION('',(0.,0.,-1.));
#2980 = DIRECTION('',(-0.195088333367,-0.980785675968,-0.));
#2981 = ORIENTED_EDGE('',*,*,#2982,.T.);
#2982 = EDGE_CURVE('',#2974,#2983,#2985,.T.);
#2983 = VERTEX_POINT('',#2984);
#2984 = CARTESIAN_POINT('',(70.933506,-157.225,1.585));
#2985 = LINE('',#2986,#2987);
#2986 = CARTESIAN_POINT('',(68.575614,-157.227402,1.585));
#2987 = VECTOR('',#2988,1.);
#2988 = DIRECTION('',(0.999999481119,1.01870601099E-03,0.));
#2989 = ORIENTED_EDGE('',*,*,#2990,.T.);
#2990 = EDGE_CURVE('',#2983,#2991,#2993,.T.);
#2991 = VERTEX_POINT('',#2992);
#2992 = CARTESIAN_POINT('',(70.538181,-156.993979,1.585));
#2993 = LINE('',#2994,#2995);
#2994 = CARTESIAN_POINT('',(70.933506,-157.225,1.585));
#2995 = VECTOR('',#2996,1.);
#2996 = DIRECTION('',(-0.863384398681,0.504546707564,0.));
#2997 = ORIENTED_EDGE('',*,*,#2998,.T.);
#2998 = EDGE_CURVE('',#2991,#2999,#3001,.T.);
#2999 = VERTEX_POINT('',#3000);
#3000 = CARTESIAN_POINT('',(70.660782,-156.781635,1.585));
#3001 = CIRCLE('',#3002,0.124999385216);
#3002 = AXIS2_PLACEMENT_3D('',#3003,#3004,#3005);
#3003 = CARTESIAN_POINT('',(70.62059887544,-156.8999995335,1.585));
#3004 = DIRECTION('',(0.,0.,-1.));
#3005 = DIRECTION('',(-0.659346246362,-0.751839429272,-0.));
#3006 = ORIENTED_EDGE('',*,*,#3007,.T.);
#3007 = EDGE_CURVE('',#2999,#2930,#3008,.T.);
#3008 = LINE('',#3009,#3010);
#3009 = CARTESIAN_POINT('',(70.660782,-156.781635,1.585));
#3010 = VECTOR('',#3011,1.);
#3011 = DIRECTION('',(0.866019170684,-0.500010795892,0.));
#3012 = PLANE('',#3013);
#3013 = AXIS2_PLACEMENT_3D('',#3014,#3015,#3016);
#3014 = CARTESIAN_POINT('',(0.,0.,1.585));
#3015 = DIRECTION('',(0.,0.,1.));
#3016 = DIRECTION('',(1.,0.,-0.));
#3017 = SHELL_BASED_SURFACE_MODEL('',(#3018));
#3018 = OPEN_SHELL('',(#3019));
#3019 = ADVANCED_FACE('',(#3020),#3090,.T.);
#3020 = FACE_BOUND('',#3021,.F.);
#3021 = EDGE_LOOP('',(#3022,#3033,#3041,#3050,#3058,#3067,#3075,#3084));
#3022 = ORIENTED_EDGE('',*,*,#3023,.T.);
#3023 = EDGE_CURVE('',#3024,#3026,#3028,.T.);
#3024 = VERTEX_POINT('',#3025);
#3025 = CARTESIAN_POINT('',(67.625614,-120.122598,1.585));
#3026 = VERTEX_POINT('',#3027);
#3027 = CARTESIAN_POINT('',(67.625614,-119.877402,1.585));
#3028 = CIRCLE('',#3029,0.1249997864);
#3029 = AXIS2_PLACEMENT_3D('',#3030,#3031,#3032);
#3030 = CARTESIAN_POINT('',(67.65,-120.,1.585));
#3031 = DIRECTION('',(0.,0.,-1.));
#3032 = DIRECTION('',(-0.195088333367,-0.980785675968,-0.));
#3033 = ORIENTED_EDGE('',*,*,#3034,.T.);
#3034 = EDGE_CURVE('',#3026,#3035,#3037,.T.);
#3035 = VERTEX_POINT('',#3036);
#3036 = CARTESIAN_POINT('',(68.600002,-119.875,1.585));
#3037 = LINE('',#3038,#3039);
#3038 = CARTESIAN_POINT('',(67.625614,-119.877402,1.585));
#3039 = VECTOR('',#3040,1.);
#3040 = DIRECTION('',(0.999996961563,2.46512960102E-03,0.));
#3041 = ORIENTED_EDGE('',*,*,#3042,.T.);
#3042 = EDGE_CURVE('',#3035,#3043,#3045,.T.);
#3043 = VERTEX_POINT('',#3044);
#3044 = CARTESIAN_POINT('',(69.725,-121.,1.585));
#3045 = CIRCLE('',#3046,1.1250226435);
#3046 = AXIS2_PLACEMENT_3D('',#3047,#3048,#3049);
#3047 = CARTESIAN_POINT('',(68.599977356728,-121.0000226432,1.585));
#3048 = DIRECTION('',(0.,0.,-1.));
#3049 = DIRECTION('',(2.190469001794E-05,0.99999999976,0.));
#3050 = ORIENTED_EDGE('',*,*,#3051,.T.);
#3051 = EDGE_CURVE('',#3043,#3052,#3054,.T.);
#3052 = VERTEX_POINT('',#3053);
#3053 = CARTESIAN_POINT('',(69.722598,-156.674386,1.585));
#3054 = LINE('',#3055,#3056);
#3055 = CARTESIAN_POINT('',(69.725,-121.,1.585));
#3056 = VECTOR('',#3057,1.);
#3057 = DIRECTION('',(-6.733122174954E-05,-0.999999997733,0.));
#3058 = ORIENTED_EDGE('',*,*,#3059,.T.);
#3059 = EDGE_CURVE('',#3052,#3060,#3062,.T.);
#3060 = VERTEX_POINT('',#3061);
#3061 = CARTESIAN_POINT('',(69.477402,-156.674386,1.585));
#3062 = CIRCLE('',#3063,0.1249997864);
#3063 = AXIS2_PLACEMENT_3D('',#3064,#3065,#3066);
#3064 = CARTESIAN_POINT('',(69.6,-156.65,1.585));
#3065 = DIRECTION('',(-0.,0.,-1.));
#3066 = DIRECTION('',(0.980785675968,-0.195088333367,-0.));
#3067 = ORIENTED_EDGE('',*,*,#3068,.T.);
#3068 = EDGE_CURVE('',#3060,#3069,#3071,.T.);
#3069 = VERTEX_POINT('',#3070);
#3070 = CARTESIAN_POINT('',(69.474998,-120.913823,1.585));
#3071 = LINE('',#3072,#3073);
#3072 = CARTESIAN_POINT('',(69.477402,-156.674386,1.585));
#3073 = VECTOR('',#3074,1.);
#3074 = DIRECTION('',(-6.722489225258E-05,0.99999999774,0.));
#3075 = ORIENTED_EDGE('',*,*,#3076,.T.);
#3076 = EDGE_CURVE('',#3069,#3077,#3079,.T.);
#3077 = VERTEX_POINT('',#3078);
#3078 = CARTESIAN_POINT('',(68.686177,-120.125002,1.585));
#3079 = CIRCLE('',#3080,0.879255247702);
#3080 = AXIS2_PLACEMENT_3D('',#3081,#3082,#3083);
#3081 = CARTESIAN_POINT('',(68.599978248325,-121.0000217516,1.585));
#3082 = DIRECTION('',(0.,0.,1.));
#3083 = DIRECTION('',(0.995182859541,9.803609577581E-02,-0.));
#3084 = ORIENTED_EDGE('',*,*,#3085,.T.);
#3085 = EDGE_CURVE('',#3077,#3024,#3086,.T.);
#3086 = LINE('',#3087,#3088);
#3087 = CARTESIAN_POINT('',(68.686177,-120.125002,1.585));
#3088 = VECTOR('',#3089,1.);
#3089 = DIRECTION('',(-0.999997430999,2.266714777076E-03,0.));
#3090 = PLANE('',#3091);
#3091 = AXIS2_PLACEMENT_3D('',#3092,#3093,#3094);
#3092 = CARTESIAN_POINT('',(0.,0.,1.585));
#3093 = DIRECTION('',(0.,0.,1.));
#3094 = DIRECTION('',(1.,0.,-0.));
#3095 = SHELL_BASED_SURFACE_MODEL('',(#3096));
#3096 = OPEN_SHELL('',(#3097));
#3097 = ADVANCED_FACE('',(#3098),#3168,.T.);
#3098 = FACE_BOUND('',#3099,.F.);
#3099 = EDGE_LOOP('',(#3100,#3111,#3119,#3128,#3136,#3145,#3153,#3162));
#3100 = ORIENTED_EDGE('',*,*,#3101,.T.);
#3101 = EDGE_CURVE('',#3102,#3104,#3106,.T.);
#3102 = VERTEX_POINT('',#3103);
#3103 = CARTESIAN_POINT('',(70.275,-120.999997,1.585));
#3104 = VERTEX_POINT('',#3105);
#3105 = CARTESIAN_POINT('',(71.4,-119.875,1.585));
#3106 = CIRCLE('',#3107,1.125022643542);
#3107 = AXIS2_PLACEMENT_3D('',#3108,#3109,#3110);
#3108 = CARTESIAN_POINT('',(71.40002264325,-121.0000226433,1.585));
#3109 = DIRECTION('',(0.,0.,-1.));
#3110 = DIRECTION('',(-0.99999999974,2.279359825094E-05,0.));
#3111 = ORIENTED_EDGE('',*,*,#3112,.T.);
#3112 = EDGE_CURVE('',#3104,#3113,#3115,.T.);
#3113 = VERTEX_POINT('',#3114);
#3114 = CARTESIAN_POINT('',(72.374386,-119.877402,1.585));
#3115 = LINE('',#3116,#3117);
#3116 = CARTESIAN_POINT('',(71.4,-119.875,1.585));
#3117 = VECTOR('',#3118,1.);
#3118 = DIRECTION('',(0.999996961551,-2.465134660852E-03,0.));
#3119 = ORIENTED_EDGE('',*,*,#3120,.T.);
#3120 = EDGE_CURVE('',#3113,#3121,#3123,.T.);
#3121 = VERTEX_POINT('',#3122);
#3122 = CARTESIAN_POINT('',(72.374386,-120.122598,1.585));
#3123 = CIRCLE('',#3124,0.1249997864);
#3124 = AXIS2_PLACEMENT_3D('',#3125,#3126,#3127);
#3125 = CARTESIAN_POINT('',(72.35,-120.,1.585));
#3126 = DIRECTION('',(0.,0.,-1.));
#3127 = DIRECTION('',(0.195088333367,0.980785675968,0.));
#3128 = ORIENTED_EDGE('',*,*,#3129,.T.);
#3129 = EDGE_CURVE('',#3121,#3130,#3132,.T.);
#3130 = VERTEX_POINT('',#3131);
#3131 = CARTESIAN_POINT('',(71.313823,-120.125002,1.585));
#3132 = LINE('',#3133,#3134);
#3133 = CARTESIAN_POINT('',(72.374386,-120.122598,1.585));
#3134 = VECTOR('',#3135,1.);
#3135 = DIRECTION('',(-0.999997430999,-2.266714777076E-03,0.));
#3136 = ORIENTED_EDGE('',*,*,#3137,.T.);
#3137 = EDGE_CURVE('',#3130,#3138,#3140,.T.);
#3138 = VERTEX_POINT('',#3139);
#3139 = CARTESIAN_POINT('',(70.525002,-120.913823,1.585));
#3140 = CIRCLE('',#3141,0.879255247702);
#3141 = AXIS2_PLACEMENT_3D('',#3142,#3143,#3144);
#3142 = CARTESIAN_POINT('',(71.400021751675,-121.0000217516,1.585));
#3143 = DIRECTION('',(0.,0.,1.));
#3144 = DIRECTION('',(-9.803609577582E-02,0.995182859541,0.));
#3145 = ORIENTED_EDGE('',*,*,#3146,.T.);
#3146 = EDGE_CURVE('',#3138,#3147,#3149,.T.);
#3147 = VERTEX_POINT('',#3148);
#3148 = CARTESIAN_POINT('',(70.522598,-156.674386,1.585));
#3149 = LINE('',#3150,#3151);
#3150 = CARTESIAN_POINT('',(70.525002,-120.913823,1.585));
#3151 = VECTOR('',#3152,1.);
#3152 = DIRECTION('',(-6.722489225258E-05,-0.99999999774,0.));
#3153 = ORIENTED_EDGE('',*,*,#3154,.T.);
#3154 = EDGE_CURVE('',#3147,#3155,#3157,.T.);
#3155 = VERTEX_POINT('',#3156);
#3156 = CARTESIAN_POINT('',(70.277402,-156.674386,1.585));
#3157 = CIRCLE('',#3158,0.1249997864);
#3158 = AXIS2_PLACEMENT_3D('',#3159,#3160,#3161);
#3159 = CARTESIAN_POINT('',(70.4,-156.65,1.585));
#3160 = DIRECTION('',(-0.,0.,-1.));
#3161 = DIRECTION('',(0.980785675968,-0.195088333367,-0.));
#3162 = ORIENTED_EDGE('',*,*,#3163,.T.);
#3163 = EDGE_CURVE('',#3155,#3102,#3164,.T.);
#3164 = LINE('',#3165,#3166);
#3165 = CARTESIAN_POINT('',(70.277402,-156.674386,1.585));
#3166 = VECTOR('',#3167,1.);
#3167 = DIRECTION('',(-6.733121608739E-05,0.999999997733,0.));
#3168 = PLANE('',#3169);
#3169 = AXIS2_PLACEMENT_3D('',#3170,#3171,#3172);
#3170 = CARTESIAN_POINT('',(0.,0.,1.585));
#3171 = DIRECTION('',(0.,0.,1.));
#3172 = DIRECTION('',(1.,0.,-0.));
#3173 = SHELL_BASED_SURFACE_MODEL('',(#3174));
#3174 = OPEN_SHELL('',(#3175));
#3175 = ADVANCED_FACE('',(#3176),#3319,.T.);
#3176 = FACE_BOUND('',#3177,.F.);
#3177 = EDGE_LOOP('',(#3178,#3188,#3196,#3204,#3212,#3221,#3229,#3238,
    #3246,#3254,#3263,#3271,#3279,#3288,#3296,#3305,#3313));
#3178 = ORIENTED_EDGE('',*,*,#3179,.T.);
#3179 = EDGE_CURVE('',#3180,#3182,#3184,.T.);
#3180 = VERTEX_POINT('',#3181);
#3181 = CARTESIAN_POINT('',(63.536582,-145.106724,1.585));
#3182 = VERTEX_POINT('',#3183);
#3183 = CARTESIAN_POINT('',(63.571112,-145.075103,1.585));
#3184 = LINE('',#3185,#3186);
#3185 = CARTESIAN_POINT('',(63.536582,-145.106724,1.585));
#3186 = VECTOR('',#3187,1.);
#3187 = DIRECTION('',(0.737489167488,0.675358962211,0.));
#3188 = ORIENTED_EDGE('',*,*,#3189,.T.);
#3189 = EDGE_CURVE('',#3182,#3190,#3192,.T.);
#3190 = VERTEX_POINT('',#3191);
#3191 = CARTESIAN_POINT('',(63.615114,-145.059102,1.585));
#3192 = LINE('',#3193,#3194);
#3193 = CARTESIAN_POINT('',(63.571112,-145.075103,1.585));
#3194 = VECTOR('',#3195,1.);
#3195 = DIRECTION('',(0.939791552707,0.341748207692,0.));
#3196 = ORIENTED_EDGE('',*,*,#3197,.T.);
#3197 = EDGE_CURVE('',#3190,#3198,#3200,.T.);
#3198 = VERTEX_POINT('',#3199);
#3199 = CARTESIAN_POINT('',(63.635919,-145.060016,1.585));
#3200 = LINE('',#3201,#3202);
#3201 = CARTESIAN_POINT('',(63.615114,-145.059102,1.585));
#3202 = VECTOR('',#3203,1.);
#3203 = DIRECTION('',(0.999036395387,-4.388941434167E-02,0.));
#3204 = ORIENTED_EDGE('',*,*,#3205,.T.);
#3205 = EDGE_CURVE('',#3198,#3206,#3208,.T.);
#3206 = VERTEX_POINT('',#3207);
#3207 = CARTESIAN_POINT('',(63.661891,-145.061157,1.585));
#3208 = LINE('',#3209,#3210);
#3209 = CARTESIAN_POINT('',(63.635919,-145.060016,1.585));
#3210 = VECTOR('',#3211,1.);
#3211 = DIRECTION('',(0.999036387524,-4.388959333833E-02,0.));
#3212 = ORIENTED_EDGE('',*,*,#3213,.T.);
#3213 = EDGE_CURVE('',#3206,#3214,#3216,.T.);
#3214 = VERTEX_POINT('',#3215);
#3215 = CARTESIAN_POINT('',(63.751817,-145.162316,1.585));
#3216 = CIRCLE('',#3217,0.118861828863);
#3217 = AXIS2_PLACEMENT_3D('',#3218,#3219,#3220);
#3218 = CARTESIAN_POINT('',(63.633823536482,-145.1766574409,1.585));
#3219 = DIRECTION('',(0.,0.,-1.));
#3220 = DIRECTION('',(0.236135215038,0.971720206756,0.));
#3221 = ORIENTED_EDGE('',*,*,#3222,.T.);
#3222 = EDGE_CURVE('',#3214,#3223,#3225,.T.);
#3223 = VERTEX_POINT('',#3224);
#3224 = CARTESIAN_POINT('',(63.751028,-146.801121,1.585));
#3225 = LINE('',#3226,#3227);
#3226 = CARTESIAN_POINT('',(63.751817,-145.162316,1.585));
#3227 = VECTOR('',#3228,1.);
#3228 = DIRECTION('',(-4.814483166469E-04,-0.999999884104,0.));
#3229 = ORIENTED_EDGE('',*,*,#3230,.T.);
#3230 = EDGE_CURVE('',#3223,#3231,#3233,.T.);
#3231 = VERTEX_POINT('',#3232);
#3232 = CARTESIAN_POINT('',(63.51564,-146.801121,1.585));
#3233 = CIRCLE('',#3234,0.119999802321);
#3234 = AXIS2_PLACEMENT_3D('',#3235,#3236,#3237);
#3235 = CARTESIAN_POINT('',(63.633334,-146.77771,1.585));
#3236 = DIRECTION('',(-0.,0.,-1.));
#3237 = DIRECTION('',(0.980784949008,-0.195091988047,-0.));
#3238 = ORIENTED_EDGE('',*,*,#3239,.T.);
#3239 = EDGE_CURVE('',#3231,#3240,#3242,.T.);
#3240 = VERTEX_POINT('',#3241);
#3241 = CARTESIAN_POINT('',(63.513334,-145.718616,1.585));
#3242 = LINE('',#3243,#3244);
#3243 = CARTESIAN_POINT('',(63.51564,-146.801121,1.585));
#3244 = VECTOR('',#3245,1.);
#3245 = DIRECTION('',(-2.130239368659E-03,0.999997731038,0.));
#3246 = ORIENTED_EDGE('',*,*,#3247,.T.);
#3247 = EDGE_CURVE('',#3240,#3248,#3250,.T.);
#3248 = VERTEX_POINT('',#3249);
#3249 = CARTESIAN_POINT('',(63.196752,-146.391553,1.585));
#3250 = LINE('',#3251,#3252);
#3251 = CARTESIAN_POINT('',(63.513334,-145.718616,1.585));
#3252 = VECTOR('',#3253,1.);
#3253 = DIRECTION('',(-0.425693293275,-0.904867515198,0.));
#3254 = ORIENTED_EDGE('',*,*,#3255,.T.);
#3255 = EDGE_CURVE('',#3248,#3256,#3258,.T.);
#3256 = VERTEX_POINT('',#3257);
#3257 = CARTESIAN_POINT('',(62.996339,-146.37989,1.585));
#3258 = CIRCLE('',#3259,0.119452629962);
#3259 = AXIS2_PLACEMENT_3D('',#3260,#3261,#3262);
#3260 = CARTESIAN_POINT('',(63.100307707872,-146.3210730076,1.585));
#3261 = DIRECTION('',(-0.,0.,-1.));
#3262 = DIRECTION('',(0.807385255214,-0.590024617844,-0.));
#3263 = ORIENTED_EDGE('',*,*,#3264,.T.);
#3264 = EDGE_CURVE('',#3256,#3265,#3267,.T.);
#3265 = VERTEX_POINT('',#3266);
#3266 = CARTESIAN_POINT('',(62.686667,-145.718618,1.585));
#3267 = LINE('',#3268,#3269);
#3268 = CARTESIAN_POINT('',(62.996339,-146.37989,1.585));
#3269 = VECTOR('',#3270,1.);
#3270 = DIRECTION('',(-0.424097849692,0.90561637236,0.));
#3271 = ORIENTED_EDGE('',*,*,#3272,.T.);
#3272 = EDGE_CURVE('',#3265,#3273,#3275,.T.);
#3273 = VERTEX_POINT('',#3274);
#3274 = CARTESIAN_POINT('',(62.684361,-146.801121,1.585));
#3275 = LINE('',#3276,#3277);
#3276 = CARTESIAN_POINT('',(62.686667,-145.718618,1.585));
#3277 = VECTOR('',#3278,1.);
#3278 = DIRECTION('',(-2.130243304407E-03,-0.999997731029,0.));
#3279 = ORIENTED_EDGE('',*,*,#3280,.T.);
#3280 = EDGE_CURVE('',#3273,#3281,#3283,.T.);
#3281 = VERTEX_POINT('',#3282);
#3282 = CARTESIAN_POINT('',(62.448973,-146.801121,1.585));
#3283 = CIRCLE('',#3284,0.119999802321);
#3284 = AXIS2_PLACEMENT_3D('',#3285,#3286,#3287);
#3285 = CARTESIAN_POINT('',(62.566667,-146.77771,1.585));
#3286 = DIRECTION('',(-0.,0.,-1.));
#3287 = DIRECTION('',(0.980784949008,-0.195091988047,-0.));
#3288 = ORIENTED_EDGE('',*,*,#3289,.T.);
#3289 = EDGE_CURVE('',#3281,#3290,#3292,.T.);
#3290 = VERTEX_POINT('',#3291);
#3291 = CARTESIAN_POINT('',(62.448973,-145.154299,1.585));
#3292 = LINE('',#3293,#3294);
#3293 = CARTESIAN_POINT('',(62.448973,-146.801121,1.585));
#3294 = VECTOR('',#3295,1.);
#3295 = DIRECTION('',(0.,1.,0.));
#3296 = ORIENTED_EDGE('',*,*,#3297,.T.);
#3297 = EDGE_CURVE('',#3290,#3298,#3300,.T.);
#3298 = VERTEX_POINT('',#3299);
#3299 = CARTESIAN_POINT('',(62.667526,-145.113657,1.585));
#3300 = CIRCLE('',#3301,0.11958826405);
#3301 = AXIS2_PLACEMENT_3D('',#3302,#3303,#3304);
#3302 = CARTESIAN_POINT('',(62.566316746595,-145.1773597465,1.585));
#3303 = DIRECTION('',(0.,0.,-1.));
#3304 = DIRECTION('',(-0.981231289937,0.192834529193,0.));
#3305 = ORIENTED_EDGE('',*,*,#3306,.T.);
#3306 = EDGE_CURVE('',#3298,#3307,#3309,.T.);
#3307 = VERTEX_POINT('',#3308);
#3308 = CARTESIAN_POINT('',(63.1,-146.036802,1.585));
#3309 = LINE('',#3310,#3311);
#3310 = CARTESIAN_POINT('',(62.667526,-145.113657,1.585));
#3311 = VECTOR('',#3312,1.);
#3312 = DIRECTION('',(0.424232631713,-0.905553242051,0.));
#3313 = ORIENTED_EDGE('',*,*,#3314,.T.);
#3314 = EDGE_CURVE('',#3307,#3180,#3315,.T.);
#3315 = LINE('',#3316,#3317);
#3316 = CARTESIAN_POINT('',(63.1,-146.036802,1.585));
#3317 = VECTOR('',#3318,1.);
#3318 = DIRECTION('',(0.424918921372,0.905231412546,0.));
#3319 = PLANE('',#3320);
#3320 = AXIS2_PLACEMENT_3D('',#3321,#3322,#3323);
#3321 = CARTESIAN_POINT('',(0.,0.,1.585));
#3322 = DIRECTION('',(0.,0.,1.));
#3323 = DIRECTION('',(1.,0.,-0.));
#3324 = SHELL_BASED_SURFACE_MODEL('',(#3325));
#3325 = OPEN_SHELL('',(#3326));
#3326 = ADVANCED_FACE('',(#3327),#3379,.T.);
#3327 = FACE_BOUND('',#3328,.F.);
#3328 = EDGE_LOOP('',(#3329,#3340,#3348,#3357,#3365,#3373));
#3329 = ORIENTED_EDGE('',*,*,#3330,.T.);
#3330 = EDGE_CURVE('',#3331,#3333,#3335,.T.);
#3331 = VERTEX_POINT('',#3332);
#3332 = CARTESIAN_POINT('',(64.733332,-145.077934,1.585));
#3333 = VERTEX_POINT('',#3334);
#3334 = CARTESIAN_POINT('',(64.917694,-145.154299,1.585));
#3335 = CIRCLE('',#3336,0.119999904712);
#3336 = AXIS2_PLACEMENT_3D('',#3337,#3338,#3339);
#3337 = CARTESIAN_POINT('',(64.8,-145.1777105248,1.585));
#3338 = DIRECTION('',(0.,0.,-1.));
#3339 = DIRECTION('',(-0.555567107826,0.831471700482,0.));
#3340 = ORIENTED_EDGE('',*,*,#3341,.T.);
#3341 = EDGE_CURVE('',#3333,#3342,#3344,.T.);
#3342 = VERTEX_POINT('',#3343);
#3343 = CARTESIAN_POINT('',(64.917694,-146.801121,1.585));
#3344 = LINE('',#3345,#3346);
#3345 = CARTESIAN_POINT('',(64.917694,-145.154299,1.585));
#3346 = VECTOR('',#3347,1.);
#3347 = DIRECTION('',(0.,-1.,0.));
#3348 = ORIENTED_EDGE('',*,*,#3349,.T.);
#3349 = EDGE_CURVE('',#3342,#3350,#3352,.T.);
#3350 = VERTEX_POINT('',#3351);
#3351 = CARTESIAN_POINT('',(64.682306,-146.801121,1.585));
#3352 = CIRCLE('',#3353,0.119999802321);
#3353 = AXIS2_PLACEMENT_3D('',#3354,#3355,#3356);
#3354 = CARTESIAN_POINT('',(64.8,-146.77771,1.585));
#3355 = DIRECTION('',(-0.,0.,-1.));
#3356 = DIRECTION('',(0.980784949008,-0.195091988047,-0.));
#3357 = ORIENTED_EDGE('',*,*,#3358,.T.);
#3358 = EDGE_CURVE('',#3350,#3359,#3361,.T.);
#3359 = VERTEX_POINT('',#3360);
#3360 = CARTESIAN_POINT('',(64.682306,-145.154299,1.585));
#3361 = LINE('',#3362,#3363);
#3362 = CARTESIAN_POINT('',(64.682306,-146.801121,1.585));
#3363 = VECTOR('',#3364,1.);
#3364 = DIRECTION('',(0.,1.,0.));
#3365 = ORIENTED_EDGE('',*,*,#3366,.T.);
#3366 = EDGE_CURVE('',#3359,#3367,#3369,.T.);
#3367 = VERTEX_POINT('',#3368);
#3368 = CARTESIAN_POINT('',(64.700224,-145.111042,1.585));
#3369 = LINE('',#3370,#3371);
#3370 = CARTESIAN_POINT('',(64.682306,-145.154299,1.585));
#3371 = VECTOR('',#3372,1.);
#3372 = DIRECTION('',(0.382690066869,0.923876784382,0.));
#3373 = ORIENTED_EDGE('',*,*,#3374,.T.);
#3374 = EDGE_CURVE('',#3367,#3331,#3375,.T.);
#3375 = LINE('',#3376,#3377);
#3376 = CARTESIAN_POINT('',(64.700224,-145.111042,1.585));
#3377 = VECTOR('',#3378,1.);
#3378 = DIRECTION('',(0.707106781187,0.707106781187,0.));
#3379 = PLANE('',#3380);
#3380 = AXIS2_PLACEMENT_3D('',#3381,#3382,#3383);
#3381 = CARTESIAN_POINT('',(0.,0.,1.585));
#3382 = DIRECTION('',(0.,0.,1.));
#3383 = DIRECTION('',(1.,0.,-0.));
#3384 = SHELL_BASED_SURFACE_MODEL('',(#3385));
#3385 = OPEN_SHELL('',(#3386));
#3386 = ADVANCED_FACE('',(#3387),#3497,.T.);
#3387 = FACE_BOUND('',#3388,.F.);
#3388 = EDGE_LOOP('',(#3389,#3400,#3408,#3416,#3424,#3432,#3440,#3449,
    #3457,#3466,#3474,#3482,#3491));
#3389 = ORIENTED_EDGE('',*,*,#3390,.T.);
#3390 = EDGE_CURVE('',#3391,#3393,#3395,.T.);
#3391 = VERTEX_POINT('',#3392);
#3392 = CARTESIAN_POINT('',(65.925163,-145.154299,1.585));
#3393 = VERTEX_POINT('',#3394);
#3394 = CARTESIAN_POINT('',(66.019446,-145.060016,1.585));
#3395 = CIRCLE('',#3396,0.120001662203);
#3396 = AXIS2_PLACEMENT_3D('',#3397,#3398,#3399);
#3397 = CARTESIAN_POINT('',(66.042858581692,-145.1777115816,1.585));
#3398 = DIRECTION('',(0.,0.,-1.));
#3399 = DIRECTION('',(-0.980782928603,0.195102144942,0.));
#3400 = ORIENTED_EDGE('',*,*,#3401,.T.);
#3401 = EDGE_CURVE('',#3393,#3402,#3404,.T.);
#3402 = VERTEX_POINT('',#3403);
#3403 = CARTESIAN_POINT('',(66.058616,-145.060016,1.585));
#3404 = LINE('',#3405,#3406);
#3405 = CARTESIAN_POINT('',(66.019446,-145.060016,1.585));
#3406 = VECTOR('',#3407,1.);
#3407 = DIRECTION('',(1.,0.,0.));
#3408 = ORIENTED_EDGE('',*,*,#3409,.T.);
#3409 = EDGE_CURVE('',#3402,#3410,#3412,.T.);
#3410 = VERTEX_POINT('',#3411);
#3411 = CARTESIAN_POINT('',(66.109525,-145.077934,1.585));
#3412 = LINE('',#3413,#3414);
#3413 = CARTESIAN_POINT('',(66.058616,-145.060016,1.585));
#3414 = VECTOR('',#3415,1.);
#3415 = DIRECTION('',(0.943280050104,-0.33199811306,0.));
#3416 = ORIENTED_EDGE('',*,*,#3417,.T.);
#3417 = EDGE_CURVE('',#3410,#3418,#3420,.T.);
#3418 = VERTEX_POINT('',#3419);
#3419 = CARTESIAN_POINT('',(66.143542,-145.113237,1.585));
#3420 = LINE('',#3421,#3422);
#3421 = CARTESIAN_POINT('',(66.109525,-145.077934,1.585));
#3422 = VECTOR('',#3423,1.);
#3423 = DIRECTION('',(0.693869395532,-0.720100869285,0.));
#3424 = ORIENTED_EDGE('',*,*,#3425,.T.);
#3425 = EDGE_CURVE('',#3418,#3426,#3428,.T.);
#3426 = VERTEX_POINT('',#3427);
#3427 = CARTESIAN_POINT('',(66.837143,-146.325842,1.585));
#3428 = LINE('',#3429,#3430);
#3429 = CARTESIAN_POINT('',(66.143542,-145.113237,1.585));
#3430 = VECTOR('',#3431,1.);
#3431 = DIRECTION('',(0.496507926017,-0.868032187999,0.));
#3432 = ORIENTED_EDGE('',*,*,#3433,.T.);
#3433 = EDGE_CURVE('',#3426,#3434,#3436,.T.);
#3434 = VERTEX_POINT('',#3435);
#3435 = CARTESIAN_POINT('',(66.839449,-145.154299,1.585));
#3436 = LINE('',#3437,#3438);
#3437 = CARTESIAN_POINT('',(66.837143,-146.325842,1.585));
#3438 = VECTOR('',#3439,1.);
#3439 = DIRECTION('',(1.968340498691E-03,0.999998062816,0.));
#3440 = ORIENTED_EDGE('',*,*,#3441,.T.);
#3441 = EDGE_CURVE('',#3434,#3442,#3444,.T.);
#3442 = VERTEX_POINT('',#3443);
#3443 = CARTESIAN_POINT('',(67.074837,-145.154299,1.585));
#3444 = CIRCLE('',#3445,0.119999802321);
#3445 = AXIS2_PLACEMENT_3D('',#3446,#3447,#3448);
#3446 = CARTESIAN_POINT('',(66.957143,-145.17771,1.585));
#3447 = DIRECTION('',(0.,0.,-1.));
#3448 = DIRECTION('',(-0.980784949008,0.195091988047,0.));
#3449 = ORIENTED_EDGE('',*,*,#3450,.T.);
#3450 = EDGE_CURVE('',#3442,#3451,#3453,.T.);
#3451 = VERTEX_POINT('',#3452);
#3452 = CARTESIAN_POINT('',(67.074837,-146.801121,1.585));
#3453 = LINE('',#3454,#3455);
#3454 = CARTESIAN_POINT('',(67.074837,-145.154299,1.585));
#3455 = VECTOR('',#3456,1.);
#3456 = DIRECTION('',(0.,-1.,0.));
#3457 = ORIENTED_EDGE('',*,*,#3458,.T.);
#3458 = EDGE_CURVE('',#3451,#3459,#3461,.T.);
#3459 = VERTEX_POINT('',#3460);
#3460 = CARTESIAN_POINT('',(66.856457,-146.842182,1.585));
#3461 = CIRCLE('',#3462,0.119649749047);
#3462 = AXIS2_PLACEMENT_3D('',#3463,#3464,#3465);
#3463 = CARTESIAN_POINT('',(66.957440890178,-146.7780078901,1.585));
#3464 = DIRECTION('',(-0.,0.,-1.));
#3465 = DIRECTION('',(0.981164697437,-0.193173073959,-0.));
#3466 = ORIENTED_EDGE('',*,*,#3467,.T.);
#3467 = EDGE_CURVE('',#3459,#3468,#3470,.T.);
#3468 = VERTEX_POINT('',#3469);
#3469 = CARTESIAN_POINT('',(66.162857,-145.629577,1.585));
#3470 = LINE('',#3471,#3472);
#3471 = CARTESIAN_POINT('',(66.856457,-146.842182,1.585));
#3472 = VECTOR('',#3473,1.);
#3473 = DIRECTION('',(-0.496507386645,0.868032496515,0.));
#3474 = ORIENTED_EDGE('',*,*,#3475,.T.);
#3475 = EDGE_CURVE('',#3468,#3476,#3478,.T.);
#3476 = VERTEX_POINT('',#3477);
#3477 = CARTESIAN_POINT('',(66.160551,-146.801121,1.585));
#3478 = LINE('',#3479,#3480);
#3479 = CARTESIAN_POINT('',(66.162857,-145.629577,1.585));
#3480 = VECTOR('',#3481,1.);
#3481 = DIRECTION('',(-1.968338818572E-03,-0.999998062819,0.));
#3482 = ORIENTED_EDGE('',*,*,#3483,.T.);
#3483 = EDGE_CURVE('',#3476,#3484,#3486,.T.);
#3484 = VERTEX_POINT('',#3485);
#3485 = CARTESIAN_POINT('',(65.925163,-146.801121,1.585));
#3486 = CIRCLE('',#3487,0.119999802321);
#3487 = AXIS2_PLACEMENT_3D('',#3488,#3489,#3490);
#3488 = CARTESIAN_POINT('',(66.042857,-146.77771,1.585));
#3489 = DIRECTION('',(-0.,0.,-1.));
#3490 = DIRECTION('',(0.980784949008,-0.195091988047,-0.));
#3491 = ORIENTED_EDGE('',*,*,#3492,.T.);
#3492 = EDGE_CURVE('',#3484,#3391,#3493,.T.);
#3493 = LINE('',#3494,#3495);
#3494 = CARTESIAN_POINT('',(65.925163,-146.801121,1.585));
#3495 = VECTOR('',#3496,1.);
#3496 = DIRECTION('',(0.,1.,0.));
#3497 = PLANE('',#3498);
#3498 = AXIS2_PLACEMENT_3D('',#3499,#3500,#3501);
#3499 = CARTESIAN_POINT('',(0.,0.,1.585));
#3500 = DIRECTION('',(0.,0.,1.));
#3501 = DIRECTION('',(1.,0.,-0.));
#3502 = SHELL_BASED_SURFACE_MODEL('',(#3503));
#3503 = OPEN_SHELL('',(#3504));
#3504 = ADVANCED_FACE('',(#3505),#3648,.T.);
#3505 = FACE_BOUND('',#3506,.F.);
#3506 = EDGE_LOOP('',(#3507,#3517,#3525,#3533,#3541,#3550,#3558,#3567,
    #3575,#3583,#3592,#3600,#3608,#3617,#3625,#3634,#3642));
#3507 = ORIENTED_EDGE('',*,*,#3508,.T.);
#3508 = EDGE_CURVE('',#3509,#3511,#3513,.T.);
#3509 = VERTEX_POINT('',#3510);
#3510 = CARTESIAN_POINT('',(73.936582,-145.106724,1.585));
#3511 = VERTEX_POINT('',#3512);
#3512 = CARTESIAN_POINT('',(73.971112,-145.075103,1.585));
#3513 = LINE('',#3514,#3515);
#3514 = CARTESIAN_POINT('',(73.936582,-145.106724,1.585));
#3515 = VECTOR('',#3516,1.);
#3516 = DIRECTION('',(0.737489167488,0.675358962211,0.));
#3517 = ORIENTED_EDGE('',*,*,#3518,.T.);
#3518 = EDGE_CURVE('',#3511,#3519,#3521,.T.);
#3519 = VERTEX_POINT('',#3520);
#3520 = CARTESIAN_POINT('',(74.015114,-145.059102,1.585));
#3521 = LINE('',#3522,#3523);
#3522 = CARTESIAN_POINT('',(73.971112,-145.075103,1.585));
#3523 = VECTOR('',#3524,1.);
#3524 = DIRECTION('',(0.939791552707,0.341748207692,0.));
#3525 = ORIENTED_EDGE('',*,*,#3526,.T.);
#3526 = EDGE_CURVE('',#3519,#3527,#3529,.T.);
#3527 = VERTEX_POINT('',#3528);
#3528 = CARTESIAN_POINT('',(74.035919,-145.060016,1.585));
#3529 = LINE('',#3530,#3531);
#3530 = CARTESIAN_POINT('',(74.015114,-145.059102,1.585));
#3531 = VECTOR('',#3532,1.);
#3532 = DIRECTION('',(0.999036395387,-4.388941434166E-02,0.));
#3533 = ORIENTED_EDGE('',*,*,#3534,.T.);
#3534 = EDGE_CURVE('',#3527,#3535,#3537,.T.);
#3535 = VERTEX_POINT('',#3536);
#3536 = CARTESIAN_POINT('',(74.061891,-145.061157,1.585));
#3537 = LINE('',#3538,#3539);
#3538 = CARTESIAN_POINT('',(74.035919,-145.060016,1.585));
#3539 = VECTOR('',#3540,1.);
#3540 = DIRECTION('',(0.999036387524,-4.388959333833E-02,0.));
#3541 = ORIENTED_EDGE('',*,*,#3542,.T.);
#3542 = EDGE_CURVE('',#3535,#3543,#3545,.T.);
#3543 = VERTEX_POINT('',#3544);
#3544 = CARTESIAN_POINT('',(74.151817,-145.162316,1.585));
#3545 = CIRCLE('',#3546,0.118861828863);
#3546 = AXIS2_PLACEMENT_3D('',#3547,#3548,#3549);
#3547 = CARTESIAN_POINT('',(74.033823536482,-145.1766574409,1.585));
#3548 = DIRECTION('',(0.,0.,-1.));
#3549 = DIRECTION('',(0.236135215038,0.971720206756,0.));
#3550 = ORIENTED_EDGE('',*,*,#3551,.T.);
#3551 = EDGE_CURVE('',#3543,#3552,#3554,.T.);
#3552 = VERTEX_POINT('',#3553);
#3553 = CARTESIAN_POINT('',(74.151028,-146.801121,1.585));
#3554 = LINE('',#3555,#3556);
#3555 = CARTESIAN_POINT('',(74.151817,-145.162316,1.585));
#3556 = VECTOR('',#3557,1.);
#3557 = DIRECTION('',(-4.814483166425E-04,-0.999999884104,0.));
#3558 = ORIENTED_EDGE('',*,*,#3559,.T.);
#3559 = EDGE_CURVE('',#3552,#3560,#3562,.T.);
#3560 = VERTEX_POINT('',#3561);
#3561 = CARTESIAN_POINT('',(73.91564,-146.801121,1.585));
#3562 = CIRCLE('',#3563,0.119999802321);
#3563 = AXIS2_PLACEMENT_3D('',#3564,#3565,#3566);
#3564 = CARTESIAN_POINT('',(74.033334,-146.77771,1.585));
#3565 = DIRECTION('',(-0.,0.,-1.));
#3566 = DIRECTION('',(0.980784949008,-0.195091988047,-0.));
#3567 = ORIENTED_EDGE('',*,*,#3568,.T.);
#3568 = EDGE_CURVE('',#3560,#3569,#3571,.T.);
#3569 = VERTEX_POINT('',#3570);
#3570 = CARTESIAN_POINT('',(73.913334,-145.718616,1.585));
#3571 = LINE('',#3572,#3573);
#3572 = CARTESIAN_POINT('',(73.91564,-146.801121,1.585));
#3573 = VECTOR('',#3574,1.);
#3574 = DIRECTION('',(-2.130239368652E-03,0.999997731038,0.));
#3575 = ORIENTED_EDGE('',*,*,#3576,.T.);
#3576 = EDGE_CURVE('',#3569,#3577,#3579,.T.);
#3577 = VERTEX_POINT('',#3578);
#3578 = CARTESIAN_POINT('',(73.596752,-146.391553,1.585));
#3579 = LINE('',#3580,#3581);
#3580 = CARTESIAN_POINT('',(73.913334,-145.718616,1.585));
#3581 = VECTOR('',#3582,1.);
#3582 = DIRECTION('',(-0.425693293275,-0.904867515198,0.));
#3583 = ORIENTED_EDGE('',*,*,#3584,.T.);
#3584 = EDGE_CURVE('',#3577,#3585,#3587,.T.);
#3585 = VERTEX_POINT('',#3586);
#3586 = CARTESIAN_POINT('',(73.396339,-146.37989,1.585));
#3587 = CIRCLE('',#3588,0.119452629962);
#3588 = AXIS2_PLACEMENT_3D('',#3589,#3590,#3591);
#3589 = CARTESIAN_POINT('',(73.500307707872,-146.3210730076,1.585));
#3590 = DIRECTION('',(-0.,0.,-1.));
#3591 = DIRECTION('',(0.807385255214,-0.590024617844,-0.));
#3592 = ORIENTED_EDGE('',*,*,#3593,.T.);
#3593 = EDGE_CURVE('',#3585,#3594,#3596,.T.);
#3594 = VERTEX_POINT('',#3595);
#3595 = CARTESIAN_POINT('',(73.086667,-145.718618,1.585));
#3596 = LINE('',#3597,#3598);
#3597 = CARTESIAN_POINT('',(73.396339,-146.37989,1.585));
#3598 = VECTOR('',#3599,1.);
#3599 = DIRECTION('',(-0.424097849692,0.90561637236,0.));
#3600 = ORIENTED_EDGE('',*,*,#3601,.T.);
#3601 = EDGE_CURVE('',#3594,#3602,#3604,.T.);
#3602 = VERTEX_POINT('',#3603);
#3603 = CARTESIAN_POINT('',(73.084361,-146.801121,1.585));
#3604 = LINE('',#3605,#3606);
#3605 = CARTESIAN_POINT('',(73.086667,-145.718618,1.585));
#3606 = VECTOR('',#3607,1.);
#3607 = DIRECTION('',(-2.130243304414E-03,-0.999997731029,0.));
#3608 = ORIENTED_EDGE('',*,*,#3609,.T.);
#3609 = EDGE_CURVE('',#3602,#3610,#3612,.T.);
#3610 = VERTEX_POINT('',#3611);
#3611 = CARTESIAN_POINT('',(72.848973,-146.801121,1.585));
#3612 = CIRCLE('',#3613,0.119999802321);
#3613 = AXIS2_PLACEMENT_3D('',#3614,#3615,#3616);
#3614 = CARTESIAN_POINT('',(72.966667,-146.77771,1.585));
#3615 = DIRECTION('',(-0.,0.,-1.));
#3616 = DIRECTION('',(0.980784949008,-0.195091988047,-0.));
#3617 = ORIENTED_EDGE('',*,*,#3618,.T.);
#3618 = EDGE_CURVE('',#3610,#3619,#3621,.T.);
#3619 = VERTEX_POINT('',#3620);
#3620 = CARTESIAN_POINT('',(72.848973,-145.154299,1.585));
#3621 = LINE('',#3622,#3623);
#3622 = CARTESIAN_POINT('',(72.848973,-146.801121,1.585));
#3623 = VECTOR('',#3624,1.);
#3624 = DIRECTION('',(0.,1.,0.));
#3625 = ORIENTED_EDGE('',*,*,#3626,.T.);
#3626 = EDGE_CURVE('',#3619,#3627,#3629,.T.);
#3627 = VERTEX_POINT('',#3628);
#3628 = CARTESIAN_POINT('',(73.067526,-145.113657,1.585));
#3629 = CIRCLE('',#3630,0.11958826405);
#3630 = AXIS2_PLACEMENT_3D('',#3631,#3632,#3633);
#3631 = CARTESIAN_POINT('',(72.966316746595,-145.1773597465,1.585));
#3632 = DIRECTION('',(0.,0.,-1.));
#3633 = DIRECTION('',(-0.981231289937,0.192834529193,0.));
#3634 = ORIENTED_EDGE('',*,*,#3635,.T.);
#3635 = EDGE_CURVE('',#3627,#3636,#3638,.T.);
#3636 = VERTEX_POINT('',#3637);
#3637 = CARTESIAN_POINT('',(73.5,-146.036802,1.585));
#3638 = LINE('',#3639,#3640);
#3639 = CARTESIAN_POINT('',(73.067526,-145.113657,1.585));
#3640 = VECTOR('',#3641,1.);
#3641 = DIRECTION('',(0.424232631713,-0.905553242051,0.));
#3642 = ORIENTED_EDGE('',*,*,#3643,.T.);
#3643 = EDGE_CURVE('',#3636,#3509,#3644,.T.);
#3644 = LINE('',#3645,#3646);
#3645 = CARTESIAN_POINT('',(73.5,-146.036802,1.585));
#3646 = VECTOR('',#3647,1.);
#3647 = DIRECTION('',(0.424918921372,0.905231412546,0.));
#3648 = PLANE('',#3649);
#3649 = AXIS2_PLACEMENT_3D('',#3650,#3651,#3652);
#3650 = CARTESIAN_POINT('',(0.,0.,1.585));
#3651 = DIRECTION('',(0.,0.,1.));
#3652 = DIRECTION('',(1.,0.,-0.));
#3653 = SHELL_BASED_SURFACE_MODEL('',(#3654));
#3654 = OPEN_SHELL('',(#3655));
#3655 = ADVANCED_FACE('',(#3656),#3708,.T.);
#3656 = FACE_BOUND('',#3657,.F.);
#3657 = EDGE_LOOP('',(#3658,#3669,#3677,#3686,#3694,#3702));
#3658 = ORIENTED_EDGE('',*,*,#3659,.T.);
#3659 = EDGE_CURVE('',#3660,#3662,#3664,.T.);
#3660 = VERTEX_POINT('',#3661);
#3661 = CARTESIAN_POINT('',(75.133332,-145.077934,1.585));
#3662 = VERTEX_POINT('',#3663);
#3663 = CARTESIAN_POINT('',(75.317694,-145.154299,1.585));
#3664 = CIRCLE('',#3665,0.119999904712);
#3665 = AXIS2_PLACEMENT_3D('',#3666,#3667,#3668);
#3666 = CARTESIAN_POINT('',(75.2,-145.1777105248,1.585));
#3667 = DIRECTION('',(0.,0.,-1.));
#3668 = DIRECTION('',(-0.555567107826,0.831471700482,0.));
#3669 = ORIENTED_EDGE('',*,*,#3670,.T.);
#3670 = EDGE_CURVE('',#3662,#3671,#3673,.T.);
#3671 = VERTEX_POINT('',#3672);
#3672 = CARTESIAN_POINT('',(75.317694,-146.801121,1.585));
#3673 = LINE('',#3674,#3675);
#3674 = CARTESIAN_POINT('',(75.317694,-145.154299,1.585));
#3675 = VECTOR('',#3676,1.);
#3676 = DIRECTION('',(0.,-1.,0.));
#3677 = ORIENTED_EDGE('',*,*,#3678,.T.);
#3678 = EDGE_CURVE('',#3671,#3679,#3681,.T.);
#3679 = VERTEX_POINT('',#3680);
#3680 = CARTESIAN_POINT('',(75.082306,-146.801121,1.585));
#3681 = CIRCLE('',#3682,0.119999802321);
#3682 = AXIS2_PLACEMENT_3D('',#3683,#3684,#3685);
#3683 = CARTESIAN_POINT('',(75.2,-146.77771,1.585));
#3684 = DIRECTION('',(-0.,0.,-1.));
#3685 = DIRECTION('',(0.980784949008,-0.195091988047,-0.));
#3686 = ORIENTED_EDGE('',*,*,#3687,.T.);
#3687 = EDGE_CURVE('',#3679,#3688,#3690,.T.);
#3688 = VERTEX_POINT('',#3689);
#3689 = CARTESIAN_POINT('',(75.082306,-145.154299,1.585));
#3690 = LINE('',#3691,#3692);
#3691 = CARTESIAN_POINT('',(75.082306,-146.801121,1.585));
#3692 = VECTOR('',#3693,1.);
#3693 = DIRECTION('',(0.,1.,0.));
#3694 = ORIENTED_EDGE('',*,*,#3695,.T.);
#3695 = EDGE_CURVE('',#3688,#3696,#3698,.T.);
#3696 = VERTEX_POINT('',#3697);
#3697 = CARTESIAN_POINT('',(75.100224,-145.111042,1.585));
#3698 = LINE('',#3699,#3700);
#3699 = CARTESIAN_POINT('',(75.082306,-145.154299,1.585));
#3700 = VECTOR('',#3701,1.);
#3701 = DIRECTION('',(0.382690066869,0.923876784382,0.));
#3702 = ORIENTED_EDGE('',*,*,#3703,.T.);
#3703 = EDGE_CURVE('',#3696,#3660,#3704,.T.);
#3704 = LINE('',#3705,#3706);
#3705 = CARTESIAN_POINT('',(75.100224,-145.111042,1.585));
#3706 = VECTOR('',#3707,1.);
#3707 = DIRECTION('',(0.707106781187,0.707106781187,0.));
#3708 = PLANE('',#3709);
#3709 = AXIS2_PLACEMENT_3D('',#3710,#3711,#3712);
#3710 = CARTESIAN_POINT('',(0.,0.,1.585));
#3711 = DIRECTION('',(0.,0.,1.));
#3712 = DIRECTION('',(1.,0.,-0.));
#3713 = SHELL_BASED_SURFACE_MODEL('',(#3714));
#3714 = OPEN_SHELL('',(#3715));
#3715 = ADVANCED_FACE('',(#3716),#3826,.T.);
#3716 = FACE_BOUND('',#3717,.F.);
#3717 = EDGE_LOOP('',(#3718,#3729,#3737,#3745,#3753,#3761,#3769,#3778,
    #3786,#3795,#3803,#3811,#3820));
#3718 = ORIENTED_EDGE('',*,*,#3719,.T.);
#3719 = EDGE_CURVE('',#3720,#3722,#3724,.T.);
#3720 = VERTEX_POINT('',#3721);
#3721 = CARTESIAN_POINT('',(76.325163,-145.154299,1.585));
#3722 = VERTEX_POINT('',#3723);
#3723 = CARTESIAN_POINT('',(76.419446,-145.060016,1.585));
#3724 = CIRCLE('',#3725,0.120001662203);
#3725 = AXIS2_PLACEMENT_3D('',#3726,#3727,#3728);
#3726 = CARTESIAN_POINT('',(76.442858581692,-145.1777115816,1.585));
#3727 = DIRECTION('',(0.,0.,-1.));
#3728 = DIRECTION('',(-0.980782928603,0.195102144941,0.));
#3729 = ORIENTED_EDGE('',*,*,#3730,.T.);
#3730 = EDGE_CURVE('',#3722,#3731,#3733,.T.);
#3731 = VERTEX_POINT('',#3732);
#3732 = CARTESIAN_POINT('',(76.458616,-145.060016,1.585));
#3733 = LINE('',#3734,#3735);
#3734 = CARTESIAN_POINT('',(76.419446,-145.060016,1.585));
#3735 = VECTOR('',#3736,1.);
#3736 = DIRECTION('',(1.,0.,0.));
#3737 = ORIENTED_EDGE('',*,*,#3738,.T.);
#3738 = EDGE_CURVE('',#3731,#3739,#3741,.T.);
#3739 = VERTEX_POINT('',#3740);
#3740 = CARTESIAN_POINT('',(76.509525,-145.077934,1.585));
#3741 = LINE('',#3742,#3743);
#3742 = CARTESIAN_POINT('',(76.458616,-145.060016,1.585));
#3743 = VECTOR('',#3744,1.);
#3744 = DIRECTION('',(0.943280050104,-0.33199811306,0.));
#3745 = ORIENTED_EDGE('',*,*,#3746,.T.);
#3746 = EDGE_CURVE('',#3739,#3747,#3749,.T.);
#3747 = VERTEX_POINT('',#3748);
#3748 = CARTESIAN_POINT('',(76.543542,-145.113237,1.585));
#3749 = LINE('',#3750,#3751);
#3750 = CARTESIAN_POINT('',(76.509525,-145.077934,1.585));
#3751 = VECTOR('',#3752,1.);
#3752 = DIRECTION('',(0.693869395532,-0.720100869285,0.));
#3753 = ORIENTED_EDGE('',*,*,#3754,.T.);
#3754 = EDGE_CURVE('',#3747,#3755,#3757,.T.);
#3755 = VERTEX_POINT('',#3756);
#3756 = CARTESIAN_POINT('',(77.237143,-146.325842,1.585));
#3757 = LINE('',#3758,#3759);
#3758 = CARTESIAN_POINT('',(76.543542,-145.113237,1.585));
#3759 = VECTOR('',#3760,1.);
#3760 = DIRECTION('',(0.496507926017,-0.868032187999,0.));
#3761 = ORIENTED_EDGE('',*,*,#3762,.T.);
#3762 = EDGE_CURVE('',#3755,#3763,#3765,.T.);
#3763 = VERTEX_POINT('',#3764);
#3764 = CARTESIAN_POINT('',(77.239449,-145.154299,1.585));
#3765 = LINE('',#3766,#3767);
#3766 = CARTESIAN_POINT('',(77.237143,-146.325842,1.585));
#3767 = VECTOR('',#3768,1.);
#3768 = DIRECTION('',(1.968340498679E-03,0.999998062816,0.));
#3769 = ORIENTED_EDGE('',*,*,#3770,.T.);
#3770 = EDGE_CURVE('',#3763,#3771,#3773,.T.);
#3771 = VERTEX_POINT('',#3772);
#3772 = CARTESIAN_POINT('',(77.474837,-145.154299,1.585));
#3773 = CIRCLE('',#3774,0.119999802321);
#3774 = AXIS2_PLACEMENT_3D('',#3775,#3776,#3777);
#3775 = CARTESIAN_POINT('',(77.357143,-145.17771,1.585));
#3776 = DIRECTION('',(0.,0.,-1.));
#3777 = DIRECTION('',(-0.980784949008,0.195091988047,0.));
#3778 = ORIENTED_EDGE('',*,*,#3779,.T.);
#3779 = EDGE_CURVE('',#3771,#3780,#3782,.T.);
#3780 = VERTEX_POINT('',#3781);
#3781 = CARTESIAN_POINT('',(77.474837,-146.801121,1.585));
#3782 = LINE('',#3783,#3784);
#3783 = CARTESIAN_POINT('',(77.474837,-145.154299,1.585));
#3784 = VECTOR('',#3785,1.);
#3785 = DIRECTION('',(0.,-1.,0.));
#3786 = ORIENTED_EDGE('',*,*,#3787,.T.);
#3787 = EDGE_CURVE('',#3780,#3788,#3790,.T.);
#3788 = VERTEX_POINT('',#3789);
#3789 = CARTESIAN_POINT('',(77.256457,-146.842182,1.585));
#3790 = CIRCLE('',#3791,0.119649749047);
#3791 = AXIS2_PLACEMENT_3D('',#3792,#3793,#3794);
#3792 = CARTESIAN_POINT('',(77.357440890178,-146.7780078901,1.585));
#3793 = DIRECTION('',(-0.,0.,-1.));
#3794 = DIRECTION('',(0.981164697437,-0.193173073959,-0.));
#3795 = ORIENTED_EDGE('',*,*,#3796,.T.);
#3796 = EDGE_CURVE('',#3788,#3797,#3799,.T.);
#3797 = VERTEX_POINT('',#3798);
#3798 = CARTESIAN_POINT('',(76.562857,-145.629577,1.585));
#3799 = LINE('',#3800,#3801);
#3800 = CARTESIAN_POINT('',(77.256457,-146.842182,1.585));
#3801 = VECTOR('',#3802,1.);
#3802 = DIRECTION('',(-0.496507386645,0.868032496515,0.));
#3803 = ORIENTED_EDGE('',*,*,#3804,.T.);
#3804 = EDGE_CURVE('',#3797,#3805,#3807,.T.);
#3805 = VERTEX_POINT('',#3806);
#3806 = CARTESIAN_POINT('',(76.560551,-146.801121,1.585));
#3807 = LINE('',#3808,#3809);
#3808 = CARTESIAN_POINT('',(76.562857,-145.629577,1.585));
#3809 = VECTOR('',#3810,1.);
#3810 = DIRECTION('',(-1.96833881856E-03,-0.999998062819,0.));
#3811 = ORIENTED_EDGE('',*,*,#3812,.T.);
#3812 = EDGE_CURVE('',#3805,#3813,#3815,.T.);
#3813 = VERTEX_POINT('',#3814);
#3814 = CARTESIAN_POINT('',(76.325163,-146.801121,1.585));
#3815 = CIRCLE('',#3816,0.119999802321);
#3816 = AXIS2_PLACEMENT_3D('',#3817,#3818,#3819);
#3817 = CARTESIAN_POINT('',(76.442857,-146.77771,1.585));
#3818 = DIRECTION('',(-0.,0.,-1.));
#3819 = DIRECTION('',(0.980784949008,-0.195091988047,-0.));
#3820 = ORIENTED_EDGE('',*,*,#3821,.T.);
#3821 = EDGE_CURVE('',#3813,#3720,#3822,.T.);
#3822 = LINE('',#3823,#3824);
#3823 = CARTESIAN_POINT('',(76.325163,-146.801121,1.585));
#3824 = VECTOR('',#3825,1.);
#3825 = DIRECTION('',(0.,1.,0.));
#3826 = PLANE('',#3827);
#3827 = AXIS2_PLACEMENT_3D('',#3828,#3829,#3830);
#3828 = CARTESIAN_POINT('',(0.,0.,1.585));
#3829 = DIRECTION('',(0.,0.,1.));
#3830 = DIRECTION('',(1.,0.,-0.));
#3831 = SHELL_BASED_SURFACE_MODEL('',(#3832));
#3832 = OPEN_SHELL('',(#3833));
#3833 = ADVANCED_FACE('',(#3834),#3969,.T.);
#3834 = FACE_BOUND('',#3835,.F.);
#3835 = EDGE_LOOP('',(#3836,#3847,#3855,#3863,#3871,#3880,#3888,#3896,
    #3905,#3913,#3921,#3930,#3938,#3946,#3955,#3963));
#3836 = ORIENTED_EDGE('',*,*,#3837,.T.);
#3837 = EDGE_CURVE('',#3838,#3840,#3842,.T.);
#3838 = VERTEX_POINT('',#3839);
#3839 = CARTESIAN_POINT('',(68.918898,-140.347951,1.585));
#3840 = VERTEX_POINT('',#3841);
#3841 = CARTESIAN_POINT('',(69.036032,-140.430918,1.585));
#3842 = CIRCLE('',#3843,7.499955990673E-02);
#3843 = AXIS2_PLACEMENT_3D('',#3844,#3845,#3846);
#3844 = CARTESIAN_POINT('',(68.964881500953,-140.4072000643,1.585));
#3845 = DIRECTION('',(0.,0.,-1.));
#3846 = DIRECTION('',(-0.613116943749,0.78999216027,0.));
#3847 = ORIENTED_EDGE('',*,*,#3848,.T.);
#3848 = EDGE_CURVE('',#3840,#3849,#3851,.T.);
#3849 = VERTEX_POINT('',#3850);
#3850 = CARTESIAN_POINT('',(68.830843,-141.046485,1.585));
#3851 = LINE('',#3852,#3853);
#3852 = CARTESIAN_POINT('',(69.036032,-140.430918,1.585));
#3853 = VECTOR('',#3854,1.);
#3854 = DIRECTION('',(-0.316227766017,-0.948683298051,0.));
#3855 = ORIENTED_EDGE('',*,*,#3856,.T.);
#3856 = EDGE_CURVE('',#3849,#3857,#3859,.T.);
#3857 = VERTEX_POINT('',#3858);
#3858 = CARTESIAN_POINT('',(69.127976,-141.046485,1.585));
#3859 = LINE('',#3860,#3861);
#3860 = CARTESIAN_POINT('',(68.830843,-141.046485,1.585));
#3861 = VECTOR('',#3862,1.);
#3862 = DIRECTION('',(1.,0.,0.));
#3863 = ORIENTED_EDGE('',*,*,#3864,.T.);
#3864 = EDGE_CURVE('',#3857,#3865,#3867,.T.);
#3865 = VERTEX_POINT('',#3866);
#3866 = CARTESIAN_POINT('',(69.129417,-140.77352,1.585));
#3867 = LINE('',#3868,#3869);
#3868 = CARTESIAN_POINT('',(69.127976,-141.046485,1.585));
#3869 = VECTOR('',#3870,1.);
#3870 = DIRECTION('',(5.278991523254E-03,0.999986066027,0.));
#3871 = ORIENTED_EDGE('',*,*,#3872,.T.);
#3872 = EDGE_CURVE('',#3865,#3873,#3875,.T.);
#3873 = VERTEX_POINT('',#3874);
#3874 = CARTESIAN_POINT('',(69.277976,-140.788152,1.585));
#3875 = CIRCLE('',#3876,7.500006711464E-02);
#3876 = AXIS2_PLACEMENT_3D('',#3877,#3878,#3879);
#3877 = CARTESIAN_POINT('',(69.202975932885,-140.7881519328,1.585));
#3878 = DIRECTION('',(0.,0.,-1.));
#3879 = DIRECTION('',(-0.980784894138,0.195092263891,0.));
#3880 = ORIENTED_EDGE('',*,*,#3881,.T.);
#3881 = EDGE_CURVE('',#3873,#3882,#3884,.T.);
#3882 = VERTEX_POINT('',#3883);
#3883 = CARTESIAN_POINT('',(69.277976,-141.046485,1.585));
#3884 = LINE('',#3885,#3886);
#3885 = CARTESIAN_POINT('',(69.277976,-140.788152,1.585));
#3886 = VECTOR('',#3887,1.);
#3887 = DIRECTION('',(0.,-1.,0.));
#3888 = ORIENTED_EDGE('',*,*,#3889,.T.);
#3889 = EDGE_CURVE('',#3882,#3890,#3892,.T.);
#3890 = VERTEX_POINT('',#3891);
#3891 = CARTESIAN_POINT('',(69.360465,-141.047926,1.585));
#3892 = LINE('',#3893,#3894);
#3893 = CARTESIAN_POINT('',(69.277976,-141.046485,1.585));
#3894 = VECTOR('',#3895,1.);
#3895 = DIRECTION('',(0.999847452005,-1.746633100582E-02,0.));
#3896 = ORIENTED_EDGE('',*,*,#3897,.T.);
#3897 = EDGE_CURVE('',#3890,#3898,#3900,.T.);
#3898 = VERTEX_POINT('',#3899);
#3899 = CARTESIAN_POINT('',(69.345833,-141.196485,1.585));
#3900 = CIRCLE('',#3901,7.500006711465E-02);
#3901 = AXIS2_PLACEMENT_3D('',#3902,#3903,#3904);
#3902 = CARTESIAN_POINT('',(69.345833067115,-141.1214849328,1.585));
#3903 = DIRECTION('',(0.,0.,-1.));
#3904 = DIRECTION('',(0.195092263892,0.980784894138,0.));
#3905 = ORIENTED_EDGE('',*,*,#3906,.T.);
#3906 = EDGE_CURVE('',#3898,#3907,#3909,.T.);
#3907 = VERTEX_POINT('',#3908);
#3908 = CARTESIAN_POINT('',(69.277976,-141.196485,1.585));
#3909 = LINE('',#3910,#3911);
#3910 = CARTESIAN_POINT('',(69.345833,-141.196485,1.585));
#3911 = VECTOR('',#3912,1.);
#3912 = DIRECTION('',(-1.,0.,0.));
#3913 = ORIENTED_EDGE('',*,*,#3914,.T.);
#3914 = EDGE_CURVE('',#3907,#3915,#3917,.T.);
#3915 = VERTEX_POINT('',#3916);
#3916 = CARTESIAN_POINT('',(69.276535,-141.469451,1.585));
#3917 = LINE('',#3918,#3919);
#3918 = CARTESIAN_POINT('',(69.277976,-141.196485,1.585));
#3919 = VECTOR('',#3920,1.);
#3920 = DIRECTION('',(-5.278972184419E-03,-0.999986066129,0.));
#3921 = ORIENTED_EDGE('',*,*,#3922,.T.);
#3922 = EDGE_CURVE('',#3915,#3923,#3925,.T.);
#3923 = VERTEX_POINT('',#3924);
#3924 = CARTESIAN_POINT('',(69.127976,-141.454819,1.585));
#3925 = CIRCLE('',#3926,7.500006711462E-02);
#3926 = AXIS2_PLACEMENT_3D('',#3927,#3928,#3929);
#3927 = CARTESIAN_POINT('',(69.202976067115,-141.4548190671,1.585));
#3928 = DIRECTION('',(-0.,0.,-1.));
#3929 = DIRECTION('',(0.980784894138,-0.195092263891,-0.));
#3930 = ORIENTED_EDGE('',*,*,#3931,.T.);
#3931 = EDGE_CURVE('',#3923,#3932,#3934,.T.);
#3932 = VERTEX_POINT('',#3933);
#3933 = CARTESIAN_POINT('',(69.127976,-141.196485,1.585));
#3934 = LINE('',#3935,#3936);
#3935 = CARTESIAN_POINT('',(69.127976,-141.454819,1.585));
#3936 = VECTOR('',#3937,1.);
#3937 = DIRECTION('',(0.,1.,0.));
#3938 = ORIENTED_EDGE('',*,*,#3939,.T.);
#3939 = EDGE_CURVE('',#3932,#3940,#3942,.T.);
#3940 = VERTEX_POINT('',#3941);
#3941 = CARTESIAN_POINT('',(68.712154,-141.195044,1.585));
#3942 = LINE('',#3943,#3944);
#3943 = CARTESIAN_POINT('',(69.127976,-141.196485,1.585));
#3944 = VECTOR('',#3945,1.);
#3945 = DIRECTION('',(-0.999993995468,3.465404301528E-03,0.));
#3946 = ORIENTED_EDGE('',*,*,#3947,.T.);
#3947 = EDGE_CURVE('',#3940,#3948,#3950,.T.);
#3948 = VERTEX_POINT('',#3949);
#3949 = CARTESIAN_POINT('',(68.655635,-141.097768,1.585));
#3950 = CIRCLE('',#3951,7.499997045038E-02);
#3951 = AXIS2_PLACEMENT_3D('',#3952,#3953,#3954);
#3952 = CARTESIAN_POINT('',(68.726786172573,-141.1214852133,1.585));
#3953 = DIRECTION('',(0.,0.,-1.));
#3954 = DIRECTION('',(-0.195095711168,-0.980784208419,-0.));
#3955 = ORIENTED_EDGE('',*,*,#3956,.T.);
#3956 = EDGE_CURVE('',#3948,#3957,#3959,.T.);
#3957 = VERTEX_POINT('',#3958);
#3958 = CARTESIAN_POINT('',(68.899724,-140.370058,1.585));
#3959 = LINE('',#3960,#3961);
#3960 = CARTESIAN_POINT('',(68.655635,-141.097768,1.585));
#3961 = VECTOR('',#3962,1.);
#3962 = DIRECTION('',(0.318008317924,0.948087922996,0.));
#3963 = ORIENTED_EDGE('',*,*,#3964,.T.);
#3964 = EDGE_CURVE('',#3957,#3838,#3965,.T.);
#3965 = LINE('',#3966,#3967);
#3966 = CARTESIAN_POINT('',(68.899724,-140.370058,1.585));
#3967 = VECTOR('',#3968,1.);
#3968 = DIRECTION('',(0.65521540373,0.755442105469,0.));
#3969 = PLANE('',#3970);
#3970 = AXIS2_PLACEMENT_3D('',#3971,#3972,#3973);
#3971 = CARTESIAN_POINT('',(0.,0.,1.585));
#3972 = DIRECTION('',(0.,0.,1.));
#3973 = DIRECTION('',(1.,0.,-0.));
#3974 = SHELL_BASED_SURFACE_MODEL('',(#3975));
#3975 = OPEN_SHELL('',(#3976));
#3976 = ADVANCED_FACE('',(#3977),#4172,.T.);
#3977 = FACE_BOUND('',#3978,.F.);
#3978 = EDGE_LOOP('',(#3979,#3990,#3998,#4007,#4015,#4023,#4031,#4039,
    #4048,#4056,#4065,#4073,#4081,#4089,#4098,#4106,#4115,#4123,#4132,
    #4140,#4149,#4157,#4166));
#3979 = ORIENTED_EDGE('',*,*,#3980,.T.);
#3980 = EDGE_CURVE('',#3981,#3983,#3985,.T.);
#3981 = VERTEX_POINT('',#3982);
#3982 = CARTESIAN_POINT('',(70.677667,-140.43294,1.585));
#3983 = VERTEX_POINT('',#3984);
#3984 = CARTESIAN_POINT('',(70.749405,-140.379819,1.585));
#3985 = CIRCLE('',#3986,7.500336100771E-02);
#3986 = AXIS2_PLACEMENT_3D('',#3987,#3988,#3989);
#3987 = CARTESIAN_POINT('',(70.749407270704,-140.4548223609,1.585));
#3988 = DIRECTION('',(0.,0.,-1.));
#3989 = DIRECTION('',(-0.956494078934,0.29175173858,0.));
#3990 = ORIENTED_EDGE('',*,*,#3991,.T.);
#3991 = EDGE_CURVE('',#3983,#3992,#3994,.T.);
#3992 = VERTEX_POINT('',#3993);
#3993 = CARTESIAN_POINT('',(71.240227,-140.38126,1.585));
#3994 = LINE('',#3995,#3996);
#3995 = CARTESIAN_POINT('',(70.749405,-140.379819,1.585));
#3996 = VECTOR('',#3997,1.);
#3997 = DIRECTION('',(0.999995690299,-2.935878566407E-03,0.));
#3998 = ORIENTED_EDGE('',*,*,#3999,.T.);
#3999 = EDGE_CURVE('',#3992,#4000,#4002,.T.);
#4000 = VERTEX_POINT('',#4001);
#4001 = CARTESIAN_POINT('',(71.225595,-140.529819,1.585));
#4002 = CIRCLE('',#4003,7.500006711464E-02);
#4003 = AXIS2_PLACEMENT_3D('',#4004,#4005,#4006);
#4004 = CARTESIAN_POINT('',(71.225595067115,-140.4548189328,1.585));
#4005 = DIRECTION('',(0.,0.,-1.));
#4006 = DIRECTION('',(0.195092263891,0.980784894138,0.));
#4007 = ORIENTED_EDGE('',*,*,#4008,.T.);
#4008 = EDGE_CURVE('',#4000,#4009,#4011,.T.);
#4009 = VERTEX_POINT('',#4010);
#4010 = CARTESIAN_POINT('',(70.817279,-140.529819,1.585));
#4011 = LINE('',#4012,#4013);
#4012 = CARTESIAN_POINT('',(71.225595,-140.529819,1.585));
#4013 = VECTOR('',#4014,1.);
#4014 = DIRECTION('',(-1.,0.,0.));
#4015 = ORIENTED_EDGE('',*,*,#4016,.T.);
#4016 = EDGE_CURVE('',#4009,#4017,#4019,.T.);
#4017 = VERTEX_POINT('',#4018);
#4018 = CARTESIAN_POINT('',(70.79246,-140.778009,1.585));
#4019 = LINE('',#4020,#4021);
#4020 = CARTESIAN_POINT('',(70.817279,-140.529819,1.585));
#4021 = VECTOR('',#4022,1.);
#4022 = DIRECTION('',(-9.950371902098E-02,-0.99503719021,0.));
#4023 = ORIENTED_EDGE('',*,*,#4024,.T.);
#4024 = EDGE_CURVE('',#4017,#4025,#4027,.T.);
#4025 = VERTEX_POINT('',#4026);
#4026 = CARTESIAN_POINT('',(70.830011,-140.762212,1.585));
#4027 = LINE('',#4028,#4029);
#4028 = CARTESIAN_POINT('',(70.79246,-140.778009,1.585));
#4029 = VECTOR('',#4030,1.);
#4030 = DIRECTION('',(0.92175777459,0.387766173077,0.));
#4031 = ORIENTED_EDGE('',*,*,#4032,.T.);
#4032 = EDGE_CURVE('',#4025,#4033,#4035,.T.);
#4033 = VERTEX_POINT('',#4034);
#4034 = CARTESIAN_POINT('',(71.102547,-140.763434,1.585));
#4035 = LINE('',#4036,#4037);
#4036 = CARTESIAN_POINT('',(70.830011,-140.762212,1.585));
#4037 = VECTOR('',#4038,1.);
#4038 = DIRECTION('',(0.99998994787,-4.483766241087E-03,0.));
#4039 = ORIENTED_EDGE('',*,*,#4040,.T.);
#4040 = EDGE_CURVE('',#4033,#4041,#4043,.T.);
#4041 = VERTEX_POINT('',#4042);
#4042 = CARTESIAN_POINT('',(71.346773,-141.011615,1.585));
#4043 = CIRCLE('',#4044,0.348625649748);
#4044 = AXIS2_PLACEMENT_3D('',#4045,#4046,#4047);
#4045 = CARTESIAN_POINT('',(71.009375045865,-141.0993786838,1.585));
#4046 = DIRECTION('',(0.,0.,-1.));
#4047 = DIRECTION('',(0.267255017531,0.96362583797,0.));
#4048 = ORIENTED_EDGE('',*,*,#4049,.T.);
#4049 = EDGE_CURVE('',#4041,#4050,#4052,.T.);
#4050 = VERTEX_POINT('',#4051);
#4051 = CARTESIAN_POINT('',(71.345551,-141.284152,1.585));
#4052 = LINE('',#4053,#4054);
#4053 = CARTESIAN_POINT('',(71.346773,-141.011615,1.585));
#4054 = VECTOR('',#4055,1.);
#4055 = DIRECTION('',(-4.483749789516E-03,-0.999989947943,0.));
#4056 = ORIENTED_EDGE('',*,*,#4057,.T.);
#4057 = EDGE_CURVE('',#4050,#4058,#4060,.T.);
#4058 = VERTEX_POINT('',#4059);
#4059 = CARTESIAN_POINT('',(71.09737,-141.528378,1.585));
#4060 = CIRCLE('',#4061,0.348635327447);
#4061 = AXIS2_PLACEMENT_3D('',#4062,#4063,#4064);
#4062 = CARTESIAN_POINT('',(71.009598481291,-141.1909720841,1.585));
#4063 = DIRECTION('',(0.,0.,-1.));
#4064 = DIRECTION('',(0.963621561732,-0.267270435638,0.));
#4065 = ORIENTED_EDGE('',*,*,#4066,.T.);
#4066 = EDGE_CURVE('',#4058,#4067,#4069,.T.);
#4067 = VERTEX_POINT('',#4068);
#4068 = CARTESIAN_POINT('',(70.824833,-141.527156,1.585));
#4069 = LINE('',#4070,#4071);
#4070 = CARTESIAN_POINT('',(71.09737,-141.528378,1.585));
#4071 = VECTOR('',#4072,1.);
#4072 = DIRECTION('',(-0.999989947943,4.483749789568E-03,0.));
#4073 = ORIENTED_EDGE('',*,*,#4074,.T.);
#4074 = EDGE_CURVE('',#4067,#4075,#4077,.T.);
#4075 = VERTEX_POINT('',#4076);
#4076 = CARTESIAN_POINT('',(70.70212,-141.46495,1.585));
#4077 = LINE('',#4078,#4079);
#4078 = CARTESIAN_POINT('',(70.824833,-141.527156,1.585));
#4079 = VECTOR('',#4080,1.);
#4080 = DIRECTION('',(-0.891943702445,0.452146471477,0.));
#4081 = ORIENTED_EDGE('',*,*,#4082,.T.);
#4082 = EDGE_CURVE('',#4075,#4083,#4085,.T.);
#4083 = VERTEX_POINT('',#4084);
#4084 = CARTESIAN_POINT('',(70.639425,-141.401247,1.585));
#4085 = LINE('',#4086,#4087);
#4086 = CARTESIAN_POINT('',(70.70212,-141.46495,1.585));
#4087 = VECTOR('',#4088,1.);
#4088 = DIRECTION('',(-0.701445434384,0.712723159846,0.));
#4089 = ORIENTED_EDGE('',*,*,#4090,.T.);
#4090 = EDGE_CURVE('',#4083,#4091,#4093,.T.);
#4091 = VERTEX_POINT('',#4092);
#4092 = CARTESIAN_POINT('',(70.75482,-141.306548,1.585));
#4093 = CIRCLE('',#4094,7.50001266804E-02);
#4094 = AXIS2_PLACEMENT_3D('',#4095,#4096,#4097);
#4095 = CARTESIAN_POINT('',(70.701786051994,-141.3595802483,1.585));
#4096 = DIRECTION('',(0.,0.,-1.));
#4097 = DIRECTION('',(-0.831479288827,-0.555555750804,-0.));
#4098 = ORIENTED_EDGE('',*,*,#4099,.T.);
#4099 = EDGE_CURVE('',#4091,#4100,#4102,.T.);
#4100 = VERTEX_POINT('',#4101);
#4101 = CARTESIAN_POINT('',(70.793832,-141.345561,1.585));
#4102 = LINE('',#4103,#4104);
#4103 = CARTESIAN_POINT('',(70.75482,-141.306548,1.585));
#4104 = VECTOR('',#4105,1.);
#4105 = DIRECTION('',(0.707097718561,-0.707115843695,0.));
#4106 = ORIENTED_EDGE('',*,*,#4107,.T.);
#4107 = EDGE_CURVE('',#4100,#4108,#4110,.T.);
#4108 = VERTEX_POINT('',#4109);
#4109 = CARTESIAN_POINT('',(71.133548,-141.345561,1.585));
#4110 = CIRCLE('',#4111,0.305620374329);
#4111 = AXIS2_PLACEMENT_3D('',#4112,#4113,#4114);
#4112 = CARTESIAN_POINT('',(70.96369,-141.09149,1.585));
#4113 = DIRECTION('',(0.,0.,1.));
#4114 = DIRECTION('',(-0.555781008949,-0.831328737679,0.));
#4115 = ORIENTED_EDGE('',*,*,#4116,.T.);
#4116 = EDGE_CURVE('',#4108,#4117,#4119,.T.);
#4117 = VERTEX_POINT('',#4118);
#4118 = CARTESIAN_POINT('',(71.163955,-141.315153,1.585));
#4119 = LINE('',#4120,#4121);
#4120 = CARTESIAN_POINT('',(71.133548,-141.345561,1.585));
#4121 = VECTOR('',#4122,1.);
#4122 = DIRECTION('',(0.707095153914,0.707118408268,0.));
#4123 = ORIENTED_EDGE('',*,*,#4124,.T.);
#4124 = EDGE_CURVE('',#4117,#4125,#4127,.T.);
#4125 = VERTEX_POINT('',#4126);
#4126 = CARTESIAN_POINT('',(71.163956,-140.975436,1.585));
#4127 = CIRCLE('',#4128,0.305616146029);
#4128 = AXIS2_PLACEMENT_3D('',#4129,#4130,#4131);
#4129 = CARTESIAN_POINT('',(70.909889920492,-141.1452937521,1.585));
#4130 = DIRECTION('',(0.,-0.,1.));
#4131 = DIRECTION('',(0.831320867071,-0.555792781505,-0.));
#4132 = ORIENTED_EDGE('',*,*,#4133,.T.);
#4133 = EDGE_CURVE('',#4125,#4134,#4136,.T.);
#4134 = VERTEX_POINT('',#4135);
#4135 = CARTESIAN_POINT('',(71.133549,-140.945029,1.585));
#4136 = LINE('',#4137,#4138);
#4137 = CARTESIAN_POINT('',(71.163956,-140.975436,1.585));
#4138 = VECTOR('',#4139,1.);
#4139 = DIRECTION('',(-0.707106781187,0.707106781187,0.));
#4140 = ORIENTED_EDGE('',*,*,#4141,.T.);
#4141 = EDGE_CURVE('',#4134,#4142,#4144,.T.);
#4142 = VERTEX_POINT('',#4143);
#4143 = CARTESIAN_POINT('',(70.793832,-140.945029,1.585));
#4144 = CIRCLE('',#4145,0.305621483548);
#4145 = AXIS2_PLACEMENT_3D('',#4146,#4147,#4148);
#4146 = CARTESIAN_POINT('',(70.9636905,-141.199101,1.585));
#4147 = DIRECTION('',(0.,0.,1.));
#4148 = DIRECTION('',(0.555780627814,0.831328992485,-0.));
#4149 = ORIENTED_EDGE('',*,*,#4150,.T.);
#4150 = EDGE_CURVE('',#4142,#4151,#4153,.T.);
#4151 = VERTEX_POINT('',#4152);
#4152 = CARTESIAN_POINT('',(70.737042,-140.997206,1.585));
#4153 = LINE('',#4154,#4155);
#4154 = CARTESIAN_POINT('',(70.793832,-140.945029,1.585));
#4155 = VECTOR('',#4156,1.);
#4156 = DIRECTION('',(-0.736381819545,-0.676566194724,0.));
#4157 = ORIENTED_EDGE('',*,*,#4158,.T.);
#4158 = EDGE_CURVE('',#4151,#4159,#4161,.T.);
#4159 = VERTEX_POINT('',#4160);
#4160 = CARTESIAN_POINT('',(70.627136,-140.938249,1.585));
#4161 = CIRCLE('',#4162,7.500024172471E-02);
#4162 = AXIS2_PLACEMENT_3D('',#4163,#4164,#4165);
#4163 = CARTESIAN_POINT('',(70.701785970023,-140.9310089561,1.585));
#4164 = DIRECTION('',(-0.,0.,-1.));
#4165 = DIRECTION('',(0.470078884633,-0.882624406088,-0.));
#4166 = ORIENTED_EDGE('',*,*,#4167,.T.);
#4167 = EDGE_CURVE('',#4159,#3981,#4168,.T.);
#4168 = LINE('',#4169,#4170);
#4169 = CARTESIAN_POINT('',(70.627136,-140.938249,1.585));
#4170 = VECTOR('',#4171,1.);
#4171 = DIRECTION('',(9.950391398791E-02,0.995037170713,0.));
#4172 = PLANE('',#4173);
#4173 = AXIS2_PLACEMENT_3D('',#4174,#4175,#4176);
#4174 = CARTESIAN_POINT('',(0.,0.,1.585));
#4175 = DIRECTION('',(0.,0.,1.));
#4176 = DIRECTION('',(1.,0.,-0.));
#4177 = SHELL_BASED_SURFACE_MODEL('',(#4178));
#4178 = OPEN_SHELL('',(#4179));
#4179 = ADVANCED_FACE('',(#4180,#4288),#4314,.T.);
#4180 = FACE_BOUND('',#4181,.F.);
#4181 = EDGE_LOOP('',(#4182,#4192,#4200,#4208,#4216,#4224,#4232,#4241,
    #4249,#4257,#4265,#4274,#4282));
#4182 = ORIENTED_EDGE('',*,*,#4183,.T.);
#4183 = EDGE_CURVE('',#4184,#4186,#4188,.T.);
#4184 = VERTEX_POINT('',#4185);
#4185 = CARTESIAN_POINT('',(64.726426,-134.982911,1.585));
#4186 = VERTEX_POINT('',#4187);
#4187 = CARTESIAN_POINT('',(64.768305,-134.961972,1.585));
#4188 = LINE('',#4189,#4190);
#4189 = CARTESIAN_POINT('',(64.726426,-134.982911,1.585));
#4190 = VECTOR('',#4191,1.);
#4191 = DIRECTION('',(0.894431462463,0.447205052473,0.));
#4192 = ORIENTED_EDGE('',*,*,#4193,.T.);
#4193 = EDGE_CURVE('',#4186,#4194,#4196,.T.);
#4194 = VERTEX_POINT('',#4195);
#4195 = CARTESIAN_POINT('',(64.800004,-134.959719,1.585));
#4196 = LINE('',#4197,#4198);
#4197 = CARTESIAN_POINT('',(64.768305,-134.961972,1.585));
#4198 = VECTOR('',#4199,1.);
#4199 = DIRECTION('',(0.997483716086,7.08959529429E-02,0.));
#4200 = ORIENTED_EDGE('',*,*,#4201,.T.);
#4201 = EDGE_CURVE('',#4194,#4202,#4204,.T.);
#4202 = VERTEX_POINT('',#4203);
#4203 = CARTESIAN_POINT('',(64.831695,-134.961972,1.585));
#4204 = LINE('',#4205,#4206);
#4205 = CARTESIAN_POINT('',(64.800004,-134.959719,1.585));
#4206 = VECTOR('',#4207,1.);
#4207 = DIRECTION('',(0.99748245031,-7.091375975972E-02,0.));
#4208 = ORIENTED_EDGE('',*,*,#4209,.T.);
#4209 = EDGE_CURVE('',#4202,#4210,#4212,.T.);
#4210 = VERTEX_POINT('',#4211);
#4211 = CARTESIAN_POINT('',(64.873574,-134.982911,1.585));
#4212 = LINE('',#4213,#4214);
#4213 = CARTESIAN_POINT('',(64.831695,-134.961972,1.585));
#4214 = VECTOR('',#4215,1.);
#4215 = DIRECTION('',(0.894431462463,-0.447205052473,0.));
#4216 = ORIENTED_EDGE('',*,*,#4217,.T.);
#4217 = EDGE_CURVE('',#4210,#4218,#4220,.T.);
#4218 = VERTEX_POINT('',#4219);
#4219 = CARTESIAN_POINT('',(64.904251,-135.018282,1.585));
#4220 = LINE('',#4221,#4222);
#4221 = CARTESIAN_POINT('',(64.873574,-134.982911,1.585));
#4222 = VECTOR('',#4223,1.);
#4223 = DIRECTION('',(0.655200453523,-0.755455071929,0.));
#4224 = ORIENTED_EDGE('',*,*,#4225,.T.);
#4225 = EDGE_CURVE('',#4218,#4226,#4228,.T.);
#4226 = VERTEX_POINT('',#4227);
#4227 = CARTESIAN_POINT('',(65.452391,-136.662702,1.585));
#4228 = LINE('',#4229,#4230);
#4229 = CARTESIAN_POINT('',(64.904251,-135.018282,1.585));
#4230 = VECTOR('',#4231,1.);
#4231 = DIRECTION('',(0.316227766017,-0.948683298051,0.));
#4232 = ORIENTED_EDGE('',*,*,#4233,.T.);
#4233 = EDGE_CURVE('',#4226,#4234,#4236,.T.);
#4234 = VERTEX_POINT('',#4235);
#4235 = CARTESIAN_POINT('',(65.229082,-136.737138,1.585));
#4236 = CIRCLE('',#4237,0.120000067044);
#4237 = AXIS2_PLACEMENT_3D('',#4238,#4239,#4240);
#4238 = CARTESIAN_POINT('',(65.333333090122,-136.6777096709,1.585));
#4239 = DIRECTION('',(0.,0.,-1.));
#4240 = DIRECTION('',(0.992148694672,0.125063854335,0.));
#4241 = ORIENTED_EDGE('',*,*,#4242,.T.);
#4242 = EDGE_CURVE('',#4234,#4243,#4245,.T.);
#4243 = VERTEX_POINT('',#4244);
#4244 = CARTESIAN_POINT('',(65.094461,-136.340567,1.585));
#4245 = LINE('',#4246,#4247);
#4246 = CARTESIAN_POINT('',(65.229082,-136.737138,1.585));
#4247 = VECTOR('',#4248,1.);
#4248 = DIRECTION('',(-0.321446498956,0.946927741863,0.));
#4249 = ORIENTED_EDGE('',*,*,#4250,.T.);
#4250 = EDGE_CURVE('',#4243,#4251,#4253,.T.);
#4251 = VERTEX_POINT('',#4252);
#4252 = CARTESIAN_POINT('',(64.505538,-136.340567,1.585));
#4253 = LINE('',#4254,#4255);
#4254 = CARTESIAN_POINT('',(65.094461,-136.340567,1.585));
#4255 = VECTOR('',#4256,1.);
#4256 = DIRECTION('',(-1.,0.,0.));
#4257 = ORIENTED_EDGE('',*,*,#4258,.T.);
#4258 = EDGE_CURVE('',#4251,#4259,#4261,.T.);
#4259 = VERTEX_POINT('',#4260);
#4260 = CARTESIAN_POINT('',(64.370917,-136.737138,1.585));
#4261 = LINE('',#4262,#4263);
#4262 = CARTESIAN_POINT('',(64.505538,-136.340567,1.585));
#4263 = VECTOR('',#4264,1.);
#4264 = DIRECTION('',(-0.321446498956,-0.946927741863,0.));
#4265 = ORIENTED_EDGE('',*,*,#4266,.T.);
#4266 = EDGE_CURVE('',#4259,#4267,#4269,.T.);
#4267 = VERTEX_POINT('',#4268);
#4268 = CARTESIAN_POINT('',(64.147608,-136.662701,1.585));
#4269 = CIRCLE('',#4270,0.120000000265);
#4270 = AXIS2_PLACEMENT_3D('',#4271,#4272,#4273);
#4271 = CARTESIAN_POINT('',(64.266665639782,-136.6777102795,1.585));
#4272 = DIRECTION('',(-0.,0.,-1.));
#4273 = DIRECTION('',(0.868761333234,-0.495231002541,-0.));
#4274 = ORIENTED_EDGE('',*,*,#4275,.T.);
#4275 = EDGE_CURVE('',#4267,#4276,#4278,.T.);
#4276 = VERTEX_POINT('',#4277);
#4277 = CARTESIAN_POINT('',(64.695749,-135.018283,1.585));
#4278 = LINE('',#4279,#4280);
#4279 = CARTESIAN_POINT('',(64.147608,-136.662701,1.585));
#4280 = VECTOR('',#4281,1.);
#4281 = DIRECTION('',(0.316228631383,0.948683009595,0.));
#4282 = ORIENTED_EDGE('',*,*,#4283,.T.);
#4283 = EDGE_CURVE('',#4276,#4184,#4284,.T.);
#4284 = LINE('',#4285,#4286);
#4285 = CARTESIAN_POINT('',(64.695749,-135.018283,1.585));
#4286 = VECTOR('',#4287,1.);
#4287 = DIRECTION('',(0.655189881946,0.755464240448,0.));
#4288 = FACE_BOUND('',#4289,.F.);
#4289 = EDGE_LOOP('',(#4290,#4300,#4308));
#4290 = ORIENTED_EDGE('',*,*,#4291,.T.);
#4291 = EDGE_CURVE('',#4292,#4294,#4296,.T.);
#4292 = VERTEX_POINT('',#4293);
#4293 = CARTESIAN_POINT('',(64.585538,-136.100567,1.585));
#4294 = VERTEX_POINT('',#4295);
#4295 = CARTESIAN_POINT('',(65.014461,-136.100567,1.585));
#4296 = LINE('',#4297,#4298);
#4297 = CARTESIAN_POINT('',(64.585538,-136.100567,1.585));
#4298 = VECTOR('',#4299,1.);
#4299 = DIRECTION('',(1.,0.,0.));
#4300 = ORIENTED_EDGE('',*,*,#4301,.T.);
#4301 = EDGE_CURVE('',#4294,#4302,#4304,.T.);
#4302 = VERTEX_POINT('',#4303);
#4303 = CARTESIAN_POINT('',(64.8,-135.457183,1.585));
#4304 = LINE('',#4305,#4306);
#4305 = CARTESIAN_POINT('',(65.014461,-136.100567,1.585));
#4306 = VECTOR('',#4307,1.);
#4307 = DIRECTION('',(-0.31622732366,0.948683445503,0.));
#4308 = ORIENTED_EDGE('',*,*,#4309,.T.);
#4309 = EDGE_CURVE('',#4302,#4292,#4310,.T.);
#4310 = LINE('',#4311,#4312);
#4311 = CARTESIAN_POINT('',(64.8,-135.457183,1.585));
#4312 = VECTOR('',#4313,1.);
#4313 = DIRECTION('',(-0.316228650729,-0.948683003146,0.));
#4314 = PLANE('',#4315);
#4315 = AXIS2_PLACEMENT_3D('',#4316,#4317,#4318);
#4316 = CARTESIAN_POINT('',(0.,0.,1.585));
#4317 = DIRECTION('',(0.,0.,1.));
#4318 = DIRECTION('',(1.,0.,-0.));
#4319 = SHELL_BASED_SURFACE_MODEL('',(#4320));
#4320 = OPEN_SHELL('',(#4321));
#4321 = ADVANCED_FACE('',(#4322),#4439,.T.);
#4322 = FACE_BOUND('',#4323,.F.);
#4323 = EDGE_LOOP('',(#4324,#4335,#4343,#4351,#4359,#4367,#4375,#4383,
    #4391,#4400,#4408,#4417,#4425,#4433));
#4324 = ORIENTED_EDGE('',*,*,#4325,.T.);
#4325 = EDGE_CURVE('',#4326,#4328,#4330,.T.);
#4326 = VERTEX_POINT('',#4327);
#4327 = CARTESIAN_POINT('',(66.661903,-134.977934,1.585));
#4328 = VERTEX_POINT('',#4329);
#4329 = CARTESIAN_POINT('',(66.846265,-135.054299,1.585));
#4330 = CIRCLE('',#4331,0.119999904712);
#4331 = AXIS2_PLACEMENT_3D('',#4332,#4333,#4334);
#4332 = CARTESIAN_POINT('',(66.728571,-135.0777105248,1.585));
#4333 = DIRECTION('',(0.,0.,-1.));
#4334 = DIRECTION('',(-0.555567107826,0.831471700482,0.));
#4335 = ORIENTED_EDGE('',*,*,#4336,.T.);
#4336 = EDGE_CURVE('',#4328,#4337,#4339,.T.);
#4337 = VERTEX_POINT('',#4338);
#4338 = CARTESIAN_POINT('',(66.846265,-136.243978,1.585));
#4339 = LINE('',#4340,#4341);
#4340 = CARTESIAN_POINT('',(66.846265,-135.054299,1.585));
#4341 = VECTOR('',#4342,1.);
#4342 = DIRECTION('',(0.,-1.,0.));
#4343 = ORIENTED_EDGE('',*,*,#4344,.T.);
#4344 = EDGE_CURVE('',#4337,#4345,#4347,.T.);
#4345 = VERTEX_POINT('',#4346);
#4346 = CARTESIAN_POINT('',(66.756631,-136.508567,1.585));
#4347 = LINE('',#4348,#4349);
#4348 = CARTESIAN_POINT('',(66.846265,-136.243978,1.585));
#4349 = VECTOR('',#4350,1.);
#4350 = DIRECTION('',(-0.320855667639,-0.947128101444,0.));
#4351 = ORIENTED_EDGE('',*,*,#4352,.T.);
#4352 = EDGE_CURVE('',#4345,#4353,#4355,.T.);
#4353 = VERTEX_POINT('',#4354);
#4354 = CARTESIAN_POINT('',(66.737233,-136.533992,1.585));
#4355 = LINE('',#4356,#4357);
#4356 = CARTESIAN_POINT('',(66.756631,-136.508567,1.585));
#4357 = VECTOR('',#4358,1.);
#4358 = DIRECTION('',(-0.606568789977,-0.795031007587,0.));
#4359 = ORIENTED_EDGE('',*,*,#4360,.T.);
#4360 = EDGE_CURVE('',#4353,#4361,#4363,.T.);
#4361 = VERTEX_POINT('',#4362);
#4362 = CARTESIAN_POINT('',(66.566667,-136.701296,1.585));
#4363 = LINE('',#4364,#4365);
#4364 = CARTESIAN_POINT('',(66.737233,-136.533992,1.585));
#4365 = VECTOR('',#4366,1.);
#4366 = DIRECTION('',(-0.713900343919,-0.700247312706,0.));
#4367 = ORIENTED_EDGE('',*,*,#4368,.T.);
#4368 = EDGE_CURVE('',#4361,#4369,#4371,.T.);
#4369 = VERTEX_POINT('',#4370);
#4370 = CARTESIAN_POINT('',(66.537946,-136.715362,1.585));
#4371 = LINE('',#4372,#4373);
#4372 = CARTESIAN_POINT('',(66.566667,-136.701296,1.585));
#4373 = VECTOR('',#4374,1.);
#4374 = DIRECTION('',(-0.898080353257,-0.439831421222,0.));
#4375 = ORIENTED_EDGE('',*,*,#4376,.T.);
#4376 = EDGE_CURVE('',#4369,#4377,#4379,.T.);
#4377 = VERTEX_POINT('',#4378);
#4378 = CARTESIAN_POINT('',(66.286436,-136.796768,1.585));
#4379 = LINE('',#4380,#4381);
#4380 = CARTESIAN_POINT('',(66.537946,-136.715362,1.585));
#4381 = VECTOR('',#4382,1.);
#4382 = DIRECTION('',(-0.951405604957,-0.30794053786,0.));
#4383 = ORIENTED_EDGE('',*,*,#4384,.T.);
#4384 = EDGE_CURVE('',#4377,#4385,#4387,.T.);
#4385 = VERTEX_POINT('',#4386);
#4386 = CARTESIAN_POINT('',(66.095636,-136.795404,1.585));
#4387 = LINE('',#4388,#4389);
#4388 = CARTESIAN_POINT('',(66.286436,-136.796768,1.585));
#4389 = VECTOR('',#4390,1.);
#4390 = DIRECTION('',(-0.999974447973,7.148664292612E-03,0.));
#4391 = ORIENTED_EDGE('',*,*,#4392,.T.);
#4392 = EDGE_CURVE('',#4385,#4393,#4395,.T.);
#4393 = VERTEX_POINT('',#4394);
#4394 = CARTESIAN_POINT('',(66.095636,-136.560016,1.585));
#4395 = CIRCLE('',#4396,0.119999802321);
#4396 = AXIS2_PLACEMENT_3D('',#4397,#4398,#4399);
#4397 = CARTESIAN_POINT('',(66.119047,-136.67771,1.585));
#4398 = DIRECTION('',(0.,0.,-1.));
#4399 = DIRECTION('',(-0.195091988047,-0.980784949008,-0.));
#4400 = ORIENTED_EDGE('',*,*,#4401,.T.);
#4401 = EDGE_CURVE('',#4393,#4402,#4404,.T.);
#4402 = VERTEX_POINT('',#4403);
#4403 = CARTESIAN_POINT('',(66.251955,-136.55771,1.585));
#4404 = LINE('',#4405,#4406);
#4405 = CARTESIAN_POINT('',(66.095636,-136.560016,1.585));
#4406 = VECTOR('',#4407,1.);
#4407 = DIRECTION('',(0.999891208692,1.475028069044E-02,0.));
#4408 = ORIENTED_EDGE('',*,*,#4409,.T.);
#4409 = EDGE_CURVE('',#4402,#4410,#4412,.T.);
#4410 = VERTEX_POINT('',#4411);
#4411 = CARTESIAN_POINT('',(66.608571,-136.201093,1.585));
#4412 = CIRCLE('',#4413,0.383098553543);
#4413 = AXIS2_PLACEMENT_3D('',#4414,#4415,#4416);
#4414 = CARTESIAN_POINT('',(66.226330326147,-136.175469398,1.585));
#4415 = DIRECTION('',(0.,0.,1.));
#4416 = DIRECTION('',(6.688794206074E-02,-0.99776049391,0.));
#4417 = ORIENTED_EDGE('',*,*,#4418,.T.);
#4418 = EDGE_CURVE('',#4410,#4419,#4421,.T.);
#4419 = VERTEX_POINT('',#4420);
#4420 = CARTESIAN_POINT('',(66.610877,-135.054299,1.585));
#4421 = LINE('',#4422,#4423);
#4422 = CARTESIAN_POINT('',(66.608571,-136.201093,1.585));
#4423 = VECTOR('',#4424,1.);
#4424 = DIRECTION('',(2.010819151449E-03,0.999997978301,0.));
#4425 = ORIENTED_EDGE('',*,*,#4426,.T.);
#4426 = EDGE_CURVE('',#4419,#4427,#4429,.T.);
#4427 = VERTEX_POINT('',#4428);
#4428 = CARTESIAN_POINT('',(66.628795,-135.011042,1.585));
#4429 = LINE('',#4430,#4431);
#4430 = CARTESIAN_POINT('',(66.610877,-135.054299,1.585));
#4431 = VECTOR('',#4432,1.);
#4432 = DIRECTION('',(0.382690066869,0.923876784382,0.));
#4433 = ORIENTED_EDGE('',*,*,#4434,.T.);
#4434 = EDGE_CURVE('',#4427,#4326,#4435,.T.);
#4435 = LINE('',#4436,#4437);
#4436 = CARTESIAN_POINT('',(66.628795,-135.011042,1.585));
#4437 = VECTOR('',#4438,1.);
#4438 = DIRECTION('',(0.707106781187,0.707106781187,0.));
#4439 = PLANE('',#4440);
#4440 = AXIS2_PLACEMENT_3D('',#4441,#4442,#4443);
#4441 = CARTESIAN_POINT('',(0.,0.,1.585));
#4442 = DIRECTION('',(0.,0.,1.));
#4443 = DIRECTION('',(1.,0.,-0.));
#4444 = SHELL_BASED_SURFACE_MODEL('',(#4445));
#4445 = OPEN_SHELL('',(#4446));
#4446 = ADVANCED_FACE('',(#4447,#4555),#4581,.T.);
#4447 = FACE_BOUND('',#4448,.F.);
#4448 = EDGE_LOOP('',(#4449,#4459,#4467,#4475,#4483,#4491,#4499,#4508,
    #4516,#4524,#4532,#4541,#4549));
#4449 = ORIENTED_EDGE('',*,*,#4450,.T.);
#4450 = EDGE_CURVE('',#4451,#4453,#4455,.T.);
#4451 = VERTEX_POINT('',#4452);
#4452 = CARTESIAN_POINT('',(75.126426,-134.982911,1.585));
#4453 = VERTEX_POINT('',#4454);
#4454 = CARTESIAN_POINT('',(75.168305,-134.961972,1.585));
#4455 = LINE('',#4456,#4457);
#4456 = CARTESIAN_POINT('',(75.126426,-134.982911,1.585));
#4457 = VECTOR('',#4458,1.);
#4458 = DIRECTION('',(0.894431462463,0.447205052473,0.));
#4459 = ORIENTED_EDGE('',*,*,#4460,.T.);
#4460 = EDGE_CURVE('',#4453,#4461,#4463,.T.);
#4461 = VERTEX_POINT('',#4462);
#4462 = CARTESIAN_POINT('',(75.200004,-134.959719,1.585));
#4463 = LINE('',#4464,#4465);
#4464 = CARTESIAN_POINT('',(75.168305,-134.961972,1.585));
#4465 = VECTOR('',#4466,1.);
#4466 = DIRECTION('',(0.997483716086,7.08959529429E-02,0.));
#4467 = ORIENTED_EDGE('',*,*,#4468,.T.);
#4468 = EDGE_CURVE('',#4461,#4469,#4471,.T.);
#4469 = VERTEX_POINT('',#4470);
#4470 = CARTESIAN_POINT('',(75.231695,-134.961972,1.585));
#4471 = LINE('',#4472,#4473);
#4472 = CARTESIAN_POINT('',(75.200004,-134.959719,1.585));
#4473 = VECTOR('',#4474,1.);
#4474 = DIRECTION('',(0.99748245031,-7.091375975972E-02,0.));
#4475 = ORIENTED_EDGE('',*,*,#4476,.T.);
#4476 = EDGE_CURVE('',#4469,#4477,#4479,.T.);
#4477 = VERTEX_POINT('',#4478);
#4478 = CARTESIAN_POINT('',(75.273574,-134.982911,1.585));
#4479 = LINE('',#4480,#4481);
#4480 = CARTESIAN_POINT('',(75.231695,-134.961972,1.585));
#4481 = VECTOR('',#4482,1.);
#4482 = DIRECTION('',(0.894431462463,-0.447205052473,0.));
#4483 = ORIENTED_EDGE('',*,*,#4484,.T.);
#4484 = EDGE_CURVE('',#4477,#4485,#4487,.T.);
#4485 = VERTEX_POINT('',#4486);
#4486 = CARTESIAN_POINT('',(75.304251,-135.018282,1.585));
#4487 = LINE('',#4488,#4489);
#4488 = CARTESIAN_POINT('',(75.273574,-134.982911,1.585));
#4489 = VECTOR('',#4490,1.);
#4490 = DIRECTION('',(0.655200453523,-0.755455071929,0.));
#4491 = ORIENTED_EDGE('',*,*,#4492,.T.);
#4492 = EDGE_CURVE('',#4485,#4493,#4495,.T.);
#4493 = VERTEX_POINT('',#4494);
#4494 = CARTESIAN_POINT('',(75.852391,-136.662702,1.585));
#4495 = LINE('',#4496,#4497);
#4496 = CARTESIAN_POINT('',(75.304251,-135.018282,1.585));
#4497 = VECTOR('',#4498,1.);
#4498 = DIRECTION('',(0.316227766017,-0.948683298051,0.));
#4499 = ORIENTED_EDGE('',*,*,#4500,.T.);
#4500 = EDGE_CURVE('',#4493,#4501,#4503,.T.);
#4501 = VERTEX_POINT('',#4502);
#4502 = CARTESIAN_POINT('',(75.629082,-136.737138,1.585));
#4503 = CIRCLE('',#4504,0.120000067044);
#4504 = AXIS2_PLACEMENT_3D('',#4505,#4506,#4507);
#4505 = CARTESIAN_POINT('',(75.733333090122,-136.6777096709,1.585));
#4506 = DIRECTION('',(0.,0.,-1.));
#4507 = DIRECTION('',(0.992148694672,0.125063854335,0.));
#4508 = ORIENTED_EDGE('',*,*,#4509,.T.);
#4509 = EDGE_CURVE('',#4501,#4510,#4512,.T.);
#4510 = VERTEX_POINT('',#4511);
#4511 = CARTESIAN_POINT('',(75.494461,-136.340567,1.585));
#4512 = LINE('',#4513,#4514);
#4513 = CARTESIAN_POINT('',(75.629082,-136.737138,1.585));
#4514 = VECTOR('',#4515,1.);
#4515 = DIRECTION('',(-0.321446498956,0.946927741863,0.));
#4516 = ORIENTED_EDGE('',*,*,#4517,.T.);
#4517 = EDGE_CURVE('',#4510,#4518,#4520,.T.);
#4518 = VERTEX_POINT('',#4519);
#4519 = CARTESIAN_POINT('',(74.905538,-136.340567,1.585));
#4520 = LINE('',#4521,#4522);
#4521 = CARTESIAN_POINT('',(75.494461,-136.340567,1.585));
#4522 = VECTOR('',#4523,1.);
#4523 = DIRECTION('',(-1.,0.,0.));
#4524 = ORIENTED_EDGE('',*,*,#4525,.T.);
#4525 = EDGE_CURVE('',#4518,#4526,#4528,.T.);
#4526 = VERTEX_POINT('',#4527);
#4527 = CARTESIAN_POINT('',(74.770917,-136.737138,1.585));
#4528 = LINE('',#4529,#4530);
#4529 = CARTESIAN_POINT('',(74.905538,-136.340567,1.585));
#4530 = VECTOR('',#4531,1.);
#4531 = DIRECTION('',(-0.321446498956,-0.946927741863,0.));
#4532 = ORIENTED_EDGE('',*,*,#4533,.T.);
#4533 = EDGE_CURVE('',#4526,#4534,#4536,.T.);
#4534 = VERTEX_POINT('',#4535);
#4535 = CARTESIAN_POINT('',(74.547608,-136.662701,1.585));
#4536 = CIRCLE('',#4537,0.120000000265);
#4537 = AXIS2_PLACEMENT_3D('',#4538,#4539,#4540);
#4538 = CARTESIAN_POINT('',(74.666665639782,-136.6777102795,1.585));
#4539 = DIRECTION('',(-0.,0.,-1.));
#4540 = DIRECTION('',(0.868761333234,-0.495231002541,-0.));
#4541 = ORIENTED_EDGE('',*,*,#4542,.T.);
#4542 = EDGE_CURVE('',#4534,#4543,#4545,.T.);
#4543 = VERTEX_POINT('',#4544);
#4544 = CARTESIAN_POINT('',(75.095749,-135.018283,1.585));
#4545 = LINE('',#4546,#4547);
#4546 = CARTESIAN_POINT('',(74.547608,-136.662701,1.585));
#4547 = VECTOR('',#4548,1.);
#4548 = DIRECTION('',(0.316228631383,0.948683009595,0.));
#4549 = ORIENTED_EDGE('',*,*,#4550,.T.);
#4550 = EDGE_CURVE('',#4543,#4451,#4551,.T.);
#4551 = LINE('',#4552,#4553);
#4552 = CARTESIAN_POINT('',(75.095749,-135.018283,1.585));
#4553 = VECTOR('',#4554,1.);
#4554 = DIRECTION('',(0.655189881946,0.755464240448,0.));
#4555 = FACE_BOUND('',#4556,.F.);
#4556 = EDGE_LOOP('',(#4557,#4567,#4575));
#4557 = ORIENTED_EDGE('',*,*,#4558,.T.);
#4558 = EDGE_CURVE('',#4559,#4561,#4563,.T.);
#4559 = VERTEX_POINT('',#4560);
#4560 = CARTESIAN_POINT('',(74.985538,-136.100567,1.585));
#4561 = VERTEX_POINT('',#4562);
#4562 = CARTESIAN_POINT('',(75.414461,-136.100567,1.585));
#4563 = LINE('',#4564,#4565);
#4564 = CARTESIAN_POINT('',(74.985538,-136.100567,1.585));
#4565 = VECTOR('',#4566,1.);
#4566 = DIRECTION('',(1.,0.,0.));
#4567 = ORIENTED_EDGE('',*,*,#4568,.T.);
#4568 = EDGE_CURVE('',#4561,#4569,#4571,.T.);
#4569 = VERTEX_POINT('',#4570);
#4570 = CARTESIAN_POINT('',(75.2,-135.457183,1.585));
#4571 = LINE('',#4572,#4573);
#4572 = CARTESIAN_POINT('',(75.414461,-136.100567,1.585));
#4573 = VECTOR('',#4574,1.);
#4574 = DIRECTION('',(-0.31622732366,0.948683445503,0.));
#4575 = ORIENTED_EDGE('',*,*,#4576,.T.);
#4576 = EDGE_CURVE('',#4569,#4559,#4577,.T.);
#4577 = LINE('',#4578,#4579);
#4578 = CARTESIAN_POINT('',(75.2,-135.457183,1.585));
#4579 = VECTOR('',#4580,1.);
#4580 = DIRECTION('',(-0.316228650729,-0.948683003146,0.));
#4581 = PLANE('',#4582);
#4582 = AXIS2_PLACEMENT_3D('',#4583,#4584,#4585);
#4583 = CARTESIAN_POINT('',(0.,0.,1.585));
#4584 = DIRECTION('',(0.,0.,1.));
#4585 = DIRECTION('',(1.,0.,-0.));
#4586 = SHELL_BASED_SURFACE_MODEL('',(#4587));
#4587 = OPEN_SHELL('',(#4588));
#4588 = ADVANCED_FACE('',(#4589),#4706,.T.);
#4589 = FACE_BOUND('',#4590,.F.);
#4590 = EDGE_LOOP('',(#4591,#4602,#4610,#4618,#4626,#4634,#4642,#4650,
    #4658,#4667,#4675,#4684,#4692,#4700));
#4591 = ORIENTED_EDGE('',*,*,#4592,.T.);
#4592 = EDGE_CURVE('',#4593,#4595,#4597,.T.);
#4593 = VERTEX_POINT('',#4594);
#4594 = CARTESIAN_POINT('',(77.061903,-134.977934,1.585));
#4595 = VERTEX_POINT('',#4596);
#4596 = CARTESIAN_POINT('',(77.246265,-135.054299,1.585));
#4597 = CIRCLE('',#4598,0.119999904712);
#4598 = AXIS2_PLACEMENT_3D('',#4599,#4600,#4601);
#4599 = CARTESIAN_POINT('',(77.128571,-135.0777105248,1.585));
#4600 = DIRECTION('',(0.,0.,-1.));
#4601 = DIRECTION('',(-0.555567107826,0.831471700482,0.));
#4602 = ORIENTED_EDGE('',*,*,#4603,.T.);
#4603 = EDGE_CURVE('',#4595,#4604,#4606,.T.);
#4604 = VERTEX_POINT('',#4605);
#4605 = CARTESIAN_POINT('',(77.246265,-136.243978,1.585));
#4606 = LINE('',#4607,#4608);
#4607 = CARTESIAN_POINT('',(77.246265,-135.054299,1.585));
#4608 = VECTOR('',#4609,1.);
#4609 = DIRECTION('',(0.,-1.,0.));
#4610 = ORIENTED_EDGE('',*,*,#4611,.T.);
#4611 = EDGE_CURVE('',#4604,#4612,#4614,.T.);
#4612 = VERTEX_POINT('',#4613);
#4613 = CARTESIAN_POINT('',(77.156631,-136.508567,1.585));
#4614 = LINE('',#4615,#4616);
#4615 = CARTESIAN_POINT('',(77.246265,-136.243978,1.585));
#4616 = VECTOR('',#4617,1.);
#4617 = DIRECTION('',(-0.320855667638,-0.947128101444,0.));
#4618 = ORIENTED_EDGE('',*,*,#4619,.T.);
#4619 = EDGE_CURVE('',#4612,#4620,#4622,.T.);
#4620 = VERTEX_POINT('',#4621);
#4621 = CARTESIAN_POINT('',(77.137233,-136.533992,1.585));
#4622 = LINE('',#4623,#4624);
#4623 = CARTESIAN_POINT('',(77.156631,-136.508567,1.585));
#4624 = VECTOR('',#4625,1.);
#4625 = DIRECTION('',(-0.606568789977,-0.795031007587,0.));
#4626 = ORIENTED_EDGE('',*,*,#4627,.T.);
#4627 = EDGE_CURVE('',#4620,#4628,#4630,.T.);
#4628 = VERTEX_POINT('',#4629);
#4629 = CARTESIAN_POINT('',(76.966667,-136.701296,1.585));
#4630 = LINE('',#4631,#4632);
#4631 = CARTESIAN_POINT('',(77.137233,-136.533992,1.585));
#4632 = VECTOR('',#4633,1.);
#4633 = DIRECTION('',(-0.713900343919,-0.700247312706,0.));
#4634 = ORIENTED_EDGE('',*,*,#4635,.T.);
#4635 = EDGE_CURVE('',#4628,#4636,#4638,.T.);
#4636 = VERTEX_POINT('',#4637);
#4637 = CARTESIAN_POINT('',(76.937946,-136.715362,1.585));
#4638 = LINE('',#4639,#4640);
#4639 = CARTESIAN_POINT('',(76.966667,-136.701296,1.585));
#4640 = VECTOR('',#4641,1.);
#4641 = DIRECTION('',(-0.898080353257,-0.439831421221,0.));
#4642 = ORIENTED_EDGE('',*,*,#4643,.T.);
#4643 = EDGE_CURVE('',#4636,#4644,#4646,.T.);
#4644 = VERTEX_POINT('',#4645);
#4645 = CARTESIAN_POINT('',(76.686436,-136.796768,1.585));
#4646 = LINE('',#4647,#4648);
#4647 = CARTESIAN_POINT('',(76.937946,-136.715362,1.585));
#4648 = VECTOR('',#4649,1.);
#4649 = DIRECTION('',(-0.951405604957,-0.30794053786,0.));
#4650 = ORIENTED_EDGE('',*,*,#4651,.T.);
#4651 = EDGE_CURVE('',#4644,#4652,#4654,.T.);
#4652 = VERTEX_POINT('',#4653);
#4653 = CARTESIAN_POINT('',(76.495636,-136.795404,1.585));
#4654 = LINE('',#4655,#4656);
#4655 = CARTESIAN_POINT('',(76.686436,-136.796768,1.585));
#4656 = VECTOR('',#4657,1.);
#4657 = DIRECTION('',(-0.999974447973,7.148664292612E-03,0.));
#4658 = ORIENTED_EDGE('',*,*,#4659,.T.);
#4659 = EDGE_CURVE('',#4652,#4660,#4662,.T.);
#4660 = VERTEX_POINT('',#4661);
#4661 = CARTESIAN_POINT('',(76.495636,-136.560016,1.585));
#4662 = CIRCLE('',#4663,0.119999802321);
#4663 = AXIS2_PLACEMENT_3D('',#4664,#4665,#4666);
#4664 = CARTESIAN_POINT('',(76.519047,-136.67771,1.585));
#4665 = DIRECTION('',(0.,0.,-1.));
#4666 = DIRECTION('',(-0.195091988047,-0.980784949008,-0.));
#4667 = ORIENTED_EDGE('',*,*,#4668,.T.);
#4668 = EDGE_CURVE('',#4660,#4669,#4671,.T.);
#4669 = VERTEX_POINT('',#4670);
#4670 = CARTESIAN_POINT('',(76.651955,-136.55771,1.585));
#4671 = LINE('',#4672,#4673);
#4672 = CARTESIAN_POINT('',(76.495636,-136.560016,1.585));
#4673 = VECTOR('',#4674,1.);
#4674 = DIRECTION('',(0.999891208692,1.475028069044E-02,0.));
#4675 = ORIENTED_EDGE('',*,*,#4676,.T.);
#4676 = EDGE_CURVE('',#4669,#4677,#4679,.T.);
#4677 = VERTEX_POINT('',#4678);
#4678 = CARTESIAN_POINT('',(77.008571,-136.201093,1.585));
#4679 = CIRCLE('',#4680,0.383098553543);
#4680 = AXIS2_PLACEMENT_3D('',#4681,#4682,#4683);
#4681 = CARTESIAN_POINT('',(76.626330326147,-136.175469398,1.585));
#4682 = DIRECTION('',(0.,0.,1.));
#4683 = DIRECTION('',(6.688794206074E-02,-0.99776049391,0.));
#4684 = ORIENTED_EDGE('',*,*,#4685,.T.);
#4685 = EDGE_CURVE('',#4677,#4686,#4688,.T.);
#4686 = VERTEX_POINT('',#4687);
#4687 = CARTESIAN_POINT('',(77.010877,-135.054299,1.585));
#4688 = LINE('',#4689,#4690);
#4689 = CARTESIAN_POINT('',(77.008571,-136.201093,1.585));
#4690 = VECTOR('',#4691,1.);
#4691 = DIRECTION('',(2.010819151437E-03,0.999997978301,0.));
#4692 = ORIENTED_EDGE('',*,*,#4693,.T.);
#4693 = EDGE_CURVE('',#4686,#4694,#4696,.T.);
#4694 = VERTEX_POINT('',#4695);
#4695 = CARTESIAN_POINT('',(77.028795,-135.011042,1.585));
#4696 = LINE('',#4697,#4698);
#4697 = CARTESIAN_POINT('',(77.010877,-135.054299,1.585));
#4698 = VECTOR('',#4699,1.);
#4699 = DIRECTION('',(0.382690066869,0.923876784382,0.));
#4700 = ORIENTED_EDGE('',*,*,#4701,.T.);
#4701 = EDGE_CURVE('',#4694,#4593,#4702,.T.);
#4702 = LINE('',#4703,#4704);
#4703 = CARTESIAN_POINT('',(77.028795,-135.011042,1.585));
#4704 = VECTOR('',#4705,1.);
#4705 = DIRECTION('',(0.707106781187,0.707106781187,0.));
#4706 = PLANE('',#4707);
#4707 = AXIS2_PLACEMENT_3D('',#4708,#4709,#4710);
#4708 = CARTESIAN_POINT('',(0.,0.,1.585));
#4709 = DIRECTION('',(0.,0.,1.));
#4710 = DIRECTION('',(1.,0.,-0.));
#4711 = SHELL_BASED_SURFACE_MODEL('',(#4712));
#4712 = OPEN_SHELL('',(#4713));
#4713 = ADVANCED_FACE('',(#4714),#4857,.T.);
#4714 = FACE_BOUND('',#4715,.F.);
#4715 = EDGE_LOOP('',(#4716,#4726,#4734,#4742,#4750,#4759,#4767,#4776,
    #4784,#4792,#4801,#4809,#4817,#4826,#4834,#4843,#4851));
#4716 = ORIENTED_EDGE('',*,*,#4717,.T.);
#4717 = EDGE_CURVE('',#4718,#4720,#4722,.T.);
#4718 = VERTEX_POINT('',#4719);
#4719 = CARTESIAN_POINT('',(63.536582,-135.006724,1.585));
#4720 = VERTEX_POINT('',#4721);
#4721 = CARTESIAN_POINT('',(63.571112,-134.975103,1.585));
#4722 = LINE('',#4723,#4724);
#4723 = CARTESIAN_POINT('',(63.536582,-135.006724,1.585));
#4724 = VECTOR('',#4725,1.);
#4725 = DIRECTION('',(0.737489167488,0.675358962211,0.));
#4726 = ORIENTED_EDGE('',*,*,#4727,.T.);
#4727 = EDGE_CURVE('',#4720,#4728,#4730,.T.);
#4728 = VERTEX_POINT('',#4729);
#4729 = CARTESIAN_POINT('',(63.615114,-134.959102,1.585));
#4730 = LINE('',#4731,#4732);
#4731 = CARTESIAN_POINT('',(63.571112,-134.975103,1.585));
#4732 = VECTOR('',#4733,1.);
#4733 = DIRECTION('',(0.939791552707,0.341748207692,0.));
#4734 = ORIENTED_EDGE('',*,*,#4735,.T.);
#4735 = EDGE_CURVE('',#4728,#4736,#4738,.T.);
#4736 = VERTEX_POINT('',#4737);
#4737 = CARTESIAN_POINT('',(63.635919,-134.960016,1.585));
#4738 = LINE('',#4739,#4740);
#4739 = CARTESIAN_POINT('',(63.615114,-134.959102,1.585));
#4740 = VECTOR('',#4741,1.);
#4741 = DIRECTION('',(0.999036395387,-4.388941434167E-02,0.));
#4742 = ORIENTED_EDGE('',*,*,#4743,.T.);
#4743 = EDGE_CURVE('',#4736,#4744,#4746,.T.);
#4744 = VERTEX_POINT('',#4745);
#4745 = CARTESIAN_POINT('',(63.661891,-134.961157,1.585));
#4746 = LINE('',#4747,#4748);
#4747 = CARTESIAN_POINT('',(63.635919,-134.960016,1.585));
#4748 = VECTOR('',#4749,1.);
#4749 = DIRECTION('',(0.999036387524,-4.388959333724E-02,0.));
#4750 = ORIENTED_EDGE('',*,*,#4751,.T.);
#4751 = EDGE_CURVE('',#4744,#4752,#4754,.T.);
#4752 = VERTEX_POINT('',#4753);
#4753 = CARTESIAN_POINT('',(63.751817,-135.062316,1.585));
#4754 = CIRCLE('',#4755,0.118861828863);
#4755 = AXIS2_PLACEMENT_3D('',#4756,#4757,#4758);
#4756 = CARTESIAN_POINT('',(63.633823536482,-135.0766574409,1.585));
#4757 = DIRECTION('',(0.,0.,-1.));
#4758 = DIRECTION('',(0.236135215038,0.971720206756,0.));
#4759 = ORIENTED_EDGE('',*,*,#4760,.T.);
#4760 = EDGE_CURVE('',#4752,#4761,#4763,.T.);
#4761 = VERTEX_POINT('',#4762);
#4762 = CARTESIAN_POINT('',(63.751028,-136.701121,1.585));
#4763 = LINE('',#4764,#4765);
#4764 = CARTESIAN_POINT('',(63.751817,-135.062316,1.585));
#4765 = VECTOR('',#4766,1.);
#4766 = DIRECTION('',(-4.814483166469E-04,-0.999999884104,0.));
#4767 = ORIENTED_EDGE('',*,*,#4768,.T.);
#4768 = EDGE_CURVE('',#4761,#4769,#4771,.T.);
#4769 = VERTEX_POINT('',#4770);
#4770 = CARTESIAN_POINT('',(63.51564,-136.701121,1.585));
#4771 = CIRCLE('',#4772,0.119999802321);
#4772 = AXIS2_PLACEMENT_3D('',#4773,#4774,#4775);
#4773 = CARTESIAN_POINT('',(63.633334,-136.67771,1.585));
#4774 = DIRECTION('',(-0.,0.,-1.));
#4775 = DIRECTION('',(0.980784949008,-0.195091988047,-0.));
#4776 = ORIENTED_EDGE('',*,*,#4777,.T.);
#4777 = EDGE_CURVE('',#4769,#4778,#4780,.T.);
#4778 = VERTEX_POINT('',#4779);
#4779 = CARTESIAN_POINT('',(63.513334,-135.618616,1.585));
#4780 = LINE('',#4781,#4782);
#4781 = CARTESIAN_POINT('',(63.51564,-136.701121,1.585));
#4782 = VECTOR('',#4783,1.);
#4783 = DIRECTION('',(-2.130239368659E-03,0.999997731038,0.));
#4784 = ORIENTED_EDGE('',*,*,#4785,.T.);
#4785 = EDGE_CURVE('',#4778,#4786,#4788,.T.);
#4786 = VERTEX_POINT('',#4787);
#4787 = CARTESIAN_POINT('',(63.196752,-136.291553,1.585));
#4788 = LINE('',#4789,#4790);
#4789 = CARTESIAN_POINT('',(63.513334,-135.618616,1.585));
#4790 = VECTOR('',#4791,1.);
#4791 = DIRECTION('',(-0.425693293275,-0.904867515198,0.));
#4792 = ORIENTED_EDGE('',*,*,#4793,.T.);
#4793 = EDGE_CURVE('',#4786,#4794,#4796,.T.);
#4794 = VERTEX_POINT('',#4795);
#4795 = CARTESIAN_POINT('',(62.996339,-136.27989,1.585));
#4796 = CIRCLE('',#4797,0.119452629962);
#4797 = AXIS2_PLACEMENT_3D('',#4798,#4799,#4800);
#4798 = CARTESIAN_POINT('',(63.100307707872,-136.2210730076,1.585));
#4799 = DIRECTION('',(-0.,0.,-1.));
#4800 = DIRECTION('',(0.807385255214,-0.590024617845,-0.));
#4801 = ORIENTED_EDGE('',*,*,#4802,.T.);
#4802 = EDGE_CURVE('',#4794,#4803,#4805,.T.);
#4803 = VERTEX_POINT('',#4804);
#4804 = CARTESIAN_POINT('',(62.686667,-135.618618,1.585));
#4805 = LINE('',#4806,#4807);
#4806 = CARTESIAN_POINT('',(62.996339,-136.27989,1.585));
#4807 = VECTOR('',#4808,1.);
#4808 = DIRECTION('',(-0.424097849692,0.90561637236,0.));
#4809 = ORIENTED_EDGE('',*,*,#4810,.T.);
#4810 = EDGE_CURVE('',#4803,#4811,#4813,.T.);
#4811 = VERTEX_POINT('',#4812);
#4812 = CARTESIAN_POINT('',(62.684361,-136.701121,1.585));
#4813 = LINE('',#4814,#4815);
#4814 = CARTESIAN_POINT('',(62.686667,-135.618618,1.585));
#4815 = VECTOR('',#4816,1.);
#4816 = DIRECTION('',(-2.130243304407E-03,-0.999997731029,0.));
#4817 = ORIENTED_EDGE('',*,*,#4818,.T.);
#4818 = EDGE_CURVE('',#4811,#4819,#4821,.T.);
#4819 = VERTEX_POINT('',#4820);
#4820 = CARTESIAN_POINT('',(62.448973,-136.701121,1.585));
#4821 = CIRCLE('',#4822,0.119999802321);
#4822 = AXIS2_PLACEMENT_3D('',#4823,#4824,#4825);
#4823 = CARTESIAN_POINT('',(62.566667,-136.67771,1.585));
#4824 = DIRECTION('',(-0.,0.,-1.));
#4825 = DIRECTION('',(0.980784949008,-0.195091988047,-0.));
#4826 = ORIENTED_EDGE('',*,*,#4827,.T.);
#4827 = EDGE_CURVE('',#4819,#4828,#4830,.T.);
#4828 = VERTEX_POINT('',#4829);
#4829 = CARTESIAN_POINT('',(62.448973,-135.054299,1.585));
#4830 = LINE('',#4831,#4832);
#4831 = CARTESIAN_POINT('',(62.448973,-136.701121,1.585));
#4832 = VECTOR('',#4833,1.);
#4833 = DIRECTION('',(0.,1.,0.));
#4834 = ORIENTED_EDGE('',*,*,#4835,.T.);
#4835 = EDGE_CURVE('',#4828,#4836,#4838,.T.);
#4836 = VERTEX_POINT('',#4837);
#4837 = CARTESIAN_POINT('',(62.667526,-135.013657,1.585));
#4838 = CIRCLE('',#4839,0.11958826405);
#4839 = AXIS2_PLACEMENT_3D('',#4840,#4841,#4842);
#4840 = CARTESIAN_POINT('',(62.566316746595,-135.0773597465,1.585));
#4841 = DIRECTION('',(0.,0.,-1.));
#4842 = DIRECTION('',(-0.981231289937,0.192834529194,0.));
#4843 = ORIENTED_EDGE('',*,*,#4844,.T.);
#4844 = EDGE_CURVE('',#4836,#4845,#4847,.T.);
#4845 = VERTEX_POINT('',#4846);
#4846 = CARTESIAN_POINT('',(63.1,-135.936802,1.585));
#4847 = LINE('',#4848,#4849);
#4848 = CARTESIAN_POINT('',(62.667526,-135.013657,1.585));
#4849 = VECTOR('',#4850,1.);
#4850 = DIRECTION('',(0.424232631713,-0.905553242051,0.));
#4851 = ORIENTED_EDGE('',*,*,#4852,.T.);
#4852 = EDGE_CURVE('',#4845,#4718,#4853,.T.);
#4853 = LINE('',#4854,#4855);
#4854 = CARTESIAN_POINT('',(63.1,-135.936802,1.585));
#4855 = VECTOR('',#4856,1.);
#4856 = DIRECTION('',(0.424918921372,0.905231412546,0.));
#4857 = PLANE('',#4858);
#4858 = AXIS2_PLACEMENT_3D('',#4859,#4860,#4861);
#4859 = CARTESIAN_POINT('',(0.,0.,1.585));
#4860 = DIRECTION('',(0.,0.,1.));
#4861 = DIRECTION('',(1.,0.,-0.));
#4862 = SHELL_BASED_SURFACE_MODEL('',(#4863));
#4863 = OPEN_SHELL('',(#4864));
#4864 = ADVANCED_FACE('',(#4865),#5008,.T.);
#4865 = FACE_BOUND('',#4866,.F.);
#4866 = EDGE_LOOP('',(#4867,#4877,#4885,#4893,#4901,#4910,#4918,#4927,
    #4935,#4943,#4952,#4960,#4968,#4977,#4985,#4994,#5002));
#4867 = ORIENTED_EDGE('',*,*,#4868,.T.);
#4868 = EDGE_CURVE('',#4869,#4871,#4873,.T.);
#4869 = VERTEX_POINT('',#4870);
#4870 = CARTESIAN_POINT('',(73.936582,-135.006724,1.585));
#4871 = VERTEX_POINT('',#4872);
#4872 = CARTESIAN_POINT('',(73.971112,-134.975103,1.585));
#4873 = LINE('',#4874,#4875);
#4874 = CARTESIAN_POINT('',(73.936582,-135.006724,1.585));
#4875 = VECTOR('',#4876,1.);
#4876 = DIRECTION('',(0.737489167488,0.675358962211,0.));
#4877 = ORIENTED_EDGE('',*,*,#4878,.T.);
#4878 = EDGE_CURVE('',#4871,#4879,#4881,.T.);
#4879 = VERTEX_POINT('',#4880);
#4880 = CARTESIAN_POINT('',(74.015114,-134.959102,1.585));
#4881 = LINE('',#4882,#4883);
#4882 = CARTESIAN_POINT('',(73.971112,-134.975103,1.585));
#4883 = VECTOR('',#4884,1.);
#4884 = DIRECTION('',(0.939791552707,0.341748207692,0.));
#4885 = ORIENTED_EDGE('',*,*,#4886,.T.);
#4886 = EDGE_CURVE('',#4879,#4887,#4889,.T.);
#4887 = VERTEX_POINT('',#4888);
#4888 = CARTESIAN_POINT('',(74.035919,-134.960016,1.585));
#4889 = LINE('',#4890,#4891);
#4890 = CARTESIAN_POINT('',(74.015114,-134.959102,1.585));
#4891 = VECTOR('',#4892,1.);
#4892 = DIRECTION('',(0.999036395387,-4.388941434166E-02,0.));
#4893 = ORIENTED_EDGE('',*,*,#4894,.T.);
#4894 = EDGE_CURVE('',#4887,#4895,#4897,.T.);
#4895 = VERTEX_POINT('',#4896);
#4896 = CARTESIAN_POINT('',(74.061891,-134.961157,1.585));
#4897 = LINE('',#4898,#4899);
#4898 = CARTESIAN_POINT('',(74.035919,-134.960016,1.585));
#4899 = VECTOR('',#4900,1.);
#4900 = DIRECTION('',(0.999036387524,-4.388959333724E-02,0.));
#4901 = ORIENTED_EDGE('',*,*,#4902,.T.);
#4902 = EDGE_CURVE('',#4895,#4903,#4905,.T.);
#4903 = VERTEX_POINT('',#4904);
#4904 = CARTESIAN_POINT('',(74.151817,-135.062316,1.585));
#4905 = CIRCLE('',#4906,0.118861828863);
#4906 = AXIS2_PLACEMENT_3D('',#4907,#4908,#4909);
#4907 = CARTESIAN_POINT('',(74.033823536482,-135.0766574409,1.585));
#4908 = DIRECTION('',(0.,0.,-1.));
#4909 = DIRECTION('',(0.236135215038,0.971720206756,0.));
#4910 = ORIENTED_EDGE('',*,*,#4911,.T.);
#4911 = EDGE_CURVE('',#4903,#4912,#4914,.T.);
#4912 = VERTEX_POINT('',#4913);
#4913 = CARTESIAN_POINT('',(74.151028,-136.701121,1.585));
#4914 = LINE('',#4915,#4916);
#4915 = CARTESIAN_POINT('',(74.151817,-135.062316,1.585));
#4916 = VECTOR('',#4917,1.);
#4917 = DIRECTION('',(-4.814483166425E-04,-0.999999884104,0.));
#4918 = ORIENTED_EDGE('',*,*,#4919,.T.);
#4919 = EDGE_CURVE('',#4912,#4920,#4922,.T.);
#4920 = VERTEX_POINT('',#4921);
#4921 = CARTESIAN_POINT('',(73.91564,-136.701121,1.585));
#4922 = CIRCLE('',#4923,0.119999802321);
#4923 = AXIS2_PLACEMENT_3D('',#4924,#4925,#4926);
#4924 = CARTESIAN_POINT('',(74.033334,-136.67771,1.585));
#4925 = DIRECTION('',(-0.,0.,-1.));
#4926 = DIRECTION('',(0.980784949008,-0.195091988047,-0.));
#4927 = ORIENTED_EDGE('',*,*,#4928,.T.);
#4928 = EDGE_CURVE('',#4920,#4929,#4931,.T.);
#4929 = VERTEX_POINT('',#4930);
#4930 = CARTESIAN_POINT('',(73.913334,-135.618616,1.585));
#4931 = LINE('',#4932,#4933);
#4932 = CARTESIAN_POINT('',(73.91564,-136.701121,1.585));
#4933 = VECTOR('',#4934,1.);
#4934 = DIRECTION('',(-2.130239368652E-03,0.999997731038,0.));
#4935 = ORIENTED_EDGE('',*,*,#4936,.T.);
#4936 = EDGE_CURVE('',#4929,#4937,#4939,.T.);
#4937 = VERTEX_POINT('',#4938);
#4938 = CARTESIAN_POINT('',(73.596752,-136.291553,1.585));
#4939 = LINE('',#4940,#4941);
#4940 = CARTESIAN_POINT('',(73.913334,-135.618616,1.585));
#4941 = VECTOR('',#4942,1.);
#4942 = DIRECTION('',(-0.425693293275,-0.904867515198,0.));
#4943 = ORIENTED_EDGE('',*,*,#4944,.T.);
#4944 = EDGE_CURVE('',#4937,#4945,#4947,.T.);
#4945 = VERTEX_POINT('',#4946);
#4946 = CARTESIAN_POINT('',(73.396339,-136.27989,1.585));
#4947 = CIRCLE('',#4948,0.119452629962);
#4948 = AXIS2_PLACEMENT_3D('',#4949,#4950,#4951);
#4949 = CARTESIAN_POINT('',(73.500307707872,-136.2210730076,1.585));
#4950 = DIRECTION('',(-0.,0.,-1.));
#4951 = DIRECTION('',(0.807385255214,-0.590024617845,-0.));
#4952 = ORIENTED_EDGE('',*,*,#4953,.T.);
#4953 = EDGE_CURVE('',#4945,#4954,#4956,.T.);
#4954 = VERTEX_POINT('',#4955);
#4955 = CARTESIAN_POINT('',(73.086667,-135.618618,1.585));
#4956 = LINE('',#4957,#4958);
#4957 = CARTESIAN_POINT('',(73.396339,-136.27989,1.585));
#4958 = VECTOR('',#4959,1.);
#4959 = DIRECTION('',(-0.424097849692,0.90561637236,0.));
#4960 = ORIENTED_EDGE('',*,*,#4961,.T.);
#4961 = EDGE_CURVE('',#4954,#4962,#4964,.T.);
#4962 = VERTEX_POINT('',#4963);
#4963 = CARTESIAN_POINT('',(73.084361,-136.701121,1.585));
#4964 = LINE('',#4965,#4966);
#4965 = CARTESIAN_POINT('',(73.086667,-135.618618,1.585));
#4966 = VECTOR('',#4967,1.);
#4967 = DIRECTION('',(-2.130243304414E-03,-0.999997731029,0.));
#4968 = ORIENTED_EDGE('',*,*,#4969,.T.);
#4969 = EDGE_CURVE('',#4962,#4970,#4972,.T.);
#4970 = VERTEX_POINT('',#4971);
#4971 = CARTESIAN_POINT('',(72.848973,-136.701121,1.585));
#4972 = CIRCLE('',#4973,0.119999802321);
#4973 = AXIS2_PLACEMENT_3D('',#4974,#4975,#4976);
#4974 = CARTESIAN_POINT('',(72.966667,-136.67771,1.585));
#4975 = DIRECTION('',(-0.,0.,-1.));
#4976 = DIRECTION('',(0.980784949008,-0.195091988047,-0.));
#4977 = ORIENTED_EDGE('',*,*,#4978,.T.);
#4978 = EDGE_CURVE('',#4970,#4979,#4981,.T.);
#4979 = VERTEX_POINT('',#4980);
#4980 = CARTESIAN_POINT('',(72.848973,-135.054299,1.585));
#4981 = LINE('',#4982,#4983);
#4982 = CARTESIAN_POINT('',(72.848973,-136.701121,1.585));
#4983 = VECTOR('',#4984,1.);
#4984 = DIRECTION('',(0.,1.,0.));
#4985 = ORIENTED_EDGE('',*,*,#4986,.T.);
#4986 = EDGE_CURVE('',#4979,#4987,#4989,.T.);
#4987 = VERTEX_POINT('',#4988);
#4988 = CARTESIAN_POINT('',(73.067526,-135.013657,1.585));
#4989 = CIRCLE('',#4990,0.11958826405);
#4990 = AXIS2_PLACEMENT_3D('',#4991,#4992,#4993);
#4991 = CARTESIAN_POINT('',(72.966316746595,-135.0773597465,1.585));
#4992 = DIRECTION('',(0.,0.,-1.));
#4993 = DIRECTION('',(-0.981231289937,0.192834529194,0.));
#4994 = ORIENTED_EDGE('',*,*,#4995,.T.);
#4995 = EDGE_CURVE('',#4987,#4996,#4998,.T.);
#4996 = VERTEX_POINT('',#4997);
#4997 = CARTESIAN_POINT('',(73.5,-135.936802,1.585));
#4998 = LINE('',#4999,#5000);
#4999 = CARTESIAN_POINT('',(73.067526,-135.013657,1.585));
#5000 = VECTOR('',#5001,1.);
#5001 = DIRECTION('',(0.424232631713,-0.905553242051,0.));
#5002 = ORIENTED_EDGE('',*,*,#5003,.T.);
#5003 = EDGE_CURVE('',#4996,#4869,#5004,.T.);
#5004 = LINE('',#5005,#5006);
#5005 = CARTESIAN_POINT('',(73.5,-135.936802,1.585));
#5006 = VECTOR('',#5007,1.);
#5007 = DIRECTION('',(0.424918921372,0.905231412546,0.));
#5008 = PLANE('',#5009);
#5009 = AXIS2_PLACEMENT_3D('',#5010,#5011,#5012);
#5010 = CARTESIAN_POINT('',(0.,0.,1.585));
#5011 = DIRECTION('',(0.,0.,1.));
#5012 = DIRECTION('',(1.,0.,-0.));
#5013 = SHELL_BASED_SURFACE_MODEL('',(#5014));
#5014 = OPEN_SHELL('',(#5015));
#5015 = ADVANCED_FACE('',(#5016),#5052,.T.);
#5016 = FACE_BOUND('',#5017,.F.);
#5017 = EDGE_LOOP('',(#5018,#5029,#5037,#5046));
#5018 = ORIENTED_EDGE('',*,*,#5019,.T.);
#5019 = EDGE_CURVE('',#5020,#5022,#5024,.T.);
#5020 = VERTEX_POINT('',#5021);
#5021 = CARTESIAN_POINT('',(64.167065,-133.28588,1.585));
#5022 = VERTEX_POINT('',#5023);
#5023 = CARTESIAN_POINT('',(64.167065,-133.050492,1.585));
#5024 = CIRCLE('',#5025,0.119999802321);
#5025 = AXIS2_PLACEMENT_3D('',#5026,#5027,#5028);
#5026 = CARTESIAN_POINT('',(64.190476,-133.168186,1.585));
#5027 = DIRECTION('',(0.,0.,-1.));
#5028 = DIRECTION('',(-0.195091988047,-0.980784949008,-0.));
#5029 = ORIENTED_EDGE('',*,*,#5030,.T.);
#5030 = EDGE_CURVE('',#5022,#5031,#5033,.T.);
#5031 = VERTEX_POINT('',#5032);
#5032 = CARTESIAN_POINT('',(65.432935,-133.050492,1.585));
#5033 = LINE('',#5034,#5035);
#5034 = CARTESIAN_POINT('',(64.167065,-133.050492,1.585));
#5035 = VECTOR('',#5036,1.);
#5036 = DIRECTION('',(1.,0.,0.));
#5037 = ORIENTED_EDGE('',*,*,#5038,.T.);
#5038 = EDGE_CURVE('',#5031,#5039,#5041,.T.);
#5039 = VERTEX_POINT('',#5040);
#5040 = CARTESIAN_POINT('',(65.432935,-133.28588,1.585));
#5041 = CIRCLE('',#5042,0.119999802321);
#5042 = AXIS2_PLACEMENT_3D('',#5043,#5044,#5045);
#5043 = CARTESIAN_POINT('',(65.409524,-133.168186,1.585));
#5044 = DIRECTION('',(0.,0.,-1.));
#5045 = DIRECTION('',(0.195091988047,0.980784949008,0.));
#5046 = ORIENTED_EDGE('',*,*,#5047,.T.);
#5047 = EDGE_CURVE('',#5039,#5020,#5048,.T.);
#5048 = LINE('',#5049,#5050);
#5049 = CARTESIAN_POINT('',(65.432935,-133.28588,1.585));
#5050 = VECTOR('',#5051,1.);
#5051 = DIRECTION('',(-1.,0.,0.));
#5052 = PLANE('',#5053);
#5053 = AXIS2_PLACEMENT_3D('',#5054,#5055,#5056);
#5054 = CARTESIAN_POINT('',(0.,0.,1.585));
#5055 = DIRECTION('',(0.,0.,1.));
#5056 = DIRECTION('',(1.,0.,-0.));
#5057 = SHELL_BASED_SURFACE_MODEL('',(#5058));
#5058 = OPEN_SHELL('',(#5059));
#5059 = ADVANCED_FACE('',(#5060),#5096,.T.);
#5060 = FACE_BOUND('',#5061,.F.);
#5061 = EDGE_LOOP('',(#5062,#5073,#5081,#5090));
#5062 = ORIENTED_EDGE('',*,*,#5063,.T.);
#5063 = EDGE_CURVE('',#5064,#5066,#5068,.T.);
#5064 = VERTEX_POINT('',#5065);
#5065 = CARTESIAN_POINT('',(74.567065,-133.28588,1.585));
#5066 = VERTEX_POINT('',#5067);
#5067 = CARTESIAN_POINT('',(74.567065,-133.050492,1.585));
#5068 = CIRCLE('',#5069,0.119999802321);
#5069 = AXIS2_PLACEMENT_3D('',#5070,#5071,#5072);
#5070 = CARTESIAN_POINT('',(74.590476,-133.168186,1.585));
#5071 = DIRECTION('',(0.,0.,-1.));
#5072 = DIRECTION('',(-0.195091988047,-0.980784949008,-0.));
#5073 = ORIENTED_EDGE('',*,*,#5074,.T.);
#5074 = EDGE_CURVE('',#5066,#5075,#5077,.T.);
#5075 = VERTEX_POINT('',#5076);
#5076 = CARTESIAN_POINT('',(75.832935,-133.050492,1.585));
#5077 = LINE('',#5078,#5079);
#5078 = CARTESIAN_POINT('',(74.567065,-133.050492,1.585));
#5079 = VECTOR('',#5080,1.);
#5080 = DIRECTION('',(1.,0.,0.));
#5081 = ORIENTED_EDGE('',*,*,#5082,.T.);
#5082 = EDGE_CURVE('',#5075,#5083,#5085,.T.);
#5083 = VERTEX_POINT('',#5084);
#5084 = CARTESIAN_POINT('',(75.832935,-133.28588,1.585));
#5085 = CIRCLE('',#5086,0.119999802321);
#5086 = AXIS2_PLACEMENT_3D('',#5087,#5088,#5089);
#5087 = CARTESIAN_POINT('',(75.809524,-133.168186,1.585));
#5088 = DIRECTION('',(0.,0.,-1.));
#5089 = DIRECTION('',(0.195091988047,0.980784949008,0.));
#5090 = ORIENTED_EDGE('',*,*,#5091,.T.);
#5091 = EDGE_CURVE('',#5083,#5064,#5092,.T.);
#5092 = LINE('',#5093,#5094);
#5093 = CARTESIAN_POINT('',(75.832935,-133.28588,1.585));
#5094 = VECTOR('',#5095,1.);
#5095 = DIRECTION('',(-1.,0.,0.));
#5096 = PLANE('',#5097);
#5097 = AXIS2_PLACEMENT_3D('',#5098,#5099,#5100);
#5098 = CARTESIAN_POINT('',(0.,0.,1.585));
#5099 = DIRECTION('',(0.,0.,1.));
#5100 = DIRECTION('',(1.,0.,-0.));
#5101 = SHELL_BASED_SURFACE_MODEL('',(#5102));
#5102 = OPEN_SHELL('',(#5103));
#5103 = ADVANCED_FACE('',(#5104,#5206),#5308,.T.);
#5104 = FACE_BOUND('',#5105,.F.);
#5105 = EDGE_LOOP('',(#5106,#5117,#5125,#5133,#5142,#5150,#5158,#5167,
    #5175,#5183,#5192,#5200));
#5106 = ORIENTED_EDGE('',*,*,#5107,.T.);
#5107 = EDGE_CURVE('',#5108,#5110,#5112,.T.);
#5108 = VERTEX_POINT('',#5109);
#5109 = CARTESIAN_POINT('',(68.829802,-127.43932,1.585));
#5110 = VERTEX_POINT('',#5111);
#5111 = CARTESIAN_POINT('',(69.20264,-127.444686,1.585));
#5112 = CIRCLE('',#5113,0.291788488016);
#5113 = AXIS2_PLACEMENT_3D('',#5114,#5115,#5116);
#5114 = CARTESIAN_POINT('',(69.01299086911,-127.6664375025,1.585));
#5115 = DIRECTION('',(0.,0.,-1.));
#5116 = DIRECTION('',(-0.627813901623,0.778363478671,0.));
#5117 = ORIENTED_EDGE('',*,*,#5118,.T.);
#5118 = EDGE_CURVE('',#5110,#5119,#5121,.T.);
#5119 = VERTEX_POINT('',#5120);
#5120 = CARTESIAN_POINT('',(69.266093,-127.510216,1.585));
#5121 = LINE('',#5122,#5123);
#5122 = CARTESIAN_POINT('',(69.20264,-127.444686,1.585));
#5123 = VECTOR('',#5124,1.);
#5124 = DIRECTION('',(0.695630129574,-0.718400113328,0.));
#5125 = ORIENTED_EDGE('',*,*,#5126,.T.);
#5126 = EDGE_CURVE('',#5119,#5127,#5129,.T.);
#5127 = VERTEX_POINT('',#5128);
#5128 = CARTESIAN_POINT('',(69.323356,-127.627105,1.585));
#5129 = LINE('',#5130,#5131);
#5130 = CARTESIAN_POINT('',(69.266093,-127.510216,1.585));
#5131 = VECTOR('',#5132,1.);
#5132 = DIRECTION('',(0.439937123831,-0.898028578095,0.));
#5133 = ORIENTED_EDGE('',*,*,#5134,.T.);
#5134 = EDGE_CURVE('',#5127,#5135,#5137,.T.);
#5135 = VERTEX_POINT('',#5136);
#5136 = CARTESIAN_POINT('',(69.317677,-128.297883,1.585));
#5137 = CIRCLE('',#5138,0.967158496826);
#5138 = AXIS2_PLACEMENT_3D('',#5139,#5140,#5141);
#5139 = CARTESIAN_POINT('',(68.413409706867,-127.9548141722,1.585));
#5140 = DIRECTION('',(0.,0.,-1.));
#5141 = DIRECTION('',(0.940845059128,0.338837091703,0.));
#5142 = ORIENTED_EDGE('',*,*,#5143,.T.);
#5143 = EDGE_CURVE('',#5135,#5144,#5146,.T.);
#5144 = VERTEX_POINT('',#5145);
#5145 = CARTESIAN_POINT('',(69.260727,-128.406863,1.585));
#5146 = LINE('',#5147,#5148);
#5147 = CARTESIAN_POINT('',(69.317677,-128.297883,1.585));
#5148 = VECTOR('',#5149,1.);
#5149 = DIRECTION('',(-0.463146784148,-0.886281589752,0.));
#5150 = ORIENTED_EDGE('',*,*,#5151,.T.);
#5151 = EDGE_CURVE('',#5144,#5152,#5154,.T.);
#5152 = VERTEX_POINT('',#5153);
#5153 = CARTESIAN_POINT('',(69.195197,-128.470317,1.585));
#5154 = LINE('',#5155,#5156);
#5155 = CARTESIAN_POINT('',(69.260727,-128.406863,1.585));
#5156 = VECTOR('',#5157,1.);
#5157 = DIRECTION('',(-0.718394634729,-0.695635787458,0.));
#5158 = ORIENTED_EDGE('',*,*,#5159,.T.);
#5159 = EDGE_CURVE('',#5152,#5160,#5162,.T.);
#5160 = VERTEX_POINT('',#5161);
#5161 = CARTESIAN_POINT('',(68.822358,-128.46495,1.585));
#5162 = CIRCLE('',#5163,0.290998264264);
#5163 = AXIS2_PLACEMENT_3D('',#5164,#5165,#5166);
#5164 = CARTESIAN_POINT('',(69.011993418158,-128.2442275544,1.585));
#5165 = DIRECTION('',(-0.,0.,-1.));
#5166 = DIRECTION('',(0.629569328552,-0.77694430981,-0.));
#5167 = ORIENTED_EDGE('',*,*,#5168,.T.);
#5168 = EDGE_CURVE('',#5160,#5169,#5171,.T.);
#5169 = VERTEX_POINT('',#5170);
#5170 = CARTESIAN_POINT('',(68.758905,-128.399417,1.585));
#5171 = LINE('',#5172,#5173);
#5172 = CARTESIAN_POINT('',(68.822358,-128.46495,1.585));
#5173 = VECTOR('',#5174,1.);
#5174 = DIRECTION('',(-0.695613693927,0.718416027676,0.));
#5175 = ORIENTED_EDGE('',*,*,#5176,.T.);
#5176 = EDGE_CURVE('',#5169,#5177,#5179,.T.);
#5177 = VERTEX_POINT('',#5178);
#5178 = CARTESIAN_POINT('',(68.701644,-128.282532,1.585));
#5179 = LINE('',#5180,#5181);
#5180 = CARTESIAN_POINT('',(68.758905,-128.399417,1.585));
#5181 = VECTOR('',#5182,1.);
#5182 = DIRECTION('',(-0.439936873317,0.89802870082,0.));
#5183 = ORIENTED_EDGE('',*,*,#5184,.T.);
#5184 = EDGE_CURVE('',#5177,#5185,#5187,.T.);
#5185 = VERTEX_POINT('',#5186);
#5186 = CARTESIAN_POINT('',(68.707323,-127.611754,1.585));
#5187 = CIRCLE('',#5188,0.967158496826);
#5188 = AXIS2_PLACEMENT_3D('',#5189,#5190,#5191);
#5189 = CARTESIAN_POINT('',(69.611590293133,-127.9548228277,1.585));
#5190 = DIRECTION('',(0.,0.,-1.));
#5191 = DIRECTION('',(-0.940845059128,-0.338837091703,-0.));
#5192 = ORIENTED_EDGE('',*,*,#5193,.T.);
#5193 = EDGE_CURVE('',#5185,#5194,#5196,.T.);
#5194 = VERTEX_POINT('',#5195);
#5195 = CARTESIAN_POINT('',(68.764272,-127.502773,1.585));
#5196 = LINE('',#5197,#5198);
#5197 = CARTESIAN_POINT('',(68.707323,-127.611754,1.585));
#5198 = VECTOR('',#5199,1.);
#5199 = DIRECTION('',(0.463137057879,0.886286672369,0.));
#5200 = ORIENTED_EDGE('',*,*,#5201,.T.);
#5201 = EDGE_CURVE('',#5194,#5108,#5202,.T.);
#5202 = LINE('',#5203,#5204);
#5203 = CARTESIAN_POINT('',(68.764272,-127.502773,1.585));
#5204 = VECTOR('',#5205,1.);
#5205 = DIRECTION('',(0.718400113327,0.695630129574,0.));
#5206 = FACE_BOUND('',#5207,.F.);
#5207 = EDGE_LOOP('',(#5208,#5219,#5227,#5235,#5244,#5252,#5260,#5269,
    #5277,#5285,#5294,#5302));
#5208 = ORIENTED_EDGE('',*,*,#5209,.T.);
#5209 = EDGE_CURVE('',#5210,#5212,#5214,.T.);
#5210 = VERTEX_POINT('',#5211);
#5211 = CARTESIAN_POINT('',(69.11093,-127.564077,1.585));
#5212 = VERTEX_POINT('',#5213);
#5213 = CARTESIAN_POINT('',(68.91407,-127.564077,1.585));
#5214 = CIRCLE('',#5215,0.148516804184);
#5215 = AXIS2_PLACEMENT_3D('',#5216,#5217,#5218);
#5216 = CARTESIAN_POINT('',(69.0125,-127.675292,1.585));
#5217 = DIRECTION('',(0.,0.,1.));
#5218 = DIRECTION('',(0.662753286006,0.748837820819,-0.));
#5219 = ORIENTED_EDGE('',*,*,#5220,.T.);
#5220 = EDGE_CURVE('',#5212,#5221,#5223,.T.);
#5221 = VERTEX_POINT('',#5222);
#5222 = CARTESIAN_POINT('',(68.883663,-127.594484,1.585));
#5223 = LINE('',#5224,#5225);
#5224 = CARTESIAN_POINT('',(68.91407,-127.564077,1.585));
#5225 = VECTOR('',#5226,1.);
#5226 = DIRECTION('',(-0.707106781187,-0.707106781187,0.));
#5227 = ORIENTED_EDGE('',*,*,#5228,.T.);
#5228 = EDGE_CURVE('',#5221,#5229,#5231,.T.);
#5229 = VERTEX_POINT('',#5230);
#5230 = CARTESIAN_POINT('',(68.845169,-127.671471,1.585));
#5231 = LINE('',#5232,#5233);
#5232 = CARTESIAN_POINT('',(68.883663,-127.594484,1.585));
#5233 = VECTOR('',#5234,1.);
#5234 = DIRECTION('',(-0.447218242641,-0.894424867414,0.));
#5235 = ORIENTED_EDGE('',*,*,#5236,.T.);
#5236 = EDGE_CURVE('',#5229,#5237,#5239,.T.);
#5237 = VERTEX_POINT('',#5238);
#5238 = CARTESIAN_POINT('',(68.845169,-128.238166,1.585));
#5239 = CIRCLE('',#5240,0.815450468384);
#5240 = AXIS2_PLACEMENT_3D('',#5241,#5242,#5243);
#5241 = CARTESIAN_POINT('',(69.609808562559,-127.9548185,1.585));
#5242 = DIRECTION('',(0.,0.,1.));
#5243 = DIRECTION('',(-0.937689770508,0.347473587895,0.));
#5244 = ORIENTED_EDGE('',*,*,#5245,.T.);
#5245 = EDGE_CURVE('',#5237,#5246,#5248,.T.);
#5246 = VERTEX_POINT('',#5247);
#5247 = CARTESIAN_POINT('',(68.883663,-128.315153,1.585));
#5248 = LINE('',#5249,#5250);
#5249 = CARTESIAN_POINT('',(68.845169,-128.238166,1.585));
#5250 = VECTOR('',#5251,1.);
#5251 = DIRECTION('',(0.447218242641,-0.894424867414,0.));
#5252 = ORIENTED_EDGE('',*,*,#5253,.T.);
#5253 = EDGE_CURVE('',#5246,#5254,#5256,.T.);
#5254 = VERTEX_POINT('',#5255);
#5255 = CARTESIAN_POINT('',(68.91407,-128.345561,1.585));
#5256 = LINE('',#5257,#5258);
#5257 = CARTESIAN_POINT('',(68.883663,-128.315153,1.585));
#5258 = VECTOR('',#5259,1.);
#5259 = DIRECTION('',(0.707095153914,-0.707118408268,0.));
#5260 = ORIENTED_EDGE('',*,*,#5261,.T.);
#5261 = EDGE_CURVE('',#5254,#5262,#5264,.T.);
#5262 = VERTEX_POINT('',#5263);
#5263 = CARTESIAN_POINT('',(69.110929,-128.345561,1.585));
#5264 = CIRCLE('',#5265,0.14851572397);
#5265 = AXIS2_PLACEMENT_3D('',#5266,#5267,#5268);
#5266 = CARTESIAN_POINT('',(69.0124995,-128.234347,1.585));
#5267 = DIRECTION('',(0.,0.,1.));
#5268 = DIRECTION('',(-0.662754739828,-0.748836534121,0.));
#5269 = ORIENTED_EDGE('',*,*,#5270,.T.);
#5270 = EDGE_CURVE('',#5262,#5271,#5273,.T.);
#5271 = VERTEX_POINT('',#5272);
#5272 = CARTESIAN_POINT('',(69.141336,-128.315153,1.585));
#5273 = LINE('',#5274,#5275);
#5274 = CARTESIAN_POINT('',(69.110929,-128.345561,1.585));
#5275 = VECTOR('',#5276,1.);
#5276 = DIRECTION('',(0.707095153914,0.707118408268,0.));
#5277 = ORIENTED_EDGE('',*,*,#5278,.T.);
#5278 = EDGE_CURVE('',#5271,#5279,#5281,.T.);
#5279 = VERTEX_POINT('',#5280);
#5280 = CARTESIAN_POINT('',(69.17983,-128.238166,1.585));
#5281 = LINE('',#5282,#5283);
#5282 = CARTESIAN_POINT('',(69.141336,-128.315153,1.585));
#5283 = VECTOR('',#5284,1.);
#5284 = DIRECTION('',(0.447218242641,0.894424867414,0.));
#5285 = ORIENTED_EDGE('',*,*,#5286,.T.);
#5286 = EDGE_CURVE('',#5279,#5287,#5289,.T.);
#5287 = VERTEX_POINT('',#5288);
#5288 = CARTESIAN_POINT('',(69.17983,-127.671471,1.585));
#5289 = CIRCLE('',#5290,0.815433004022);
#5290 = AXIS2_PLACEMENT_3D('',#5291,#5292,#5293);
#5291 = CARTESIAN_POINT('',(68.41520906235,-127.9548185,1.585));
#5292 = DIRECTION('',(0.,-0.,1.));
#5293 = DIRECTION('',(0.937687012763,-0.347481029836,-0.));
#5294 = ORIENTED_EDGE('',*,*,#5295,.T.);
#5295 = EDGE_CURVE('',#5287,#5296,#5298,.T.);
#5296 = VERTEX_POINT('',#5297);
#5297 = CARTESIAN_POINT('',(69.141337,-127.594484,1.585));
#5298 = LINE('',#5299,#5300);
#5299 = CARTESIAN_POINT('',(69.17983,-127.671471,1.585));
#5300 = VECTOR('',#5301,1.);
#5301 = DIRECTION('',(-0.447208948322,0.894429514574,0.));
#5302 = ORIENTED_EDGE('',*,*,#5303,.T.);
#5303 = EDGE_CURVE('',#5296,#5210,#5304,.T.);
#5304 = LINE('',#5305,#5306);
#5305 = CARTESIAN_POINT('',(69.141337,-127.594484,1.585));
#5306 = VECTOR('',#5307,1.);
#5307 = DIRECTION('',(-0.707106781187,0.707106781187,0.));
#5308 = PLANE('',#5309);
#5309 = AXIS2_PLACEMENT_3D('',#5310,#5311,#5312);
#5310 = CARTESIAN_POINT('',(0.,0.,1.585));
#5311 = DIRECTION('',(0.,0.,1.));
#5312 = DIRECTION('',(1.,0.,-0.));
#5313 = SHELL_BASED_SURFACE_MODEL('',(#5314));
#5314 = OPEN_SHELL('',(#5315));
#5315 = ADVANCED_FACE('',(#5316,#5418),#5520,.T.);
#5316 = FACE_BOUND('',#5317,.F.);
#5317 = EDGE_LOOP('',(#5318,#5329,#5337,#5345,#5354,#5362,#5370,#5379,
    #5387,#5395,#5404,#5412));
#5318 = ORIENTED_EDGE('',*,*,#5319,.T.);
#5319 = EDGE_CURVE('',#5320,#5322,#5324,.T.);
#5320 = VERTEX_POINT('',#5321);
#5321 = CARTESIAN_POINT('',(70.804802,-127.43932,1.585));
#5322 = VERTEX_POINT('',#5323);
#5323 = CARTESIAN_POINT('',(71.17764,-127.444686,1.585));
#5324 = CIRCLE('',#5325,0.291788488016);
#5325 = AXIS2_PLACEMENT_3D('',#5326,#5327,#5328);
#5326 = CARTESIAN_POINT('',(70.98799086911,-127.6664375025,1.585));
#5327 = DIRECTION('',(0.,0.,-1.));
#5328 = DIRECTION('',(-0.627813901623,0.778363478671,0.));
#5329 = ORIENTED_EDGE('',*,*,#5330,.T.);
#5330 = EDGE_CURVE('',#5322,#5331,#5333,.T.);
#5331 = VERTEX_POINT('',#5332);
#5332 = CARTESIAN_POINT('',(71.241093,-127.510216,1.585));
#5333 = LINE('',#5334,#5335);
#5334 = CARTESIAN_POINT('',(71.17764,-127.444686,1.585));
#5335 = VECTOR('',#5336,1.);
#5336 = DIRECTION('',(0.695630129574,-0.718400113327,0.));
#5337 = ORIENTED_EDGE('',*,*,#5338,.T.);
#5338 = EDGE_CURVE('',#5331,#5339,#5341,.T.);
#5339 = VERTEX_POINT('',#5340);
#5340 = CARTESIAN_POINT('',(71.298356,-127.627105,1.585));
#5341 = LINE('',#5342,#5343);
#5342 = CARTESIAN_POINT('',(71.241093,-127.510216,1.585));
#5343 = VECTOR('',#5344,1.);
#5344 = DIRECTION('',(0.439937123831,-0.898028578095,0.));
#5345 = ORIENTED_EDGE('',*,*,#5346,.T.);
#5346 = EDGE_CURVE('',#5339,#5347,#5349,.T.);
#5347 = VERTEX_POINT('',#5348);
#5348 = CARTESIAN_POINT('',(71.292677,-128.297883,1.585));
#5349 = CIRCLE('',#5350,0.967158496826);
#5350 = AXIS2_PLACEMENT_3D('',#5351,#5352,#5353);
#5351 = CARTESIAN_POINT('',(70.388409706867,-127.9548141722,1.585));
#5352 = DIRECTION('',(0.,0.,-1.));
#5353 = DIRECTION('',(0.940845059128,0.338837091703,0.));
#5354 = ORIENTED_EDGE('',*,*,#5355,.T.);
#5355 = EDGE_CURVE('',#5347,#5356,#5358,.T.);
#5356 = VERTEX_POINT('',#5357);
#5357 = CARTESIAN_POINT('',(71.235727,-128.406863,1.585));
#5358 = LINE('',#5359,#5360);
#5359 = CARTESIAN_POINT('',(71.292677,-128.297883,1.585));
#5360 = VECTOR('',#5361,1.);
#5361 = DIRECTION('',(-0.463146784148,-0.886281589752,0.));
#5362 = ORIENTED_EDGE('',*,*,#5363,.T.);
#5363 = EDGE_CURVE('',#5356,#5364,#5366,.T.);
#5364 = VERTEX_POINT('',#5365);
#5365 = CARTESIAN_POINT('',(71.170197,-128.470317,1.585));
#5366 = LINE('',#5367,#5368);
#5367 = CARTESIAN_POINT('',(71.235727,-128.406863,1.585));
#5368 = VECTOR('',#5369,1.);
#5369 = DIRECTION('',(-0.718394634729,-0.695635787458,0.));
#5370 = ORIENTED_EDGE('',*,*,#5371,.T.);
#5371 = EDGE_CURVE('',#5364,#5372,#5374,.T.);
#5372 = VERTEX_POINT('',#5373);
#5373 = CARTESIAN_POINT('',(70.797358,-128.46495,1.585));
#5374 = CIRCLE('',#5375,0.290998264264);
#5375 = AXIS2_PLACEMENT_3D('',#5376,#5377,#5378);
#5376 = CARTESIAN_POINT('',(70.986993418158,-128.2442275544,1.585));
#5377 = DIRECTION('',(-0.,0.,-1.));
#5378 = DIRECTION('',(0.629569328552,-0.77694430981,-0.));
#5379 = ORIENTED_EDGE('',*,*,#5380,.T.);
#5380 = EDGE_CURVE('',#5372,#5381,#5383,.T.);
#5381 = VERTEX_POINT('',#5382);
#5382 = CARTESIAN_POINT('',(70.733905,-128.399417,1.585));
#5383 = LINE('',#5384,#5385);
#5384 = CARTESIAN_POINT('',(70.797358,-128.46495,1.585));
#5385 = VECTOR('',#5386,1.);
#5386 = DIRECTION('',(-0.695613693927,0.718416027676,0.));
#5387 = ORIENTED_EDGE('',*,*,#5388,.T.);
#5388 = EDGE_CURVE('',#5381,#5389,#5391,.T.);
#5389 = VERTEX_POINT('',#5390);
#5390 = CARTESIAN_POINT('',(70.676644,-128.282532,1.585));
#5391 = LINE('',#5392,#5393);
#5392 = CARTESIAN_POINT('',(70.733905,-128.399417,1.585));
#5393 = VECTOR('',#5394,1.);
#5394 = DIRECTION('',(-0.439936873317,0.89802870082,0.));
#5395 = ORIENTED_EDGE('',*,*,#5396,.T.);
#5396 = EDGE_CURVE('',#5389,#5397,#5399,.T.);
#5397 = VERTEX_POINT('',#5398);
#5398 = CARTESIAN_POINT('',(70.682323,-127.611754,1.585));
#5399 = CIRCLE('',#5400,0.967158496826);
#5400 = AXIS2_PLACEMENT_3D('',#5401,#5402,#5403);
#5401 = CARTESIAN_POINT('',(71.586590293133,-127.9548228277,1.585));
#5402 = DIRECTION('',(0.,0.,-1.));
#5403 = DIRECTION('',(-0.940845059128,-0.338837091703,-0.));
#5404 = ORIENTED_EDGE('',*,*,#5405,.T.);
#5405 = EDGE_CURVE('',#5397,#5406,#5408,.T.);
#5406 = VERTEX_POINT('',#5407);
#5407 = CARTESIAN_POINT('',(70.739272,-127.502773,1.585));
#5408 = LINE('',#5409,#5410);
#5409 = CARTESIAN_POINT('',(70.682323,-127.611754,1.585));
#5410 = VECTOR('',#5411,1.);
#5411 = DIRECTION('',(0.463137057879,0.886286672369,0.));
#5412 = ORIENTED_EDGE('',*,*,#5413,.T.);
#5413 = EDGE_CURVE('',#5406,#5320,#5414,.T.);
#5414 = LINE('',#5415,#5416);
#5415 = CARTESIAN_POINT('',(70.739272,-127.502773,1.585));
#5416 = VECTOR('',#5417,1.);
#5417 = DIRECTION('',(0.718400113327,0.695630129574,0.));
#5418 = FACE_BOUND('',#5419,.F.);
#5419 = EDGE_LOOP('',(#5420,#5431,#5439,#5447,#5456,#5464,#5472,#5481,
    #5489,#5497,#5506,#5514));
#5420 = ORIENTED_EDGE('',*,*,#5421,.T.);
#5421 = EDGE_CURVE('',#5422,#5424,#5426,.T.);
#5422 = VERTEX_POINT('',#5423);
#5423 = CARTESIAN_POINT('',(71.08593,-127.564077,1.585));
#5424 = VERTEX_POINT('',#5425);
#5425 = CARTESIAN_POINT('',(70.88907,-127.564077,1.585));
#5426 = CIRCLE('',#5427,0.148516804184);
#5427 = AXIS2_PLACEMENT_3D('',#5428,#5429,#5430);
#5428 = CARTESIAN_POINT('',(70.9875,-127.675292,1.585));
#5429 = DIRECTION('',(0.,0.,1.));
#5430 = DIRECTION('',(0.662753286006,0.748837820819,-0.));
#5431 = ORIENTED_EDGE('',*,*,#5432,.T.);
#5432 = EDGE_CURVE('',#5424,#5433,#5435,.T.);
#5433 = VERTEX_POINT('',#5434);
#5434 = CARTESIAN_POINT('',(70.858663,-127.594484,1.585));
#5435 = LINE('',#5436,#5437);
#5436 = CARTESIAN_POINT('',(70.88907,-127.564077,1.585));
#5437 = VECTOR('',#5438,1.);
#5438 = DIRECTION('',(-0.707106781187,-0.707106781187,0.));
#5439 = ORIENTED_EDGE('',*,*,#5440,.T.);
#5440 = EDGE_CURVE('',#5433,#5441,#5443,.T.);
#5441 = VERTEX_POINT('',#5442);
#5442 = CARTESIAN_POINT('',(70.820169,-127.671471,1.585));
#5443 = LINE('',#5444,#5445);
#5444 = CARTESIAN_POINT('',(70.858663,-127.594484,1.585));
#5445 = VECTOR('',#5446,1.);
#5446 = DIRECTION('',(-0.447218242641,-0.894424867414,0.));
#5447 = ORIENTED_EDGE('',*,*,#5448,.T.);
#5448 = EDGE_CURVE('',#5441,#5449,#5451,.T.);
#5449 = VERTEX_POINT('',#5450);
#5450 = CARTESIAN_POINT('',(70.820169,-128.238166,1.585));
#5451 = CIRCLE('',#5452,0.815450468383);
#5452 = AXIS2_PLACEMENT_3D('',#5453,#5454,#5455);
#5453 = CARTESIAN_POINT('',(71.584808562559,-127.9548185,1.585));
#5454 = DIRECTION('',(0.,0.,1.));
#5455 = DIRECTION('',(-0.937689770508,0.347473587895,0.));
#5456 = ORIENTED_EDGE('',*,*,#5457,.T.);
#5457 = EDGE_CURVE('',#5449,#5458,#5460,.T.);
#5458 = VERTEX_POINT('',#5459);
#5459 = CARTESIAN_POINT('',(70.858663,-128.315153,1.585));
#5460 = LINE('',#5461,#5462);
#5461 = CARTESIAN_POINT('',(70.820169,-128.238166,1.585));
#5462 = VECTOR('',#5463,1.);
#5463 = DIRECTION('',(0.447218242641,-0.894424867414,0.));
#5464 = ORIENTED_EDGE('',*,*,#5465,.T.);
#5465 = EDGE_CURVE('',#5458,#5466,#5468,.T.);
#5466 = VERTEX_POINT('',#5467);
#5467 = CARTESIAN_POINT('',(70.88907,-128.345561,1.585));
#5468 = LINE('',#5469,#5470);
#5469 = CARTESIAN_POINT('',(70.858663,-128.315153,1.585));
#5470 = VECTOR('',#5471,1.);
#5471 = DIRECTION('',(0.707095153914,-0.707118408268,0.));
#5472 = ORIENTED_EDGE('',*,*,#5473,.T.);
#5473 = EDGE_CURVE('',#5466,#5474,#5476,.T.);
#5474 = VERTEX_POINT('',#5475);
#5475 = CARTESIAN_POINT('',(71.085929,-128.345561,1.585));
#5476 = CIRCLE('',#5477,0.14851572397);
#5477 = AXIS2_PLACEMENT_3D('',#5478,#5479,#5480);
#5478 = CARTESIAN_POINT('',(70.9874995,-128.234347,1.585));
#5479 = DIRECTION('',(0.,0.,1.));
#5480 = DIRECTION('',(-0.662754739828,-0.748836534121,0.));
#5481 = ORIENTED_EDGE('',*,*,#5482,.T.);
#5482 = EDGE_CURVE('',#5474,#5483,#5485,.T.);
#5483 = VERTEX_POINT('',#5484);
#5484 = CARTESIAN_POINT('',(71.116336,-128.315153,1.585));
#5485 = LINE('',#5486,#5487);
#5486 = CARTESIAN_POINT('',(71.085929,-128.345561,1.585));
#5487 = VECTOR('',#5488,1.);
#5488 = DIRECTION('',(0.707095153914,0.707118408268,0.));
#5489 = ORIENTED_EDGE('',*,*,#5490,.T.);
#5490 = EDGE_CURVE('',#5483,#5491,#5493,.T.);
#5491 = VERTEX_POINT('',#5492);
#5492 = CARTESIAN_POINT('',(71.15483,-128.238166,1.585));
#5493 = LINE('',#5494,#5495);
#5494 = CARTESIAN_POINT('',(71.116336,-128.315153,1.585));
#5495 = VECTOR('',#5496,1.);
#5496 = DIRECTION('',(0.447218242641,0.894424867414,0.));
#5497 = ORIENTED_EDGE('',*,*,#5498,.T.);
#5498 = EDGE_CURVE('',#5491,#5499,#5501,.T.);
#5499 = VERTEX_POINT('',#5500);
#5500 = CARTESIAN_POINT('',(71.15483,-127.671471,1.585));
#5501 = CIRCLE('',#5502,0.815433004023);
#5502 = AXIS2_PLACEMENT_3D('',#5503,#5504,#5505);
#5503 = CARTESIAN_POINT('',(70.39020906235,-127.9548185,1.585));
#5504 = DIRECTION('',(0.,-0.,1.));
#5505 = DIRECTION('',(0.937687012763,-0.347481029836,-0.));
#5506 = ORIENTED_EDGE('',*,*,#5507,.T.);
#5507 = EDGE_CURVE('',#5499,#5508,#5510,.T.);
#5508 = VERTEX_POINT('',#5509);
#5509 = CARTESIAN_POINT('',(71.116337,-127.594484,1.585));
#5510 = LINE('',#5511,#5512);
#5511 = CARTESIAN_POINT('',(71.15483,-127.671471,1.585));
#5512 = VECTOR('',#5513,1.);
#5513 = DIRECTION('',(-0.447208948322,0.894429514574,0.));
#5514 = ORIENTED_EDGE('',*,*,#5515,.T.);
#5515 = EDGE_CURVE('',#5508,#5422,#5516,.T.);
#5516 = LINE('',#5517,#5518);
#5517 = CARTESIAN_POINT('',(71.116337,-127.594484,1.585));
#5518 = VECTOR('',#5519,1.);
#5519 = DIRECTION('',(-0.707106781187,0.707106781187,0.));
#5520 = PLANE('',#5521);
#5521 = AXIS2_PLACEMENT_3D('',#5522,#5523,#5524);
#5522 = CARTESIAN_POINT('',(0.,0.,1.585));
#5523 = DIRECTION('',(0.,0.,1.));
#5524 = DIRECTION('',(1.,0.,-0.));
#5525 = SHELL_BASED_SURFACE_MODEL('',(#5526));
#5526 = OPEN_SHELL('',(#5527));
#5527 = ADVANCED_FACE('',(#5528),#5646,.T.);
#5528 = FACE_BOUND('',#5529,.F.);
#5529 = EDGE_LOOP('',(#5530,#5541,#5549,#5557,#5566,#5574,#5582,#5591,
    #5599,#5607,#5616,#5624,#5632,#5640));
#5530 = ORIENTED_EDGE('',*,*,#5531,.T.);
#5531 = EDGE_CURVE('',#5532,#5534,#5536,.T.);
#5532 = VERTEX_POINT('',#5533);
#5533 = CARTESIAN_POINT('',(64.733332,-122.358886,1.585));
#5534 = VERTEX_POINT('',#5535);
#5535 = CARTESIAN_POINT('',(64.917694,-122.435251,1.585));
#5536 = CIRCLE('',#5537,0.119999904712);
#5537 = AXIS2_PLACEMENT_3D('',#5538,#5539,#5540);
#5538 = CARTESIAN_POINT('',(64.8,-122.4586625248,1.585));
#5539 = DIRECTION('',(0.,0.,-1.));
#5540 = DIRECTION('',(-0.555567107826,0.831471700481,0.));
#5541 = ORIENTED_EDGE('',*,*,#5542,.T.);
#5542 = EDGE_CURVE('',#5534,#5543,#5545,.T.);
#5543 = VERTEX_POINT('',#5544);
#5544 = CARTESIAN_POINT('',(64.92,-122.948186,1.585));
#5545 = LINE('',#5546,#5547);
#5546 = CARTESIAN_POINT('',(64.917694,-122.435251,1.585));
#5547 = VECTOR('',#5548,1.);
#5548 = DIRECTION('',(4.495650904589E-03,-0.99998989451,0.));
#5549 = ORIENTED_EDGE('',*,*,#5550,.T.);
#5550 = EDGE_CURVE('',#5543,#5551,#5553,.T.);
#5551 = VERTEX_POINT('',#5552);
#5552 = CARTESIAN_POINT('',(65.432935,-122.950492,1.585));
#5553 = LINE('',#5554,#5555);
#5554 = CARTESIAN_POINT('',(64.92,-122.948186,1.585));
#5555 = VECTOR('',#5556,1.);
#5556 = DIRECTION('',(0.99998989451,-4.495650904561E-03,0.));
#5557 = ORIENTED_EDGE('',*,*,#5558,.T.);
#5558 = EDGE_CURVE('',#5551,#5559,#5561,.T.);
#5559 = VERTEX_POINT('',#5560);
#5560 = CARTESIAN_POINT('',(65.432935,-123.18588,1.585));
#5561 = CIRCLE('',#5562,0.119999802321);
#5562 = AXIS2_PLACEMENT_3D('',#5563,#5564,#5565);
#5563 = CARTESIAN_POINT('',(65.409524,-123.068186,1.585));
#5564 = DIRECTION('',(0.,0.,-1.));
#5565 = DIRECTION('',(0.195091988047,0.980784949008,0.));
#5566 = ORIENTED_EDGE('',*,*,#5567,.T.);
#5567 = EDGE_CURVE('',#5559,#5568,#5570,.T.);
#5568 = VERTEX_POINT('',#5569);
#5569 = CARTESIAN_POINT('',(64.92,-123.188186,1.585));
#5570 = LINE('',#5571,#5572);
#5571 = CARTESIAN_POINT('',(65.432935,-123.18588,1.585));
#5572 = VECTOR('',#5573,1.);
#5573 = DIRECTION('',(-0.99998989451,-4.495650904589E-03,0.));
#5574 = ORIENTED_EDGE('',*,*,#5575,.T.);
#5575 = EDGE_CURVE('',#5568,#5576,#5578,.T.);
#5576 = VERTEX_POINT('',#5577);
#5577 = CARTESIAN_POINT('',(64.917694,-123.701121,1.585));
#5578 = LINE('',#5579,#5580);
#5579 = CARTESIAN_POINT('',(64.92,-123.188186,1.585));
#5580 = VECTOR('',#5581,1.);
#5581 = DIRECTION('',(-4.495650904589E-03,-0.99998989451,0.));
#5582 = ORIENTED_EDGE('',*,*,#5583,.T.);
#5583 = EDGE_CURVE('',#5576,#5584,#5586,.T.);
#5584 = VERTEX_POINT('',#5585);
#5585 = CARTESIAN_POINT('',(64.682306,-123.701121,1.585));
#5586 = CIRCLE('',#5587,0.119999802321);
#5587 = AXIS2_PLACEMENT_3D('',#5588,#5589,#5590);
#5588 = CARTESIAN_POINT('',(64.8,-123.67771,1.585));
#5589 = DIRECTION('',(-0.,0.,-1.));
#5590 = DIRECTION('',(0.980784949008,-0.195091988047,-0.));
#5591 = ORIENTED_EDGE('',*,*,#5592,.T.);
#5592 = EDGE_CURVE('',#5584,#5593,#5595,.T.);
#5593 = VERTEX_POINT('',#5594);
#5594 = CARTESIAN_POINT('',(64.68,-123.188186,1.585));
#5595 = LINE('',#5596,#5597);
#5596 = CARTESIAN_POINT('',(64.682306,-123.701121,1.585));
#5597 = VECTOR('',#5598,1.);
#5598 = DIRECTION('',(-4.495650904561E-03,0.99998989451,0.));
#5599 = ORIENTED_EDGE('',*,*,#5600,.T.);
#5600 = EDGE_CURVE('',#5593,#5601,#5603,.T.);
#5601 = VERTEX_POINT('',#5602);
#5602 = CARTESIAN_POINT('',(64.167065,-123.18588,1.585));
#5603 = LINE('',#5604,#5605);
#5604 = CARTESIAN_POINT('',(64.68,-123.188186,1.585));
#5605 = VECTOR('',#5606,1.);
#5606 = DIRECTION('',(-0.99998989451,4.495650904589E-03,0.));
#5607 = ORIENTED_EDGE('',*,*,#5608,.T.);
#5608 = EDGE_CURVE('',#5601,#5609,#5611,.T.);
#5609 = VERTEX_POINT('',#5610);
#5610 = CARTESIAN_POINT('',(64.167065,-122.950492,1.585));
#5611 = CIRCLE('',#5612,0.119999802321);
#5612 = AXIS2_PLACEMENT_3D('',#5613,#5614,#5615);
#5613 = CARTESIAN_POINT('',(64.190476,-123.068186,1.585));
#5614 = DIRECTION('',(0.,0.,-1.));
#5615 = DIRECTION('',(-0.195091988047,-0.980784949008,-0.));
#5616 = ORIENTED_EDGE('',*,*,#5617,.T.);
#5617 = EDGE_CURVE('',#5609,#5618,#5620,.T.);
#5618 = VERTEX_POINT('',#5619);
#5619 = CARTESIAN_POINT('',(64.68,-122.948186,1.585));
#5620 = LINE('',#5621,#5622);
#5621 = CARTESIAN_POINT('',(64.167065,-122.950492,1.585));
#5622 = VECTOR('',#5623,1.);
#5623 = DIRECTION('',(0.99998989451,4.495650904561E-03,0.));
#5624 = ORIENTED_EDGE('',*,*,#5625,.T.);
#5625 = EDGE_CURVE('',#5618,#5626,#5628,.T.);
#5626 = VERTEX_POINT('',#5627);
#5627 = CARTESIAN_POINT('',(64.682306,-122.435251,1.585));
#5628 = LINE('',#5629,#5630);
#5629 = CARTESIAN_POINT('',(64.68,-122.948186,1.585));
#5630 = VECTOR('',#5631,1.);
#5631 = DIRECTION('',(4.495650904561E-03,0.99998989451,0.));
#5632 = ORIENTED_EDGE('',*,*,#5633,.T.);
#5633 = EDGE_CURVE('',#5626,#5634,#5636,.T.);
#5634 = VERTEX_POINT('',#5635);
#5635 = CARTESIAN_POINT('',(64.700224,-122.391994,1.585));
#5636 = LINE('',#5637,#5638);
#5637 = CARTESIAN_POINT('',(64.682306,-122.435251,1.585));
#5638 = VECTOR('',#5639,1.);
#5639 = DIRECTION('',(0.382690066869,0.923876784382,0.));
#5640 = ORIENTED_EDGE('',*,*,#5641,.T.);
#5641 = EDGE_CURVE('',#5634,#5532,#5642,.T.);
#5642 = LINE('',#5643,#5644);
#5643 = CARTESIAN_POINT('',(64.700224,-122.391994,1.585));
#5644 = VECTOR('',#5645,1.);
#5645 = DIRECTION('',(0.707106781187,0.707106781187,0.));
#5646 = PLANE('',#5647);
#5647 = AXIS2_PLACEMENT_3D('',#5648,#5649,#5650);
#5648 = CARTESIAN_POINT('',(0.,0.,1.585));
#5649 = DIRECTION('',(0.,0.,1.));
#5650 = DIRECTION('',(1.,0.,-0.));
#5651 = SHELL_BASED_SURFACE_MODEL('',(#5652));
#5652 = OPEN_SHELL('',(#5653));
#5653 = ADVANCED_FACE('',(#5654),#5772,.T.);
#5654 = FACE_BOUND('',#5655,.F.);
#5655 = EDGE_LOOP('',(#5656,#5667,#5675,#5683,#5692,#5700,#5708,#5717,
    #5725,#5733,#5742,#5750,#5758,#5766));
#5656 = ORIENTED_EDGE('',*,*,#5657,.T.);
#5657 = EDGE_CURVE('',#5658,#5660,#5662,.T.);
#5658 = VERTEX_POINT('',#5659);
#5659 = CARTESIAN_POINT('',(75.133332,-122.358886,1.585));
#5660 = VERTEX_POINT('',#5661);
#5661 = CARTESIAN_POINT('',(75.317694,-122.435251,1.585));
#5662 = CIRCLE('',#5663,0.119999904712);
#5663 = AXIS2_PLACEMENT_3D('',#5664,#5665,#5666);
#5664 = CARTESIAN_POINT('',(75.2,-122.4586625248,1.585));
#5665 = DIRECTION('',(0.,0.,-1.));
#5666 = DIRECTION('',(-0.555567107826,0.831471700482,0.));
#5667 = ORIENTED_EDGE('',*,*,#5668,.T.);
#5668 = EDGE_CURVE('',#5660,#5669,#5671,.T.);
#5669 = VERTEX_POINT('',#5670);
#5670 = CARTESIAN_POINT('',(75.32,-122.948186,1.585));
#5671 = LINE('',#5672,#5673);
#5672 = CARTESIAN_POINT('',(75.317694,-122.435251,1.585));
#5673 = VECTOR('',#5674,1.);
#5674 = DIRECTION('',(4.495650904561E-03,-0.99998989451,0.));
#5675 = ORIENTED_EDGE('',*,*,#5676,.T.);
#5676 = EDGE_CURVE('',#5669,#5677,#5679,.T.);
#5677 = VERTEX_POINT('',#5678);
#5678 = CARTESIAN_POINT('',(75.832935,-122.950492,1.585));
#5679 = LINE('',#5680,#5681);
#5680 = CARTESIAN_POINT('',(75.32,-122.948186,1.585));
#5681 = VECTOR('',#5682,1.);
#5682 = DIRECTION('',(0.99998989451,-4.495650904561E-03,0.));
#5683 = ORIENTED_EDGE('',*,*,#5684,.T.);
#5684 = EDGE_CURVE('',#5677,#5685,#5687,.T.);
#5685 = VERTEX_POINT('',#5686);
#5686 = CARTESIAN_POINT('',(75.832935,-123.18588,1.585));
#5687 = CIRCLE('',#5688,0.119999802321);
#5688 = AXIS2_PLACEMENT_3D('',#5689,#5690,#5691);
#5689 = CARTESIAN_POINT('',(75.809524,-123.068186,1.585));
#5690 = DIRECTION('',(0.,0.,-1.));
#5691 = DIRECTION('',(0.195091988047,0.980784949008,0.));
#5692 = ORIENTED_EDGE('',*,*,#5693,.T.);
#5693 = EDGE_CURVE('',#5685,#5694,#5696,.T.);
#5694 = VERTEX_POINT('',#5695);
#5695 = CARTESIAN_POINT('',(75.32,-123.188186,1.585));
#5696 = LINE('',#5697,#5698);
#5697 = CARTESIAN_POINT('',(75.832935,-123.18588,1.585));
#5698 = VECTOR('',#5699,1.);
#5699 = DIRECTION('',(-0.99998989451,-4.495650904589E-03,0.));
#5700 = ORIENTED_EDGE('',*,*,#5701,.T.);
#5701 = EDGE_CURVE('',#5694,#5702,#5704,.T.);
#5702 = VERTEX_POINT('',#5703);
#5703 = CARTESIAN_POINT('',(75.317694,-123.701121,1.585));
#5704 = LINE('',#5705,#5706);
#5705 = CARTESIAN_POINT('',(75.32,-123.188186,1.585));
#5706 = VECTOR('',#5707,1.);
#5707 = DIRECTION('',(-4.495650904561E-03,-0.99998989451,0.));
#5708 = ORIENTED_EDGE('',*,*,#5709,.T.);
#5709 = EDGE_CURVE('',#5702,#5710,#5712,.T.);
#5710 = VERTEX_POINT('',#5711);
#5711 = CARTESIAN_POINT('',(75.082306,-123.701121,1.585));
#5712 = CIRCLE('',#5713,0.119999802321);
#5713 = AXIS2_PLACEMENT_3D('',#5714,#5715,#5716);
#5714 = CARTESIAN_POINT('',(75.2,-123.67771,1.585));
#5715 = DIRECTION('',(-0.,0.,-1.));
#5716 = DIRECTION('',(0.980784949008,-0.195091988047,-0.));
#5717 = ORIENTED_EDGE('',*,*,#5718,.T.);
#5718 = EDGE_CURVE('',#5710,#5719,#5721,.T.);
#5719 = VERTEX_POINT('',#5720);
#5720 = CARTESIAN_POINT('',(75.08,-123.188186,1.585));
#5721 = LINE('',#5722,#5723);
#5722 = CARTESIAN_POINT('',(75.082306,-123.701121,1.585));
#5723 = VECTOR('',#5724,1.);
#5724 = DIRECTION('',(-4.495650904589E-03,0.99998989451,0.));
#5725 = ORIENTED_EDGE('',*,*,#5726,.T.);
#5726 = EDGE_CURVE('',#5719,#5727,#5729,.T.);
#5727 = VERTEX_POINT('',#5728);
#5728 = CARTESIAN_POINT('',(74.567065,-123.18588,1.585));
#5729 = LINE('',#5730,#5731);
#5730 = CARTESIAN_POINT('',(75.08,-123.188186,1.585));
#5731 = VECTOR('',#5732,1.);
#5732 = DIRECTION('',(-0.99998989451,4.495650904589E-03,0.));
#5733 = ORIENTED_EDGE('',*,*,#5734,.T.);
#5734 = EDGE_CURVE('',#5727,#5735,#5737,.T.);
#5735 = VERTEX_POINT('',#5736);
#5736 = CARTESIAN_POINT('',(74.567065,-122.950492,1.585));
#5737 = CIRCLE('',#5738,0.119999802321);
#5738 = AXIS2_PLACEMENT_3D('',#5739,#5740,#5741);
#5739 = CARTESIAN_POINT('',(74.590476,-123.068186,1.585));
#5740 = DIRECTION('',(0.,0.,-1.));
#5741 = DIRECTION('',(-0.195091988047,-0.980784949008,-0.));
#5742 = ORIENTED_EDGE('',*,*,#5743,.T.);
#5743 = EDGE_CURVE('',#5735,#5744,#5746,.T.);
#5744 = VERTEX_POINT('',#5745);
#5745 = CARTESIAN_POINT('',(75.08,-122.948186,1.585));
#5746 = LINE('',#5747,#5748);
#5747 = CARTESIAN_POINT('',(74.567065,-122.950492,1.585));
#5748 = VECTOR('',#5749,1.);
#5749 = DIRECTION('',(0.99998989451,4.495650904561E-03,0.));
#5750 = ORIENTED_EDGE('',*,*,#5751,.T.);
#5751 = EDGE_CURVE('',#5744,#5752,#5754,.T.);
#5752 = VERTEX_POINT('',#5753);
#5753 = CARTESIAN_POINT('',(75.082306,-122.435251,1.585));
#5754 = LINE('',#5755,#5756);
#5755 = CARTESIAN_POINT('',(75.08,-122.948186,1.585));
#5756 = VECTOR('',#5757,1.);
#5757 = DIRECTION('',(4.495650904589E-03,0.99998989451,0.));
#5758 = ORIENTED_EDGE('',*,*,#5759,.T.);
#5759 = EDGE_CURVE('',#5752,#5760,#5762,.T.);
#5760 = VERTEX_POINT('',#5761);
#5761 = CARTESIAN_POINT('',(75.100224,-122.391994,1.585));
#5762 = LINE('',#5763,#5764);
#5763 = CARTESIAN_POINT('',(75.082306,-122.435251,1.585));
#5764 = VECTOR('',#5765,1.);
#5765 = DIRECTION('',(0.382690066869,0.923876784382,0.));
#5766 = ORIENTED_EDGE('',*,*,#5767,.T.);
#5767 = EDGE_CURVE('',#5760,#5658,#5768,.T.);
#5768 = LINE('',#5769,#5770);
#5769 = CARTESIAN_POINT('',(75.100224,-122.391994,1.585));
#5770 = VECTOR('',#5771,1.);
#5771 = DIRECTION('',(0.707106781187,0.707106781187,0.));
#5772 = PLANE('',#5773);
#5773 = AXIS2_PLACEMENT_3D('',#5774,#5775,#5776);
#5774 = CARTESIAN_POINT('',(0.,0.,1.585));
#5775 = DIRECTION('',(0.,0.,1.));
#5776 = DIRECTION('',(1.,0.,-0.));
#5777 = SHELL_BASED_SURFACE_MODEL('',(#5778));
#5778 = OPEN_SHELL('',(#5779));
#5779 = ADVANCED_FACE('',(#5780),#6021,.T.);
#5780 = FACE_BOUND('',#5781,.F.);
#5781 = EDGE_LOOP('',(#5782,#5793,#5801,#5810,#5818,#5826,#5834,#5843,
    #5851,#5859,#5867,#5875,#5883,#5891,#5899,#5907,#5915,#5923,#5931,
    #5940,#5948,#5957,#5965,#5974,#5982,#5990,#5998,#6007,#6015));
#5782 = ORIENTED_EDGE('',*,*,#5783,.T.);
#5783 = EDGE_CURVE('',#5784,#5786,#5788,.T.);
#5784 = VERTEX_POINT('',#5785);
#5785 = CARTESIAN_POINT('',(62.543255,-119.245404,1.585));
#5786 = VERTEX_POINT('',#5787);
#5787 = CARTESIAN_POINT('',(62.543255,-119.010016,1.585));
#5788 = CIRCLE('',#5789,0.119999802321);
#5789 = AXIS2_PLACEMENT_3D('',#5790,#5791,#5792);
#5790 = CARTESIAN_POINT('',(62.566666,-119.12771,1.585));
#5791 = DIRECTION('',(0.,0.,-1.));
#5792 = DIRECTION('',(-0.195091988047,-0.980784949008,-0.));
#5793 = ORIENTED_EDGE('',*,*,#5794,.T.);
#5794 = EDGE_CURVE('',#5786,#5795,#5797,.T.);
#5795 = VERTEX_POINT('',#5796);
#5796 = CARTESIAN_POINT('',(63.569525,-119.008929,1.585));
#5797 = LINE('',#5798,#5799);
#5798 = CARTESIAN_POINT('',(62.543255,-119.010016,1.585));
#5799 = VECTOR('',#5800,1.);
#5800 = DIRECTION('',(0.999999439074,1.059174866528E-03,0.));
#5801 = ORIENTED_EDGE('',*,*,#5802,.T.);
#5802 = EDGE_CURVE('',#5795,#5803,#5805,.T.);
#5803 = VERTEX_POINT('',#5804);
#5804 = CARTESIAN_POINT('',(63.674836,-119.104299,1.585));
#5805 = CIRCLE('',#5806,0.118164245493);
#5806 = AXIS2_PLACEMENT_3D('',#5807,#5808,#5809);
#5807 = CARTESIAN_POINT('',(63.558796251044,-119.1266051779,1.585));
#5808 = DIRECTION('',(0.,0.,-1.));
#5809 = DIRECTION('',(9.079522245872E-02,0.99586958362,0.));
#5810 = ORIENTED_EDGE('',*,*,#5811,.T.);
#5811 = EDGE_CURVE('',#5803,#5812,#5814,.T.);
#5812 = VERTEX_POINT('',#5813);
#5813 = CARTESIAN_POINT('',(63.674836,-119.151121,1.585));
#5814 = LINE('',#5815,#5816);
#5815 = CARTESIAN_POINT('',(63.674836,-119.104299,1.585));
#5816 = VECTOR('',#5817,1.);
#5817 = DIRECTION('',(0.,-1.,0.));
#5818 = ORIENTED_EDGE('',*,*,#5819,.T.);
#5819 = EDGE_CURVE('',#5812,#5820,#5822,.T.);
#5820 = VERTEX_POINT('',#5821);
#5821 = CARTESIAN_POINT('',(63.654685,-119.19661,1.585));
#5822 = LINE('',#5823,#5824);
#5823 = CARTESIAN_POINT('',(63.674836,-119.151121,1.585));
#5824 = VECTOR('',#5825,1.);
#5825 = DIRECTION('',(-0.405024818655,-0.914305690824,0.));
#5826 = ORIENTED_EDGE('',*,*,#5827,.T.);
#5827 = EDGE_CURVE('',#5820,#5828,#5830,.T.);
#5828 = VERTEX_POINT('',#5829);
#5829 = CARTESIAN_POINT('',(63.284417,-119.621626,1.585));
#5830 = LINE('',#5831,#5832);
#5831 = CARTESIAN_POINT('',(63.654685,-119.19661,1.585));
#5832 = VECTOR('',#5833,1.);
#5833 = DIRECTION('',(-0.656874329861,-0.754000076107,0.));
#5834 = ORIENTED_EDGE('',*,*,#5835,.T.);
#5835 = EDGE_CURVE('',#5828,#5836,#5838,.T.);
#5836 = VERTEX_POINT('',#5837);
#5837 = CARTESIAN_POINT('',(63.672881,-120.010301,1.585));
#5838 = CIRCLE('',#5839,0.554176242878);
#5839 = AXIS2_PLACEMENT_3D('',#5840,#5841,#5842);
#5840 = CARTESIAN_POINT('',(63.138249273847,-120.1561784333,1.585));
#5841 = DIRECTION('',(0.,0.,-1.));
#5842 = DIRECTION('',(0.263756752534,0.964589226299,0.));
#5843 = ORIENTED_EDGE('',*,*,#5844,.T.);
#5844 = EDGE_CURVE('',#5836,#5845,#5847,.T.);
#5845 = VERTEX_POINT('',#5846);
#5846 = CARTESIAN_POINT('',(63.677142,-120.041996,1.585));
#5847 = LINE('',#5848,#5849);
#5848 = CARTESIAN_POINT('',(63.672881,-120.010301,1.585));
#5849 = VECTOR('',#5850,1.);
#5850 = DIRECTION('',(0.133238954994,-0.991083942394,0.));
#5851 = ORIENTED_EDGE('',*,*,#5852,.T.);
#5852 = EDGE_CURVE('',#5845,#5853,#5855,.T.);
#5853 = VERTEX_POINT('',#5854);
#5854 = CARTESIAN_POINT('',(63.674836,-120.446359,1.585));
#5855 = LINE('',#5856,#5857);
#5856 = CARTESIAN_POINT('',(63.677142,-120.041996,1.585));
#5857 = VECTOR('',#5858,1.);
#5858 = DIRECTION('',(-5.702704013916E-03,-0.999983739451,0.));
#5859 = ORIENTED_EDGE('',*,*,#5860,.T.);
#5860 = EDGE_CURVE('',#5853,#5861,#5863,.T.);
#5861 = VERTEX_POINT('',#5862);
#5862 = CARTESIAN_POINT('',(63.664473,-120.476613,1.585));
#5863 = LINE('',#5864,#5865);
#5864 = CARTESIAN_POINT('',(63.674836,-120.446359,1.585));
#5865 = VECTOR('',#5866,1.);
#5866 = DIRECTION('',(-0.324050099379,-0.946039921511,0.));
#5867 = ORIENTED_EDGE('',*,*,#5868,.T.);
#5868 = EDGE_CURVE('',#5861,#5869,#5871,.T.);
#5869 = VERTEX_POINT('',#5870);
#5870 = CARTESIAN_POINT('',(63.575751,-120.648903,1.585));
#5871 = LINE('',#5872,#5873);
#5872 = CARTESIAN_POINT('',(63.664473,-120.476613,1.585));
#5873 = VECTOR('',#5874,1.);
#5874 = DIRECTION('',(-0.457820158207,-0.889044826057,0.));
#5875 = ORIENTED_EDGE('',*,*,#5876,.T.);
#5876 = EDGE_CURVE('',#5869,#5877,#5879,.T.);
#5877 = VERTEX_POINT('',#5878);
#5878 = CARTESIAN_POINT('',(63.471429,-120.751296,1.585));
#5879 = LINE('',#5880,#5881);
#5880 = CARTESIAN_POINT('',(63.575751,-120.648903,1.585));
#5881 = VECTOR('',#5882,1.);
#5882 = DIRECTION('',(-0.7136742086,-0.700477782645,0.));
#5883 = ORIENTED_EDGE('',*,*,#5884,.T.);
#5884 = EDGE_CURVE('',#5877,#5885,#5887,.T.);
#5885 = VERTEX_POINT('',#5886);
#5886 = CARTESIAN_POINT('',(63.284075,-120.843449,1.585));
#5887 = LINE('',#5888,#5889);
#5888 = CARTESIAN_POINT('',(63.471429,-120.751296,1.585));
#5889 = VECTOR('',#5890,1.);
#5890 = DIRECTION('',(-0.897327795127,-0.441364733629,0.));
#5891 = ORIENTED_EDGE('',*,*,#5892,.T.);
#5892 = EDGE_CURVE('',#5885,#5893,#5895,.T.);
#5893 = VERTEX_POINT('',#5894);
#5894 = CARTESIAN_POINT('',(63.25238,-120.84771,1.585));
#5895 = LINE('',#5896,#5897);
#5896 = CARTESIAN_POINT('',(63.284075,-120.843449,1.585));
#5897 = VECTOR('',#5898,1.);
#5898 = DIRECTION('',(-0.991083942394,-0.133238954994,0.));
#5899 = ORIENTED_EDGE('',*,*,#5900,.T.);
#5900 = EDGE_CURVE('',#5893,#5901,#5903,.T.);
#5901 = VERTEX_POINT('',#5902);
#5902 = CARTESIAN_POINT('',(62.771826,-120.845404,1.585));
#5903 = LINE('',#5904,#5905);
#5904 = CARTESIAN_POINT('',(63.25238,-120.84771,1.585));
#5905 = VECTOR('',#5906,1.);
#5906 = DIRECTION('',(-0.999988486782,4.798573002252E-03,0.));
#5907 = ORIENTED_EDGE('',*,*,#5908,.T.);
#5908 = EDGE_CURVE('',#5901,#5909,#5911,.T.);
#5909 = VERTEX_POINT('',#5910);
#5910 = CARTESIAN_POINT('',(62.741572,-120.835041,1.585));
#5911 = LINE('',#5912,#5913);
#5912 = CARTESIAN_POINT('',(62.771826,-120.845404,1.585));
#5913 = VECTOR('',#5914,1.);
#5914 = DIRECTION('',(-0.946039921511,0.324050099379,0.));
#5915 = ORIENTED_EDGE('',*,*,#5916,.T.);
#5916 = EDGE_CURVE('',#5909,#5917,#5919,.T.);
#5917 = VERTEX_POINT('',#5918);
#5918 = CARTESIAN_POINT('',(62.569282,-120.746319,1.585));
#5919 = LINE('',#5920,#5921);
#5920 = CARTESIAN_POINT('',(62.741572,-120.835041,1.585));
#5921 = VECTOR('',#5922,1.);
#5922 = DIRECTION('',(-0.889044826057,0.457820158207,0.));
#5923 = ORIENTED_EDGE('',*,*,#5924,.T.);
#5924 = EDGE_CURVE('',#5917,#5925,#5927,.T.);
#5925 = VERTEX_POINT('',#5926);
#5926 = CARTESIAN_POINT('',(62.466889,-120.641996,1.585));
#5927 = LINE('',#5928,#5929);
#5928 = CARTESIAN_POINT('',(62.569282,-120.746319,1.585));
#5929 = VECTOR('',#5930,1.);
#5930 = DIRECTION('',(-0.700474362714,0.713677565277,0.));
#5931 = ORIENTED_EDGE('',*,*,#5932,.T.);
#5932 = EDGE_CURVE('',#5925,#5933,#5935,.T.);
#5933 = VERTEX_POINT('',#5934);
#5934 = CARTESIAN_POINT('',(62.633335,-120.475553,1.585));
#5935 = CIRCLE('',#5936,0.119999842445);
#5936 = AXIS2_PLACEMENT_3D('',#5937,#5938,#5939);
#5937 = CARTESIAN_POINT('',(62.566665949937,-120.5753287483,1.585));
#5938 = DIRECTION('',(0.,0.,-1.));
#5939 = DIRECTION('',(-0.831475674501,-0.555561160192,-0.));
#5940 = ORIENTED_EDGE('',*,*,#5941,.T.);
#5941 = EDGE_CURVE('',#5933,#5942,#5944,.T.);
#5942 = VERTEX_POINT('',#5943);
#5943 = CARTESIAN_POINT('',(62.71394,-120.552898,1.585));
#5944 = LINE('',#5945,#5946);
#5945 = CARTESIAN_POINT('',(62.633335,-120.475553,1.585));
#5946 = VECTOR('',#5947,1.);
#5947 = DIRECTION('',(0.721547402794,-0.692365037766,0.));
#5948 = ORIENTED_EDGE('',*,*,#5949,.T.);
#5949 = EDGE_CURVE('',#5942,#5950,#5952,.T.);
#5950 = VERTEX_POINT('',#5951);
#5951 = CARTESIAN_POINT('',(63.333676,-120.552898,1.585));
#5952 = CIRCLE('',#5953,0.573605491483);
#5953 = AXIS2_PLACEMENT_3D('',#5954,#5955,#5956);
#5954 = CARTESIAN_POINT('',(63.023808,-120.070192,1.585));
#5955 = DIRECTION('',(0.,0.,1.));
#5956 = DIRECTION('',(-0.540211006695,-0.841529600338,0.));
#5957 = ORIENTED_EDGE('',*,*,#5958,.T.);
#5958 = EDGE_CURVE('',#5950,#5959,#5961,.T.);
#5959 = VERTEX_POINT('',#5960);
#5960 = CARTESIAN_POINT('',(63.38233,-120.504244,1.585));
#5961 = LINE('',#5962,#5963);
#5962 = CARTESIAN_POINT('',(63.333676,-120.552898,1.585));
#5963 = VECTOR('',#5964,1.);
#5964 = DIRECTION('',(0.707106781187,0.707106781186,0.));
#5965 = ORIENTED_EDGE('',*,*,#5966,.T.);
#5966 = EDGE_CURVE('',#5959,#5967,#5969,.T.);
#5967 = VERTEX_POINT('',#5968);
#5968 = CARTESIAN_POINT('',(63.38233,-119.960699,1.585));
#5969 = CIRCLE('',#5970,0.488991136753);
#5970 = AXIS2_PLACEMENT_3D('',#5971,#5972,#5973);
#5971 = CARTESIAN_POINT('',(62.975817958276,-120.2324715,1.585));
#5972 = DIRECTION('',(0.,-0.,1.));
#5973 = DIRECTION('',(0.831328036789,-0.555782057328,-0.));
#5974 = ORIENTED_EDGE('',*,*,#5975,.T.);
#5975 = EDGE_CURVE('',#5967,#5976,#5978,.T.);
#5976 = VERTEX_POINT('',#5977);
#5977 = CARTESIAN_POINT('',(63.333676,-119.912045,1.585));
#5978 = LINE('',#5979,#5980);
#5979 = CARTESIAN_POINT('',(63.38233,-119.960699,1.585));
#5980 = VECTOR('',#5981,1.);
#5981 = DIRECTION('',(-0.707106781187,0.707106781186,0.));
#5982 = ORIENTED_EDGE('',*,*,#5983,.T.);
#5983 = EDGE_CURVE('',#5976,#5984,#5986,.T.);
#5984 = VERTEX_POINT('',#5985);
#5985 = CARTESIAN_POINT('',(63.224053,-119.857234,1.585));
#5986 = LINE('',#5987,#5988);
#5987 = CARTESIAN_POINT('',(63.333676,-119.912045,1.585));
#5988 = VECTOR('',#5989,1.);
#5989 = DIRECTION('',(-0.894428822821,0.447210331843,0.));
#5990 = ORIENTED_EDGE('',*,*,#5991,.T.);
#5991 = EDGE_CURVE('',#5984,#5992,#5994,.T.);
#5992 = VERTEX_POINT('',#5993);
#5993 = CARTESIAN_POINT('',(63.000398,-119.854928,1.585));
#5994 = LINE('',#5995,#5996);
#5995 = CARTESIAN_POINT('',(63.224053,-119.857234,1.585));
#5996 = VECTOR('',#5997,1.);
#5997 = DIRECTION('',(-0.999946850796,1.030997490752E-02,0.));
#5998 = ORIENTED_EDGE('',*,*,#5999,.T.);
#5999 = EDGE_CURVE('',#5992,#6000,#6002,.T.);
#6000 = VERTEX_POINT('',#6001);
#6001 = CARTESIAN_POINT('',(62.926264,-119.668334,1.585));
#6002 = CIRCLE('',#6003,0.119442209002);
#6003 = AXIS2_PLACEMENT_3D('',#6004,#6005,#6006);
#6004 = CARTESIAN_POINT('',(63.023474020634,-119.7377361122,1.585));
#6005 = DIRECTION('',(0.,0.,-1.));
#6006 = DIRECTION('',(-0.193198207122,-0.981159748851,-0.));
#6007 = ORIENTED_EDGE('',*,*,#6008,.T.);
#6008 = EDGE_CURVE('',#6000,#6009,#6011,.T.);
#6009 = VERTEX_POINT('',#6010);
#6010 = CARTESIAN_POINT('',(63.29269,-119.24771,1.585));
#6011 = LINE('',#6012,#6013);
#6012 = CARTESIAN_POINT('',(62.926264,-119.668334,1.585));
#6013 = VECTOR('',#6014,1.);
#6014 = DIRECTION('',(0.656858277474,0.754014060422,0.));
#6015 = ORIENTED_EDGE('',*,*,#6016,.T.);
#6016 = EDGE_CURVE('',#6009,#5784,#6017,.T.);
#6017 = LINE('',#6018,#6019);
#6018 = CARTESIAN_POINT('',(63.29269,-119.24771,1.585));
#6019 = VECTOR('',#6020,1.);
#6020 = DIRECTION('',(-0.999995266116,3.076970095697E-03,0.));
#6021 = PLANE('',#6022);
#6022 = AXIS2_PLACEMENT_3D('',#6023,#6024,#6025);
#6023 = CARTESIAN_POINT('',(0.,0.,1.585));
#6024 = DIRECTION('',(0.,0.,1.));
#6025 = DIRECTION('',(1.,0.,-0.));
#6026 = SHELL_BASED_SURFACE_MODEL('',(#6027));
#6027 = OPEN_SHELL('',(#6028));
#6028 = ADVANCED_FACE('',(#6029),#6294,.T.);
#6029 = FACE_BOUND('',#6030,.F.);
#6030 = EDGE_LOOP('',(#6031,#6042,#6050,#6059,#6067,#6075,#6083,#6091,
    #6099,#6107,#6115,#6123,#6131,#6139,#6147,#6155,#6163,#6171,#6179,
    #6187,#6195,#6203,#6211,#6220,#6228,#6237,#6245,#6254,#6262,#6271,
    #6279,#6288));
#6031 = ORIENTED_EDGE('',*,*,#6032,.T.);
#6032 = EDGE_CURVE('',#6033,#6035,#6037,.T.);
#6033 = VERTEX_POINT('',#6034);
#6034 = CARTESIAN_POINT('',(73.004267,-119.092704,1.585));
#6035 = VERTEX_POINT('',#6036);
#6036 = CARTESIAN_POINT('',(73.110385,-119.008563,1.585));
#6037 = CIRCLE('',#6038,0.118825155382);
#6038 = AXIS2_PLACEMENT_3D('',#6039,#6040,#6041);
#6039 = CARTESIAN_POINT('',(73.117991551618,-119.12714444,1.585));
#6040 = DIRECTION('',(0.,0.,-1.));
#6041 = DIRECTION('',(-0.957074714128,0.289841321377,0.));
#6042 = ORIENTED_EDGE('',*,*,#6043,.T.);
#6043 = EDGE_CURVE('',#6035,#6044,#6046,.T.);
#6044 = VERTEX_POINT('',#6045);
#6045 = CARTESIAN_POINT('',(73.904363,-119.010016,1.585));
#6046 = LINE('',#6047,#6048);
#6047 = CARTESIAN_POINT('',(73.110385,-119.008563,1.585));
#6048 = VECTOR('',#6049,1.);
#6049 = DIRECTION('',(0.999998325508,-1.830022452713E-03,0.));
#6050 = ORIENTED_EDGE('',*,*,#6051,.T.);
#6051 = EDGE_CURVE('',#6044,#6052,#6054,.T.);
#6052 = VERTEX_POINT('',#6053);
#6053 = CARTESIAN_POINT('',(73.904363,-119.245404,1.585));
#6054 = CIRCLE('',#6055,0.119999802321);
#6055 = AXIS2_PLACEMENT_3D('',#6056,#6057,#6058);
#6056 = CARTESIAN_POINT('',(73.880952,-119.12771,1.585));
#6057 = DIRECTION('',(0.,0.,-1.));
#6058 = DIRECTION('',(0.195091988047,0.980784949008,0.));
#6059 = ORIENTED_EDGE('',*,*,#6060,.T.);
#6060 = EDGE_CURVE('',#6052,#6061,#6063,.T.);
#6061 = VERTEX_POINT('',#6062);
#6062 = CARTESIAN_POINT('',(73.227645,-119.24771,1.585));
#6063 = LINE('',#6064,#6065);
#6064 = CARTESIAN_POINT('',(73.904363,-119.245404,1.585));
#6065 = VECTOR('',#6066,1.);
#6066 = DIRECTION('',(-0.999994194102,-3.407603479743E-03,0.));
#6067 = ORIENTED_EDGE('',*,*,#6068,.T.);
#6068 = EDGE_CURVE('',#6061,#6069,#6071,.T.);
#6069 = VERTEX_POINT('',#6070);
#6070 = CARTESIAN_POINT('',(73.187934,-119.644817,1.585));
#6071 = LINE('',#6072,#6073);
#6072 = CARTESIAN_POINT('',(73.227645,-119.24771,1.585));
#6073 = VECTOR('',#6074,1.);
#6074 = DIRECTION('',(-9.950446329286E-02,-0.995037115783,0.));
#6075 = ORIENTED_EDGE('',*,*,#6076,.T.);
#6076 = EDGE_CURVE('',#6069,#6077,#6079,.T.);
#6077 = VERTEX_POINT('',#6078);
#6078 = CARTESIAN_POINT('',(73.248017,-119.61954,1.585));
#6079 = LINE('',#6080,#6081);
#6080 = CARTESIAN_POINT('',(73.187934,-119.644817,1.585));
#6081 = VECTOR('',#6082,1.);
#6082 = DIRECTION('',(0.921751133821,0.387781958451,0.));
#6083 = ORIENTED_EDGE('',*,*,#6084,.T.);
#6084 = EDGE_CURVE('',#6077,#6085,#6087,.T.);
#6085 = VERTEX_POINT('',#6086);
#6086 = CARTESIAN_POINT('',(73.675791,-119.61954,1.585));
#6087 = LINE('',#6088,#6089);
#6088 = CARTESIAN_POINT('',(73.248017,-119.61954,1.585));
#6089 = VECTOR('',#6090,1.);
#6090 = DIRECTION('',(1.,0.,0.));
#6091 = ORIENTED_EDGE('',*,*,#6092,.T.);
#6092 = EDGE_CURVE('',#6085,#6093,#6095,.T.);
#6093 = VERTEX_POINT('',#6094);
#6094 = CARTESIAN_POINT('',(73.706045,-119.629903,1.585));
#6095 = LINE('',#6096,#6097);
#6096 = CARTESIAN_POINT('',(73.675791,-119.61954,1.585));
#6097 = VECTOR('',#6098,1.);
#6098 = DIRECTION('',(0.946039921511,-0.324050099379,0.));
#6099 = ORIENTED_EDGE('',*,*,#6100,.T.);
#6100 = EDGE_CURVE('',#6093,#6101,#6103,.T.);
#6101 = VERTEX_POINT('',#6102);
#6102 = CARTESIAN_POINT('',(73.878335,-119.718625,1.585));
#6103 = LINE('',#6104,#6105);
#6104 = CARTESIAN_POINT('',(73.706045,-119.629903,1.585));
#6105 = VECTOR('',#6106,1.);
#6106 = DIRECTION('',(0.889044826057,-0.457820158207,0.));
#6107 = ORIENTED_EDGE('',*,*,#6108,.T.);
#6108 = EDGE_CURVE('',#6101,#6109,#6111,.T.);
#6109 = VERTEX_POINT('',#6110);
#6110 = CARTESIAN_POINT('',(73.980728,-119.822947,1.585));
#6111 = LINE('',#6112,#6113);
#6112 = CARTESIAN_POINT('',(73.878335,-119.718625,1.585));
#6113 = VECTOR('',#6114,1.);
#6114 = DIRECTION('',(0.700477782645,-0.7136742086,0.));
#6115 = ORIENTED_EDGE('',*,*,#6116,.T.);
#6116 = EDGE_CURVE('',#6109,#6117,#6119,.T.);
#6117 = VERTEX_POINT('',#6118);
#6118 = CARTESIAN_POINT('',(74.072881,-120.010301,1.585));
#6119 = LINE('',#6120,#6121);
#6120 = CARTESIAN_POINT('',(73.980728,-119.822947,1.585));
#6121 = VECTOR('',#6122,1.);
#6122 = DIRECTION('',(0.441364733629,-0.897327795127,0.));
#6123 = ORIENTED_EDGE('',*,*,#6124,.T.);
#6124 = EDGE_CURVE('',#6117,#6125,#6127,.T.);
#6125 = VERTEX_POINT('',#6126);
#6126 = CARTESIAN_POINT('',(74.077142,-120.041996,1.585));
#6127 = LINE('',#6128,#6129);
#6128 = CARTESIAN_POINT('',(74.072881,-120.010301,1.585));
#6129 = VECTOR('',#6130,1.);
#6130 = DIRECTION('',(0.133238954994,-0.991083942394,0.));
#6131 = ORIENTED_EDGE('',*,*,#6132,.T.);
#6132 = EDGE_CURVE('',#6125,#6133,#6135,.T.);
#6133 = VERTEX_POINT('',#6134);
#6134 = CARTESIAN_POINT('',(74.074836,-120.446359,1.585));
#6135 = LINE('',#6136,#6137);
#6136 = CARTESIAN_POINT('',(74.077142,-120.041996,1.585));
#6137 = VECTOR('',#6138,1.);
#6138 = DIRECTION('',(-5.70270401388E-03,-0.999983739451,0.));
#6139 = ORIENTED_EDGE('',*,*,#6140,.T.);
#6140 = EDGE_CURVE('',#6133,#6141,#6143,.T.);
#6141 = VERTEX_POINT('',#6142);
#6142 = CARTESIAN_POINT('',(74.064473,-120.476613,1.585));
#6143 = LINE('',#6144,#6145);
#6144 = CARTESIAN_POINT('',(74.074836,-120.446359,1.585));
#6145 = VECTOR('',#6146,1.);
#6146 = DIRECTION('',(-0.324050099379,-0.946039921511,0.));
#6147 = ORIENTED_EDGE('',*,*,#6148,.T.);
#6148 = EDGE_CURVE('',#6141,#6149,#6151,.T.);
#6149 = VERTEX_POINT('',#6150);
#6150 = CARTESIAN_POINT('',(73.975751,-120.648903,1.585));
#6151 = LINE('',#6152,#6153);
#6152 = CARTESIAN_POINT('',(74.064473,-120.476613,1.585));
#6153 = VECTOR('',#6154,1.);
#6154 = DIRECTION('',(-0.457820158207,-0.889044826057,0.));
#6155 = ORIENTED_EDGE('',*,*,#6156,.T.);
#6156 = EDGE_CURVE('',#6149,#6157,#6159,.T.);
#6157 = VERTEX_POINT('',#6158);
#6158 = CARTESIAN_POINT('',(73.871429,-120.751296,1.585));
#6159 = LINE('',#6160,#6161);
#6160 = CARTESIAN_POINT('',(73.975751,-120.648903,1.585));
#6161 = VECTOR('',#6162,1.);
#6162 = DIRECTION('',(-0.7136742086,-0.700477782645,0.));
#6163 = ORIENTED_EDGE('',*,*,#6164,.T.);
#6164 = EDGE_CURVE('',#6157,#6165,#6167,.T.);
#6165 = VERTEX_POINT('',#6166);
#6166 = CARTESIAN_POINT('',(73.684075,-120.843449,1.585));
#6167 = LINE('',#6168,#6169);
#6168 = CARTESIAN_POINT('',(73.871429,-120.751296,1.585));
#6169 = VECTOR('',#6170,1.);
#6170 = DIRECTION('',(-0.897327795127,-0.441364733629,0.));
#6171 = ORIENTED_EDGE('',*,*,#6172,.T.);
#6172 = EDGE_CURVE('',#6165,#6173,#6175,.T.);
#6173 = VERTEX_POINT('',#6174);
#6174 = CARTESIAN_POINT('',(73.65238,-120.84771,1.585));
#6175 = LINE('',#6176,#6177);
#6176 = CARTESIAN_POINT('',(73.684075,-120.843449,1.585));
#6177 = VECTOR('',#6178,1.);
#6178 = DIRECTION('',(-0.991083942394,-0.133238954994,0.));
#6179 = ORIENTED_EDGE('',*,*,#6180,.T.);
#6180 = EDGE_CURVE('',#6173,#6181,#6183,.T.);
#6181 = VERTEX_POINT('',#6182);
#6182 = CARTESIAN_POINT('',(73.248017,-120.845404,1.585));
#6183 = LINE('',#6184,#6185);
#6184 = CARTESIAN_POINT('',(73.65238,-120.84771,1.585));
#6185 = VECTOR('',#6186,1.);
#6186 = DIRECTION('',(-0.999983739451,5.702704013916E-03,0.));
#6187 = ORIENTED_EDGE('',*,*,#6188,.T.);
#6188 = EDGE_CURVE('',#6181,#6189,#6191,.T.);
#6189 = VERTEX_POINT('',#6190);
#6190 = CARTESIAN_POINT('',(73.217763,-120.835041,1.585));
#6191 = LINE('',#6192,#6193);
#6192 = CARTESIAN_POINT('',(73.248017,-120.845404,1.585));
#6193 = VECTOR('',#6194,1.);
#6194 = DIRECTION('',(-0.946039921511,0.324050099379,0.));
#6195 = ORIENTED_EDGE('',*,*,#6196,.T.);
#6196 = EDGE_CURVE('',#6189,#6197,#6199,.T.);
#6197 = VERTEX_POINT('',#6198);
#6198 = CARTESIAN_POINT('',(73.045473,-120.746319,1.585));
#6199 = LINE('',#6200,#6201);
#6200 = CARTESIAN_POINT('',(73.217763,-120.835041,1.585));
#6201 = VECTOR('',#6202,1.);
#6202 = DIRECTION('',(-0.889044826057,0.457820158207,0.));
#6203 = ORIENTED_EDGE('',*,*,#6204,.T.);
#6204 = EDGE_CURVE('',#6197,#6205,#6207,.T.);
#6205 = VERTEX_POINT('',#6206);
#6206 = CARTESIAN_POINT('',(72.94308,-120.641997,1.585));
#6207 = LINE('',#6208,#6209);
#6208 = CARTESIAN_POINT('',(73.045473,-120.746319,1.585));
#6209 = VECTOR('',#6210,1.);
#6210 = DIRECTION('',(-0.700477782645,0.7136742086,0.));
#6211 = ORIENTED_EDGE('',*,*,#6212,.T.);
#6212 = EDGE_CURVE('',#6205,#6213,#6215,.T.);
#6213 = VERTEX_POINT('',#6214);
#6214 = CARTESIAN_POINT('',(73.109524,-120.475553,1.585));
#6215 = CIRCLE('',#6216,0.119999468332);
#6216 = AXIS2_PLACEMENT_3D('',#6217,#6218,#6219);
#6217 = CARTESIAN_POINT('',(73.042856,-120.575329,1.585));
#6218 = DIRECTION('',(0.,0.,-1.));
#6219 = DIRECTION('',(-0.83147035055,-0.555569128152,-0.));
#6220 = ORIENTED_EDGE('',*,*,#6221,.T.);
#6221 = EDGE_CURVE('',#6213,#6222,#6224,.T.);
#6222 = VERTEX_POINT('',#6223);
#6223 = CARTESIAN_POINT('',(73.190131,-120.552898,1.585));
#6224 = LINE('',#6225,#6226);
#6225 = CARTESIAN_POINT('',(73.109524,-120.475553,1.585));
#6226 = VECTOR('',#6227,1.);
#6227 = DIRECTION('',(0.721555984917,-0.692356093806,0.));
#6228 = ORIENTED_EDGE('',*,*,#6229,.T.);
#6229 = EDGE_CURVE('',#6222,#6230,#6232,.T.);
#6230 = VERTEX_POINT('',#6231);
#6231 = CARTESIAN_POINT('',(73.733676,-120.552898,1.585));
#6232 = CIRCLE('',#6233,0.488993596053);
#6233 = AXIS2_PLACEMENT_3D('',#6234,#6235,#6236);
#6234 = CARTESIAN_POINT('',(73.4619035,-120.146383,1.585));
#6235 = DIRECTION('',(0.,0.,1.));
#6236 = DIRECTION('',(-0.555779262128,-0.831329905506,0.));
#6237 = ORIENTED_EDGE('',*,*,#6238,.T.);
#6238 = EDGE_CURVE('',#6230,#6239,#6241,.T.);
#6239 = VERTEX_POINT('',#6240);
#6240 = CARTESIAN_POINT('',(73.78233,-120.504244,1.585));
#6241 = LINE('',#6242,#6243);
#6242 = CARTESIAN_POINT('',(73.733676,-120.552898,1.585));
#6243 = VECTOR('',#6244,1.);
#6244 = DIRECTION('',(0.707106781187,0.707106781187,0.));
#6245 = ORIENTED_EDGE('',*,*,#6246,.T.);
#6246 = EDGE_CURVE('',#6239,#6247,#6249,.T.);
#6247 = VERTEX_POINT('',#6248);
#6248 = CARTESIAN_POINT('',(73.78233,-119.960699,1.585));
#6249 = CIRCLE('',#6250,0.488991136753);
#6250 = AXIS2_PLACEMENT_3D('',#6251,#6252,#6253);
#6251 = CARTESIAN_POINT('',(73.375817958276,-120.2324715,1.585));
#6252 = DIRECTION('',(0.,-0.,1.));
#6253 = DIRECTION('',(0.831328036789,-0.555782057328,-0.));
#6254 = ORIENTED_EDGE('',*,*,#6255,.T.);
#6255 = EDGE_CURVE('',#6247,#6256,#6258,.T.);
#6256 = VERTEX_POINT('',#6257);
#6257 = CARTESIAN_POINT('',(73.733676,-119.912045,1.585));
#6258 = LINE('',#6259,#6260);
#6259 = CARTESIAN_POINT('',(73.78233,-119.960699,1.585));
#6260 = VECTOR('',#6261,1.);
#6261 = DIRECTION('',(-0.707106781187,0.707106781187,0.));
#6262 = ORIENTED_EDGE('',*,*,#6263,.T.);
#6263 = EDGE_CURVE('',#6256,#6264,#6266,.T.);
#6264 = VERTEX_POINT('',#6265);
#6265 = CARTESIAN_POINT('',(73.190131,-119.912045,1.585));
#6266 = CIRCLE('',#6267,0.488998133751);
#6267 = AXIS2_PLACEMENT_3D('',#6268,#6269,#6270);
#6268 = CARTESIAN_POINT('',(73.4619035,-120.3185654583,1.585));
#6269 = DIRECTION('',(0.,0.,1.));
#6270 = DIRECTION('',(0.55577410473,0.831333353422,-0.));
#6271 = ORIENTED_EDGE('',*,*,#6272,.T.);
#6272 = EDGE_CURVE('',#6264,#6273,#6275,.T.);
#6273 = VERTEX_POINT('',#6274);
#6274 = CARTESIAN_POINT('',(73.109524,-119.989391,1.585));
#6275 = LINE('',#6276,#6277);
#6276 = CARTESIAN_POINT('',(73.190131,-119.912045,1.585));
#6277 = VECTOR('',#6278,1.);
#6278 = DIRECTION('',(-0.721551512981,-0.692360754314,0.));
#6279 = ORIENTED_EDGE('',*,*,#6280,.T.);
#6280 = EDGE_CURVE('',#6273,#6281,#6283,.T.);
#6281 = VERTEX_POINT('',#6282);
#6282 = CARTESIAN_POINT('',(72.923417,-119.901199,1.585));
#6283 = CIRCLE('',#6284,0.119999452103);
#6284 = AXIS2_PLACEMENT_3D('',#6285,#6286,#6287);
#6285 = CARTESIAN_POINT('',(73.042856020366,-119.8896150059,1.585));
#6286 = DIRECTION('',(-0.,0.,-1.));
#6287 = DIRECTION('',(0.555569033573,-0.831470413746,-0.));
#6288 = ORIENTED_EDGE('',*,*,#6289,.T.);
#6289 = EDGE_CURVE('',#6281,#6033,#6290,.T.);
#6290 = LINE('',#6291,#6292);
#6291 = CARTESIAN_POINT('',(72.923417,-119.901199,1.585));
#6292 = VECTOR('',#6293,1.);
#6293 = DIRECTION('',(9.950432829208E-02,0.995037129283,0.));
#6294 = PLANE('',#6295);
#6295 = AXIS2_PLACEMENT_3D('',#6296,#6297,#6298);
#6296 = CARTESIAN_POINT('',(0.,0.,1.585));
#6297 = DIRECTION('',(0.,0.,1.));
#6298 = DIRECTION('',(1.,0.,-0.));
#6299 = SHELL_BASED_SURFACE_MODEL('',(#6300));
#6300 = OPEN_SHELL('',(#6301));
#6301 = ADVANCED_FACE('',(#6302,#6467),#6519,.T.);
#6302 = FACE_BOUND('',#6303,.F.);
#6303 = EDGE_LOOP('',(#6304,#6315,#6323,#6331,#6339,#6347,#6355,#6363,
    #6371,#6379,#6387,#6395,#6403,#6411,#6419,#6428,#6436,#6444,#6452,
    #6461));
#6304 = ORIENTED_EDGE('',*,*,#6305,.T.);
#6305 = EDGE_CURVE('',#6306,#6308,#6310,.T.);
#6306 = VERTEX_POINT('',#6307);
#6307 = CARTESIAN_POINT('',(64.263258,-119.104299,1.585));
#6308 = VERTEX_POINT('',#6309);
#6309 = CARTESIAN_POINT('',(64.357541,-119.010016,1.585));
#6310 = CIRCLE('',#6311,0.120001662203);
#6311 = AXIS2_PLACEMENT_3D('',#6312,#6313,#6314);
#6312 = CARTESIAN_POINT('',(64.380953581692,-119.1277115816,1.585));
#6313 = DIRECTION('',(0.,0.,-1.));
#6314 = DIRECTION('',(-0.980782928603,0.195102144942,0.));
#6315 = ORIENTED_EDGE('',*,*,#6316,.T.);
#6316 = EDGE_CURVE('',#6308,#6317,#6319,.T.);
#6317 = VERTEX_POINT('',#6318);
#6318 = CARTESIAN_POINT('',(65.013887,-119.010016,1.585));
#6319 = LINE('',#6320,#6321);
#6320 = CARTESIAN_POINT('',(64.357541,-119.010016,1.585));
#6321 = VECTOR('',#6322,1.);
#6322 = DIRECTION('',(1.,0.,0.));
#6323 = ORIENTED_EDGE('',*,*,#6324,.T.);
#6324 = EDGE_CURVE('',#6317,#6325,#6327,.T.);
#6325 = VERTEX_POINT('',#6326);
#6326 = CARTESIAN_POINT('',(65.044141,-119.020379,1.585));
#6327 = LINE('',#6328,#6329);
#6328 = CARTESIAN_POINT('',(65.013887,-119.010016,1.585));
#6329 = VECTOR('',#6330,1.);
#6330 = DIRECTION('',(0.946039921511,-0.32405009938,0.));
#6331 = ORIENTED_EDGE('',*,*,#6332,.T.);
#6332 = EDGE_CURVE('',#6325,#6333,#6335,.T.);
#6333 = VERTEX_POINT('',#6334);
#6334 = CARTESIAN_POINT('',(65.216431,-119.109101,1.585));
#6335 = LINE('',#6336,#6337);
#6336 = CARTESIAN_POINT('',(65.044141,-119.020379,1.585));
#6337 = VECTOR('',#6338,1.);
#6338 = DIRECTION('',(0.889044826057,-0.457820158207,0.));
#6339 = ORIENTED_EDGE('',*,*,#6340,.T.);
#6340 = EDGE_CURVE('',#6333,#6341,#6343,.T.);
#6341 = VERTEX_POINT('',#6342);
#6342 = CARTESIAN_POINT('',(65.318824,-119.213424,1.585));
#6343 = LINE('',#6344,#6345);
#6344 = CARTESIAN_POINT('',(65.216431,-119.109101,1.585));
#6345 = VECTOR('',#6346,1.);
#6346 = DIRECTION('',(0.700474362714,-0.713677565277,0.));
#6347 = ORIENTED_EDGE('',*,*,#6348,.T.);
#6348 = EDGE_CURVE('',#6341,#6349,#6351,.T.);
#6349 = VERTEX_POINT('',#6350);
#6350 = CARTESIAN_POINT('',(65.410976,-119.400776,1.585));
#6351 = LINE('',#6352,#6353);
#6352 = CARTESIAN_POINT('',(65.318824,-119.213424,1.585));
#6353 = VECTOR('',#6354,1.);
#6354 = DIRECTION('',(0.441364670889,-0.897327825987,0.));
#6355 = ORIENTED_EDGE('',*,*,#6356,.T.);
#6356 = EDGE_CURVE('',#6349,#6357,#6359,.T.);
#6357 = VERTEX_POINT('',#6358);
#6358 = CARTESIAN_POINT('',(65.415238,-119.432472,1.585));
#6359 = LINE('',#6360,#6361);
#6360 = CARTESIAN_POINT('',(65.410976,-119.400776,1.585));
#6361 = VECTOR('',#6362,1.);
#6362 = DIRECTION('',(0.133265539151,-0.991080368121,0.));
#6363 = ORIENTED_EDGE('',*,*,#6364,.T.);
#6364 = EDGE_CURVE('',#6357,#6365,#6367,.T.);
#6365 = VERTEX_POINT('',#6366);
#6366 = CARTESIAN_POINT('',(65.412932,-119.684454,1.585));
#6367 = LINE('',#6368,#6369);
#6368 = CARTESIAN_POINT('',(65.415238,-119.432472,1.585));
#6369 = VECTOR('',#6370,1.);
#6370 = DIRECTION('',(-9.151064137462E-03,-0.999958128136,0.));
#6371 = ORIENTED_EDGE('',*,*,#6372,.T.);
#6372 = EDGE_CURVE('',#6365,#6373,#6375,.T.);
#6373 = VERTEX_POINT('',#6374);
#6374 = CARTESIAN_POINT('',(65.402569,-119.714709,1.585));
#6375 = LINE('',#6376,#6377);
#6376 = CARTESIAN_POINT('',(65.412932,-119.684454,1.585));
#6377 = VECTOR('',#6378,1.);
#6378 = DIRECTION('',(-0.324040513406,-0.946043204971,0.));
#6379 = ORIENTED_EDGE('',*,*,#6380,.T.);
#6380 = EDGE_CURVE('',#6373,#6381,#6383,.T.);
#6381 = VERTEX_POINT('',#6382);
#6382 = CARTESIAN_POINT('',(65.313846,-119.886998,1.585));
#6383 = LINE('',#6384,#6385);
#6384 = CARTESIAN_POINT('',(65.402569,-119.714709,1.585));
#6385 = VECTOR('',#6386,1.);
#6386 = DIRECTION('',(-0.457826337112,-0.889041644158,0.));
#6387 = ORIENTED_EDGE('',*,*,#6388,.T.);
#6388 = EDGE_CURVE('',#6381,#6389,#6391,.T.);
#6389 = VERTEX_POINT('',#6390);
#6390 = CARTESIAN_POINT('',(65.209526,-119.989391,1.585));
#6391 = LINE('',#6392,#6393);
#6392 = CARTESIAN_POINT('',(65.313846,-119.886998,1.585));
#6393 = VECTOR('',#6394,1.);
#6394 = DIRECTION('',(-0.713667495097,-0.70048462256,0.));
#6395 = ORIENTED_EDGE('',*,*,#6396,.T.);
#6396 = EDGE_CURVE('',#6389,#6397,#6399,.T.);
#6397 = VERTEX_POINT('',#6398);
#6398 = CARTESIAN_POINT('',(65.022171,-120.081544,1.585));
#6399 = LINE('',#6400,#6401);
#6400 = CARTESIAN_POINT('',(65.209526,-119.989391,1.585));
#6401 = VECTOR('',#6402,1.);
#6402 = DIRECTION('',(-0.897328728125,-0.441362836769,0.));
#6403 = ORIENTED_EDGE('',*,*,#6404,.T.);
#6404 = EDGE_CURVE('',#6397,#6405,#6407,.T.);
#6405 = VERTEX_POINT('',#6406);
#6406 = CARTESIAN_POINT('',(64.99226,-120.085629,1.585));
#6407 = LINE('',#6408,#6409);
#6408 = CARTESIAN_POINT('',(65.022171,-120.081544,1.585));
#6409 = VECTOR('',#6410,1.);
#6410 = DIRECTION('',(-0.990802531965,-0.135315714723,0.));
#6411 = ORIENTED_EDGE('',*,*,#6412,.T.);
#6412 = EDGE_CURVE('',#6405,#6413,#6415,.T.);
#6413 = VERTEX_POINT('',#6414);
#6414 = CARTESIAN_POINT('',(65.405082,-120.679396,1.585));
#6415 = LINE('',#6416,#6417);
#6416 = CARTESIAN_POINT('',(64.99226,-120.085629,1.585));
#6417 = VECTOR('',#6418,1.);
#6418 = DIRECTION('',(0.570847065045,-0.821056409956,0.));
#6419 = ORIENTED_EDGE('',*,*,#6420,.T.);
#6420 = EDGE_CURVE('',#6413,#6421,#6423,.T.);
#6421 = VERTEX_POINT('',#6422);
#6422 = CARTESIAN_POINT('',(65.212245,-120.814382,1.585));
#6423 = CIRCLE('',#6424,0.119999671637);
#6424 = AXIS2_PLACEMENT_3D('',#6425,#6426,#6427);
#6425 = CARTESIAN_POINT('',(65.295237993924,-120.7277097198,1.585));
#6426 = DIRECTION('',(0.,0.,-1.));
#6427 = DIRECTION('',(0.915369222072,0.402615433489,0.));
#6428 = ORIENTED_EDGE('',*,*,#6429,.T.);
#6429 = EDGE_CURVE('',#6421,#6430,#6432,.T.);
#6430 = VERTEX_POINT('',#6431);
#6431 = CARTESIAN_POINT('',(64.699425,-120.085805,1.585));
#6432 = LINE('',#6433,#6434);
#6433 = CARTESIAN_POINT('',(65.212245,-120.814382,1.585));
#6434 = VECTOR('',#6435,1.);
#6435 = DIRECTION('',(-0.575581730438,0.817744258058,0.));
#6436 = ORIENTED_EDGE('',*,*,#6437,.T.);
#6437 = EDGE_CURVE('',#6430,#6438,#6440,.T.);
#6438 = VERTEX_POINT('',#6439);
#6439 = CARTESIAN_POINT('',(64.500952,-120.085805,1.585));
#6440 = LINE('',#6441,#6442);
#6441 = CARTESIAN_POINT('',(64.699425,-120.085805,1.585));
#6442 = VECTOR('',#6443,1.);
#6443 = DIRECTION('',(-1.,0.,0.));
#6444 = ORIENTED_EDGE('',*,*,#6445,.T.);
#6445 = EDGE_CURVE('',#6438,#6446,#6448,.T.);
#6446 = VERTEX_POINT('',#6447);
#6447 = CARTESIAN_POINT('',(64.498646,-120.751121,1.585));
#6448 = LINE('',#6449,#6450);
#6449 = CARTESIAN_POINT('',(64.500952,-120.085805,1.585));
#6450 = VECTOR('',#6451,1.);
#6451 = DIRECTION('',(-3.466001341893E-03,-0.999993993399,0.));
#6452 = ORIENTED_EDGE('',*,*,#6453,.T.);
#6453 = EDGE_CURVE('',#6446,#6454,#6456,.T.);
#6454 = VERTEX_POINT('',#6455);
#6455 = CARTESIAN_POINT('',(64.263258,-120.751121,1.585));
#6456 = CIRCLE('',#6457,0.119999802321);
#6457 = AXIS2_PLACEMENT_3D('',#6458,#6459,#6460);
#6458 = CARTESIAN_POINT('',(64.380952,-120.72771,1.585));
#6459 = DIRECTION('',(-0.,0.,-1.));
#6460 = DIRECTION('',(0.980784949008,-0.195091988047,-0.));
#6461 = ORIENTED_EDGE('',*,*,#6462,.T.);
#6462 = EDGE_CURVE('',#6454,#6306,#6463,.T.);
#6463 = LINE('',#6464,#6465);
#6464 = CARTESIAN_POINT('',(64.263258,-120.751121,1.585));
#6465 = VECTOR('',#6466,1.);
#6466 = DIRECTION('',(0.,1.,0.));
#6467 = FACE_BOUND('',#6468,.F.);
#6468 = EDGE_LOOP('',(#6469,#6480,#6488,#6496,#6504,#6513));
#6469 = ORIENTED_EDGE('',*,*,#6470,.T.);
#6470 = EDGE_CURVE('',#6471,#6473,#6475,.T.);
#6471 = VERTEX_POINT('',#6472);
#6472 = CARTESIAN_POINT('',(65.175238,-119.4608,1.585));
#6473 = VERTEX_POINT('',#6474);
#6474 = CARTESIAN_POINT('',(64.962149,-119.24771,1.585));
#6475 = CIRCLE('',#6476,0.298989314083);
#6476 = AXIS2_PLACEMENT_3D('',#6477,#6478,#6479);
#6477 = CARTESIAN_POINT('',(64.88608551085,-119.5368621321,1.585));
#6478 = DIRECTION('',(0.,0.,1.));
#6479 = DIRECTION('',(0.967099744138,0.254397493872,-0.));
#6480 = ORIENTED_EDGE('',*,*,#6481,.T.);
#6481 = EDGE_CURVE('',#6473,#6482,#6484,.T.);
#6482 = VERTEX_POINT('',#6483);
#6483 = CARTESIAN_POINT('',(64.500952,-119.24771,1.585));
#6484 = LINE('',#6485,#6486);
#6485 = CARTESIAN_POINT('',(64.962149,-119.24771,1.585));
#6486 = VECTOR('',#6487,1.);
#6487 = DIRECTION('',(-1.,0.,0.));
#6488 = ORIENTED_EDGE('',*,*,#6489,.T.);
#6489 = EDGE_CURVE('',#6482,#6490,#6492,.T.);
#6490 = VERTEX_POINT('',#6491);
#6491 = CARTESIAN_POINT('',(64.500952,-119.845805,1.585));
#6492 = LINE('',#6493,#6494);
#6493 = CARTESIAN_POINT('',(64.500952,-119.24771,1.585));
#6494 = VECTOR('',#6495,1.);
#6495 = DIRECTION('',(0.,-1.,0.));
#6496 = ORIENTED_EDGE('',*,*,#6497,.T.);
#6497 = EDGE_CURVE('',#6490,#6498,#6500,.T.);
#6498 = VERTEX_POINT('',#6499);
#6499 = CARTESIAN_POINT('',(64.962149,-119.845805,1.585));
#6500 = LINE('',#6501,#6502);
#6501 = CARTESIAN_POINT('',(64.500952,-119.845805,1.585));
#6502 = VECTOR('',#6503,1.);
#6503 = DIRECTION('',(1.,0.,0.));
#6504 = ORIENTED_EDGE('',*,*,#6505,.T.);
#6505 = EDGE_CURVE('',#6498,#6506,#6508,.T.);
#6506 = VERTEX_POINT('',#6507);
#6507 = CARTESIAN_POINT('',(65.175238,-119.632714,1.585));
#6508 = CIRCLE('',#6509,0.298982613487);
#6509 = AXIS2_PLACEMENT_3D('',#6510,#6511,#6512);
#6510 = CARTESIAN_POINT('',(64.886090713848,-119.5566584276,1.585));
#6511 = DIRECTION('',(0.,0.,1.));
#6512 = DIRECTION('',(0.254390331481,-0.967101628191,0.));
#6513 = ORIENTED_EDGE('',*,*,#6514,.T.);
#6514 = EDGE_CURVE('',#6506,#6471,#6515,.T.);
#6515 = LINE('',#6516,#6517);
#6516 = CARTESIAN_POINT('',(65.175238,-119.632714,1.585));
#6517 = VECTOR('',#6518,1.);
#6518 = DIRECTION('',(0.,1.,0.));
#6519 = PLANE('',#6520);
#6520 = AXIS2_PLACEMENT_3D('',#6521,#6522,#6523);
#6521 = CARTESIAN_POINT('',(0.,0.,1.585));
#6522 = DIRECTION('',(0.,0.,1.));
#6523 = DIRECTION('',(1.,0.,-0.));
#6524 = SHELL_BASED_SURFACE_MODEL('',(#6525));
#6525 = OPEN_SHELL('',(#6526));
#6526 = ADVANCED_FACE('',(#6527,#6667),#6742,.T.);
#6527 = FACE_BOUND('',#6528,.F.);
#6528 = EDGE_LOOP('',(#6529,#6540,#6548,#6556,#6564,#6572,#6580,#6588,
    #6596,#6604,#6612,#6620,#6628,#6636,#6644,#6652,#6661));
#6529 = ORIENTED_EDGE('',*,*,#6530,.T.);
#6530 = EDGE_CURVE('',#6531,#6533,#6535,.T.);
#6531 = VERTEX_POINT('',#6532);
#6532 = CARTESIAN_POINT('',(65.963258,-119.104299,1.585));
#6533 = VERTEX_POINT('',#6534);
#6534 = CARTESIAN_POINT('',(66.057541,-119.010016,1.585));
#6535 = CIRCLE('',#6536,0.120001662203);
#6536 = AXIS2_PLACEMENT_3D('',#6537,#6538,#6539);
#6537 = CARTESIAN_POINT('',(66.080953581692,-119.1277115816,1.585));
#6538 = DIRECTION('',(0.,0.,-1.));
#6539 = DIRECTION('',(-0.980782928603,0.195102144942,0.));
#6540 = ORIENTED_EDGE('',*,*,#6541,.T.);
#6541 = EDGE_CURVE('',#6533,#6542,#6544,.T.);
#6542 = VERTEX_POINT('',#6543);
#6543 = CARTESIAN_POINT('',(66.473749,-119.008876,1.585));
#6544 = LINE('',#6545,#6546);
#6545 = CARTESIAN_POINT('',(66.057541,-119.010016,1.585));
#6546 = VECTOR('',#6547,1.);
#6547 = DIRECTION('',(0.999996248919,2.739004833545E-03,0.));
#6548 = ORIENTED_EDGE('',*,*,#6549,.T.);
#6549 = EDGE_CURVE('',#6542,#6550,#6552,.T.);
#6550 = VERTEX_POINT('',#6551);
#6551 = CARTESIAN_POINT('',(66.499851,-119.013868,1.585));
#6552 = LINE('',#6553,#6554);
#6553 = CARTESIAN_POINT('',(66.473749,-119.008876,1.585));
#6554 = VECTOR('',#6555,1.);
#6555 = DIRECTION('',(0.982198644682,-0.187845208576,0.));
#6556 = ORIENTED_EDGE('',*,*,#6557,.T.);
#6557 = EDGE_CURVE('',#6550,#6558,#6560,.T.);
#6558 = VERTEX_POINT('',#6559);
#6559 = CARTESIAN_POINT('',(66.749904,-119.099649,1.585));
#6560 = LINE('',#6561,#6562);
#6561 = CARTESIAN_POINT('',(66.499851,-119.013868,1.585));
#6562 = VECTOR('',#6563,1.);
#6563 = DIRECTION('',(0.945889596512,-0.324488630324,0.));
#6564 = ORIENTED_EDGE('',*,*,#6565,.T.);
#6565 = EDGE_CURVE('',#6558,#6566,#6568,.T.);
#6566 = VERTEX_POINT('',#6567);
#6567 = CARTESIAN_POINT('',(66.775329,-119.119047,1.585));
#6568 = LINE('',#6569,#6570);
#6569 = CARTESIAN_POINT('',(66.749904,-119.099649,1.585));
#6570 = VECTOR('',#6571,1.);
#6571 = DIRECTION('',(0.795031007587,-0.606568789977,0.));
#6572 = ORIENTED_EDGE('',*,*,#6573,.T.);
#6573 = EDGE_CURVE('',#6566,#6574,#6576,.T.);
#6574 = VERTEX_POINT('',#6575);
#6575 = CARTESIAN_POINT('',(66.942633,-119.289613,1.585));
#6576 = LINE('',#6577,#6578);
#6577 = CARTESIAN_POINT('',(66.775329,-119.119047,1.585));
#6578 = VECTOR('',#6579,1.);
#6579 = DIRECTION('',(0.700247312706,-0.713900343919,0.));
#6580 = ORIENTED_EDGE('',*,*,#6581,.T.);
#6581 = EDGE_CURVE('',#6574,#6582,#6584,.T.);
#6582 = VERTEX_POINT('',#6583);
#6583 = CARTESIAN_POINT('',(67.035464,-119.479558,1.585));
#6584 = LINE('',#6585,#6586);
#6585 = CARTESIAN_POINT('',(66.942633,-119.289613,1.585));
#6586 = VECTOR('',#6587,1.);
#6587 = DIRECTION('',(0.439091783623,-0.898442210471,0.));
#6588 = ORIENTED_EDGE('',*,*,#6589,.T.);
#6589 = EDGE_CURVE('',#6582,#6590,#6592,.T.);
#6590 = VERTEX_POINT('',#6591);
#6591 = CARTESIAN_POINT('',(67.114835,-119.809339,1.585));
#6592 = LINE('',#6593,#6594);
#6593 = CARTESIAN_POINT('',(67.035464,-119.479558,1.585));
#6594 = VECTOR('',#6595,1.);
#6595 = DIRECTION('',(0.233996093023,-0.97223753705,0.));
#6596 = ORIENTED_EDGE('',*,*,#6597,.T.);
#6597 = EDGE_CURVE('',#6590,#6598,#6600,.T.);
#6598 = VERTEX_POINT('',#6599);
#6599 = CARTESIAN_POINT('',(67.112255,-120.06704,1.585));
#6600 = LINE('',#6601,#6602);
#6601 = CARTESIAN_POINT('',(67.114835,-119.809339,1.585));
#6602 = VECTOR('',#6603,1.);
#6603 = DIRECTION('',(-1.001110088899E-02,-0.999949887674,0.));
#6604 = ORIENTED_EDGE('',*,*,#6605,.T.);
#6605 = EDGE_CURVE('',#6598,#6606,#6608,.T.);
#6606 = VERTEX_POINT('',#6607);
#6607 = CARTESIAN_POINT('',(67.026378,-120.400423,1.585));
#6608 = LINE('',#6609,#6610);
#6609 = CARTESIAN_POINT('',(67.112255,-120.06704,1.585));
#6610 = VECTOR('',#6611,1.);
#6611 = DIRECTION('',(-0.249449548216,-0.968387795718,0.));
#6612 = ORIENTED_EDGE('',*,*,#6613,.T.);
#6613 = EDGE_CURVE('',#6606,#6614,#6616,.T.);
#6614 = VERTEX_POINT('',#6615);
#6615 = CARTESIAN_POINT('',(66.937656,-120.572713,1.585));
#6616 = LINE('',#6617,#6618);
#6617 = CARTESIAN_POINT('',(67.026378,-120.400423,1.585));
#6618 = VECTOR('',#6619,1.);
#6619 = DIRECTION('',(-0.457820158207,-0.889044826057,0.));
#6620 = ORIENTED_EDGE('',*,*,#6621,.T.);
#6621 = EDGE_CURVE('',#6614,#6622,#6624,.T.);
#6622 = VERTEX_POINT('',#6623);
#6623 = CARTESIAN_POINT('',(66.757144,-120.751296,1.585));
#6624 = LINE('',#6625,#6626);
#6625 = CARTESIAN_POINT('',(66.937656,-120.572713,1.585));
#6626 = VECTOR('',#6627,1.);
#6627 = DIRECTION('',(-0.71089498699,-0.7032981711,0.));
#6628 = ORIENTED_EDGE('',*,*,#6629,.T.);
#6629 = EDGE_CURVE('',#6622,#6630,#6632,.T.);
#6630 = VERTEX_POINT('',#6631);
#6631 = CARTESIAN_POINT('',(66.728423,-120.765362,1.585));
#6632 = LINE('',#6633,#6634);
#6633 = CARTESIAN_POINT('',(66.757144,-120.751296,1.585));
#6634 = VECTOR('',#6635,1.);
#6635 = DIRECTION('',(-0.898080353257,-0.439831421222,0.));
#6636 = ORIENTED_EDGE('',*,*,#6637,.T.);
#6637 = EDGE_CURVE('',#6630,#6638,#6640,.T.);
#6638 = VERTEX_POINT('',#6639);
#6639 = CARTESIAN_POINT('',(66.476912,-120.846768,1.585));
#6640 = LINE('',#6641,#6642);
#6641 = CARTESIAN_POINT('',(66.728423,-120.765362,1.585));
#6642 = VECTOR('',#6643,1.);
#6643 = DIRECTION('',(-0.951405963665,-0.3079394296,0.));
#6644 = ORIENTED_EDGE('',*,*,#6645,.T.);
#6645 = EDGE_CURVE('',#6638,#6646,#6648,.T.);
#6646 = VERTEX_POINT('',#6647);
#6647 = CARTESIAN_POINT('',(66.057541,-120.845404,1.585));
#6648 = LINE('',#6649,#6650);
#6649 = CARTESIAN_POINT('',(66.476912,-120.846768,1.585));
#6650 = VECTOR('',#6651,1.);
#6651 = DIRECTION('',(-0.999994710696,3.252472835234E-03,0.));
#6652 = ORIENTED_EDGE('',*,*,#6653,.T.);
#6653 = EDGE_CURVE('',#6646,#6654,#6656,.T.);
#6654 = VERTEX_POINT('',#6655);
#6655 = CARTESIAN_POINT('',(65.963258,-120.751121,1.585));
#6656 = CIRCLE('',#6657,0.120001662203);
#6657 = AXIS2_PLACEMENT_3D('',#6658,#6659,#6660);
#6658 = CARTESIAN_POINT('',(66.080953581692,-120.7277084183,1.585));
#6659 = DIRECTION('',(0.,0.,-1.));
#6660 = DIRECTION('',(-0.195102144942,-0.980782928603,-0.));
#6661 = ORIENTED_EDGE('',*,*,#6662,.T.);
#6662 = EDGE_CURVE('',#6654,#6531,#6663,.T.);
#6663 = LINE('',#6664,#6665);
#6664 = CARTESIAN_POINT('',(65.963258,-120.751121,1.585));
#6665 = VECTOR('',#6666,1.);
#6666 = DIRECTION('',(0.,1.,0.));
#6667 = FACE_BOUND('',#6668,.F.);
#6668 = EDGE_LOOP('',(#6669,#6679,#6687,#6695,#6703,#6711,#6719,#6727,
    #6736));
#6669 = ORIENTED_EDGE('',*,*,#6670,.T.);
#6670 = EDGE_CURVE('',#6671,#6673,#6675,.T.);
#6671 = VERTEX_POINT('',#6672);
#6672 = CARTESIAN_POINT('',(66.625653,-119.308783,1.585));
#6673 = VERTEX_POINT('',#6674);
#6674 = CARTESIAN_POINT('',(66.442431,-119.24771,1.585));
#6675 = LINE('',#6676,#6677);
#6676 = CARTESIAN_POINT('',(66.625653,-119.308783,1.585));
#6677 = VECTOR('',#6678,1.);
#6678 = DIRECTION('',(-0.948684851376,0.316223106003,0.));
#6679 = ORIENTED_EDGE('',*,*,#6680,.T.);
#6680 = EDGE_CURVE('',#6673,#6681,#6683,.T.);
#6681 = VERTEX_POINT('',#6682);
#6682 = CARTESIAN_POINT('',(66.200952,-119.24771,1.585));
#6683 = LINE('',#6684,#6685);
#6684 = CARTESIAN_POINT('',(66.442431,-119.24771,1.585));
#6685 = VECTOR('',#6686,1.);
#6686 = DIRECTION('',(-1.,0.,0.));
#6687 = ORIENTED_EDGE('',*,*,#6688,.T.);
#6688 = EDGE_CURVE('',#6681,#6689,#6691,.T.);
#6689 = VERTEX_POINT('',#6690);
#6690 = CARTESIAN_POINT('',(66.200952,-120.60771,1.585));
#6691 = LINE('',#6692,#6693);
#6692 = CARTESIAN_POINT('',(66.200952,-119.24771,1.585));
#6693 = VECTOR('',#6694,1.);
#6694 = DIRECTION('',(0.,-1.,0.));
#6695 = ORIENTED_EDGE('',*,*,#6696,.T.);
#6696 = EDGE_CURVE('',#6689,#6697,#6699,.T.);
#6697 = VERTEX_POINT('',#6698);
#6698 = CARTESIAN_POINT('',(66.442431,-120.60771,1.585));
#6699 = LINE('',#6700,#6701);
#6700 = CARTESIAN_POINT('',(66.200952,-120.60771,1.585));
#6701 = VECTOR('',#6702,1.);
#6702 = DIRECTION('',(1.,0.,0.));
#6703 = ORIENTED_EDGE('',*,*,#6704,.T.);
#6704 = EDGE_CURVE('',#6697,#6705,#6707,.T.);
#6705 = VERTEX_POINT('',#6706);
#6706 = CARTESIAN_POINT('',(66.625653,-120.546636,1.585));
#6707 = LINE('',#6708,#6709);
#6708 = CARTESIAN_POINT('',(66.442431,-120.60771,1.585));
#6709 = VECTOR('',#6710,1.);
#6710 = DIRECTION('',(0.948683298051,0.316227766017,0.));
#6711 = ORIENTED_EDGE('',*,*,#6712,.T.);
#6712 = EDGE_CURVE('',#6705,#6713,#6715,.T.);
#6713 = VERTEX_POINT('',#6714);
#6714 = CARTESIAN_POINT('',(66.744235,-120.428054,1.585));
#6715 = LINE('',#6716,#6717);
#6716 = CARTESIAN_POINT('',(66.625653,-120.546636,1.585));
#6717 = VECTOR('',#6718,1.);
#6718 = DIRECTION('',(0.707106781187,0.707106781187,0.));
#6719 = ORIENTED_EDGE('',*,*,#6720,.T.);
#6720 = EDGE_CURVE('',#6713,#6721,#6723,.T.);
#6721 = VERTEX_POINT('',#6722);
#6722 = CARTESIAN_POINT('',(66.805824,-120.304876,1.585));
#6723 = LINE('',#6724,#6725);
#6724 = CARTESIAN_POINT('',(66.744235,-120.428054,1.585));
#6725 = VECTOR('',#6726,1.);
#6726 = DIRECTION('',(0.4472135955,0.894427191,0.));
#6727 = ORIENTED_EDGE('',*,*,#6728,.T.);
#6728 = EDGE_CURVE('',#6721,#6729,#6731,.T.);
#6729 = VERTEX_POINT('',#6730);
#6730 = CARTESIAN_POINT('',(66.744235,-119.427365,1.585));
#6731 = CIRCLE('',#6732,0.98976062834);
#6732 = AXIS2_PLACEMENT_3D('',#6733,#6734,#6735);
#6733 = CARTESIAN_POINT('',(65.890542273039,-119.9281991335,1.585));
#6734 = DIRECTION('',(0.,-0.,1.));
#6735 = DIRECTION('',(0.924750591964,-0.38057370201,-0.));
#6736 = ORIENTED_EDGE('',*,*,#6737,.T.);
#6737 = EDGE_CURVE('',#6729,#6671,#6738,.T.);
#6738 = LINE('',#6739,#6740);
#6739 = CARTESIAN_POINT('',(66.744235,-119.427365,1.585));
#6740 = VECTOR('',#6741,1.);
#6741 = DIRECTION('',(-0.707106781187,0.707106781187,0.));
#6742 = PLANE('',#6743);
#6743 = AXIS2_PLACEMENT_3D('',#6744,#6745,#6746);
#6744 = CARTESIAN_POINT('',(0.,0.,1.585));
#6745 = DIRECTION('',(0.,0.,1.));
#6746 = DIRECTION('',(1.,0.,-0.));
#6747 = SHELL_BASED_SURFACE_MODEL('',(#6748));
#6748 = OPEN_SHELL('',(#6749));
#6749 = ADVANCED_FACE('',(#6750),#6819,.T.);
#6750 = FACE_BOUND('',#6751,.F.);
#6751 = EDGE_LOOP('',(#6752,#6763,#6771,#6780,#6788,#6796,#6805,#6813));
#6752 = ORIENTED_EDGE('',*,*,#6753,.T.);
#6753 = EDGE_CURVE('',#6754,#6756,#6758,.T.);
#6754 = VERTEX_POINT('',#6755);
#6755 = CARTESIAN_POINT('',(74.719445,-119.245404,1.585));
#6756 = VERTEX_POINT('',#6757);
#6757 = CARTESIAN_POINT('',(74.719445,-119.010016,1.585));
#6758 = CIRCLE('',#6759,0.119999802321);
#6759 = AXIS2_PLACEMENT_3D('',#6760,#6761,#6762);
#6760 = CARTESIAN_POINT('',(74.742856,-119.12771,1.585));
#6761 = DIRECTION('',(0.,0.,-1.));
#6762 = DIRECTION('',(-0.195091988047,-0.980784949008,-0.));
#6763 = ORIENTED_EDGE('',*,*,#6764,.T.);
#6764 = EDGE_CURVE('',#6756,#6765,#6767,.T.);
#6765 = VERTEX_POINT('',#6766);
#6766 = CARTESIAN_POINT('',(75.680553,-119.010016,1.585));
#6767 = LINE('',#6768,#6769);
#6768 = CARTESIAN_POINT('',(74.719445,-119.010016,1.585));
#6769 = VECTOR('',#6770,1.);
#6770 = DIRECTION('',(1.,0.,0.));
#6771 = ORIENTED_EDGE('',*,*,#6772,.T.);
#6772 = EDGE_CURVE('',#6765,#6773,#6775,.T.);
#6773 = VERTEX_POINT('',#6774);
#6774 = CARTESIAN_POINT('',(75.680553,-119.245404,1.585));
#6775 = CIRCLE('',#6776,0.119999802321);
#6776 = AXIS2_PLACEMENT_3D('',#6777,#6778,#6779);
#6777 = CARTESIAN_POINT('',(75.657142,-119.12771,1.585));
#6778 = DIRECTION('',(0.,0.,-1.));
#6779 = DIRECTION('',(0.195091988047,0.980784949008,0.));
#6780 = ORIENTED_EDGE('',*,*,#6781,.T.);
#6781 = EDGE_CURVE('',#6773,#6782,#6784,.T.);
#6782 = VERTEX_POINT('',#6783);
#6783 = CARTESIAN_POINT('',(75.319999,-119.24771,1.585));
#6784 = LINE('',#6785,#6786);
#6785 = CARTESIAN_POINT('',(75.680553,-119.245404,1.585));
#6786 = VECTOR('',#6787,1.);
#6787 = DIRECTION('',(-0.999979548053,-6.395582458703E-03,0.));
#6788 = ORIENTED_EDGE('',*,*,#6789,.T.);
#6789 = EDGE_CURVE('',#6782,#6790,#6792,.T.);
#6790 = VERTEX_POINT('',#6791);
#6791 = CARTESIAN_POINT('',(75.317693,-120.751121,1.585));
#6792 = LINE('',#6793,#6794);
#6793 = CARTESIAN_POINT('',(75.319999,-119.24771,1.585));
#6794 = VECTOR('',#6795,1.);
#6795 = DIRECTION('',(-1.533843564636E-03,-0.999998823661,0.));
#6796 = ORIENTED_EDGE('',*,*,#6797,.T.);
#6797 = EDGE_CURVE('',#6790,#6798,#6800,.T.);
#6798 = VERTEX_POINT('',#6799);
#6799 = CARTESIAN_POINT('',(75.082305,-120.751121,1.585));
#6800 = CIRCLE('',#6801,0.119999802321);
#6801 = AXIS2_PLACEMENT_3D('',#6802,#6803,#6804);
#6802 = CARTESIAN_POINT('',(75.199999,-120.72771,1.585));
#6803 = DIRECTION('',(-0.,0.,-1.));
#6804 = DIRECTION('',(0.980784949008,-0.195091988047,-0.));
#6805 = ORIENTED_EDGE('',*,*,#6806,.T.);
#6806 = EDGE_CURVE('',#6798,#6807,#6809,.T.);
#6807 = VERTEX_POINT('',#6808);
#6808 = CARTESIAN_POINT('',(75.079999,-119.24771,1.585));
#6809 = LINE('',#6810,#6811);
#6810 = CARTESIAN_POINT('',(75.082305,-120.751121,1.585));
#6811 = VECTOR('',#6812,1.);
#6812 = DIRECTION('',(-1.533843564645E-03,0.999998823661,0.));
#6813 = ORIENTED_EDGE('',*,*,#6814,.T.);
#6814 = EDGE_CURVE('',#6807,#6754,#6815,.T.);
#6815 = LINE('',#6816,#6817);
#6816 = CARTESIAN_POINT('',(75.079999,-119.24771,1.585));
#6817 = VECTOR('',#6818,1.);
#6818 = DIRECTION('',(-0.999979548053,6.395582458703E-03,0.));
#6819 = PLANE('',#6820);
#6820 = AXIS2_PLACEMENT_3D('',#6821,#6822,#6823);
#6821 = CARTESIAN_POINT('',(0.,0.,1.585));
#6822 = DIRECTION('',(0.,0.,1.));
#6823 = DIRECTION('',(1.,0.,-0.));
#6824 = SHELL_BASED_SURFACE_MODEL('',(#6825));
#6825 = OPEN_SHELL('',(#6826));
#6826 = ADVANCED_FACE('',(#6827),#6945,.T.);
#6827 = FACE_BOUND('',#6828,.F.);
#6828 = EDGE_LOOP('',(#6829,#6840,#6848,#6856,#6864,#6873,#6881,#6890,
    #6898,#6906,#6914,#6923,#6931,#6939));
#6829 = ORIENTED_EDGE('',*,*,#6830,.T.);
#6830 = EDGE_CURVE('',#6831,#6833,#6835,.T.);
#6831 = VERTEX_POINT('',#6832);
#6832 = CARTESIAN_POINT('',(76.376189,-119.027934,1.585));
#6833 = VERTEX_POINT('',#6834);
#6834 = CARTESIAN_POINT('',(76.560551,-119.104299,1.585));
#6835 = CIRCLE('',#6836,0.119999904712);
#6836 = AXIS2_PLACEMENT_3D('',#6837,#6838,#6839);
#6837 = CARTESIAN_POINT('',(76.442857,-119.1277105248,1.585));
#6838 = DIRECTION('',(0.,0.,-1.));
#6839 = DIRECTION('',(-0.555567107826,0.831471700482,0.));
#6840 = ORIENTED_EDGE('',*,*,#6841,.T.);
#6841 = EDGE_CURVE('',#6833,#6842,#6844,.T.);
#6842 = VERTEX_POINT('',#6843);
#6843 = CARTESIAN_POINT('',(76.562857,-119.769615,1.585));
#6844 = LINE('',#6845,#6846);
#6845 = CARTESIAN_POINT('',(76.560551,-119.104299,1.585));
#6846 = VECTOR('',#6847,1.);
#6847 = DIRECTION('',(3.466001341872E-03,-0.999993993399,0.));
#6848 = ORIENTED_EDGE('',*,*,#6849,.T.);
#6849 = EDGE_CURVE('',#6842,#6850,#6852,.T.);
#6850 = VERTEX_POINT('',#6851);
#6851 = CARTESIAN_POINT('',(77.237143,-119.769615,1.585));
#6852 = LINE('',#6853,#6854);
#6853 = CARTESIAN_POINT('',(76.562857,-119.769615,1.585));
#6854 = VECTOR('',#6855,1.);
#6855 = DIRECTION('',(1.,0.,0.));
#6856 = ORIENTED_EDGE('',*,*,#6857,.T.);
#6857 = EDGE_CURVE('',#6850,#6858,#6860,.T.);
#6858 = VERTEX_POINT('',#6859);
#6859 = CARTESIAN_POINT('',(77.239449,-119.104299,1.585));
#6860 = LINE('',#6861,#6862);
#6861 = CARTESIAN_POINT('',(77.237143,-119.769615,1.585));
#6862 = VECTOR('',#6863,1.);
#6863 = DIRECTION('',(3.466001341872E-03,0.999993993399,0.));
#6864 = ORIENTED_EDGE('',*,*,#6865,.T.);
#6865 = EDGE_CURVE('',#6858,#6866,#6868,.T.);
#6866 = VERTEX_POINT('',#6867);
#6867 = CARTESIAN_POINT('',(77.474837,-119.104299,1.585));
#6868 = CIRCLE('',#6869,0.119999802321);
#6869 = AXIS2_PLACEMENT_3D('',#6870,#6871,#6872);
#6870 = CARTESIAN_POINT('',(77.357143,-119.12771,1.585));
#6871 = DIRECTION('',(0.,0.,-1.));
#6872 = DIRECTION('',(-0.980784949008,0.195091988047,0.));
#6873 = ORIENTED_EDGE('',*,*,#6874,.T.);
#6874 = EDGE_CURVE('',#6866,#6875,#6877,.T.);
#6875 = VERTEX_POINT('',#6876);
#6876 = CARTESIAN_POINT('',(77.474837,-120.751121,1.585));
#6877 = LINE('',#6878,#6879);
#6878 = CARTESIAN_POINT('',(77.474837,-119.104299,1.585));
#6879 = VECTOR('',#6880,1.);
#6880 = DIRECTION('',(0.,-1.,0.));
#6881 = ORIENTED_EDGE('',*,*,#6882,.T.);
#6882 = EDGE_CURVE('',#6875,#6883,#6885,.T.);
#6883 = VERTEX_POINT('',#6884);
#6884 = CARTESIAN_POINT('',(77.239449,-120.751121,1.585));
#6885 = CIRCLE('',#6886,0.119999802321);
#6886 = AXIS2_PLACEMENT_3D('',#6887,#6888,#6889);
#6887 = CARTESIAN_POINT('',(77.357143,-120.72771,1.585));
#6888 = DIRECTION('',(-0.,0.,-1.));
#6889 = DIRECTION('',(0.980784949008,-0.195091988047,-0.));
#6890 = ORIENTED_EDGE('',*,*,#6891,.T.);
#6891 = EDGE_CURVE('',#6883,#6892,#6894,.T.);
#6892 = VERTEX_POINT('',#6893);
#6893 = CARTESIAN_POINT('',(77.237143,-120.009615,1.585));
#6894 = LINE('',#6895,#6896);
#6895 = CARTESIAN_POINT('',(77.239449,-120.751121,1.585));
#6896 = VECTOR('',#6897,1.);
#6897 = DIRECTION('',(-3.109872137176E-03,0.999995164336,0.));
#6898 = ORIENTED_EDGE('',*,*,#6899,.T.);
#6899 = EDGE_CURVE('',#6892,#6900,#6902,.T.);
#6900 = VERTEX_POINT('',#6901);
#6901 = CARTESIAN_POINT('',(76.562857,-120.009615,1.585));
#6902 = LINE('',#6903,#6904);
#6903 = CARTESIAN_POINT('',(77.237143,-120.009615,1.585));
#6904 = VECTOR('',#6905,1.);
#6905 = DIRECTION('',(-1.,0.,0.));
#6906 = ORIENTED_EDGE('',*,*,#6907,.T.);
#6907 = EDGE_CURVE('',#6900,#6908,#6910,.T.);
#6908 = VERTEX_POINT('',#6909);
#6909 = CARTESIAN_POINT('',(76.560551,-120.751121,1.585));
#6910 = LINE('',#6911,#6912);
#6911 = CARTESIAN_POINT('',(76.562857,-120.009615,1.585));
#6912 = VECTOR('',#6913,1.);
#6913 = DIRECTION('',(-3.109872137176E-03,-0.999995164336,0.));
#6914 = ORIENTED_EDGE('',*,*,#6915,.T.);
#6915 = EDGE_CURVE('',#6908,#6916,#6918,.T.);
#6916 = VERTEX_POINT('',#6917);
#6917 = CARTESIAN_POINT('',(76.325163,-120.751121,1.585));
#6918 = CIRCLE('',#6919,0.119999802321);
#6919 = AXIS2_PLACEMENT_3D('',#6920,#6921,#6922);
#6920 = CARTESIAN_POINT('',(76.442857,-120.72771,1.585));
#6921 = DIRECTION('',(-0.,0.,-1.));
#6922 = DIRECTION('',(0.980784949008,-0.195091988047,-0.));
#6923 = ORIENTED_EDGE('',*,*,#6924,.T.);
#6924 = EDGE_CURVE('',#6916,#6925,#6927,.T.);
#6925 = VERTEX_POINT('',#6926);
#6926 = CARTESIAN_POINT('',(76.325163,-119.104299,1.585));
#6927 = LINE('',#6928,#6929);
#6928 = CARTESIAN_POINT('',(76.325163,-120.751121,1.585));
#6929 = VECTOR('',#6930,1.);
#6930 = DIRECTION('',(0.,1.,0.));
#6931 = ORIENTED_EDGE('',*,*,#6932,.T.);
#6932 = EDGE_CURVE('',#6925,#6933,#6935,.T.);
#6933 = VERTEX_POINT('',#6934);
#6934 = CARTESIAN_POINT('',(76.343081,-119.061042,1.585));
#6935 = LINE('',#6936,#6937);
#6936 = CARTESIAN_POINT('',(76.325163,-119.104299,1.585));
#6937 = VECTOR('',#6938,1.);
#6938 = DIRECTION('',(0.382690066869,0.923876784382,0.));
#6939 = ORIENTED_EDGE('',*,*,#6940,.T.);
#6940 = EDGE_CURVE('',#6933,#6831,#6941,.T.);
#6941 = LINE('',#6942,#6943);
#6942 = CARTESIAN_POINT('',(76.343081,-119.061042,1.585));
#6943 = VECTOR('',#6944,1.);
#6944 = DIRECTION('',(0.707106781187,0.707106781187,0.));
#6945 = PLANE('',#6946);
#6946 = AXIS2_PLACEMENT_3D('',#6947,#6948,#6949);
#6947 = CARTESIAN_POINT('',(0.,0.,1.585));
#6948 = DIRECTION('',(0.,0.,1.));
#6949 = DIRECTION('',(1.,0.,-0.));
#6950 = SHELL_BASED_SURFACE_MODEL('',(#6951));
#6951 = OPEN_SHELL('',(#6952));
#6952 = ADVANCED_FACE('',(#6953),#7151,.T.);
#6953 = FACE_BOUND('',#6954,.F.);
#6954 = EDGE_LOOP('',(#6955,#6966,#6974,#6982,#6990,#6998,#7006,#7014,
    #7022,#7030,#7039,#7047,#7056,#7064,#7073,#7081,#7089,#7097,#7105,
    #7113,#7121,#7129,#7137,#7145));
#6955 = ORIENTED_EDGE('',*,*,#6956,.T.);
#6956 = EDGE_CURVE('',#6957,#6959,#6961,.T.);
#6957 = VERTEX_POINT('',#6958);
#6958 = CARTESIAN_POINT('',(75.130554,-115.346066,1.585));
#6959 = VERTEX_POINT('',#6960);
#6960 = CARTESIAN_POINT('',(75.322598,-115.425614,1.585));
#6961 = CIRCLE('',#6962,0.124999692383);
#6962 = AXIS2_PLACEMENT_3D('',#6963,#6964,#6965);
#6963 = CARTESIAN_POINT('',(75.2,-115.449999518,1.585));
#6964 = DIRECTION('',(0.,0.,-1.));
#6965 = DIRECTION('',(-0.55556936722,0.831470190811,0.));
#6966 = ORIENTED_EDGE('',*,*,#6967,.T.);
#6967 = EDGE_CURVE('',#6959,#6968,#6970,.T.);
#6968 = VERTEX_POINT('',#6969);
#6969 = CARTESIAN_POINT('',(75.322598,-116.424386,1.585));
#6970 = LINE('',#6971,#6972);
#6971 = CARTESIAN_POINT('',(75.322598,-115.425614,1.585));
#6972 = VECTOR('',#6973,1.);
#6973 = DIRECTION('',(0.,-1.,0.));
#6974 = ORIENTED_EDGE('',*,*,#6975,.T.);
#6975 = EDGE_CURVE('',#6968,#6976,#6978,.T.);
#6976 = VERTEX_POINT('',#6977);
#6977 = CARTESIAN_POINT('',(75.303928,-116.469451,1.585));
#6978 = LINE('',#6979,#6980);
#6979 = CARTESIAN_POINT('',(75.322598,-116.424386,1.585));
#6980 = VECTOR('',#6981,1.);
#6981 = DIRECTION('',(-0.382744077212,-0.923854410261,0.));
#6982 = ORIENTED_EDGE('',*,*,#6983,.T.);
#6983 = EDGE_CURVE('',#6976,#6984,#6986,.T.);
#6984 = VERTEX_POINT('',#6985);
#6985 = CARTESIAN_POINT('',(74.469446,-117.303934,1.585));
#6986 = LINE('',#6987,#6988);
#6987 = CARTESIAN_POINT('',(75.303928,-116.469451,1.585));
#6988 = VECTOR('',#6989,1.);
#6989 = DIRECTION('',(-0.707106357507,-0.707107204866,0.));
#6990 = ORIENTED_EDGE('',*,*,#6991,.T.);
#6991 = EDGE_CURVE('',#6984,#6992,#6994,.T.);
#6992 = VERTEX_POINT('',#6993);
#6993 = CARTESIAN_POINT('',(74.424386,-117.322598,1.585));
#6994 = LINE('',#6995,#6996);
#6995 = CARTESIAN_POINT('',(74.469446,-117.303934,1.585));
#6996 = VECTOR('',#6997,1.);
#6997 = DIRECTION('',(-0.923882889657,-0.382675327398,0.));
#6998 = ORIENTED_EDGE('',*,*,#6999,.T.);
#6999 = EDGE_CURVE('',#6992,#7000,#7002,.T.);
#7000 = VERTEX_POINT('',#7001);
#7001 = CARTESIAN_POINT('',(65.651776,-117.325,1.585));
#7002 = LINE('',#7003,#7004);
#7003 = CARTESIAN_POINT('',(74.424386,-117.322598,1.585));
#7004 = VECTOR('',#7005,1.);
#7005 = DIRECTION('',(-0.999999962515,-2.738067587599E-04,0.));
#7006 = ORIENTED_EDGE('',*,*,#7007,.T.);
#7007 = EDGE_CURVE('',#7000,#7008,#7010,.T.);
#7008 = VERTEX_POINT('',#7009);
#7009 = CARTESIAN_POINT('',(64.925,-118.051776,1.585));
#7010 = LINE('',#7011,#7012);
#7011 = CARTESIAN_POINT('',(65.651776,-117.325,1.585));
#7012 = VECTOR('',#7013,1.);
#7013 = DIRECTION('',(-0.707106781187,-0.707106781187,0.));
#7014 = ORIENTED_EDGE('',*,*,#7015,.T.);
#7015 = EDGE_CURVE('',#7008,#7016,#7018,.T.);
#7016 = VERTEX_POINT('',#7017);
#7017 = CARTESIAN_POINT('',(64.925,-118.233506,1.585));
#7018 = LINE('',#7019,#7020);
#7019 = CARTESIAN_POINT('',(64.925,-118.051776,1.585));
#7020 = VECTOR('',#7021,1.);
#7021 = DIRECTION('',(0.,-1.,0.));
#7022 = ORIENTED_EDGE('',*,*,#7023,.T.);
#7023 = EDGE_CURVE('',#7016,#7024,#7026,.T.);
#7024 = VERTEX_POINT('',#7025);
#7025 = CARTESIAN_POINT('',(65.156021,-117.838181,1.585));
#7026 = LINE('',#7027,#7028);
#7027 = CARTESIAN_POINT('',(64.925,-118.233506,1.585));
#7028 = VECTOR('',#7029,1.);
#7029 = DIRECTION('',(0.504546707564,0.863384398681,0.));
#7030 = ORIENTED_EDGE('',*,*,#7031,.T.);
#7031 = EDGE_CURVE('',#7024,#7032,#7034,.T.);
#7032 = VERTEX_POINT('',#7033);
#7033 = CARTESIAN_POINT('',(65.368365,-117.960782,1.585));
#7034 = CIRCLE('',#7035,0.124999666934);
#7035 = AXIS2_PLACEMENT_3D('',#7036,#7037,#7038);
#7036 = CARTESIAN_POINT('',(65.249999744372,-117.920600126,1.585));
#7037 = DIRECTION('',(0.,0.,-1.));
#7038 = DIRECTION('',(-0.751831958256,0.659354765317,0.));
#7039 = ORIENTED_EDGE('',*,*,#7040,.T.);
#7040 = EDGE_CURVE('',#7032,#7041,#7043,.T.);
#7041 = VERTEX_POINT('',#7042);
#7042 = CARTESIAN_POINT('',(64.893979,-118.782419,1.585));
#7043 = LINE('',#7044,#7045);
#7044 = CARTESIAN_POINT('',(65.368365,-117.960782,1.585));
#7045 = VECTOR('',#7046,1.);
#7046 = DIRECTION('',(-0.500010795892,-0.866019170684,0.));
#7047 = ORIENTED_EDGE('',*,*,#7048,.T.);
#7048 = EDGE_CURVE('',#7041,#7049,#7051,.T.);
#7049 = VERTEX_POINT('',#7050);
#7050 = CARTESIAN_POINT('',(64.691748,-118.762501,1.585));
#7051 = CIRCLE('',#7052,0.124998449535);
#7052 = AXIS2_PLACEMENT_3D('',#7053,#7054,#7055);
#7053 = CARTESIAN_POINT('',(64.799999981493,-118.7000020328,1.585));
#7054 = DIRECTION('',(-0.,0.,-1.));
#7055 = DIRECTION('',(0.751841473688,-0.659343915147,-0.));
#7056 = ORIENTED_EDGE('',*,*,#7057,.T.);
#7057 = EDGE_CURVE('',#7049,#7058,#7060,.T.);
#7058 = VERTEX_POINT('',#7059);
#7059 = CARTESIAN_POINT('',(64.231635,-117.960782,1.585));
#7060 = LINE('',#7061,#7062);
#7061 = CARTESIAN_POINT('',(64.691748,-118.762501,1.585));
#7062 = VECTOR('',#7063,1.);
#7063 = DIRECTION('',(-0.497759221665,0.867315258281,0.));
#7064 = ORIENTED_EDGE('',*,*,#7065,.T.);
#7065 = EDGE_CURVE('',#7058,#7066,#7068,.T.);
#7066 = VERTEX_POINT('',#7067);
#7067 = CARTESIAN_POINT('',(64.443979,-117.838181,1.585));
#7068 = CIRCLE('',#7069,0.124999574469);
#7069 = AXIS2_PLACEMENT_3D('',#7070,#7071,#7072);
#7070 = CARTESIAN_POINT('',(64.350000018638,-117.9205997155,1.585));
#7071 = DIRECTION('',(0.,0.,-1.));
#7072 = DIRECTION('',(-0.946923372665,-0.321459369594,-0.));
#7073 = ORIENTED_EDGE('',*,*,#7074,.T.);
#7074 = EDGE_CURVE('',#7066,#7075,#7077,.T.);
#7075 = VERTEX_POINT('',#7076);
#7076 = CARTESIAN_POINT('',(64.675,-118.233506,1.585));
#7077 = LINE('',#7078,#7079);
#7078 = CARTESIAN_POINT('',(64.443979,-117.838181,1.585));
#7079 = VECTOR('',#7080,1.);
#7080 = DIRECTION('',(0.504546707564,-0.863384398681,0.));
#7081 = ORIENTED_EDGE('',*,*,#7082,.T.);
#7082 = EDGE_CURVE('',#7075,#7083,#7085,.T.);
#7083 = VERTEX_POINT('',#7084);
#7084 = CARTESIAN_POINT('',(64.677402,-117.975614,1.585));
#7085 = LINE('',#7086,#7087);
#7086 = CARTESIAN_POINT('',(64.675,-118.233506,1.585));
#7087 = VECTOR('',#7088,1.);
#7088 = DIRECTION('',(9.313572425062E-03,0.999956627744,0.));
#7089 = ORIENTED_EDGE('',*,*,#7090,.T.);
#7090 = EDGE_CURVE('',#7083,#7091,#7093,.T.);
#7091 = VERTEX_POINT('',#7092);
#7092 = CARTESIAN_POINT('',(64.696071,-117.930548,1.585));
#7093 = LINE('',#7094,#7095);
#7094 = CARTESIAN_POINT('',(64.677402,-117.975614,1.585));
#7095 = VECTOR('',#7096,1.);
#7096 = DIRECTION('',(0.382719331074,0.923864661962,0.));
#7097 = ORIENTED_EDGE('',*,*,#7098,.T.);
#7098 = EDGE_CURVE('',#7091,#7099,#7101,.T.);
#7099 = VERTEX_POINT('',#7100);
#7100 = CARTESIAN_POINT('',(65.530554,-117.096066,1.585));
#7101 = LINE('',#7102,#7103);
#7102 = CARTESIAN_POINT('',(64.696071,-117.930548,1.585));
#7103 = VECTOR('',#7104,1.);
#7104 = DIRECTION('',(0.707107204866,0.707106357507,0.));
#7105 = ORIENTED_EDGE('',*,*,#7106,.T.);
#7106 = EDGE_CURVE('',#7099,#7107,#7109,.T.);
#7107 = VERTEX_POINT('',#7108);
#7108 = CARTESIAN_POINT('',(65.575614,-117.077402,1.585));
#7109 = LINE('',#7110,#7111);
#7110 = CARTESIAN_POINT('',(65.530554,-117.096066,1.585));
#7111 = VECTOR('',#7112,1.);
#7112 = DIRECTION('',(0.923882889657,0.382675327398,0.));
#7113 = ORIENTED_EDGE('',*,*,#7114,.T.);
#7114 = EDGE_CURVE('',#7107,#7115,#7117,.T.);
#7115 = VERTEX_POINT('',#7116);
#7116 = CARTESIAN_POINT('',(74.348224,-117.075,1.585));
#7117 = LINE('',#7118,#7119);
#7118 = CARTESIAN_POINT('',(65.575614,-117.077402,1.585));
#7119 = VECTOR('',#7120,1.);
#7120 = DIRECTION('',(0.999999962515,2.738067587599E-04,0.));
#7121 = ORIENTED_EDGE('',*,*,#7122,.T.);
#7122 = EDGE_CURVE('',#7115,#7123,#7125,.T.);
#7123 = VERTEX_POINT('',#7124);
#7124 = CARTESIAN_POINT('',(75.075,-116.348224,1.585));
#7125 = LINE('',#7126,#7127);
#7126 = CARTESIAN_POINT('',(74.348224,-117.075,1.585));
#7127 = VECTOR('',#7128,1.);
#7128 = DIRECTION('',(0.707106781187,0.707106781187,0.));
#7129 = ORIENTED_EDGE('',*,*,#7130,.T.);
#7130 = EDGE_CURVE('',#7123,#7131,#7133,.T.);
#7131 = VERTEX_POINT('',#7132);
#7132 = CARTESIAN_POINT('',(75.077402,-115.425614,1.585));
#7133 = LINE('',#7134,#7135);
#7134 = CARTESIAN_POINT('',(75.075,-116.348224,1.585));
#7135 = VECTOR('',#7136,1.);
#7136 = DIRECTION('',(2.60347477213E-03,0.999996610954,0.));
#7137 = ORIENTED_EDGE('',*,*,#7138,.T.);
#7138 = EDGE_CURVE('',#7131,#7139,#7141,.T.);
#7139 = VERTEX_POINT('',#7140);
#7140 = CARTESIAN_POINT('',(75.096066,-115.380554,1.585));
#7141 = LINE('',#7142,#7143);
#7142 = CARTESIAN_POINT('',(75.077402,-115.425614,1.585));
#7143 = VECTOR('',#7144,1.);
#7144 = DIRECTION('',(0.382675327398,0.923882889657,0.));
#7145 = ORIENTED_EDGE('',*,*,#7146,.T.);
#7146 = EDGE_CURVE('',#7139,#6957,#7147,.T.);
#7147 = LINE('',#7148,#7149);
#7148 = CARTESIAN_POINT('',(75.096066,-115.380554,1.585));
#7149 = VECTOR('',#7150,1.);
#7150 = DIRECTION('',(0.707106781187,0.707106781187,0.));
#7151 = PLANE('',#7152);
#7152 = AXIS2_PLACEMENT_3D('',#7153,#7154,#7155);
#7153 = CARTESIAN_POINT('',(0.,0.,1.585));
#7154 = DIRECTION('',(0.,0.,1.));
#7155 = DIRECTION('',(1.,0.,-0.));
#7156 = SHELL_BASED_SURFACE_MODEL('',(#7157));
#7157 = OPEN_SHELL('',(#7158));
#7158 = ADVANCED_FACE('',(#7159),#7297,.T.);
#7159 = FACE_BOUND('',#7160,.F.);
#7160 = EDGE_LOOP('',(#7161,#7172,#7180,#7189,#7197,#7206,#7214,#7223,
    #7231,#7240,#7248,#7257,#7265,#7274,#7282,#7291));
#7161 = ORIENTED_EDGE('',*,*,#7162,.T.);
#7162 = EDGE_CURVE('',#7163,#7165,#7167,.T.);
#7163 = VERTEX_POINT('',#7164);
#7164 = CARTESIAN_POINT('',(60.475,-77.799997,1.585));
#7165 = VERTEX_POINT('',#7166);
#7166 = CARTESIAN_POINT('',(61.6,-76.675,1.585));
#7167 = CIRCLE('',#7168,1.125022643542);
#7168 = AXIS2_PLACEMENT_3D('',#7169,#7170,#7171);
#7169 = CARTESIAN_POINT('',(61.60002264325,-77.80002264331,1.585));
#7170 = DIRECTION('',(0.,0.,-1.));
#7171 = DIRECTION('',(-0.99999999974,2.279359826357E-05,0.));
#7172 = ORIENTED_EDGE('',*,*,#7173,.T.);
#7173 = EDGE_CURVE('',#7165,#7174,#7176,.T.);
#7174 = VERTEX_POINT('',#7175);
#7175 = CARTESIAN_POINT('',(61.974386,-76.677402,1.585));
#7176 = LINE('',#7177,#7178);
#7177 = CARTESIAN_POINT('',(61.6,-76.675,1.585));
#7178 = VECTOR('',#7179,1.);
#7179 = DIRECTION('',(0.999979419145,-6.415706155655E-03,0.));
#7180 = ORIENTED_EDGE('',*,*,#7181,.T.);
#7181 = EDGE_CURVE('',#7174,#7182,#7184,.T.);
#7182 = VERTEX_POINT('',#7183);
#7183 = CARTESIAN_POINT('',(61.974386,-76.922598,1.585));
#7184 = CIRCLE('',#7185,0.1249997864);
#7185 = AXIS2_PLACEMENT_3D('',#7186,#7187,#7188);
#7186 = CARTESIAN_POINT('',(61.95,-76.8,1.585));
#7187 = DIRECTION('',(0.,0.,-1.));
#7188 = DIRECTION('',(0.195088333367,0.980785675968,0.));
#7189 = ORIENTED_EDGE('',*,*,#7190,.T.);
#7190 = EDGE_CURVE('',#7182,#7191,#7193,.T.);
#7191 = VERTEX_POINT('',#7192);
#7192 = CARTESIAN_POINT('',(61.513823,-76.925002,1.585));
#7193 = LINE('',#7194,#7195);
#7194 = CARTESIAN_POINT('',(61.974386,-76.922598,1.585));
#7195 = VECTOR('',#7196,1.);
#7196 = DIRECTION('',(-0.999986377652,-5.219627394924E-03,0.));
#7197 = ORIENTED_EDGE('',*,*,#7198,.T.);
#7198 = EDGE_CURVE('',#7191,#7199,#7201,.T.);
#7199 = VERTEX_POINT('',#7200);
#7200 = CARTESIAN_POINT('',(60.725002,-77.713823,1.585));
#7201 = CIRCLE('',#7202,0.879255247702);
#7202 = AXIS2_PLACEMENT_3D('',#7203,#7204,#7205);
#7203 = CARTESIAN_POINT('',(61.600021751675,-77.80002175167,1.585));
#7204 = DIRECTION('',(0.,0.,1.));
#7205 = DIRECTION('',(-9.803609577579E-02,0.995182859541,0.));
#7206 = ORIENTED_EDGE('',*,*,#7207,.T.);
#7207 = EDGE_CURVE('',#7199,#7208,#7210,.T.);
#7208 = VERTEX_POINT('',#7209);
#7209 = CARTESIAN_POINT('',(60.725002,-115.036177,1.585));
#7210 = LINE('',#7211,#7212);
#7211 = CARTESIAN_POINT('',(60.725002,-77.713823,1.585));
#7212 = VECTOR('',#7213,1.);
#7213 = DIRECTION('',(0.,-1.,0.));
#7214 = ORIENTED_EDGE('',*,*,#7215,.T.);
#7215 = EDGE_CURVE('',#7208,#7216,#7218,.T.);
#7216 = VERTEX_POINT('',#7217);
#7217 = CARTESIAN_POINT('',(61.513823,-115.824998,1.585));
#7218 = CIRCLE('',#7219,0.879255247702);
#7219 = AXIS2_PLACEMENT_3D('',#7220,#7221,#7222);
#7220 = CARTESIAN_POINT('',(61.600021751675,-114.9499782483,1.585));
#7221 = DIRECTION('',(0.,0.,1.));
#7222 = DIRECTION('',(-0.995182859541,-9.803609577579E-02,0.));
#7223 = ORIENTED_EDGE('',*,*,#7224,.T.);
#7224 = EDGE_CURVE('',#7216,#7225,#7227,.T.);
#7225 = VERTEX_POINT('',#7226);
#7226 = CARTESIAN_POINT('',(68.686177,-115.824998,1.585));
#7227 = LINE('',#7228,#7229);
#7228 = CARTESIAN_POINT('',(61.513823,-115.824998,1.585));
#7229 = VECTOR('',#7230,1.);
#7230 = DIRECTION('',(1.,0.,0.));
#7231 = ORIENTED_EDGE('',*,*,#7232,.T.);
#7232 = EDGE_CURVE('',#7225,#7233,#7235,.T.);
#7233 = VERTEX_POINT('',#7234);
#7234 = CARTESIAN_POINT('',(69.474998,-115.036177,1.585));
#7235 = CIRCLE('',#7236,0.879255247702);
#7236 = AXIS2_PLACEMENT_3D('',#7237,#7238,#7239);
#7237 = CARTESIAN_POINT('',(68.599978248325,-114.9499782483,1.585));
#7238 = DIRECTION('',(0.,0.,1.));
#7239 = DIRECTION('',(9.803609577579E-02,-0.995182859541,0.));
#7240 = ORIENTED_EDGE('',*,*,#7241,.T.);
#7241 = EDGE_CURVE('',#7233,#7242,#7244,.T.);
#7242 = VERTEX_POINT('',#7243);
#7243 = CARTESIAN_POINT('',(69.477402,-114.825614,1.585));
#7244 = LINE('',#7245,#7246);
#7245 = CARTESIAN_POINT('',(69.474998,-115.036177,1.585));
#7246 = VECTOR('',#7247,1.);
#7247 = DIRECTION('',(1.141626656564E-02,0.999934832305,0.));
#7248 = ORIENTED_EDGE('',*,*,#7249,.T.);
#7249 = EDGE_CURVE('',#7242,#7250,#7252,.T.);
#7250 = VERTEX_POINT('',#7251);
#7251 = CARTESIAN_POINT('',(69.722598,-114.825614,1.585));
#7252 = CIRCLE('',#7253,0.1249997864);
#7253 = AXIS2_PLACEMENT_3D('',#7254,#7255,#7256);
#7254 = CARTESIAN_POINT('',(69.6,-114.85,1.585));
#7255 = DIRECTION('',(0.,0.,-1.));
#7256 = DIRECTION('',(-0.980785675968,0.195088333367,0.));
#7257 = ORIENTED_EDGE('',*,*,#7258,.T.);
#7258 = EDGE_CURVE('',#7250,#7259,#7261,.T.);
#7259 = VERTEX_POINT('',#7260);
#7260 = CARTESIAN_POINT('',(69.725,-114.950003,1.585));
#7261 = LINE('',#7262,#7263);
#7262 = CARTESIAN_POINT('',(69.722598,-114.825614,1.585));
#7263 = VECTOR('',#7264,1.);
#7264 = DIRECTION('',(1.93067898524E-02,-0.999813606562,0.));
#7265 = ORIENTED_EDGE('',*,*,#7266,.T.);
#7266 = EDGE_CURVE('',#7259,#7267,#7269,.T.);
#7267 = VERTEX_POINT('',#7268);
#7268 = CARTESIAN_POINT('',(68.6,-116.075,1.585));
#7269 = CIRCLE('',#7270,1.125022643542);
#7270 = AXIS2_PLACEMENT_3D('',#7271,#7272,#7273);
#7271 = CARTESIAN_POINT('',(68.59997735675,-114.9499773566,1.585));
#7272 = DIRECTION('',(0.,0.,-1.));
#7273 = DIRECTION('',(0.99999999974,-2.279359825094E-05,0.));
#7274 = ORIENTED_EDGE('',*,*,#7275,.T.);
#7275 = EDGE_CURVE('',#7267,#7276,#7278,.T.);
#7276 = VERTEX_POINT('',#7277);
#7277 = CARTESIAN_POINT('',(61.599997,-116.075,1.585));
#7278 = LINE('',#7279,#7280);
#7279 = CARTESIAN_POINT('',(68.6,-116.075,1.585));
#7280 = VECTOR('',#7281,1.);
#7281 = DIRECTION('',(-1.,0.,0.));
#7282 = ORIENTED_EDGE('',*,*,#7283,.T.);
#7283 = EDGE_CURVE('',#7276,#7284,#7286,.T.);
#7284 = VERTEX_POINT('',#7285);
#7285 = CARTESIAN_POINT('',(60.475,-114.95,1.585));
#7286 = CIRCLE('',#7287,1.125022643542);
#7287 = AXIS2_PLACEMENT_3D('',#7288,#7289,#7290);
#7288 = CARTESIAN_POINT('',(61.600022643314,-114.9499773567,1.585));
#7289 = DIRECTION('',(0.,0.,-1.));
#7290 = DIRECTION('',(-2.279359826989E-05,-0.99999999974,-0.));
#7291 = ORIENTED_EDGE('',*,*,#7292,.T.);
#7292 = EDGE_CURVE('',#7284,#7163,#7293,.T.);
#7293 = LINE('',#7294,#7295);
#7294 = CARTESIAN_POINT('',(60.475,-114.95,1.585));
#7295 = VECTOR('',#7296,1.);
#7296 = DIRECTION('',(0.,1.,0.));
#7297 = PLANE('',#7298);
#7298 = AXIS2_PLACEMENT_3D('',#7299,#7300,#7301);
#7299 = CARTESIAN_POINT('',(0.,0.,1.585));
#7300 = DIRECTION('',(0.,0.,1.));
#7301 = DIRECTION('',(1.,0.,-0.));
#7302 = SHELL_BASED_SURFACE_MODEL('',(#7303));
#7303 = OPEN_SHELL('',(#7304));
#7304 = ADVANCED_FACE('',(#7305),#7391,.T.);
#7305 = FACE_BOUND('',#7306,.F.);
#7306 = EDGE_LOOP('',(#7307,#7318,#7326,#7335,#7343,#7352,#7360,#7369,
    #7377,#7385));
#7307 = ORIENTED_EDGE('',*,*,#7308,.T.);
#7308 = EDGE_CURVE('',#7309,#7311,#7313,.T.);
#7309 = VERTEX_POINT('',#7310);
#7310 = CARTESIAN_POINT('',(70.330554,-114.746066,1.585));
#7311 = VERTEX_POINT('',#7312);
#7312 = CARTESIAN_POINT('',(70.522598,-114.825614,1.585));
#7313 = CIRCLE('',#7314,0.124999692383);
#7314 = AXIS2_PLACEMENT_3D('',#7315,#7316,#7317);
#7315 = CARTESIAN_POINT('',(70.4,-114.849999518,1.585));
#7316 = DIRECTION('',(0.,0.,-1.));
#7317 = DIRECTION('',(-0.55556936722,0.831470190811,0.));
#7318 = ORIENTED_EDGE('',*,*,#7319,.T.);
#7319 = EDGE_CURVE('',#7311,#7320,#7322,.T.);
#7320 = VERTEX_POINT('',#7321);
#7321 = CARTESIAN_POINT('',(70.525002,-115.036177,1.585));
#7322 = LINE('',#7323,#7324);
#7323 = CARTESIAN_POINT('',(70.522598,-114.825614,1.585));
#7324 = VECTOR('',#7325,1.);
#7325 = DIRECTION('',(1.141626656564E-02,-0.999934832305,0.));
#7326 = ORIENTED_EDGE('',*,*,#7327,.T.);
#7327 = EDGE_CURVE('',#7320,#7328,#7330,.T.);
#7328 = VERTEX_POINT('',#7329);
#7329 = CARTESIAN_POINT('',(71.313823,-115.824998,1.585));
#7330 = CIRCLE('',#7331,0.879255247702);
#7331 = AXIS2_PLACEMENT_3D('',#7332,#7333,#7334);
#7332 = CARTESIAN_POINT('',(71.400021751675,-114.9499782483,1.585));
#7333 = DIRECTION('',(0.,0.,1.));
#7334 = DIRECTION('',(-0.995182859541,-9.803609577579E-02,0.));
#7335 = ORIENTED_EDGE('',*,*,#7336,.T.);
#7336 = EDGE_CURVE('',#7328,#7337,#7339,.T.);
#7337 = VERTEX_POINT('',#7338);
#7338 = CARTESIAN_POINT('',(74.524386,-115.827402,1.585));
#7339 = LINE('',#7340,#7341);
#7340 = CARTESIAN_POINT('',(71.313823,-115.824998,1.585));
#7341 = VECTOR('',#7342,1.);
#7342 = DIRECTION('',(0.999999719666,-7.487781196285E-04,0.));
#7343 = ORIENTED_EDGE('',*,*,#7344,.T.);
#7344 = EDGE_CURVE('',#7337,#7345,#7347,.T.);
#7345 = VERTEX_POINT('',#7346);
#7346 = CARTESIAN_POINT('',(74.524386,-116.072598,1.585));
#7347 = CIRCLE('',#7348,0.1249997864);
#7348 = AXIS2_PLACEMENT_3D('',#7349,#7350,#7351);
#7349 = CARTESIAN_POINT('',(74.5,-115.95,1.585));
#7350 = DIRECTION('',(0.,0.,-1.));
#7351 = DIRECTION('',(0.195088333367,0.980785675968,0.));
#7352 = ORIENTED_EDGE('',*,*,#7353,.T.);
#7353 = EDGE_CURVE('',#7345,#7354,#7356,.T.);
#7354 = VERTEX_POINT('',#7355);
#7355 = CARTESIAN_POINT('',(71.399997,-116.075,1.585));
#7356 = LINE('',#7357,#7358);
#7357 = CARTESIAN_POINT('',(74.524386,-116.072598,1.585));
#7358 = VECTOR('',#7359,1.);
#7359 = DIRECTION('',(-0.999999704481,-7.687900866911E-04,0.));
#7360 = ORIENTED_EDGE('',*,*,#7361,.T.);
#7361 = EDGE_CURVE('',#7354,#7362,#7364,.T.);
#7362 = VERTEX_POINT('',#7363);
#7363 = CARTESIAN_POINT('',(70.275,-114.95,1.585));
#7364 = CIRCLE('',#7365,1.125022643542);
#7365 = AXIS2_PLACEMENT_3D('',#7366,#7367,#7368);
#7366 = CARTESIAN_POINT('',(71.400022643314,-114.9499773567,1.585));
#7367 = DIRECTION('',(0.,0.,-1.));
#7368 = DIRECTION('',(-2.279359826357E-05,-0.99999999974,-0.));
#7369 = ORIENTED_EDGE('',*,*,#7370,.T.);
#7370 = EDGE_CURVE('',#7362,#7371,#7373,.T.);
#7371 = VERTEX_POINT('',#7372);
#7372 = CARTESIAN_POINT('',(70.277402,-114.825614,1.585));
#7373 = LINE('',#7374,#7375);
#7374 = CARTESIAN_POINT('',(70.275,-114.95,1.585));
#7375 = VECTOR('',#7376,1.);
#7376 = DIRECTION('',(1.930725532905E-02,0.999813597573,0.));
#7377 = ORIENTED_EDGE('',*,*,#7378,.T.);
#7378 = EDGE_CURVE('',#7371,#7379,#7381,.T.);
#7379 = VERTEX_POINT('',#7380);
#7380 = CARTESIAN_POINT('',(70.296066,-114.780554,1.585));
#7381 = LINE('',#7382,#7383);
#7382 = CARTESIAN_POINT('',(70.277402,-114.825614,1.585));
#7383 = VECTOR('',#7384,1.);
#7384 = DIRECTION('',(0.382675327398,0.923882889657,0.));
#7385 = ORIENTED_EDGE('',*,*,#7386,.T.);
#7386 = EDGE_CURVE('',#7379,#7309,#7387,.T.);
#7387 = LINE('',#7388,#7389);
#7388 = CARTESIAN_POINT('',(70.296066,-114.780554,1.585));
#7389 = VECTOR('',#7390,1.);
#7390 = DIRECTION('',(0.707106781187,0.707106781186,0.));
#7391 = PLANE('',#7392);
#7392 = AXIS2_PLACEMENT_3D('',#7393,#7394,#7395);
#7393 = CARTESIAN_POINT('',(0.,0.,1.585));
#7394 = DIRECTION('',(0.,0.,1.));
#7395 = DIRECTION('',(1.,0.,-0.));
#7396 = SHELL_BASED_SURFACE_MODEL('',(#7397));
#7397 = OPEN_SHELL('',(#7398));
#7398 = ADVANCED_FACE('',(#7399),#7503,.T.);
#7399 = FACE_BOUND('',#7400,.F.);
#7400 = EDGE_LOOP('',(#7401,#7412,#7420,#7429,#7437,#7446,#7454,#7463,
    #7471,#7480,#7488,#7497));
#7401 = ORIENTED_EDGE('',*,*,#7402,.T.);
#7402 = EDGE_CURVE('',#7403,#7405,#7407,.T.);
#7403 = VERTEX_POINT('',#7404);
#7404 = CARTESIAN_POINT('',(78.025614,-76.922598,1.585));
#7405 = VERTEX_POINT('',#7406);
#7406 = CARTESIAN_POINT('',(78.025614,-76.677402,1.585));
#7407 = CIRCLE('',#7408,0.1249997864);
#7408 = AXIS2_PLACEMENT_3D('',#7409,#7410,#7411);
#7409 = CARTESIAN_POINT('',(78.05,-76.8,1.585));
#7410 = DIRECTION('',(0.,0.,-1.));
#7411 = DIRECTION('',(-0.195088333367,-0.980785675968,-0.));
#7412 = ORIENTED_EDGE('',*,*,#7413,.T.);
#7413 = EDGE_CURVE('',#7405,#7414,#7416,.T.);
#7414 = VERTEX_POINT('',#7415);
#7415 = CARTESIAN_POINT('',(78.400002,-76.675,1.585));
#7416 = LINE('',#7417,#7418);
#7417 = CARTESIAN_POINT('',(78.025614,-76.677402,1.585));
#7418 = VECTOR('',#7419,1.);
#7419 = DIRECTION('',(0.999979419365,6.415671884033E-03,0.));
#7420 = ORIENTED_EDGE('',*,*,#7421,.T.);
#7421 = EDGE_CURVE('',#7414,#7422,#7424,.T.);
#7422 = VERTEX_POINT('',#7423);
#7423 = CARTESIAN_POINT('',(79.525,-77.8,1.585));
#7424 = CIRCLE('',#7425,1.1250226435);
#7425 = AXIS2_PLACEMENT_3D('',#7426,#7427,#7428);
#7426 = CARTESIAN_POINT('',(78.399977356728,-77.80002264323,1.585));
#7427 = DIRECTION('',(0.,0.,-1.));
#7428 = DIRECTION('',(2.190469005583E-05,0.99999999976,0.));
#7429 = ORIENTED_EDGE('',*,*,#7430,.T.);
#7430 = EDGE_CURVE('',#7422,#7431,#7433,.T.);
#7431 = VERTEX_POINT('',#7432);
#7432 = CARTESIAN_POINT('',(79.525,-114.950003,1.585));
#7433 = LINE('',#7434,#7435);
#7434 = CARTESIAN_POINT('',(79.525,-77.8,1.585));
#7435 = VECTOR('',#7436,1.);
#7436 = DIRECTION('',(0.,-1.,0.));
#7437 = ORIENTED_EDGE('',*,*,#7438,.T.);
#7438 = EDGE_CURVE('',#7431,#7439,#7441,.T.);
#7439 = VERTEX_POINT('',#7440);
#7440 = CARTESIAN_POINT('',(78.4,-116.075,1.585));
#7441 = CIRCLE('',#7442,1.125022643542);
#7442 = AXIS2_PLACEMENT_3D('',#7443,#7444,#7445);
#7443 = CARTESIAN_POINT('',(78.39997735675,-114.9499773566,1.585));
#7444 = DIRECTION('',(0.,0.,-1.));
#7445 = DIRECTION('',(0.99999999974,-2.27935982762E-05,0.));
#7446 = ORIENTED_EDGE('',*,*,#7447,.T.);
#7447 = EDGE_CURVE('',#7439,#7448,#7450,.T.);
#7448 = VERTEX_POINT('',#7449);
#7449 = CARTESIAN_POINT('',(75.875614,-116.072598,1.585));
#7450 = LINE('',#7451,#7452);
#7451 = CARTESIAN_POINT('',(78.4,-116.075,1.585));
#7452 = VECTOR('',#7453,1.);
#7453 = DIRECTION('',(-0.999999547307,9.515180771221E-04,0.));
#7454 = ORIENTED_EDGE('',*,*,#7455,.T.);
#7455 = EDGE_CURVE('',#7448,#7456,#7458,.T.);
#7456 = VERTEX_POINT('',#7457);
#7457 = CARTESIAN_POINT('',(75.875614,-115.827402,1.585));
#7458 = CIRCLE('',#7459,0.1249997864);
#7459 = AXIS2_PLACEMENT_3D('',#7460,#7461,#7462);
#7460 = CARTESIAN_POINT('',(75.9,-115.95,1.585));
#7461 = DIRECTION('',(0.,0.,-1.));
#7462 = DIRECTION('',(-0.195088333367,-0.980785675968,-0.));
#7463 = ORIENTED_EDGE('',*,*,#7464,.T.);
#7464 = EDGE_CURVE('',#7456,#7465,#7467,.T.);
#7465 = VERTEX_POINT('',#7466);
#7466 = CARTESIAN_POINT('',(78.486177,-115.824998,1.585));
#7467 = LINE('',#7468,#7469);
#7468 = CARTESIAN_POINT('',(75.875614,-115.827402,1.585));
#7469 = VECTOR('',#7470,1.);
#7470 = DIRECTION('',(0.999999575996,9.208737658146E-04,0.));
#7471 = ORIENTED_EDGE('',*,*,#7472,.T.);
#7472 = EDGE_CURVE('',#7465,#7473,#7475,.T.);
#7473 = VERTEX_POINT('',#7474);
#7474 = CARTESIAN_POINT('',(79.274998,-115.036177,1.585));
#7475 = CIRCLE('',#7476,0.879255247702);
#7476 = AXIS2_PLACEMENT_3D('',#7477,#7478,#7479);
#7477 = CARTESIAN_POINT('',(78.399978248325,-114.9499782483,1.585));
#7478 = DIRECTION('',(0.,0.,1.));
#7479 = DIRECTION('',(9.80360957758E-02,-0.995182859541,0.));
#7480 = ORIENTED_EDGE('',*,*,#7481,.T.);
#7481 = EDGE_CURVE('',#7473,#7482,#7484,.T.);
#7482 = VERTEX_POINT('',#7483);
#7483 = CARTESIAN_POINT('',(79.274998,-77.713823,1.585));
#7484 = LINE('',#7485,#7486);
#7485 = CARTESIAN_POINT('',(79.274998,-115.036177,1.585));
#7486 = VECTOR('',#7487,1.);
#7487 = DIRECTION('',(0.,1.,0.));
#7488 = ORIENTED_EDGE('',*,*,#7489,.T.);
#7489 = EDGE_CURVE('',#7482,#7490,#7492,.T.);
#7490 = VERTEX_POINT('',#7491);
#7491 = CARTESIAN_POINT('',(78.486177,-76.925002,1.585));
#7492 = CIRCLE('',#7493,0.879255247702);
#7493 = AXIS2_PLACEMENT_3D('',#7494,#7495,#7496);
#7494 = CARTESIAN_POINT('',(78.399978248325,-77.80002175167,1.585));
#7495 = DIRECTION('',(0.,0.,1.));
#7496 = DIRECTION('',(0.995182859541,9.803609577579E-02,-0.));
#7497 = ORIENTED_EDGE('',*,*,#7498,.T.);
#7498 = EDGE_CURVE('',#7490,#7403,#7499,.T.);
#7499 = LINE('',#7500,#7501);
#7500 = CARTESIAN_POINT('',(78.486177,-76.925002,1.585));
#7501 = VECTOR('',#7502,1.);
#7502 = DIRECTION('',(-0.999986377652,5.219627394924E-03,0.));
#7503 = PLANE('',#7504);
#7504 = AXIS2_PLACEMENT_3D('',#7505,#7506,#7507);
#7505 = CARTESIAN_POINT('',(0.,0.,1.585));
#7506 = DIRECTION('',(0.,0.,1.));
#7507 = DIRECTION('',(1.,0.,-0.));
#7508 = SHELL_BASED_SURFACE_MODEL('',(#7509));
#7509 = OPEN_SHELL('',(#7510));
#7510 = ADVANCED_FACE('',(#7511,#7705),#7775,.T.);
#7511 = FACE_BOUND('',#7512,.F.);
#7512 = EDGE_LOOP('',(#7513,#7523,#7531,#7539,#7547,#7555,#7563,#7571,
    #7579,#7587,#7595,#7603,#7611,#7619,#7627,#7635,#7643,#7651,#7659,
    #7667,#7675,#7683,#7691,#7699));
#7513 = ORIENTED_EDGE('',*,*,#7514,.T.);
#7514 = EDGE_CURVE('',#7515,#7517,#7519,.T.);
#7515 = VERTEX_POINT('',#7516);
#7516 = CARTESIAN_POINT('',(61.87857,-113.254124,1.585));
#7517 = VERTEX_POINT('',#7518);
#7518 = CARTESIAN_POINT('',(62.065924,-113.161971,1.585));
#7519 = LINE('',#7520,#7521);
#7520 = CARTESIAN_POINT('',(61.87857,-113.254124,1.585));
#7521 = VECTOR('',#7522,1.);
#7522 = DIRECTION('',(0.897327795127,0.441364733629,0.));
#7523 = ORIENTED_EDGE('',*,*,#7524,.T.);
#7524 = EDGE_CURVE('',#7517,#7525,#7527,.T.);
#7525 = VERTEX_POINT('',#7526);
#7526 = CARTESIAN_POINT('',(62.097619,-113.15771,1.585));
#7527 = LINE('',#7528,#7529);
#7528 = CARTESIAN_POINT('',(62.065924,-113.161971,1.585));
#7529 = VECTOR('',#7530,1.);
#7530 = DIRECTION('',(0.991083942394,0.133238954994,0.));
#7531 = ORIENTED_EDGE('',*,*,#7532,.T.);
#7532 = EDGE_CURVE('',#7525,#7533,#7535,.T.);
#7533 = VERTEX_POINT('',#7534);
#7534 = CARTESIAN_POINT('',(62.425792,-113.160016,1.585));
#7535 = LINE('',#7536,#7537);
#7536 = CARTESIAN_POINT('',(62.097619,-113.15771,1.585));
#7537 = VECTOR('',#7538,1.);
#7538 = DIRECTION('',(0.999975313084,-7.026608136491E-03,0.));
#7539 = ORIENTED_EDGE('',*,*,#7540,.T.);
#7540 = EDGE_CURVE('',#7533,#7541,#7543,.T.);
#7541 = VERTEX_POINT('',#7542);
#7542 = CARTESIAN_POINT('',(62.456046,-113.170379,1.585));
#7543 = LINE('',#7544,#7545);
#7544 = CARTESIAN_POINT('',(62.425792,-113.160016,1.585));
#7545 = VECTOR('',#7546,1.);
#7546 = DIRECTION('',(0.946039921511,-0.324050099379,0.));
#7547 = ORIENTED_EDGE('',*,*,#7548,.T.);
#7548 = EDGE_CURVE('',#7541,#7549,#7551,.T.);
#7549 = VERTEX_POINT('',#7550);
#7550 = CARTESIAN_POINT('',(62.628336,-113.259101,1.585));
#7551 = LINE('',#7552,#7553);
#7552 = CARTESIAN_POINT('',(62.456046,-113.170379,1.585));
#7553 = VECTOR('',#7554,1.);
#7554 = DIRECTION('',(0.889044826057,-0.457820158207,0.));
#7555 = ORIENTED_EDGE('',*,*,#7556,.T.);
#7556 = EDGE_CURVE('',#7549,#7557,#7559,.T.);
#7557 = VERTEX_POINT('',#7558);
#7558 = CARTESIAN_POINT('',(62.806919,-113.439613,1.585));
#7559 = LINE('',#7560,#7561);
#7560 = CARTESIAN_POINT('',(62.628336,-113.259101,1.585));
#7561 = VECTOR('',#7562,1.);
#7562 = DIRECTION('',(0.7032981711,-0.71089498699,0.));
#7563 = ORIENTED_EDGE('',*,*,#7564,.T.);
#7564 = EDGE_CURVE('',#7557,#7565,#7567,.T.);
#7565 = VERTEX_POINT('',#7566);
#7566 = CARTESIAN_POINT('',(62.82356,-113.477177,1.585));
#7567 = LINE('',#7568,#7569);
#7568 = CARTESIAN_POINT('',(62.806919,-113.439613,1.585));
#7569 = VECTOR('',#7570,1.);
#7570 = DIRECTION('',(0.405038364913,-0.914299689898,0.));
#7571 = ORIENTED_EDGE('',*,*,#7572,.T.);
#7572 = EDGE_CURVE('',#7565,#7573,#7575,.T.);
#7573 = VERTEX_POINT('',#7574);
#7574 = CARTESIAN_POINT('',(62.90293,-113.806958,1.585));
#7575 = LINE('',#7576,#7577);
#7576 = CARTESIAN_POINT('',(62.82356,-113.477177,1.585));
#7577 = VECTOR('',#7578,1.);
#7578 = DIRECTION('',(0.233993306312,-0.972238207746,0.));
#7579 = ORIENTED_EDGE('',*,*,#7580,.T.);
#7580 = EDGE_CURVE('',#7573,#7581,#7583,.T.);
#7581 = VERTEX_POINT('',#7582);
#7582 = CARTESIAN_POINT('',(62.90035,-114.369421,1.585));
#7583 = LINE('',#7584,#7585);
#7584 = CARTESIAN_POINT('',(62.90293,-113.806958,1.585));
#7585 = VECTOR('',#7586,1.);
#7586 = DIRECTION('',(-4.586920132459E-03,-0.999989480027,0.));
#7587 = ORIENTED_EDGE('',*,*,#7588,.T.);
#7588 = EDGE_CURVE('',#7581,#7589,#7591,.T.);
#7589 = VERTEX_POINT('',#7590);
#7590 = CARTESIAN_POINT('',(62.815645,-114.700396,1.585));
#7591 = LINE('',#7592,#7593);
#7592 = CARTESIAN_POINT('',(62.90035,-114.369421,1.585));
#7593 = VECTOR('',#7594,1.);
#7594 = DIRECTION('',(-0.247934833215,-0.968776712395,0.));
#7595 = ORIENTED_EDGE('',*,*,#7596,.T.);
#7596 = EDGE_CURVE('',#7589,#7597,#7599,.T.);
#7597 = VERTEX_POINT('',#7598);
#7598 = CARTESIAN_POINT('',(62.791996,-114.733992,1.585));
#7599 = LINE('',#7600,#7601);
#7600 = CARTESIAN_POINT('',(62.815645,-114.700396,1.585));
#7601 = VECTOR('',#7602,1.);
#7602 = DIRECTION('',(-0.575613379866,-0.81772198021,0.));
#7603 = ORIENTED_EDGE('',*,*,#7604,.T.);
#7604 = EDGE_CURVE('',#7597,#7605,#7607,.T.);
#7605 = VERTEX_POINT('',#7606);
#7606 = CARTESIAN_POINT('',(62.62143,-114.901296,1.585));
#7607 = LINE('',#7608,#7609);
#7608 = CARTESIAN_POINT('',(62.791996,-114.733992,1.585));
#7609 = VECTOR('',#7610,1.);
#7610 = DIRECTION('',(-0.713900343919,-0.700247312706,0.));
#7611 = ORIENTED_EDGE('',*,*,#7612,.T.);
#7612 = EDGE_CURVE('',#7605,#7613,#7615,.T.);
#7613 = VERTEX_POINT('',#7614);
#7614 = CARTESIAN_POINT('',(62.434076,-114.993449,1.585));
#7615 = LINE('',#7616,#7617);
#7616 = CARTESIAN_POINT('',(62.62143,-114.901296,1.585));
#7617 = VECTOR('',#7618,1.);
#7618 = DIRECTION('',(-0.897327795127,-0.441364733629,0.));
#7619 = ORIENTED_EDGE('',*,*,#7620,.T.);
#7620 = EDGE_CURVE('',#7613,#7621,#7623,.T.);
#7621 = VERTEX_POINT('',#7622);
#7622 = CARTESIAN_POINT('',(62.402381,-114.99771,1.585));
#7623 = LINE('',#7624,#7625);
#7624 = CARTESIAN_POINT('',(62.434076,-114.993449,1.585));
#7625 = VECTOR('',#7626,1.);
#7626 = DIRECTION('',(-0.991083942394,-0.133238954994,0.));
#7627 = ORIENTED_EDGE('',*,*,#7628,.T.);
#7628 = EDGE_CURVE('',#7621,#7629,#7631,.T.);
#7629 = VERTEX_POINT('',#7630);
#7630 = CARTESIAN_POINT('',(62.074208,-114.995404,1.585));
#7631 = LINE('',#7632,#7633);
#7632 = CARTESIAN_POINT('',(62.402381,-114.99771,1.585));
#7633 = VECTOR('',#7634,1.);
#7634 = DIRECTION('',(-0.999975313084,7.026608136491E-03,0.));
#7635 = ORIENTED_EDGE('',*,*,#7636,.T.);
#7636 = EDGE_CURVE('',#7629,#7637,#7639,.T.);
#7637 = VERTEX_POINT('',#7638);
#7638 = CARTESIAN_POINT('',(62.043954,-114.985041,1.585));
#7639 = LINE('',#7640,#7641);
#7640 = CARTESIAN_POINT('',(62.074208,-114.995404,1.585));
#7641 = VECTOR('',#7642,1.);
#7642 = DIRECTION('',(-0.946039921511,0.324050099379,0.));
#7643 = ORIENTED_EDGE('',*,*,#7644,.T.);
#7644 = EDGE_CURVE('',#7637,#7645,#7647,.T.);
#7645 = VERTEX_POINT('',#7646);
#7646 = CARTESIAN_POINT('',(61.871664,-114.896319,1.585));
#7647 = LINE('',#7648,#7649);
#7648 = CARTESIAN_POINT('',(62.043954,-114.985041,1.585));
#7649 = VECTOR('',#7650,1.);
#7650 = DIRECTION('',(-0.889044826057,0.457820158207,0.));
#7651 = ORIENTED_EDGE('',*,*,#7652,.T.);
#7652 = EDGE_CURVE('',#7645,#7653,#7655,.T.);
#7653 = VERTEX_POINT('',#7654);
#7654 = CARTESIAN_POINT('',(61.693081,-114.715807,1.585));
#7655 = LINE('',#7656,#7657);
#7656 = CARTESIAN_POINT('',(61.871664,-114.896319,1.585));
#7657 = VECTOR('',#7658,1.);
#7658 = DIRECTION('',(-0.7032981711,0.71089498699,0.));
#7659 = ORIENTED_EDGE('',*,*,#7660,.T.);
#7660 = EDGE_CURVE('',#7653,#7661,#7663,.T.);
#7661 = VERTEX_POINT('',#7662);
#7662 = CARTESIAN_POINT('',(61.67644,-114.678244,1.585));
#7663 = LINE('',#7664,#7665);
#7664 = CARTESIAN_POINT('',(61.693081,-114.715807,1.585));
#7665 = VECTOR('',#7666,1.);
#7666 = DIRECTION('',(-0.40504737876,0.914295696675,0.));
#7667 = ORIENTED_EDGE('',*,*,#7668,.T.);
#7668 = EDGE_CURVE('',#7661,#7669,#7671,.T.);
#7669 = VERTEX_POINT('',#7670);
#7670 = CARTESIAN_POINT('',(61.597068,-114.348461,1.585));
#7671 = LINE('',#7672,#7673);
#7672 = CARTESIAN_POINT('',(61.67644,-114.678244,1.585));
#7673 = VECTOR('',#7674,1.);
#7674 = DIRECTION('',(-0.233997538324,0.972237189197,0.));
#7675 = ORIENTED_EDGE('',*,*,#7676,.T.);
#7676 = EDGE_CURVE('',#7669,#7677,#7679,.T.);
#7677 = VERTEX_POINT('',#7678);
#7678 = CARTESIAN_POINT('',(61.599648,-113.785998,1.585));
#7679 = LINE('',#7680,#7681);
#7680 = CARTESIAN_POINT('',(61.597068,-114.348461,1.585));
#7681 = VECTOR('',#7682,1.);
#7682 = DIRECTION('',(4.586920132471E-03,0.999989480027,0.));
#7683 = ORIENTED_EDGE('',*,*,#7684,.T.);
#7684 = EDGE_CURVE('',#7677,#7685,#7687,.T.);
#7685 = VERTEX_POINT('',#7686);
#7686 = CARTESIAN_POINT('',(61.684355,-113.455023,1.585));
#7687 = LINE('',#7688,#7689);
#7688 = CARTESIAN_POINT('',(61.599648,-113.785998,1.585));
#7689 = VECTOR('',#7690,1.);
#7690 = DIRECTION('',(0.247940327421,0.96877530627,0.));
#7691 = ORIENTED_EDGE('',*,*,#7692,.T.);
#7692 = EDGE_CURVE('',#7685,#7693,#7695,.T.);
#7693 = VERTEX_POINT('',#7694);
#7694 = CARTESIAN_POINT('',(61.708004,-113.421428,1.585));
#7695 = LINE('',#7696,#7697);
#7696 = CARTESIAN_POINT('',(61.684355,-113.455023,1.585));
#7697 = VECTOR('',#7698,1.);
#7698 = DIRECTION('',(0.575624836609,0.817713915424,0.));
#7699 = ORIENTED_EDGE('',*,*,#7700,.T.);
#7700 = EDGE_CURVE('',#7693,#7515,#7701,.T.);
#7701 = LINE('',#7702,#7703);
#7702 = CARTESIAN_POINT('',(61.708004,-113.421428,1.585));
#7703 = VECTOR('',#7704,1.);
#7704 = DIRECTION('',(0.713900343919,0.700247312706,0.));
#7705 = FACE_BOUND('',#7706,.F.);
#7706 = EDGE_LOOP('',(#7707,#7718,#7726,#7735,#7743,#7752,#7760,#7769));
#7707 = ORIENTED_EDGE('',*,*,#7708,.T.);
#7708 = EDGE_CURVE('',#7709,#7711,#7713,.T.);
#7709 = VERTEX_POINT('',#7710);
#7710 = CARTESIAN_POINT('',(62.483677,-113.452521,1.585));
#7711 = VERTEX_POINT('',#7712);
#7712 = CARTESIAN_POINT('',(62.016322,-113.452521,1.585));
#7713 = CIRCLE('',#7714,0.40462874567);
#7714 = AXIS2_PLACEMENT_3D('',#7715,#7716,#7717);
#7715 = CARTESIAN_POINT('',(62.2499995,-113.7828530266,1.585));
#7716 = DIRECTION('',(0.,0.,1.));
#7717 = DIRECTION('',(0.577510872623,0.816382993455,-0.));
#7718 = ORIENTED_EDGE('',*,*,#7719,.T.);
#7719 = EDGE_CURVE('',#7711,#7720,#7722,.T.);
#7720 = VERTEX_POINT('',#7721);
#7721 = CARTESIAN_POINT('',(61.901212,-113.567631,1.585));
#7722 = LINE('',#7723,#7724);
#7723 = CARTESIAN_POINT('',(62.016322,-113.452521,1.585));
#7724 = VECTOR('',#7725,1.);
#7725 = DIRECTION('',(-0.707106781187,-0.707106781187,0.));
#7726 = ORIENTED_EDGE('',*,*,#7727,.T.);
#7727 = EDGE_CURVE('',#7720,#7728,#7730,.T.);
#7728 = VERTEX_POINT('',#7729);
#7729 = CARTESIAN_POINT('',(61.901212,-114.587788,1.585));
#7730 = CIRCLE('',#7731,1.576473410842);
#7731 = AXIS2_PLACEMENT_3D('',#7732,#7733,#7734);
#7732 = CARTESIAN_POINT('',(63.392885,-114.0777095,1.585));
#7733 = DIRECTION('',(0.,0.,1.));
#7734 = DIRECTION('',(-0.946208790926,0.323556678148,0.));
#7735 = ORIENTED_EDGE('',*,*,#7736,.T.);
#7736 = EDGE_CURVE('',#7728,#7737,#7739,.T.);
#7737 = VERTEX_POINT('',#7738);
#7738 = CARTESIAN_POINT('',(62.016322,-114.702898,1.585));
#7739 = LINE('',#7740,#7741);
#7740 = CARTESIAN_POINT('',(61.901212,-114.587788,1.585));
#7741 = VECTOR('',#7742,1.);
#7742 = DIRECTION('',(0.707106781187,-0.707106781187,0.));
#7743 = ORIENTED_EDGE('',*,*,#7744,.T.);
#7744 = EDGE_CURVE('',#7737,#7745,#7747,.T.);
#7745 = VERTEX_POINT('',#7746);
#7746 = CARTESIAN_POINT('',(62.483677,-114.702898,1.585));
#7747 = CIRCLE('',#7748,0.404623009271);
#7748 = AXIS2_PLACEMENT_3D('',#7749,#7750,#7751);
#7749 = CARTESIAN_POINT('',(62.2499995,-114.372573,1.585));
#7750 = DIRECTION('',(0.,0.,1.));
#7751 = DIRECTION('',(-0.577519060078,-0.816377201572,0.));
#7752 = ORIENTED_EDGE('',*,*,#7753,.T.);
#7753 = EDGE_CURVE('',#7745,#7754,#7756,.T.);
#7754 = VERTEX_POINT('',#7755);
#7755 = CARTESIAN_POINT('',(62.598787,-114.587788,1.585));
#7756 = LINE('',#7757,#7758);
#7757 = CARTESIAN_POINT('',(62.483677,-114.702898,1.585));
#7758 = VECTOR('',#7759,1.);
#7759 = DIRECTION('',(0.707106781187,0.707106781187,0.));
#7760 = ORIENTED_EDGE('',*,*,#7761,.T.);
#7761 = EDGE_CURVE('',#7754,#7762,#7764,.T.);
#7762 = VERTEX_POINT('',#7763);
#7763 = CARTESIAN_POINT('',(62.598787,-113.567631,1.585));
#7764 = CIRCLE('',#7765,1.5764697182);
#7765 = AXIS2_PLACEMENT_3D('',#7766,#7767,#7768);
#7766 = CARTESIAN_POINT('',(61.107117902566,-114.0777095,1.585));
#7767 = DIRECTION('',(0.,-0.,1.));
#7768 = DIRECTION('',(0.946208531768,-0.32355743603,-0.));
#7769 = ORIENTED_EDGE('',*,*,#7770,.T.);
#7770 = EDGE_CURVE('',#7762,#7709,#7771,.T.);
#7771 = LINE('',#7772,#7773);
#7772 = CARTESIAN_POINT('',(62.598787,-113.567631,1.585));
#7773 = VECTOR('',#7774,1.);
#7774 = DIRECTION('',(-0.707106781187,0.707106781187,0.));
#7775 = PLANE('',#7776);
#7776 = AXIS2_PLACEMENT_3D('',#7777,#7778,#7779);
#7777 = CARTESIAN_POINT('',(0.,0.,1.585));
#7778 = DIRECTION('',(0.,0.,1.));
#7779 = DIRECTION('',(1.,0.,-0.));
#7780 = SHELL_BASED_SURFACE_MODEL('',(#7781));
#7781 = OPEN_SHELL('',(#7782));
#7782 = ADVANCED_FACE('',(#7783),#7965,.T.);
#7783 = FACE_BOUND('',#7784,.F.);
#7784 = EDGE_LOOP('',(#7785,#7796,#7804,#7813,#7821,#7830,#7838,#7847,
    #7855,#7863,#7871,#7879,#7887,#7895,#7903,#7911,#7919,#7927,#7935,
    #7943,#7951,#7959));
#7785 = ORIENTED_EDGE('',*,*,#7786,.T.);
#7786 = EDGE_CURVE('',#7787,#7789,#7791,.T.);
#7787 = VERTEX_POINT('',#7788);
#7788 = CARTESIAN_POINT('',(63.426189,-113.177934,1.585));
#7789 = VERTEX_POINT('',#7790);
#7790 = CARTESIAN_POINT('',(63.610551,-113.254299,1.585));
#7791 = CIRCLE('',#7792,0.119999904712);
#7792 = AXIS2_PLACEMENT_3D('',#7793,#7794,#7795);
#7793 = CARTESIAN_POINT('',(63.492857,-113.2777105248,1.585));
#7794 = DIRECTION('',(0.,0.,-1.));
#7795 = DIRECTION('',(-0.555567107826,0.831471700482,0.));
#7796 = ORIENTED_EDGE('',*,*,#7797,.T.);
#7797 = EDGE_CURVE('',#7789,#7798,#7800,.T.);
#7798 = VERTEX_POINT('',#7799);
#7799 = CARTESIAN_POINT('',(63.612857,-114.544621,1.585));
#7800 = LINE('',#7801,#7802);
#7801 = CARTESIAN_POINT('',(63.610551,-113.254299,1.585));
#7802 = VECTOR('',#7803,1.);
#7803 = DIRECTION('',(1.787147950225E-03,-0.99999840305,0.));
#7804 = ORIENTED_EDGE('',*,*,#7805,.T.);
#7805 = EDGE_CURVE('',#7798,#7806,#7808,.T.);
#7806 = VERTEX_POINT('',#7807);
#7807 = CARTESIAN_POINT('',(63.825946,-114.75771,1.585));
#7808 = CIRCLE('',#7809,0.29898309155);
#7809 = AXIS2_PLACEMENT_3D('',#7810,#7811,#7812);
#7810 = CARTESIAN_POINT('',(63.902004112348,-114.4685628876,1.585));
#7811 = DIRECTION('',(0.,0.,1.));
#7812 = DIRECTION('',(-0.967101888098,-0.254389343402,0.));
#7813 = ORIENTED_EDGE('',*,*,#7814,.T.);
#7814 = EDGE_CURVE('',#7806,#7815,#7817,.T.);
#7815 = VERTEX_POINT('',#7816);
#7816 = CARTESIAN_POINT('',(64.074054,-114.75771,1.585));
#7817 = LINE('',#7818,#7819);
#7818 = CARTESIAN_POINT('',(63.825946,-114.75771,1.585));
#7819 = VECTOR('',#7820,1.);
#7820 = DIRECTION('',(1.,0.,0.));
#7821 = ORIENTED_EDGE('',*,*,#7822,.T.);
#7822 = EDGE_CURVE('',#7815,#7823,#7825,.T.);
#7823 = VERTEX_POINT('',#7824);
#7824 = CARTESIAN_POINT('',(64.287143,-114.544619,1.585));
#7825 = CIRCLE('',#7826,0.298982613487);
#7826 = AXIS2_PLACEMENT_3D('',#7827,#7828,#7829);
#7827 = CARTESIAN_POINT('',(63.997995713848,-114.4685634276,1.585));
#7828 = DIRECTION('',(0.,0.,1.));
#7829 = DIRECTION('',(0.254390331481,-0.967101628191,0.));
#7830 = ORIENTED_EDGE('',*,*,#7831,.T.);
#7831 = EDGE_CURVE('',#7823,#7832,#7834,.T.);
#7832 = VERTEX_POINT('',#7833);
#7833 = CARTESIAN_POINT('',(64.289449,-113.254299,1.585));
#7834 = LINE('',#7835,#7836);
#7835 = CARTESIAN_POINT('',(64.287143,-114.544619,1.585));
#7836 = VECTOR('',#7837,1.);
#7837 = DIRECTION('',(1.787150720306E-03,0.999998403045,0.));
#7838 = ORIENTED_EDGE('',*,*,#7839,.T.);
#7839 = EDGE_CURVE('',#7832,#7840,#7842,.T.);
#7840 = VERTEX_POINT('',#7841);
#7841 = CARTESIAN_POINT('',(64.524837,-113.254299,1.585));
#7842 = CIRCLE('',#7843,0.119999802321);
#7843 = AXIS2_PLACEMENT_3D('',#7844,#7845,#7846);
#7844 = CARTESIAN_POINT('',(64.407143,-113.27771,1.585));
#7845 = DIRECTION('',(0.,0.,-1.));
#7846 = DIRECTION('',(-0.980784949008,0.195091988047,0.));
#7847 = ORIENTED_EDGE('',*,*,#7848,.T.);
#7848 = EDGE_CURVE('',#7840,#7849,#7851,.T.);
#7849 = VERTEX_POINT('',#7850);
#7850 = CARTESIAN_POINT('',(64.524837,-114.596359,1.585));
#7851 = LINE('',#7852,#7853);
#7852 = CARTESIAN_POINT('',(64.524837,-113.254299,1.585));
#7853 = VECTOR('',#7854,1.);
#7854 = DIRECTION('',(0.,-1.,0.));
#7855 = ORIENTED_EDGE('',*,*,#7856,.T.);
#7856 = EDGE_CURVE('',#7849,#7857,#7859,.T.);
#7857 = VERTEX_POINT('',#7858);
#7858 = CARTESIAN_POINT('',(64.514474,-114.626614,1.585));
#7859 = LINE('',#7860,#7861);
#7860 = CARTESIAN_POINT('',(64.524837,-114.596359,1.585));
#7861 = VECTOR('',#7862,1.);
#7862 = DIRECTION('',(-0.324040513406,-0.946043204971,0.));
#7863 = ORIENTED_EDGE('',*,*,#7864,.T.);
#7864 = EDGE_CURVE('',#7857,#7865,#7867,.T.);
#7865 = VERTEX_POINT('',#7866);
#7866 = CARTESIAN_POINT('',(64.425751,-114.798903,1.585));
#7867 = LINE('',#7868,#7869);
#7868 = CARTESIAN_POINT('',(64.514474,-114.626614,1.585));
#7869 = VECTOR('',#7870,1.);
#7870 = DIRECTION('',(-0.457826337112,-0.889041644158,0.));
#7871 = ORIENTED_EDGE('',*,*,#7872,.T.);
#7872 = EDGE_CURVE('',#7865,#7873,#7875,.T.);
#7873 = VERTEX_POINT('',#7874);
#7874 = CARTESIAN_POINT('',(64.321431,-114.901296,1.585));
#7875 = LINE('',#7876,#7877);
#7876 = CARTESIAN_POINT('',(64.425751,-114.798903,1.585));
#7877 = VECTOR('',#7878,1.);
#7878 = DIRECTION('',(-0.713667495097,-0.70048462256,0.));
#7879 = ORIENTED_EDGE('',*,*,#7880,.T.);
#7880 = EDGE_CURVE('',#7873,#7881,#7883,.T.);
#7881 = VERTEX_POINT('',#7882);
#7882 = CARTESIAN_POINT('',(64.134076,-114.993449,1.585));
#7883 = LINE('',#7884,#7885);
#7884 = CARTESIAN_POINT('',(64.321431,-114.901296,1.585));
#7885 = VECTOR('',#7886,1.);
#7886 = DIRECTION('',(-0.897328728125,-0.441362836769,0.));
#7887 = ORIENTED_EDGE('',*,*,#7888,.T.);
#7888 = EDGE_CURVE('',#7881,#7889,#7891,.T.);
#7889 = VERTEX_POINT('',#7890);
#7890 = CARTESIAN_POINT('',(64.102381,-114.99771,1.585));
#7891 = LINE('',#7892,#7893);
#7892 = CARTESIAN_POINT('',(64.134076,-114.993449,1.585));
#7893 = VECTOR('',#7894,1.);
#7894 = DIRECTION('',(-0.991083942394,-0.133238954994,0.));
#7895 = ORIENTED_EDGE('',*,*,#7896,.T.);
#7896 = EDGE_CURVE('',#7889,#7897,#7899,.T.);
#7897 = VERTEX_POINT('',#7898);
#7898 = CARTESIAN_POINT('',(63.774208,-114.995404,1.585));
#7899 = LINE('',#7900,#7901);
#7900 = CARTESIAN_POINT('',(64.102381,-114.99771,1.585));
#7901 = VECTOR('',#7902,1.);
#7902 = DIRECTION('',(-0.999975313084,7.026608136492E-03,0.));
#7903 = ORIENTED_EDGE('',*,*,#7904,.T.);
#7904 = EDGE_CURVE('',#7897,#7905,#7907,.T.);
#7905 = VERTEX_POINT('',#7906);
#7906 = CARTESIAN_POINT('',(63.743954,-114.985041,1.585));
#7907 = LINE('',#7908,#7909);
#7908 = CARTESIAN_POINT('',(63.774208,-114.995404,1.585));
#7909 = VECTOR('',#7910,1.);
#7910 = DIRECTION('',(-0.946039921511,0.324050099379,0.));
#7911 = ORIENTED_EDGE('',*,*,#7912,.T.);
#7912 = EDGE_CURVE('',#7905,#7913,#7915,.T.);
#7913 = VERTEX_POINT('',#7914);
#7914 = CARTESIAN_POINT('',(63.571664,-114.896319,1.585));
#7915 = LINE('',#7916,#7917);
#7916 = CARTESIAN_POINT('',(63.743954,-114.985041,1.585));
#7917 = VECTOR('',#7918,1.);
#7918 = DIRECTION('',(-0.889044826057,0.457820158207,0.));
#7919 = ORIENTED_EDGE('',*,*,#7920,.T.);
#7920 = EDGE_CURVE('',#7913,#7921,#7923,.T.);
#7921 = VERTEX_POINT('',#7922);
#7922 = CARTESIAN_POINT('',(63.469271,-114.791997,1.585));
#7923 = LINE('',#7924,#7925);
#7924 = CARTESIAN_POINT('',(63.571664,-114.896319,1.585));
#7925 = VECTOR('',#7926,1.);
#7926 = DIRECTION('',(-0.700477782645,0.7136742086,0.));
#7927 = ORIENTED_EDGE('',*,*,#7928,.T.);
#7928 = EDGE_CURVE('',#7921,#7929,#7931,.T.);
#7929 = VERTEX_POINT('',#7930);
#7930 = CARTESIAN_POINT('',(63.377118,-114.604643,1.585));
#7931 = LINE('',#7932,#7933);
#7932 = CARTESIAN_POINT('',(63.469271,-114.791997,1.585));
#7933 = VECTOR('',#7934,1.);
#7934 = DIRECTION('',(-0.441364733629,0.897327795127,0.));
#7935 = ORIENTED_EDGE('',*,*,#7936,.T.);
#7936 = EDGE_CURVE('',#7929,#7937,#7939,.T.);
#7937 = VERTEX_POINT('',#7938);
#7938 = CARTESIAN_POINT('',(63.372857,-114.572948,1.585));
#7939 = LINE('',#7940,#7941);
#7940 = CARTESIAN_POINT('',(63.377118,-114.604643,1.585));
#7941 = VECTOR('',#7942,1.);
#7942 = DIRECTION('',(-0.133238954994,0.991083942394,0.));
#7943 = ORIENTED_EDGE('',*,*,#7944,.T.);
#7944 = EDGE_CURVE('',#7937,#7945,#7947,.T.);
#7945 = VERTEX_POINT('',#7946);
#7946 = CARTESIAN_POINT('',(63.375163,-113.254299,1.585));
#7947 = LINE('',#7948,#7949);
#7948 = CARTESIAN_POINT('',(63.372857,-114.572948,1.585));
#7949 = VECTOR('',#7950,1.);
#7950 = DIRECTION('',(1.748756851859E-03,0.999998470924,0.));
#7951 = ORIENTED_EDGE('',*,*,#7952,.T.);
#7952 = EDGE_CURVE('',#7945,#7953,#7955,.T.);
#7953 = VERTEX_POINT('',#7954);
#7954 = CARTESIAN_POINT('',(63.393081,-113.211042,1.585));
#7955 = LINE('',#7956,#7957);
#7956 = CARTESIAN_POINT('',(63.375163,-113.254299,1.585));
#7957 = VECTOR('',#7958,1.);
#7958 = DIRECTION('',(0.382690066869,0.923876784382,0.));
#7959 = ORIENTED_EDGE('',*,*,#7960,.T.);
#7960 = EDGE_CURVE('',#7953,#7787,#7961,.T.);
#7961 = LINE('',#7962,#7963);
#7962 = CARTESIAN_POINT('',(63.393081,-113.211042,1.585));
#7963 = VECTOR('',#7964,1.);
#7964 = DIRECTION('',(0.707106781186,0.707106781187,0.));
#7965 = PLANE('',#7966);
#7966 = AXIS2_PLACEMENT_3D('',#7967,#7968,#7969);
#7967 = CARTESIAN_POINT('',(0.,0.,1.585));
#7968 = DIRECTION('',(0.,0.,1.));
#7969 = DIRECTION('',(1.,0.,-0.));
#7970 = SHELL_BASED_SURFACE_MODEL('',(#7971));
#7971 = OPEN_SHELL('',(#7972));
#7972 = ADVANCED_FACE('',(#7973,#8167),#8237,.T.);
#7973 = FACE_BOUND('',#7974,.F.);
#7974 = EDGE_LOOP('',(#7975,#7985,#7993,#8001,#8009,#8017,#8025,#8033,
    #8041,#8049,#8057,#8065,#8073,#8081,#8089,#8097,#8105,#8113,#8121,
    #8129,#8137,#8145,#8153,#8161));
#7975 = ORIENTED_EDGE('',*,*,#7976,.T.);
#7976 = EDGE_CURVE('',#7977,#7979,#7981,.T.);
#7977 = VERTEX_POINT('',#7978);
#7978 = CARTESIAN_POINT('',(72.27857,-113.254124,1.585));
#7979 = VERTEX_POINT('',#7980);
#7980 = CARTESIAN_POINT('',(72.465924,-113.161971,1.585));
#7981 = LINE('',#7982,#7983);
#7982 = CARTESIAN_POINT('',(72.27857,-113.254124,1.585));
#7983 = VECTOR('',#7984,1.);
#7984 = DIRECTION('',(0.897327795127,0.441364733629,0.));
#7985 = ORIENTED_EDGE('',*,*,#7986,.T.);
#7986 = EDGE_CURVE('',#7979,#7987,#7989,.T.);
#7987 = VERTEX_POINT('',#7988);
#7988 = CARTESIAN_POINT('',(72.497619,-113.15771,1.585));
#7989 = LINE('',#7990,#7991);
#7990 = CARTESIAN_POINT('',(72.465924,-113.161971,1.585));
#7991 = VECTOR('',#7992,1.);
#7992 = DIRECTION('',(0.991083942394,0.133238954994,0.));
#7993 = ORIENTED_EDGE('',*,*,#7994,.T.);
#7994 = EDGE_CURVE('',#7987,#7995,#7997,.T.);
#7995 = VERTEX_POINT('',#7996);
#7996 = CARTESIAN_POINT('',(72.825792,-113.160016,1.585));
#7997 = LINE('',#7998,#7999);
#7998 = CARTESIAN_POINT('',(72.497619,-113.15771,1.585));
#7999 = VECTOR('',#8000,1.);
#8000 = DIRECTION('',(0.999975313084,-7.026608136491E-03,0.));
#8001 = ORIENTED_EDGE('',*,*,#8002,.T.);
#8002 = EDGE_CURVE('',#7995,#8003,#8005,.T.);
#8003 = VERTEX_POINT('',#8004);
#8004 = CARTESIAN_POINT('',(72.856046,-113.170379,1.585));
#8005 = LINE('',#8006,#8007);
#8006 = CARTESIAN_POINT('',(72.825792,-113.160016,1.585));
#8007 = VECTOR('',#8008,1.);
#8008 = DIRECTION('',(0.946039921511,-0.324050099379,0.));
#8009 = ORIENTED_EDGE('',*,*,#8010,.T.);
#8010 = EDGE_CURVE('',#8003,#8011,#8013,.T.);
#8011 = VERTEX_POINT('',#8012);
#8012 = CARTESIAN_POINT('',(73.028336,-113.259101,1.585));
#8013 = LINE('',#8014,#8015);
#8014 = CARTESIAN_POINT('',(72.856046,-113.170379,1.585));
#8015 = VECTOR('',#8016,1.);
#8016 = DIRECTION('',(0.889044826057,-0.457820158207,0.));
#8017 = ORIENTED_EDGE('',*,*,#8018,.T.);
#8018 = EDGE_CURVE('',#8011,#8019,#8021,.T.);
#8019 = VERTEX_POINT('',#8020);
#8020 = CARTESIAN_POINT('',(73.206919,-113.439613,1.585));
#8021 = LINE('',#8022,#8023);
#8022 = CARTESIAN_POINT('',(73.028336,-113.259101,1.585));
#8023 = VECTOR('',#8024,1.);
#8024 = DIRECTION('',(0.7032981711,-0.71089498699,0.));
#8025 = ORIENTED_EDGE('',*,*,#8026,.T.);
#8026 = EDGE_CURVE('',#8019,#8027,#8029,.T.);
#8027 = VERTEX_POINT('',#8028);
#8028 = CARTESIAN_POINT('',(73.22356,-113.477177,1.585));
#8029 = LINE('',#8030,#8031);
#8030 = CARTESIAN_POINT('',(73.206919,-113.439613,1.585));
#8031 = VECTOR('',#8032,1.);
#8032 = DIRECTION('',(0.405038364913,-0.914299689898,0.));
#8033 = ORIENTED_EDGE('',*,*,#8034,.T.);
#8034 = EDGE_CURVE('',#8027,#8035,#8037,.T.);
#8035 = VERTEX_POINT('',#8036);
#8036 = CARTESIAN_POINT('',(73.30293,-113.806958,1.585));
#8037 = LINE('',#8038,#8039);
#8038 = CARTESIAN_POINT('',(73.22356,-113.477177,1.585));
#8039 = VECTOR('',#8040,1.);
#8040 = DIRECTION('',(0.233993306312,-0.972238207746,0.));
#8041 = ORIENTED_EDGE('',*,*,#8042,.T.);
#8042 = EDGE_CURVE('',#8035,#8043,#8045,.T.);
#8043 = VERTEX_POINT('',#8044);
#8044 = CARTESIAN_POINT('',(73.30035,-114.369421,1.585));
#8045 = LINE('',#8046,#8047);
#8046 = CARTESIAN_POINT('',(73.30293,-113.806958,1.585));
#8047 = VECTOR('',#8048,1.);
#8048 = DIRECTION('',(-4.586920132484E-03,-0.999989480027,0.));
#8049 = ORIENTED_EDGE('',*,*,#8050,.T.);
#8050 = EDGE_CURVE('',#8043,#8051,#8053,.T.);
#8051 = VERTEX_POINT('',#8052);
#8052 = CARTESIAN_POINT('',(73.215645,-114.700396,1.585));
#8053 = LINE('',#8054,#8055);
#8054 = CARTESIAN_POINT('',(73.30035,-114.369421,1.585));
#8055 = VECTOR('',#8056,1.);
#8056 = DIRECTION('',(-0.247934833215,-0.968776712395,0.));
#8057 = ORIENTED_EDGE('',*,*,#8058,.T.);
#8058 = EDGE_CURVE('',#8051,#8059,#8061,.T.);
#8059 = VERTEX_POINT('',#8060);
#8060 = CARTESIAN_POINT('',(73.191996,-114.733992,1.585));
#8061 = LINE('',#8062,#8063);
#8062 = CARTESIAN_POINT('',(73.215645,-114.700396,1.585));
#8063 = VECTOR('',#8064,1.);
#8064 = DIRECTION('',(-0.575613379866,-0.81772198021,0.));
#8065 = ORIENTED_EDGE('',*,*,#8066,.T.);
#8066 = EDGE_CURVE('',#8059,#8067,#8069,.T.);
#8067 = VERTEX_POINT('',#8068);
#8068 = CARTESIAN_POINT('',(73.02143,-114.901296,1.585));
#8069 = LINE('',#8070,#8071);
#8070 = CARTESIAN_POINT('',(73.191996,-114.733992,1.585));
#8071 = VECTOR('',#8072,1.);
#8072 = DIRECTION('',(-0.713900343919,-0.700247312706,0.));
#8073 = ORIENTED_EDGE('',*,*,#8074,.T.);
#8074 = EDGE_CURVE('',#8067,#8075,#8077,.T.);
#8075 = VERTEX_POINT('',#8076);
#8076 = CARTESIAN_POINT('',(72.834076,-114.993449,1.585));
#8077 = LINE('',#8078,#8079);
#8078 = CARTESIAN_POINT('',(73.02143,-114.901296,1.585));
#8079 = VECTOR('',#8080,1.);
#8080 = DIRECTION('',(-0.897327795127,-0.441364733629,0.));
#8081 = ORIENTED_EDGE('',*,*,#8082,.T.);
#8082 = EDGE_CURVE('',#8075,#8083,#8085,.T.);
#8083 = VERTEX_POINT('',#8084);
#8084 = CARTESIAN_POINT('',(72.802381,-114.99771,1.585));
#8085 = LINE('',#8086,#8087);
#8086 = CARTESIAN_POINT('',(72.834076,-114.993449,1.585));
#8087 = VECTOR('',#8088,1.);
#8088 = DIRECTION('',(-0.991083942394,-0.133238954994,0.));
#8089 = ORIENTED_EDGE('',*,*,#8090,.T.);
#8090 = EDGE_CURVE('',#8083,#8091,#8093,.T.);
#8091 = VERTEX_POINT('',#8092);
#8092 = CARTESIAN_POINT('',(72.474208,-114.995404,1.585));
#8093 = LINE('',#8094,#8095);
#8094 = CARTESIAN_POINT('',(72.802381,-114.99771,1.585));
#8095 = VECTOR('',#8096,1.);
#8096 = DIRECTION('',(-0.999975313084,7.026608136492E-03,0.));
#8097 = ORIENTED_EDGE('',*,*,#8098,.T.);
#8098 = EDGE_CURVE('',#8091,#8099,#8101,.T.);
#8099 = VERTEX_POINT('',#8100);
#8100 = CARTESIAN_POINT('',(72.443954,-114.985041,1.585));
#8101 = LINE('',#8102,#8103);
#8102 = CARTESIAN_POINT('',(72.474208,-114.995404,1.585));
#8103 = VECTOR('',#8104,1.);
#8104 = DIRECTION('',(-0.946039921511,0.324050099379,0.));
#8105 = ORIENTED_EDGE('',*,*,#8106,.T.);
#8106 = EDGE_CURVE('',#8099,#8107,#8109,.T.);
#8107 = VERTEX_POINT('',#8108);
#8108 = CARTESIAN_POINT('',(72.271664,-114.896319,1.585));
#8109 = LINE('',#8110,#8111);
#8110 = CARTESIAN_POINT('',(72.443954,-114.985041,1.585));
#8111 = VECTOR('',#8112,1.);
#8112 = DIRECTION('',(-0.889044826057,0.457820158207,0.));
#8113 = ORIENTED_EDGE('',*,*,#8114,.T.);
#8114 = EDGE_CURVE('',#8107,#8115,#8117,.T.);
#8115 = VERTEX_POINT('',#8116);
#8116 = CARTESIAN_POINT('',(72.093081,-114.715807,1.585));
#8117 = LINE('',#8118,#8119);
#8118 = CARTESIAN_POINT('',(72.271664,-114.896319,1.585));
#8119 = VECTOR('',#8120,1.);
#8120 = DIRECTION('',(-0.7032981711,0.71089498699,0.));
#8121 = ORIENTED_EDGE('',*,*,#8122,.T.);
#8122 = EDGE_CURVE('',#8115,#8123,#8125,.T.);
#8123 = VERTEX_POINT('',#8124);
#8124 = CARTESIAN_POINT('',(72.07644,-114.678244,1.585));
#8125 = LINE('',#8126,#8127);
#8126 = CARTESIAN_POINT('',(72.093081,-114.715807,1.585));
#8127 = VECTOR('',#8128,1.);
#8128 = DIRECTION('',(-0.40504737876,0.914295696676,0.));
#8129 = ORIENTED_EDGE('',*,*,#8130,.T.);
#8130 = EDGE_CURVE('',#8123,#8131,#8133,.T.);
#8131 = VERTEX_POINT('',#8132);
#8132 = CARTESIAN_POINT('',(71.997068,-114.348461,1.585));
#8133 = LINE('',#8134,#8135);
#8134 = CARTESIAN_POINT('',(72.07644,-114.678244,1.585));
#8135 = VECTOR('',#8136,1.);
#8136 = DIRECTION('',(-0.233997538324,0.972237189197,0.));
#8137 = ORIENTED_EDGE('',*,*,#8138,.T.);
#8138 = EDGE_CURVE('',#8131,#8139,#8141,.T.);
#8139 = VERTEX_POINT('',#8140);
#8140 = CARTESIAN_POINT('',(71.999648,-113.785998,1.585));
#8141 = LINE('',#8142,#8143);
#8142 = CARTESIAN_POINT('',(71.997068,-114.348461,1.585));
#8143 = VECTOR('',#8144,1.);
#8144 = DIRECTION('',(4.586920132459E-03,0.999989480027,0.));
#8145 = ORIENTED_EDGE('',*,*,#8146,.T.);
#8146 = EDGE_CURVE('',#8139,#8147,#8149,.T.);
#8147 = VERTEX_POINT('',#8148);
#8148 = CARTESIAN_POINT('',(72.084355,-113.455023,1.585));
#8149 = LINE('',#8150,#8151);
#8150 = CARTESIAN_POINT('',(71.999648,-113.785998,1.585));
#8151 = VECTOR('',#8152,1.);
#8152 = DIRECTION('',(0.247940327421,0.96877530627,0.));
#8153 = ORIENTED_EDGE('',*,*,#8154,.T.);
#8154 = EDGE_CURVE('',#8147,#8155,#8157,.T.);
#8155 = VERTEX_POINT('',#8156);
#8156 = CARTESIAN_POINT('',(72.108004,-113.421428,1.585));
#8157 = LINE('',#8158,#8159);
#8158 = CARTESIAN_POINT('',(72.084355,-113.455023,1.585));
#8159 = VECTOR('',#8160,1.);
#8160 = DIRECTION('',(0.575624836609,0.817713915425,0.));
#8161 = ORIENTED_EDGE('',*,*,#8162,.T.);
#8162 = EDGE_CURVE('',#8155,#7977,#8163,.T.);
#8163 = LINE('',#8164,#8165);
#8164 = CARTESIAN_POINT('',(72.108004,-113.421428,1.585));
#8165 = VECTOR('',#8166,1.);
#8166 = DIRECTION('',(0.713900343919,0.700247312706,0.));
#8167 = FACE_BOUND('',#8168,.F.);
#8168 = EDGE_LOOP('',(#8169,#8180,#8188,#8197,#8205,#8214,#8222,#8231));
#8169 = ORIENTED_EDGE('',*,*,#8170,.T.);
#8170 = EDGE_CURVE('',#8171,#8173,#8175,.T.);
#8171 = VERTEX_POINT('',#8172);
#8172 = CARTESIAN_POINT('',(72.883677,-113.452521,1.585));
#8173 = VERTEX_POINT('',#8174);
#8174 = CARTESIAN_POINT('',(72.416322,-113.452521,1.585));
#8175 = CIRCLE('',#8176,0.40462874567);
#8176 = AXIS2_PLACEMENT_3D('',#8177,#8178,#8179);
#8177 = CARTESIAN_POINT('',(72.6499995,-113.7828530266,1.585));
#8178 = DIRECTION('',(0.,0.,1.));
#8179 = DIRECTION('',(0.577510872623,0.816382993455,-0.));
#8180 = ORIENTED_EDGE('',*,*,#8181,.T.);
#8181 = EDGE_CURVE('',#8173,#8182,#8184,.T.);
#8182 = VERTEX_POINT('',#8183);
#8183 = CARTESIAN_POINT('',(72.301212,-113.567631,1.585));
#8184 = LINE('',#8185,#8186);
#8185 = CARTESIAN_POINT('',(72.416322,-113.452521,1.585));
#8186 = VECTOR('',#8187,1.);
#8187 = DIRECTION('',(-0.707106781187,-0.707106781187,0.));
#8188 = ORIENTED_EDGE('',*,*,#8189,.T.);
#8189 = EDGE_CURVE('',#8182,#8190,#8192,.T.);
#8190 = VERTEX_POINT('',#8191);
#8191 = CARTESIAN_POINT('',(72.301212,-114.587788,1.585));
#8192 = CIRCLE('',#8193,1.576473410842);
#8193 = AXIS2_PLACEMENT_3D('',#8194,#8195,#8196);
#8194 = CARTESIAN_POINT('',(73.792885,-114.0777095,1.585));
#8195 = DIRECTION('',(0.,0.,1.));
#8196 = DIRECTION('',(-0.946208790926,0.323556678148,0.));
#8197 = ORIENTED_EDGE('',*,*,#8198,.T.);
#8198 = EDGE_CURVE('',#8190,#8199,#8201,.T.);
#8199 = VERTEX_POINT('',#8200);
#8200 = CARTESIAN_POINT('',(72.416322,-114.702898,1.585));
#8201 = LINE('',#8202,#8203);
#8202 = CARTESIAN_POINT('',(72.301212,-114.587788,1.585));
#8203 = VECTOR('',#8204,1.);
#8204 = DIRECTION('',(0.707106781187,-0.707106781187,0.));
#8205 = ORIENTED_EDGE('',*,*,#8206,.T.);
#8206 = EDGE_CURVE('',#8199,#8207,#8209,.T.);
#8207 = VERTEX_POINT('',#8208);
#8208 = CARTESIAN_POINT('',(72.883677,-114.702898,1.585));
#8209 = CIRCLE('',#8210,0.404623009271);
#8210 = AXIS2_PLACEMENT_3D('',#8211,#8212,#8213);
#8211 = CARTESIAN_POINT('',(72.6499995,-114.372573,1.585));
#8212 = DIRECTION('',(0.,0.,1.));
#8213 = DIRECTION('',(-0.577519060078,-0.816377201572,0.));
#8214 = ORIENTED_EDGE('',*,*,#8215,.T.);
#8215 = EDGE_CURVE('',#8207,#8216,#8218,.T.);
#8216 = VERTEX_POINT('',#8217);
#8217 = CARTESIAN_POINT('',(72.998787,-114.587788,1.585));
#8218 = LINE('',#8219,#8220);
#8219 = CARTESIAN_POINT('',(72.883677,-114.702898,1.585));
#8220 = VECTOR('',#8221,1.);
#8221 = DIRECTION('',(0.707106781187,0.707106781187,0.));
#8222 = ORIENTED_EDGE('',*,*,#8223,.T.);
#8223 = EDGE_CURVE('',#8216,#8224,#8226,.T.);
#8224 = VERTEX_POINT('',#8225);
#8225 = CARTESIAN_POINT('',(72.998787,-113.567631,1.585));
#8226 = CIRCLE('',#8227,1.5764697182);
#8227 = AXIS2_PLACEMENT_3D('',#8228,#8229,#8230);
#8228 = CARTESIAN_POINT('',(71.507117902566,-114.0777095,1.585));
#8229 = DIRECTION('',(0.,-0.,1.));
#8230 = DIRECTION('',(0.946208531768,-0.32355743603,-0.));
#8231 = ORIENTED_EDGE('',*,*,#8232,.T.);
#8232 = EDGE_CURVE('',#8224,#8171,#8233,.T.);
#8233 = LINE('',#8234,#8235);
#8234 = CARTESIAN_POINT('',(72.998787,-113.567631,1.585));
#8235 = VECTOR('',#8236,1.);
#8236 = DIRECTION('',(-0.707106781187,0.707106781187,0.));
#8237 = PLANE('',#8238);
#8238 = AXIS2_PLACEMENT_3D('',#8239,#8240,#8241);
#8239 = CARTESIAN_POINT('',(0.,0.,1.585));
#8240 = DIRECTION('',(0.,0.,1.));
#8241 = DIRECTION('',(1.,0.,-0.));
#8242 = SHELL_BASED_SURFACE_MODEL('',(#8243));
#8243 = OPEN_SHELL('',(#8244));
#8244 = ADVANCED_FACE('',(#8245),#8427,.T.);
#8245 = FACE_BOUND('',#8246,.F.);
#8246 = EDGE_LOOP('',(#8247,#8258,#8266,#8275,#8283,#8292,#8300,#8309,
    #8317,#8325,#8333,#8341,#8349,#8357,#8365,#8373,#8381,#8389,#8397,
    #8405,#8413,#8421));
#8247 = ORIENTED_EDGE('',*,*,#8248,.T.);
#8248 = EDGE_CURVE('',#8249,#8251,#8253,.T.);
#8249 = VERTEX_POINT('',#8250);
#8250 = CARTESIAN_POINT('',(73.826189,-113.177934,1.585));
#8251 = VERTEX_POINT('',#8252);
#8252 = CARTESIAN_POINT('',(74.010551,-113.254299,1.585));
#8253 = CIRCLE('',#8254,0.119999904712);
#8254 = AXIS2_PLACEMENT_3D('',#8255,#8256,#8257);
#8255 = CARTESIAN_POINT('',(73.892857,-113.2777105248,1.585));
#8256 = DIRECTION('',(0.,0.,-1.));
#8257 = DIRECTION('',(-0.555567107826,0.831471700482,0.));
#8258 = ORIENTED_EDGE('',*,*,#8259,.T.);
#8259 = EDGE_CURVE('',#8251,#8260,#8262,.T.);
#8260 = VERTEX_POINT('',#8261);
#8261 = CARTESIAN_POINT('',(74.012857,-114.544621,1.585));
#8262 = LINE('',#8263,#8264);
#8263 = CARTESIAN_POINT('',(74.010551,-113.254299,1.585));
#8264 = VECTOR('',#8265,1.);
#8265 = DIRECTION('',(1.787147950219E-03,-0.99999840305,0.));
#8266 = ORIENTED_EDGE('',*,*,#8267,.T.);
#8267 = EDGE_CURVE('',#8260,#8268,#8270,.T.);
#8268 = VERTEX_POINT('',#8269);
#8269 = CARTESIAN_POINT('',(74.225946,-114.75771,1.585));
#8270 = CIRCLE('',#8271,0.29898309155);
#8271 = AXIS2_PLACEMENT_3D('',#8272,#8273,#8274);
#8272 = CARTESIAN_POINT('',(74.302004112348,-114.4685628876,1.585));
#8273 = DIRECTION('',(0.,0.,1.));
#8274 = DIRECTION('',(-0.967101888098,-0.254389343402,0.));
#8275 = ORIENTED_EDGE('',*,*,#8276,.T.);
#8276 = EDGE_CURVE('',#8268,#8277,#8279,.T.);
#8277 = VERTEX_POINT('',#8278);
#8278 = CARTESIAN_POINT('',(74.474054,-114.75771,1.585));
#8279 = LINE('',#8280,#8281);
#8280 = CARTESIAN_POINT('',(74.225946,-114.75771,1.585));
#8281 = VECTOR('',#8282,1.);
#8282 = DIRECTION('',(1.,0.,0.));
#8283 = ORIENTED_EDGE('',*,*,#8284,.T.);
#8284 = EDGE_CURVE('',#8277,#8285,#8287,.T.);
#8285 = VERTEX_POINT('',#8286);
#8286 = CARTESIAN_POINT('',(74.687143,-114.544619,1.585));
#8287 = CIRCLE('',#8288,0.298982613487);
#8288 = AXIS2_PLACEMENT_3D('',#8289,#8290,#8291);
#8289 = CARTESIAN_POINT('',(74.397995713848,-114.4685634276,1.585));
#8290 = DIRECTION('',(0.,0.,1.));
#8291 = DIRECTION('',(0.254390331481,-0.967101628191,0.));
#8292 = ORIENTED_EDGE('',*,*,#8293,.T.);
#8293 = EDGE_CURVE('',#8285,#8294,#8296,.T.);
#8294 = VERTEX_POINT('',#8295);
#8295 = CARTESIAN_POINT('',(74.689449,-113.254299,1.585));
#8296 = LINE('',#8297,#8298);
#8297 = CARTESIAN_POINT('',(74.687143,-114.544619,1.585));
#8298 = VECTOR('',#8299,1.);
#8299 = DIRECTION('',(1.787150720295E-03,0.999998403045,0.));
#8300 = ORIENTED_EDGE('',*,*,#8301,.T.);
#8301 = EDGE_CURVE('',#8294,#8302,#8304,.T.);
#8302 = VERTEX_POINT('',#8303);
#8303 = CARTESIAN_POINT('',(74.924837,-113.254299,1.585));
#8304 = CIRCLE('',#8305,0.119999802321);
#8305 = AXIS2_PLACEMENT_3D('',#8306,#8307,#8308);
#8306 = CARTESIAN_POINT('',(74.807143,-113.27771,1.585));
#8307 = DIRECTION('',(0.,0.,-1.));
#8308 = DIRECTION('',(-0.980784949008,0.195091988047,0.));
#8309 = ORIENTED_EDGE('',*,*,#8310,.T.);
#8310 = EDGE_CURVE('',#8302,#8311,#8313,.T.);
#8311 = VERTEX_POINT('',#8312);
#8312 = CARTESIAN_POINT('',(74.924837,-114.596359,1.585));
#8313 = LINE('',#8314,#8315);
#8314 = CARTESIAN_POINT('',(74.924837,-113.254299,1.585));
#8315 = VECTOR('',#8316,1.);
#8316 = DIRECTION('',(0.,-1.,0.));
#8317 = ORIENTED_EDGE('',*,*,#8318,.T.);
#8318 = EDGE_CURVE('',#8311,#8319,#8321,.T.);
#8319 = VERTEX_POINT('',#8320);
#8320 = CARTESIAN_POINT('',(74.914474,-114.626614,1.585));
#8321 = LINE('',#8322,#8323);
#8322 = CARTESIAN_POINT('',(74.924837,-114.596359,1.585));
#8323 = VECTOR('',#8324,1.);
#8324 = DIRECTION('',(-0.324040513406,-0.946043204971,0.));
#8325 = ORIENTED_EDGE('',*,*,#8326,.T.);
#8326 = EDGE_CURVE('',#8319,#8327,#8329,.T.);
#8327 = VERTEX_POINT('',#8328);
#8328 = CARTESIAN_POINT('',(74.825751,-114.798903,1.585));
#8329 = LINE('',#8330,#8331);
#8330 = CARTESIAN_POINT('',(74.914474,-114.626614,1.585));
#8331 = VECTOR('',#8332,1.);
#8332 = DIRECTION('',(-0.457826337112,-0.889041644158,0.));
#8333 = ORIENTED_EDGE('',*,*,#8334,.T.);
#8334 = EDGE_CURVE('',#8327,#8335,#8337,.T.);
#8335 = VERTEX_POINT('',#8336);
#8336 = CARTESIAN_POINT('',(74.721431,-114.901296,1.585));
#8337 = LINE('',#8338,#8339);
#8338 = CARTESIAN_POINT('',(74.825751,-114.798903,1.585));
#8339 = VECTOR('',#8340,1.);
#8340 = DIRECTION('',(-0.713667495097,-0.70048462256,0.));
#8341 = ORIENTED_EDGE('',*,*,#8342,.T.);
#8342 = EDGE_CURVE('',#8335,#8343,#8345,.T.);
#8343 = VERTEX_POINT('',#8344);
#8344 = CARTESIAN_POINT('',(74.534076,-114.993449,1.585));
#8345 = LINE('',#8346,#8347);
#8346 = CARTESIAN_POINT('',(74.721431,-114.901296,1.585));
#8347 = VECTOR('',#8348,1.);
#8348 = DIRECTION('',(-0.897328728125,-0.441362836769,0.));
#8349 = ORIENTED_EDGE('',*,*,#8350,.T.);
#8350 = EDGE_CURVE('',#8343,#8351,#8353,.T.);
#8351 = VERTEX_POINT('',#8352);
#8352 = CARTESIAN_POINT('',(74.502381,-114.99771,1.585));
#8353 = LINE('',#8354,#8355);
#8354 = CARTESIAN_POINT('',(74.534076,-114.993449,1.585));
#8355 = VECTOR('',#8356,1.);
#8356 = DIRECTION('',(-0.991083942394,-0.133238954994,0.));
#8357 = ORIENTED_EDGE('',*,*,#8358,.T.);
#8358 = EDGE_CURVE('',#8351,#8359,#8361,.T.);
#8359 = VERTEX_POINT('',#8360);
#8360 = CARTESIAN_POINT('',(74.174208,-114.995404,1.585));
#8361 = LINE('',#8362,#8363);
#8362 = CARTESIAN_POINT('',(74.502381,-114.99771,1.585));
#8363 = VECTOR('',#8364,1.);
#8364 = DIRECTION('',(-0.999975313084,7.026608136491E-03,0.));
#8365 = ORIENTED_EDGE('',*,*,#8366,.T.);
#8366 = EDGE_CURVE('',#8359,#8367,#8369,.T.);
#8367 = VERTEX_POINT('',#8368);
#8368 = CARTESIAN_POINT('',(74.143954,-114.985041,1.585));
#8369 = LINE('',#8370,#8371);
#8370 = CARTESIAN_POINT('',(74.174208,-114.995404,1.585));
#8371 = VECTOR('',#8372,1.);
#8372 = DIRECTION('',(-0.946039921511,0.324050099379,0.));
#8373 = ORIENTED_EDGE('',*,*,#8374,.T.);
#8374 = EDGE_CURVE('',#8367,#8375,#8377,.T.);
#8375 = VERTEX_POINT('',#8376);
#8376 = CARTESIAN_POINT('',(73.971664,-114.896319,1.585));
#8377 = LINE('',#8378,#8379);
#8378 = CARTESIAN_POINT('',(74.143954,-114.985041,1.585));
#8379 = VECTOR('',#8380,1.);
#8380 = DIRECTION('',(-0.889044826057,0.457820158207,0.));
#8381 = ORIENTED_EDGE('',*,*,#8382,.T.);
#8382 = EDGE_CURVE('',#8375,#8383,#8385,.T.);
#8383 = VERTEX_POINT('',#8384);
#8384 = CARTESIAN_POINT('',(73.869271,-114.791997,1.585));
#8385 = LINE('',#8386,#8387);
#8386 = CARTESIAN_POINT('',(73.971664,-114.896319,1.585));
#8387 = VECTOR('',#8388,1.);
#8388 = DIRECTION('',(-0.700477782645,0.7136742086,0.));
#8389 = ORIENTED_EDGE('',*,*,#8390,.T.);
#8390 = EDGE_CURVE('',#8383,#8391,#8393,.T.);
#8391 = VERTEX_POINT('',#8392);
#8392 = CARTESIAN_POINT('',(73.777118,-114.604643,1.585));
#8393 = LINE('',#8394,#8395);
#8394 = CARTESIAN_POINT('',(73.869271,-114.791997,1.585));
#8395 = VECTOR('',#8396,1.);
#8396 = DIRECTION('',(-0.441364733629,0.897327795127,0.));
#8397 = ORIENTED_EDGE('',*,*,#8398,.T.);
#8398 = EDGE_CURVE('',#8391,#8399,#8401,.T.);
#8399 = VERTEX_POINT('',#8400);
#8400 = CARTESIAN_POINT('',(73.772857,-114.572948,1.585));
#8401 = LINE('',#8402,#8403);
#8402 = CARTESIAN_POINT('',(73.777118,-114.604643,1.585));
#8403 = VECTOR('',#8404,1.);
#8404 = DIRECTION('',(-0.133238954994,0.991083942394,0.));
#8405 = ORIENTED_EDGE('',*,*,#8406,.T.);
#8406 = EDGE_CURVE('',#8399,#8407,#8409,.T.);
#8407 = VERTEX_POINT('',#8408);
#8408 = CARTESIAN_POINT('',(73.775163,-113.254299,1.585));
#8409 = LINE('',#8410,#8411);
#8410 = CARTESIAN_POINT('',(73.772857,-114.572948,1.585));
#8411 = VECTOR('',#8412,1.);
#8412 = DIRECTION('',(1.748756851864E-03,0.999998470924,0.));
#8413 = ORIENTED_EDGE('',*,*,#8414,.T.);
#8414 = EDGE_CURVE('',#8407,#8415,#8417,.T.);
#8415 = VERTEX_POINT('',#8416);
#8416 = CARTESIAN_POINT('',(73.793081,-113.211042,1.585));
#8417 = LINE('',#8418,#8419);
#8418 = CARTESIAN_POINT('',(73.775163,-113.254299,1.585));
#8419 = VECTOR('',#8420,1.);
#8420 = DIRECTION('',(0.382690066869,0.923876784382,0.));
#8421 = ORIENTED_EDGE('',*,*,#8422,.T.);
#8422 = EDGE_CURVE('',#8415,#8249,#8423,.T.);
#8423 = LINE('',#8424,#8425);
#8424 = CARTESIAN_POINT('',(73.793081,-113.211042,1.585));
#8425 = VECTOR('',#8426,1.);
#8426 = DIRECTION('',(0.707106781186,0.707106781187,0.));
#8427 = PLANE('',#8428);
#8428 = AXIS2_PLACEMENT_3D('',#8429,#8430,#8431);
#8429 = CARTESIAN_POINT('',(0.,0.,1.585));
#8430 = DIRECTION('',(0.,0.,1.));
#8431 = DIRECTION('',(1.,0.,-0.));
#8432 = SHELL_BASED_SURFACE_MODEL('',(#8433));
#8433 = OPEN_SHELL('',(#8434));
#8434 = ADVANCED_FACE('',(#8435),#8504,.T.);
#8435 = FACE_BOUND('',#8436,.F.);
#8436 = EDGE_LOOP('',(#8437,#8448,#8456,#8465,#8473,#8481,#8490,#8498));
#8437 = ORIENTED_EDGE('',*,*,#8438,.T.);
#8438 = EDGE_CURVE('',#8439,#8441,#8443,.T.);
#8439 = VERTEX_POINT('',#8440);
#8440 = CARTESIAN_POINT('',(65.169445,-113.395404,1.585));
#8441 = VERTEX_POINT('',#8442);
#8442 = CARTESIAN_POINT('',(65.169445,-113.160016,1.585));
#8443 = CIRCLE('',#8444,0.119999802321);
#8444 = AXIS2_PLACEMENT_3D('',#8445,#8446,#8447);
#8445 = CARTESIAN_POINT('',(65.192856,-113.27771,1.585));
#8446 = DIRECTION('',(0.,0.,-1.));
#8447 = DIRECTION('',(-0.195091988047,-0.980784949008,-0.));
#8448 = ORIENTED_EDGE('',*,*,#8449,.T.);
#8449 = EDGE_CURVE('',#8441,#8450,#8452,.T.);
#8450 = VERTEX_POINT('',#8451);
#8451 = CARTESIAN_POINT('',(66.130553,-113.160016,1.585));
#8452 = LINE('',#8453,#8454);
#8453 = CARTESIAN_POINT('',(65.169445,-113.160016,1.585));
#8454 = VECTOR('',#8455,1.);
#8455 = DIRECTION('',(1.,0.,0.));
#8456 = ORIENTED_EDGE('',*,*,#8457,.T.);
#8457 = EDGE_CURVE('',#8450,#8458,#8460,.T.);
#8458 = VERTEX_POINT('',#8459);
#8459 = CARTESIAN_POINT('',(66.130553,-113.395404,1.585));
#8460 = CIRCLE('',#8461,0.119999802321);
#8461 = AXIS2_PLACEMENT_3D('',#8462,#8463,#8464);
#8462 = CARTESIAN_POINT('',(66.107142,-113.27771,1.585));
#8463 = DIRECTION('',(0.,0.,-1.));
#8464 = DIRECTION('',(0.195091988047,0.980784949008,0.));
#8465 = ORIENTED_EDGE('',*,*,#8466,.T.);
#8466 = EDGE_CURVE('',#8458,#8467,#8469,.T.);
#8467 = VERTEX_POINT('',#8468);
#8468 = CARTESIAN_POINT('',(65.769999,-113.39771,1.585));
#8469 = LINE('',#8470,#8471);
#8470 = CARTESIAN_POINT('',(66.130553,-113.395404,1.585));
#8471 = VECTOR('',#8472,1.);
#8472 = DIRECTION('',(-0.999979548053,-6.395582458703E-03,0.));
#8473 = ORIENTED_EDGE('',*,*,#8474,.T.);
#8474 = EDGE_CURVE('',#8467,#8475,#8477,.T.);
#8475 = VERTEX_POINT('',#8476);
#8476 = CARTESIAN_POINT('',(65.767693,-114.901121,1.585));
#8477 = LINE('',#8478,#8479);
#8478 = CARTESIAN_POINT('',(65.769999,-113.39771,1.585));
#8479 = VECTOR('',#8480,1.);
#8480 = DIRECTION('',(-1.533843564645E-03,-0.999998823661,0.));
#8481 = ORIENTED_EDGE('',*,*,#8482,.T.);
#8482 = EDGE_CURVE('',#8475,#8483,#8485,.T.);
#8483 = VERTEX_POINT('',#8484);
#8484 = CARTESIAN_POINT('',(65.532305,-114.901121,1.585));
#8485 = CIRCLE('',#8486,0.119999802321);
#8486 = AXIS2_PLACEMENT_3D('',#8487,#8488,#8489);
#8487 = CARTESIAN_POINT('',(65.649999,-114.87771,1.585));
#8488 = DIRECTION('',(-0.,0.,-1.));
#8489 = DIRECTION('',(0.980784949008,-0.195091988047,-0.));
#8490 = ORIENTED_EDGE('',*,*,#8491,.T.);
#8491 = EDGE_CURVE('',#8483,#8492,#8494,.T.);
#8492 = VERTEX_POINT('',#8493);
#8493 = CARTESIAN_POINT('',(65.529999,-113.39771,1.585));
#8494 = LINE('',#8495,#8496);
#8495 = CARTESIAN_POINT('',(65.532305,-114.901121,1.585));
#8496 = VECTOR('',#8497,1.);
#8497 = DIRECTION('',(-1.533843564636E-03,0.999998823661,0.));
#8498 = ORIENTED_EDGE('',*,*,#8499,.T.);
#8499 = EDGE_CURVE('',#8492,#8439,#8500,.T.);
#8500 = LINE('',#8501,#8502);
#8501 = CARTESIAN_POINT('',(65.529999,-113.39771,1.585));
#8502 = VECTOR('',#8503,1.);
#8503 = DIRECTION('',(-0.999979548053,6.395582458703E-03,0.));
#8504 = PLANE('',#8505);
#8505 = AXIS2_PLACEMENT_3D('',#8506,#8507,#8508);
#8506 = CARTESIAN_POINT('',(0.,0.,1.585));
#8507 = DIRECTION('',(0.,0.,1.));
#8508 = DIRECTION('',(1.,0.,-0.));
#8509 = SHELL_BASED_SURFACE_MODEL('',(#8510));
#8510 = OPEN_SHELL('',(#8511));
#8511 = ADVANCED_FACE('',(#8512),#8662,.T.);
#8512 = FACE_BOUND('',#8513,.F.);
#8513 = EDGE_LOOP('',(#8514,#8524,#8532,#8540,#8548,#8557,#8565,#8573,
    #8582,#8590,#8599,#8607,#8615,#8623,#8631,#8640,#8648,#8656));
#8514 = ORIENTED_EDGE('',*,*,#8515,.T.);
#8515 = EDGE_CURVE('',#8516,#8518,#8520,.T.);
#8516 = VERTEX_POINT('',#8517);
#8517 = CARTESIAN_POINT('',(67.265058,-113.192946,1.585));
#8518 = VERTEX_POINT('',#8519);
#8519 = CARTESIAN_POINT('',(67.303961,-113.166893,1.585));
#8520 = LINE('',#8521,#8522);
#8521 = CARTESIAN_POINT('',(67.265058,-113.192946,1.585));
#8522 = VECTOR('',#8523,1.);
#8523 = DIRECTION('',(0.830888573965,0.556438835501,0.));
#8524 = ORIENTED_EDGE('',*,*,#8525,.T.);
#8525 = EDGE_CURVE('',#8518,#8526,#8528,.T.);
#8526 = VERTEX_POINT('',#8527);
#8527 = CARTESIAN_POINT('',(67.349874,-113.157711,1.585));
#8528 = LINE('',#8529,#8530);
#8529 = CARTESIAN_POINT('',(67.303961,-113.166893,1.585));
#8530 = VECTOR('',#8531,1.);
#8531 = DIRECTION('',(0.980583139931,0.196103813535,0.));
#8532 = ORIENTED_EDGE('',*,*,#8533,.T.);
#8533 = EDGE_CURVE('',#8526,#8534,#8536,.T.);
#8534 = VERTEX_POINT('',#8535);
#8535 = CARTESIAN_POINT('',(67.361526,-113.160016,1.585));
#8536 = LINE('',#8537,#8538);
#8537 = CARTESIAN_POINT('',(67.349874,-113.157711,1.585));
#8538 = VECTOR('',#8539,1.);
#8539 = DIRECTION('',(0.980989758926,-0.19405950861,0.));
#8540 = ORIENTED_EDGE('',*,*,#8541,.T.);
#8541 = EDGE_CURVE('',#8534,#8542,#8544,.T.);
#8542 = VERTEX_POINT('',#8543);
#8543 = CARTESIAN_POINT('',(67.395805,-113.166797,1.585));
#8544 = LINE('',#8545,#8546);
#8545 = CARTESIAN_POINT('',(67.361526,-113.160016,1.585));
#8546 = VECTOR('',#8547,1.);
#8547 = DIRECTION('',(0.980990171778,-0.194057421594,0.));
#8548 = ORIENTED_EDGE('',*,*,#8549,.T.);
#8549 = EDGE_CURVE('',#8542,#8550,#8552,.T.);
#8550 = VERTEX_POINT('',#8551);
#8551 = CARTESIAN_POINT('',(67.469999,-113.27771,1.585));
#8552 = CIRCLE('',#8553,0.120000031908);
#8553 = AXIS2_PLACEMENT_3D('',#8554,#8555,#8556);
#8554 = CARTESIAN_POINT('',(67.349998968094,-113.2777105478,1.585));
#8555 = DIRECTION('',(0.,0.,-1.));
#8556 = DIRECTION('',(0.381716831056,0.924279319734,0.));
#8557 = ORIENTED_EDGE('',*,*,#8558,.T.);
#8558 = EDGE_CURVE('',#8550,#8559,#8561,.T.);
#8559 = VERTEX_POINT('',#8560);
#8560 = CARTESIAN_POINT('',(67.469999,-114.75771,1.585));
#8561 = LINE('',#8562,#8563);
#8562 = CARTESIAN_POINT('',(67.469999,-113.27771,1.585));
#8563 = VECTOR('',#8564,1.);
#8564 = DIRECTION('',(0.,-1.,0.));
#8565 = ORIENTED_EDGE('',*,*,#8566,.T.);
#8566 = EDGE_CURVE('',#8559,#8567,#8569,.T.);
#8567 = VERTEX_POINT('',#8568);
#8568 = CARTESIAN_POINT('',(67.830553,-114.760016,1.585));
#8569 = LINE('',#8570,#8571);
#8570 = CARTESIAN_POINT('',(67.469999,-114.75771,1.585));
#8571 = VECTOR('',#8572,1.);
#8572 = DIRECTION('',(0.999979548053,-6.395582458664E-03,0.));
#8573 = ORIENTED_EDGE('',*,*,#8574,.T.);
#8574 = EDGE_CURVE('',#8567,#8575,#8577,.T.);
#8575 = VERTEX_POINT('',#8576);
#8576 = CARTESIAN_POINT('',(67.830553,-114.995404,1.585));
#8577 = CIRCLE('',#8578,0.119999802321);
#8578 = AXIS2_PLACEMENT_3D('',#8579,#8580,#8581);
#8579 = CARTESIAN_POINT('',(67.807142,-114.87771,1.585));
#8580 = DIRECTION('',(0.,0.,-1.));
#8581 = DIRECTION('',(0.195091988047,0.980784949008,0.));
#8582 = ORIENTED_EDGE('',*,*,#8583,.T.);
#8583 = EDGE_CURVE('',#8575,#8584,#8586,.T.);
#8584 = VERTEX_POINT('',#8585);
#8585 = CARTESIAN_POINT('',(66.869445,-114.995404,1.585));
#8586 = LINE('',#8587,#8588);
#8587 = CARTESIAN_POINT('',(67.830553,-114.995404,1.585));
#8588 = VECTOR('',#8589,1.);
#8589 = DIRECTION('',(-1.,0.,0.));
#8590 = ORIENTED_EDGE('',*,*,#8591,.T.);
#8591 = EDGE_CURVE('',#8584,#8592,#8594,.T.);
#8592 = VERTEX_POINT('',#8593);
#8593 = CARTESIAN_POINT('',(66.869445,-114.760016,1.585));
#8594 = CIRCLE('',#8595,0.119999802321);
#8595 = AXIS2_PLACEMENT_3D('',#8596,#8597,#8598);
#8596 = CARTESIAN_POINT('',(66.892856,-114.87771,1.585));
#8597 = DIRECTION('',(0.,0.,-1.));
#8598 = DIRECTION('',(-0.195091988047,-0.980784949008,-0.));
#8599 = ORIENTED_EDGE('',*,*,#8600,.T.);
#8600 = EDGE_CURVE('',#8592,#8601,#8603,.T.);
#8601 = VERTEX_POINT('',#8602);
#8602 = CARTESIAN_POINT('',(67.229999,-114.75771,1.585));
#8603 = LINE('',#8604,#8605);
#8604 = CARTESIAN_POINT('',(66.869445,-114.760016,1.585));
#8605 = VECTOR('',#8606,1.);
#8606 = DIRECTION('',(0.999979548053,6.395582458664E-03,0.));
#8607 = ORIENTED_EDGE('',*,*,#8608,.T.);
#8608 = EDGE_CURVE('',#8601,#8609,#8611,.T.);
#8609 = VERTEX_POINT('',#8610);
#8610 = CARTESIAN_POINT('',(67.229999,-113.643606,1.585));
#8611 = LINE('',#8612,#8613);
#8612 = CARTESIAN_POINT('',(67.229999,-114.75771,1.585));
#8613 = VECTOR('',#8614,1.);
#8614 = DIRECTION('',(0.,1.,0.));
#8615 = ORIENTED_EDGE('',*,*,#8616,.T.);
#8616 = EDGE_CURVE('',#8609,#8617,#8619,.T.);
#8617 = VERTEX_POINT('',#8618);
#8618 = CARTESIAN_POINT('',(67.108979,-113.759649,1.585));
#8619 = LINE('',#8620,#8621);
#8620 = CARTESIAN_POINT('',(67.229999,-113.643606,1.585));
#8621 = VECTOR('',#8622,1.);
#8622 = DIRECTION('',(-0.721793024117,-0.692108972877,0.));
#8623 = ORIENTED_EDGE('',*,*,#8624,.T.);
#8624 = EDGE_CURVE('',#8617,#8625,#8627,.T.);
#8625 = VERTEX_POINT('',#8626);
#8626 = CARTESIAN_POINT('',(66.924551,-113.850591,1.585));
#8627 = LINE('',#8628,#8629);
#8628 = CARTESIAN_POINT('',(67.108979,-113.759649,1.585));
#8629 = VECTOR('',#8630,1.);
#8630 = DIRECTION('',(-0.896887835272,-0.442258081827,0.));
#8631 = ORIENTED_EDGE('',*,*,#8632,.T.);
#8632 = EDGE_CURVE('',#8625,#8633,#8635,.T.);
#8633 = VERTEX_POINT('',#8634);
#8634 = CARTESIAN_POINT('',(66.819282,-113.640054,1.585));
#8635 = CIRCLE('',#8636,0.119999591613);
#8636 = AXIS2_PLACEMENT_3D('',#8637,#8638,#8639);
#8637 = CARTESIAN_POINT('',(66.892855521247,-113.7348529396,1.585));
#8638 = DIRECTION('',(0.,0.,-1.));
#8639 = DIRECTION('',(0.2641298885,-0.964487118629,0.));
#8640 = ORIENTED_EDGE('',*,*,#8641,.T.);
#8641 = EDGE_CURVE('',#8633,#8642,#8644,.T.);
#8642 = VERTEX_POINT('',#8643);
#8643 = CARTESIAN_POINT('',(66.974152,-113.56004,1.585));
#8644 = LINE('',#8645,#8646);
#8645 = CARTESIAN_POINT('',(66.819282,-113.640054,1.585));
#8646 = VECTOR('',#8647,1.);
#8647 = DIRECTION('',(0.888430975559,0.459010241353,0.));
#8648 = ORIENTED_EDGE('',*,*,#8649,.T.);
#8649 = EDGE_CURVE('',#8642,#8650,#8652,.T.);
#8650 = VERTEX_POINT('',#8651);
#8651 = CARTESIAN_POINT('',(67.104364,-113.429828,1.585));
#8652 = LINE('',#8653,#8654);
#8653 = CARTESIAN_POINT('',(66.974152,-113.56004,1.585));
#8654 = VECTOR('',#8655,1.);
#8655 = DIRECTION('',(0.707106781187,0.707106781187,0.));
#8656 = ORIENTED_EDGE('',*,*,#8657,.T.);
#8657 = EDGE_CURVE('',#8650,#8516,#8658,.T.);
#8658 = LINE('',#8659,#8660);
#8659 = CARTESIAN_POINT('',(67.104364,-113.429828,1.585));
#8660 = VECTOR('',#8661,1.);
#8661 = DIRECTION('',(0.561388131408,0.827552636341,0.));
#8662 = PLANE('',#8663);
#8663 = AXIS2_PLACEMENT_3D('',#8664,#8665,#8666);
#8664 = CARTESIAN_POINT('',(0.,0.,1.585));
#8665 = DIRECTION('',(0.,0.,1.));
#8666 = DIRECTION('',(1.,0.,-0.));
#8667 = SHELL_BASED_SURFACE_MODEL('',(#8668));
#8668 = OPEN_SHELL('',(#8669));
#8669 = ADVANCED_FACE('',(#8670),#8739,.T.);
#8670 = FACE_BOUND('',#8671,.F.);
#8671 = EDGE_LOOP('',(#8672,#8683,#8691,#8700,#8708,#8716,#8725,#8733));
#8672 = ORIENTED_EDGE('',*,*,#8673,.T.);
#8673 = EDGE_CURVE('',#8674,#8676,#8678,.T.);
#8674 = VERTEX_POINT('',#8675);
#8675 = CARTESIAN_POINT('',(75.569445,-113.395404,1.585));
#8676 = VERTEX_POINT('',#8677);
#8677 = CARTESIAN_POINT('',(75.569445,-113.160016,1.585));
#8678 = CIRCLE('',#8679,0.119999802321);
#8679 = AXIS2_PLACEMENT_3D('',#8680,#8681,#8682);
#8680 = CARTESIAN_POINT('',(75.592856,-113.27771,1.585));
#8681 = DIRECTION('',(0.,0.,-1.));
#8682 = DIRECTION('',(-0.195091988047,-0.980784949008,-0.));
#8683 = ORIENTED_EDGE('',*,*,#8684,.T.);
#8684 = EDGE_CURVE('',#8676,#8685,#8687,.T.);
#8685 = VERTEX_POINT('',#8686);
#8686 = CARTESIAN_POINT('',(76.530553,-113.160016,1.585));
#8687 = LINE('',#8688,#8689);
#8688 = CARTESIAN_POINT('',(75.569445,-113.160016,1.585));
#8689 = VECTOR('',#8690,1.);
#8690 = DIRECTION('',(1.,0.,0.));
#8691 = ORIENTED_EDGE('',*,*,#8692,.T.);
#8692 = EDGE_CURVE('',#8685,#8693,#8695,.T.);
#8693 = VERTEX_POINT('',#8694);
#8694 = CARTESIAN_POINT('',(76.530553,-113.395404,1.585));
#8695 = CIRCLE('',#8696,0.119999802321);
#8696 = AXIS2_PLACEMENT_3D('',#8697,#8698,#8699);
#8697 = CARTESIAN_POINT('',(76.507142,-113.27771,1.585));
#8698 = DIRECTION('',(0.,0.,-1.));
#8699 = DIRECTION('',(0.195091988047,0.980784949008,0.));
#8700 = ORIENTED_EDGE('',*,*,#8701,.T.);
#8701 = EDGE_CURVE('',#8693,#8702,#8704,.T.);
#8702 = VERTEX_POINT('',#8703);
#8703 = CARTESIAN_POINT('',(76.169999,-113.39771,1.585));
#8704 = LINE('',#8705,#8706);
#8705 = CARTESIAN_POINT('',(76.530553,-113.395404,1.585));
#8706 = VECTOR('',#8707,1.);
#8707 = DIRECTION('',(-0.999979548053,-6.395582458704E-03,0.));
#8708 = ORIENTED_EDGE('',*,*,#8709,.T.);
#8709 = EDGE_CURVE('',#8702,#8710,#8712,.T.);
#8710 = VERTEX_POINT('',#8711);
#8711 = CARTESIAN_POINT('',(76.167693,-114.901121,1.585));
#8712 = LINE('',#8713,#8714);
#8713 = CARTESIAN_POINT('',(76.169999,-113.39771,1.585));
#8714 = VECTOR('',#8715,1.);
#8715 = DIRECTION('',(-1.533843564645E-03,-0.999998823661,0.));
#8716 = ORIENTED_EDGE('',*,*,#8717,.T.);
#8717 = EDGE_CURVE('',#8710,#8718,#8720,.T.);
#8718 = VERTEX_POINT('',#8719);
#8719 = CARTESIAN_POINT('',(75.932305,-114.901121,1.585));
#8720 = CIRCLE('',#8721,0.119999802321);
#8721 = AXIS2_PLACEMENT_3D('',#8722,#8723,#8724);
#8722 = CARTESIAN_POINT('',(76.049999,-114.87771,1.585));
#8723 = DIRECTION('',(-0.,0.,-1.));
#8724 = DIRECTION('',(0.980784949008,-0.195091988047,-0.));
#8725 = ORIENTED_EDGE('',*,*,#8726,.T.);
#8726 = EDGE_CURVE('',#8718,#8727,#8729,.T.);
#8727 = VERTEX_POINT('',#8728);
#8728 = CARTESIAN_POINT('',(75.929999,-113.39771,1.585));
#8729 = LINE('',#8730,#8731);
#8730 = CARTESIAN_POINT('',(75.932305,-114.901121,1.585));
#8731 = VECTOR('',#8732,1.);
#8732 = DIRECTION('',(-1.533843564645E-03,0.999998823661,0.));
#8733 = ORIENTED_EDGE('',*,*,#8734,.T.);
#8734 = EDGE_CURVE('',#8727,#8674,#8735,.T.);
#8735 = LINE('',#8736,#8737);
#8736 = CARTESIAN_POINT('',(75.929999,-113.39771,1.585));
#8737 = VECTOR('',#8738,1.);
#8738 = DIRECTION('',(-0.999979548053,6.395582458704E-03,0.));
#8739 = PLANE('',#8740);
#8740 = AXIS2_PLACEMENT_3D('',#8741,#8742,#8743);
#8741 = CARTESIAN_POINT('',(0.,0.,1.585));
#8742 = DIRECTION('',(0.,0.,1.));
#8743 = DIRECTION('',(1.,0.,-0.));
#8744 = SHELL_BASED_SURFACE_MODEL('',(#8745));
#8745 = OPEN_SHELL('',(#8746));
#8746 = ADVANCED_FACE('',(#8747),#8953,.T.);
#8747 = FACE_BOUND('',#8748,.F.);
#8748 = EDGE_LOOP('',(#8749,#8759,#8767,#8775,#8783,#8791,#8799,#8807,
    #8815,#8823,#8831,#8839,#8847,#8855,#8864,#8872,#8881,#8889,#8897,
    #8905,#8914,#8922,#8930,#8938,#8947));
#8749 = ORIENTED_EDGE('',*,*,#8750,.T.);
#8750 = EDGE_CURVE('',#8751,#8753,#8755,.T.);
#8751 = VERTEX_POINT('',#8752);
#8752 = CARTESIAN_POINT('',(77.302379,-113.254124,1.585));
#8753 = VERTEX_POINT('',#8754);
#8754 = CARTESIAN_POINT('',(77.489733,-113.161971,1.585));
#8755 = LINE('',#8756,#8757);
#8756 = CARTESIAN_POINT('',(77.302379,-113.254124,1.585));
#8757 = VECTOR('',#8758,1.);
#8758 = DIRECTION('',(0.897327795127,0.441364733629,0.));
#8759 = ORIENTED_EDGE('',*,*,#8760,.T.);
#8760 = EDGE_CURVE('',#8753,#8761,#8763,.T.);
#8761 = VERTEX_POINT('',#8762);
#8762 = CARTESIAN_POINT('',(77.521428,-113.15771,1.585));
#8763 = LINE('',#8764,#8765);
#8764 = CARTESIAN_POINT('',(77.489733,-113.161971,1.585));
#8765 = VECTOR('',#8766,1.);
#8766 = DIRECTION('',(0.991083942394,0.133238954994,0.));
#8767 = ORIENTED_EDGE('',*,*,#8768,.T.);
#8768 = EDGE_CURVE('',#8761,#8769,#8771,.T.);
#8769 = VERTEX_POINT('',#8770);
#8770 = CARTESIAN_POINT('',(77.925791,-113.160016,1.585));
#8771 = LINE('',#8772,#8773);
#8772 = CARTESIAN_POINT('',(77.521428,-113.15771,1.585));
#8773 = VECTOR('',#8774,1.);
#8774 = DIRECTION('',(0.999983739451,-5.702704013916E-03,0.));
#8775 = ORIENTED_EDGE('',*,*,#8776,.T.);
#8776 = EDGE_CURVE('',#8769,#8777,#8779,.T.);
#8777 = VERTEX_POINT('',#8778);
#8778 = CARTESIAN_POINT('',(77.956045,-113.170379,1.585));
#8779 = LINE('',#8780,#8781);
#8780 = CARTESIAN_POINT('',(77.925791,-113.160016,1.585));
#8781 = VECTOR('',#8782,1.);
#8782 = DIRECTION('',(0.946039921511,-0.324050099379,0.));
#8783 = ORIENTED_EDGE('',*,*,#8784,.T.);
#8784 = EDGE_CURVE('',#8777,#8785,#8787,.T.);
#8785 = VERTEX_POINT('',#8786);
#8786 = CARTESIAN_POINT('',(78.128335,-113.259101,1.585));
#8787 = LINE('',#8788,#8789);
#8788 = CARTESIAN_POINT('',(77.956045,-113.170379,1.585));
#8789 = VECTOR('',#8790,1.);
#8790 = DIRECTION('',(0.889044826057,-0.457820158207,0.));
#8791 = ORIENTED_EDGE('',*,*,#8792,.T.);
#8792 = EDGE_CURVE('',#8785,#8793,#8795,.T.);
#8793 = VERTEX_POINT('',#8794);
#8794 = CARTESIAN_POINT('',(78.230728,-113.363423,1.585));
#8795 = LINE('',#8796,#8797);
#8796 = CARTESIAN_POINT('',(78.128335,-113.259101,1.585));
#8797 = VECTOR('',#8798,1.);
#8798 = DIRECTION('',(0.700477782645,-0.7136742086,0.));
#8799 = ORIENTED_EDGE('',*,*,#8800,.T.);
#8800 = EDGE_CURVE('',#8793,#8801,#8803,.T.);
#8801 = VERTEX_POINT('',#8802);
#8802 = CARTESIAN_POINT('',(78.322881,-113.550777,1.585));
#8803 = LINE('',#8804,#8805);
#8804 = CARTESIAN_POINT('',(78.230728,-113.363423,1.585));
#8805 = VECTOR('',#8806,1.);
#8806 = DIRECTION('',(0.441364733629,-0.897327795127,0.));
#8807 = ORIENTED_EDGE('',*,*,#8808,.T.);
#8808 = EDGE_CURVE('',#8801,#8809,#8811,.T.);
#8809 = VERTEX_POINT('',#8810);
#8810 = CARTESIAN_POINT('',(78.327142,-113.582472,1.585));
#8811 = LINE('',#8812,#8813);
#8812 = CARTESIAN_POINT('',(78.322881,-113.550777,1.585));
#8813 = VECTOR('',#8814,1.);
#8814 = DIRECTION('',(0.133238954994,-0.991083942394,0.));
#8815 = ORIENTED_EDGE('',*,*,#8816,.T.);
#8816 = EDGE_CURVE('',#8809,#8817,#8819,.T.);
#8817 = VERTEX_POINT('',#8818);
#8818 = CARTESIAN_POINT('',(78.323623,-113.76119,1.585));
#8819 = LINE('',#8820,#8821);
#8820 = CARTESIAN_POINT('',(78.327142,-113.582472,1.585));
#8821 = VECTOR('',#8822,1.);
#8822 = DIRECTION('',(-1.968642235531E-02,-0.999806203609,0.));
#8823 = ORIENTED_EDGE('',*,*,#8824,.T.);
#8824 = EDGE_CURVE('',#8817,#8825,#8827,.T.);
#8825 = VERTEX_POINT('',#8826);
#8826 = CARTESIAN_POINT('',(78.235203,-114.022852,1.585));
#8827 = LINE('',#8828,#8829);
#8828 = CARTESIAN_POINT('',(78.323623,-113.76119,1.585));
#8829 = VECTOR('',#8830,1.);
#8830 = DIRECTION('',(-0.32013315482,-0.947372557754,0.));
#8831 = ORIENTED_EDGE('',*,*,#8832,.T.);
#8832 = EDGE_CURVE('',#8825,#8833,#8835,.T.);
#8833 = VERTEX_POINT('',#8834);
#8834 = CARTESIAN_POINT('',(78.215805,-114.048277,1.585));
#8835 = LINE('',#8836,#8837);
#8836 = CARTESIAN_POINT('',(78.235203,-114.022852,1.585));
#8837 = VECTOR('',#8838,1.);
#8838 = DIRECTION('',(-0.606568789977,-0.795031007587,0.));
#8839 = ORIENTED_EDGE('',*,*,#8840,.T.);
#8840 = EDGE_CURVE('',#8833,#8841,#8843,.T.);
#8841 = VERTEX_POINT('',#8842);
#8842 = CARTESIAN_POINT('',(77.506372,-114.75771,1.585));
#8843 = LINE('',#8844,#8845);
#8844 = CARTESIAN_POINT('',(78.215805,-114.048277,1.585));
#8845 = VECTOR('',#8846,1.);
#8846 = DIRECTION('',(-0.707106781187,-0.707106781187,0.));
#8847 = ORIENTED_EDGE('',*,*,#8848,.T.);
#8848 = EDGE_CURVE('',#8841,#8849,#8851,.T.);
#8849 = VERTEX_POINT('',#8850);
#8850 = CARTESIAN_POINT('',(78.230553,-114.760016,1.585));
#8851 = LINE('',#8852,#8853);
#8852 = CARTESIAN_POINT('',(77.506372,-114.75771,1.585));
#8853 = VECTOR('',#8854,1.);
#8854 = DIRECTION('',(0.999994930197,-3.184270657509E-03,0.));
#8855 = ORIENTED_EDGE('',*,*,#8856,.T.);
#8856 = EDGE_CURVE('',#8849,#8857,#8859,.T.);
#8857 = VERTEX_POINT('',#8858);
#8858 = CARTESIAN_POINT('',(78.230553,-114.995404,1.585));
#8859 = CIRCLE('',#8860,0.119999802321);
#8860 = AXIS2_PLACEMENT_3D('',#8861,#8862,#8863);
#8861 = CARTESIAN_POINT('',(78.207142,-114.87771,1.585));
#8862 = DIRECTION('',(0.,0.,-1.));
#8863 = DIRECTION('',(0.195091988047,0.980784949008,0.));
#8864 = ORIENTED_EDGE('',*,*,#8865,.T.);
#8865 = EDGE_CURVE('',#8857,#8866,#8868,.T.);
#8866 = VERTEX_POINT('',#8867);
#8867 = CARTESIAN_POINT('',(77.193255,-114.995404,1.585));
#8868 = LINE('',#8869,#8870);
#8869 = CARTESIAN_POINT('',(78.230553,-114.995404,1.585));
#8870 = VECTOR('',#8871,1.);
#8871 = DIRECTION('',(-1.,0.,0.));
#8872 = ORIENTED_EDGE('',*,*,#8873,.T.);
#8873 = EDGE_CURVE('',#8866,#8874,#8876,.T.);
#8874 = VERTEX_POINT('',#8875);
#8875 = CARTESIAN_POINT('',(77.11689,-114.811042,1.585));
#8876 = CIRCLE('',#8877,0.119999904712);
#8877 = AXIS2_PLACEMENT_3D('',#8878,#8879,#8880);
#8878 = CARTESIAN_POINT('',(77.216666524828,-114.87771,1.585));
#8879 = DIRECTION('',(0.,0.,-1.));
#8880 = DIRECTION('',(-0.195096195154,-0.980784112145,-0.));
#8881 = ORIENTED_EDGE('',*,*,#8882,.T.);
#8882 = EDGE_CURVE('',#8874,#8883,#8885,.T.);
#8883 = VERTEX_POINT('',#8884);
#8884 = CARTESIAN_POINT('',(78.026068,-113.898601,1.585));
#8885 = LINE('',#8886,#8887);
#8886 = CARTESIAN_POINT('',(77.11689,-114.811042,1.585));
#8887 = VECTOR('',#8888,1.);
#8888 = DIRECTION('',(0.705839034088,0.70837225945,0.));
#8889 = ORIENTED_EDGE('',*,*,#8890,.T.);
#8890 = EDGE_CURVE('',#8883,#8891,#8893,.T.);
#8891 = VERTEX_POINT('',#8892);
#8892 = CARTESIAN_POINT('',(78.087142,-113.71538,1.585));
#8893 = LINE('',#8894,#8895);
#8894 = CARTESIAN_POINT('',(78.026068,-113.898601,1.585));
#8895 = VECTOR('',#8896,1.);
#8896 = DIRECTION('',(0.316229319358,0.948682780269,0.));
#8897 = ORIENTED_EDGE('',*,*,#8898,.T.);
#8898 = EDGE_CURVE('',#8891,#8899,#8901,.T.);
#8899 = VERTEX_POINT('',#8900);
#8900 = CARTESIAN_POINT('',(78.087142,-113.610798,1.585));
#8901 = LINE('',#8902,#8903);
#8902 = CARTESIAN_POINT('',(78.087142,-113.71538,1.585));
#8903 = VECTOR('',#8904,1.);
#8904 = DIRECTION('',(0.,1.,0.));
#8905 = ORIENTED_EDGE('',*,*,#8906,.T.);
#8906 = EDGE_CURVE('',#8899,#8907,#8909,.T.);
#8907 = VERTEX_POINT('',#8908);
#8908 = CARTESIAN_POINT('',(77.874053,-113.39771,1.585));
#8909 = CIRCLE('',#8910,0.298985344024);
#8910 = AXIS2_PLACEMENT_3D('',#8911,#8912,#8913);
#8911 = CARTESIAN_POINT('',(77.797993326223,-113.6868590307,1.585));
#8912 = DIRECTION('',(0.,0.,1.));
#8913 = DIRECTION('',(0.967099824645,0.254397187821,-0.));
#8914 = ORIENTED_EDGE('',*,*,#8915,.T.);
#8915 = EDGE_CURVE('',#8907,#8916,#8918,.T.);
#8916 = VERTEX_POINT('',#8917);
#8917 = CARTESIAN_POINT('',(77.549755,-113.39771,1.585));
#8918 = LINE('',#8919,#8920);
#8919 = CARTESIAN_POINT('',(77.874053,-113.39771,1.585));
#8920 = VECTOR('',#8921,1.);
#8921 = DIRECTION('',(-1.,0.,0.));
#8922 = ORIENTED_EDGE('',*,*,#8923,.T.);
#8923 = EDGE_CURVE('',#8916,#8924,#8926,.T.);
#8924 = VERTEX_POINT('',#8925);
#8925 = CARTESIAN_POINT('',(77.440131,-113.452521,1.585));
#8926 = LINE('',#8927,#8928);
#8927 = CARTESIAN_POINT('',(77.549755,-113.39771,1.585));
#8928 = VECTOR('',#8929,1.);
#8929 = DIRECTION('',(-0.894430454606,-0.447207068228,0.));
#8930 = ORIENTED_EDGE('',*,*,#8931,.T.);
#8931 = EDGE_CURVE('',#8924,#8932,#8934,.T.);
#8932 = VERTEX_POINT('',#8933);
#8933 = CARTESIAN_POINT('',(77.359524,-113.529867,1.585));
#8934 = LINE('',#8935,#8936);
#8935 = CARTESIAN_POINT('',(77.440131,-113.452521,1.585));
#8936 = VECTOR('',#8937,1.);
#8937 = DIRECTION('',(-0.721551512981,-0.692360754314,0.));
#8938 = ORIENTED_EDGE('',*,*,#8939,.T.);
#8939 = EDGE_CURVE('',#8932,#8940,#8942,.T.);
#8940 = VERTEX_POINT('',#8941);
#8941 = CARTESIAN_POINT('',(77.19308,-113.363423,1.585));
#8942 = CIRCLE('',#8943,0.119999468332);
#8943 = AXIS2_PLACEMENT_3D('',#8944,#8945,#8946);
#8944 = CARTESIAN_POINT('',(77.292856,-113.430091,1.585));
#8945 = DIRECTION('',(0.,0.,-1.));
#8946 = DIRECTION('',(0.555569128152,-0.83147035055,0.));
#8947 = ORIENTED_EDGE('',*,*,#8948,.T.);
#8948 = EDGE_CURVE('',#8940,#8751,#8949,.T.);
#8949 = LINE('',#8950,#8951);
#8950 = CARTESIAN_POINT('',(77.19308,-113.363423,1.585));
#8951 = VECTOR('',#8952,1.);
#8952 = DIRECTION('',(0.707106781187,0.707106781187,0.));
#8953 = PLANE('',#8954);
#8954 = AXIS2_PLACEMENT_3D('',#8955,#8956,#8957);
#8955 = CARTESIAN_POINT('',(0.,0.,1.585));
#8956 = DIRECTION('',(0.,0.,1.));
#8957 = DIRECTION('',(1.,0.,-0.));
#8958 = SHELL_BASED_SURFACE_MODEL('',(#8959));
#8959 = OPEN_SHELL('',(#8960));
#8960 = ADVANCED_FACE('',(#8961),#9047,.T.);
#8961 = FACE_BOUND('',#8962,.F.);
#8962 = EDGE_LOOP('',(#8963,#8974,#8982,#8991,#8999,#9007,#9016,#9024,
    #9032,#9041));
#8963 = ORIENTED_EDGE('',*,*,#8964,.T.);
#8964 = EDGE_CURVE('',#8965,#8967,#8969,.T.);
#8965 = VERTEX_POINT('',#8966);
#8966 = CARTESIAN_POINT('',(71.482419,-114.056021,1.585));
#8967 = VERTEX_POINT('',#8968);
#8968 = CARTESIAN_POINT('',(71.462501,-114.258252,1.585));
#8969 = CIRCLE('',#8970,0.124999793415);
#8970 = AXIS2_PLACEMENT_3D('',#8971,#8972,#8973);
#8971 = CARTESIAN_POINT('',(71.399999736843,-114.1499997923,1.585));
#8972 = DIRECTION('',(0.,0.,-1.));
#8973 = DIRECTION('',(0.659355194956,0.751831581462,0.));
#8974 = ORIENTED_EDGE('',*,*,#8975,.T.);
#8975 = EDGE_CURVE('',#8967,#8976,#8978,.T.);
#8976 = VERTEX_POINT('',#8977);
#8977 = CARTESIAN_POINT('',(70.660782,-114.718365,1.585));
#8978 = LINE('',#8979,#8980);
#8979 = CARTESIAN_POINT('',(71.462501,-114.258252,1.585));
#8980 = VECTOR('',#8981,1.);
#8981 = DIRECTION('',(-0.867315258281,-0.497759221665,0.));
#8982 = ORIENTED_EDGE('',*,*,#8983,.T.);
#8983 = EDGE_CURVE('',#8976,#8984,#8986,.T.);
#8984 = VERTEX_POINT('',#8985);
#8985 = CARTESIAN_POINT('',(70.538181,-114.506021,1.585));
#8986 = CIRCLE('',#8987,0.124999574469);
#8987 = AXIS2_PLACEMENT_3D('',#8988,#8989,#8990);
#8988 = CARTESIAN_POINT('',(70.620599715592,-114.5999999813,1.585));
#8989 = DIRECTION('',(0.,0.,-1.));
#8990 = DIRECTION('',(0.321459369594,-0.946923372665,0.));
#8991 = ORIENTED_EDGE('',*,*,#8992,.T.);
#8992 = EDGE_CURVE('',#8984,#8993,#8995,.T.);
#8993 = VERTEX_POINT('',#8994);
#8994 = CARTESIAN_POINT('',(70.933506,-114.275,1.585));
#8995 = LINE('',#8996,#8997);
#8996 = CARTESIAN_POINT('',(70.538181,-114.506021,1.585));
#8997 = VECTOR('',#8998,1.);
#8998 = DIRECTION('',(0.863384398681,0.504546707564,0.));
#8999 = ORIENTED_EDGE('',*,*,#9000,.T.);
#9000 = EDGE_CURVE('',#8993,#9001,#9003,.T.);
#9001 = VERTEX_POINT('',#9002);
#9002 = CARTESIAN_POINT('',(68.575614,-114.272598,1.585));
#9003 = LINE('',#9004,#9005);
#9004 = CARTESIAN_POINT('',(70.933506,-114.275,1.585));
#9005 = VECTOR('',#9006,1.);
#9006 = DIRECTION('',(-0.999999481119,1.018706010984E-03,0.));
#9007 = ORIENTED_EDGE('',*,*,#9008,.T.);
#9008 = EDGE_CURVE('',#9001,#9009,#9011,.T.);
#9009 = VERTEX_POINT('',#9010);
#9010 = CARTESIAN_POINT('',(68.575614,-114.027402,1.585));
#9011 = CIRCLE('',#9012,0.1249997864);
#9012 = AXIS2_PLACEMENT_3D('',#9013,#9014,#9015);
#9013 = CARTESIAN_POINT('',(68.6,-114.15,1.585));
#9014 = DIRECTION('',(0.,0.,-1.));
#9015 = DIRECTION('',(-0.195088333367,-0.980785675968,-0.));
#9016 = ORIENTED_EDGE('',*,*,#9017,.T.);
#9017 = EDGE_CURVE('',#9009,#9018,#9020,.T.);
#9018 = VERTEX_POINT('',#9019);
#9019 = CARTESIAN_POINT('',(70.933506,-114.025,1.585));
#9020 = LINE('',#9021,#9022);
#9021 = CARTESIAN_POINT('',(68.575614,-114.027402,1.585));
#9022 = VECTOR('',#9023,1.);
#9023 = DIRECTION('',(0.999999481119,1.018706010978E-03,0.));
#9024 = ORIENTED_EDGE('',*,*,#9025,.T.);
#9025 = EDGE_CURVE('',#9018,#9026,#9028,.T.);
#9026 = VERTEX_POINT('',#9027);
#9027 = CARTESIAN_POINT('',(70.538181,-113.793979,1.585));
#9028 = LINE('',#9029,#9030);
#9029 = CARTESIAN_POINT('',(70.933506,-114.025,1.585));
#9030 = VECTOR('',#9031,1.);
#9031 = DIRECTION('',(-0.863384398681,0.504546707564,0.));
#9032 = ORIENTED_EDGE('',*,*,#9033,.T.);
#9033 = EDGE_CURVE('',#9026,#9034,#9036,.T.);
#9034 = VERTEX_POINT('',#9035);
#9035 = CARTESIAN_POINT('',(70.660782,-113.581635,1.585));
#9036 = CIRCLE('',#9037,0.124999385216);
#9037 = AXIS2_PLACEMENT_3D('',#9038,#9039,#9040);
#9038 = CARTESIAN_POINT('',(70.62059887544,-113.6999995335,1.585));
#9039 = DIRECTION('',(0.,0.,-1.));
#9040 = DIRECTION('',(-0.659346246362,-0.751839429272,-0.));
#9041 = ORIENTED_EDGE('',*,*,#9042,.T.);
#9042 = EDGE_CURVE('',#9034,#8965,#9043,.T.);
#9043 = LINE('',#9044,#9045);
#9044 = CARTESIAN_POINT('',(70.660782,-113.581635,1.585));
#9045 = VECTOR('',#9046,1.);
#9046 = DIRECTION('',(0.866019170684,-0.500010795892,0.));
#9047 = PLANE('',#9048);
#9048 = AXIS2_PLACEMENT_3D('',#9049,#9050,#9051);
#9049 = CARTESIAN_POINT('',(0.,0.,1.585));
#9050 = DIRECTION('',(0.,0.,1.));
#9051 = DIRECTION('',(1.,0.,-0.));
#9052 = SHELL_BASED_SURFACE_MODEL('',(#9053));
#9053 = OPEN_SHELL('',(#9054));
#9054 = ADVANCED_FACE('',(#9055),#9125,.T.);
#9055 = FACE_BOUND('',#9056,.F.);
#9056 = EDGE_LOOP('',(#9057,#9068,#9076,#9085,#9093,#9102,#9110,#9119));
#9057 = ORIENTED_EDGE('',*,*,#9058,.T.);
#9058 = EDGE_CURVE('',#9059,#9061,#9063,.T.);
#9059 = VERTEX_POINT('',#9060);
#9060 = CARTESIAN_POINT('',(67.625614,-76.922598,1.585));
#9061 = VERTEX_POINT('',#9062);
#9062 = CARTESIAN_POINT('',(67.625614,-76.677402,1.585));
#9063 = CIRCLE('',#9064,0.1249997864);
#9064 = AXIS2_PLACEMENT_3D('',#9065,#9066,#9067);
#9065 = CARTESIAN_POINT('',(67.65,-76.8,1.585));
#9066 = DIRECTION('',(0.,0.,-1.));
#9067 = DIRECTION('',(-0.195088333367,-0.980785675968,-0.));
#9068 = ORIENTED_EDGE('',*,*,#9069,.T.);
#9069 = EDGE_CURVE('',#9061,#9070,#9072,.T.);
#9070 = VERTEX_POINT('',#9071);
#9071 = CARTESIAN_POINT('',(68.600002,-76.675,1.585));
#9072 = LINE('',#9073,#9074);
#9073 = CARTESIAN_POINT('',(67.625614,-76.677402,1.585));
#9074 = VECTOR('',#9075,1.);
#9075 = DIRECTION('',(0.999996961563,2.46512960102E-03,0.));
#9076 = ORIENTED_EDGE('',*,*,#9077,.T.);
#9077 = EDGE_CURVE('',#9070,#9078,#9080,.T.);
#9078 = VERTEX_POINT('',#9079);
#9079 = CARTESIAN_POINT('',(69.725,-77.8,1.585));
#9080 = CIRCLE('',#9081,1.1250226435);
#9081 = AXIS2_PLACEMENT_3D('',#9082,#9083,#9084);
#9082 = CARTESIAN_POINT('',(68.599977356728,-77.80002264323,1.585));
#9083 = DIRECTION('',(0.,0.,-1.));
#9084 = DIRECTION('',(2.19046900432E-05,0.99999999976,0.));
#9085 = ORIENTED_EDGE('',*,*,#9086,.T.);
#9086 = EDGE_CURVE('',#9078,#9087,#9089,.T.);
#9087 = VERTEX_POINT('',#9088);
#9088 = CARTESIAN_POINT('',(69.722598,-113.474386,1.585));
#9089 = LINE('',#9090,#9091);
#9090 = CARTESIAN_POINT('',(69.725,-77.8,1.585));
#9091 = VECTOR('',#9092,1.);
#9092 = DIRECTION('',(-6.733122174954E-05,-0.999999997733,0.));
#9093 = ORIENTED_EDGE('',*,*,#9094,.T.);
#9094 = EDGE_CURVE('',#9087,#9095,#9097,.T.);
#9095 = VERTEX_POINT('',#9096);
#9096 = CARTESIAN_POINT('',(69.477402,-113.474386,1.585));
#9097 = CIRCLE('',#9098,0.1249997864);
#9098 = AXIS2_PLACEMENT_3D('',#9099,#9100,#9101);
#9099 = CARTESIAN_POINT('',(69.6,-113.45,1.585));
#9100 = DIRECTION('',(-0.,0.,-1.));
#9101 = DIRECTION('',(0.980785675968,-0.195088333367,-0.));
#9102 = ORIENTED_EDGE('',*,*,#9103,.T.);
#9103 = EDGE_CURVE('',#9095,#9104,#9106,.T.);
#9104 = VERTEX_POINT('',#9105);
#9105 = CARTESIAN_POINT('',(69.474998,-77.713823,1.585));
#9106 = LINE('',#9107,#9108);
#9107 = CARTESIAN_POINT('',(69.477402,-113.474386,1.585));
#9108 = VECTOR('',#9109,1.);
#9109 = DIRECTION('',(-6.722489225258E-05,0.99999999774,0.));
#9110 = ORIENTED_EDGE('',*,*,#9111,.T.);
#9111 = EDGE_CURVE('',#9104,#9112,#9114,.T.);
#9112 = VERTEX_POINT('',#9113);
#9113 = CARTESIAN_POINT('',(68.686177,-76.925002,1.585));
#9114 = CIRCLE('',#9115,0.879255247702);
#9115 = AXIS2_PLACEMENT_3D('',#9116,#9117,#9118);
#9116 = CARTESIAN_POINT('',(68.599978248325,-77.80002175167,1.585));
#9117 = DIRECTION('',(0.,0.,1.));
#9118 = DIRECTION('',(0.995182859541,9.803609577579E-02,-0.));
#9119 = ORIENTED_EDGE('',*,*,#9120,.T.);
#9120 = EDGE_CURVE('',#9112,#9059,#9121,.T.);
#9121 = LINE('',#9122,#9123);
#9122 = CARTESIAN_POINT('',(68.686177,-76.925002,1.585));
#9123 = VECTOR('',#9124,1.);
#9124 = DIRECTION('',(-0.999997430999,2.266714777089E-03,0.));
#9125 = PLANE('',#9126);
#9126 = AXIS2_PLACEMENT_3D('',#9127,#9128,#9129);
#9127 = CARTESIAN_POINT('',(0.,0.,1.585));
#9128 = DIRECTION('',(0.,0.,1.));
#9129 = DIRECTION('',(1.,0.,-0.));
#9130 = SHELL_BASED_SURFACE_MODEL('',(#9131));
#9131 = OPEN_SHELL('',(#9132));
#9132 = ADVANCED_FACE('',(#9133),#9203,.T.);
#9133 = FACE_BOUND('',#9134,.F.);
#9134 = EDGE_LOOP('',(#9135,#9146,#9154,#9163,#9171,#9180,#9188,#9197));
#9135 = ORIENTED_EDGE('',*,*,#9136,.T.);
#9136 = EDGE_CURVE('',#9137,#9139,#9141,.T.);
#9137 = VERTEX_POINT('',#9138);
#9138 = CARTESIAN_POINT('',(70.275,-77.799997,1.585));
#9139 = VERTEX_POINT('',#9140);
#9140 = CARTESIAN_POINT('',(71.4,-76.675,1.585));
#9141 = CIRCLE('',#9142,1.125022643542);
#9142 = AXIS2_PLACEMENT_3D('',#9143,#9144,#9145);
#9143 = CARTESIAN_POINT('',(71.40002264325,-77.80002264331,1.585));
#9144 = DIRECTION('',(0.,0.,-1.));
#9145 = DIRECTION('',(-0.99999999974,2.279359825094E-05,0.));
#9146 = ORIENTED_EDGE('',*,*,#9147,.T.);
#9147 = EDGE_CURVE('',#9139,#9148,#9150,.T.);
#9148 = VERTEX_POINT('',#9149);
#9149 = CARTESIAN_POINT('',(72.374386,-76.677402,1.585));
#9150 = LINE('',#9151,#9152);
#9151 = CARTESIAN_POINT('',(71.4,-76.675,1.585));
#9152 = VECTOR('',#9153,1.);
#9153 = DIRECTION('',(0.999996961551,-2.465134660852E-03,0.));
#9154 = ORIENTED_EDGE('',*,*,#9155,.T.);
#9155 = EDGE_CURVE('',#9148,#9156,#9158,.T.);
#9156 = VERTEX_POINT('',#9157);
#9157 = CARTESIAN_POINT('',(72.374386,-76.922598,1.585));
#9158 = CIRCLE('',#9159,0.1249997864);
#9159 = AXIS2_PLACEMENT_3D('',#9160,#9161,#9162);
#9160 = CARTESIAN_POINT('',(72.35,-76.8,1.585));
#9161 = DIRECTION('',(0.,0.,-1.));
#9162 = DIRECTION('',(0.195088333367,0.980785675968,0.));
#9163 = ORIENTED_EDGE('',*,*,#9164,.T.);
#9164 = EDGE_CURVE('',#9156,#9165,#9167,.T.);
#9165 = VERTEX_POINT('',#9166);
#9166 = CARTESIAN_POINT('',(71.313823,-76.925002,1.585));
#9167 = LINE('',#9168,#9169);
#9168 = CARTESIAN_POINT('',(72.374386,-76.922598,1.585));
#9169 = VECTOR('',#9170,1.);
#9170 = DIRECTION('',(-0.999997430999,-2.266714777089E-03,0.));
#9171 = ORIENTED_EDGE('',*,*,#9172,.T.);
#9172 = EDGE_CURVE('',#9165,#9173,#9175,.T.);
#9173 = VERTEX_POINT('',#9174);
#9174 = CARTESIAN_POINT('',(70.525002,-77.713823,1.585));
#9175 = CIRCLE('',#9176,0.879255247702);
#9176 = AXIS2_PLACEMENT_3D('',#9177,#9178,#9179);
#9177 = CARTESIAN_POINT('',(71.400021751675,-77.80002175167,1.585));
#9178 = DIRECTION('',(0.,0.,1.));
#9179 = DIRECTION('',(-9.803609577579E-02,0.995182859541,0.));
#9180 = ORIENTED_EDGE('',*,*,#9181,.T.);
#9181 = EDGE_CURVE('',#9173,#9182,#9184,.T.);
#9182 = VERTEX_POINT('',#9183);
#9183 = CARTESIAN_POINT('',(70.522598,-113.474386,1.585));
#9184 = LINE('',#9185,#9186);
#9185 = CARTESIAN_POINT('',(70.525002,-77.713823,1.585));
#9186 = VECTOR('',#9187,1.);
#9187 = DIRECTION('',(-6.722489225258E-05,-0.99999999774,0.));
#9188 = ORIENTED_EDGE('',*,*,#9189,.T.);
#9189 = EDGE_CURVE('',#9182,#9190,#9192,.T.);
#9190 = VERTEX_POINT('',#9191);
#9191 = CARTESIAN_POINT('',(70.277402,-113.474386,1.585));
#9192 = CIRCLE('',#9193,0.1249997864);
#9193 = AXIS2_PLACEMENT_3D('',#9194,#9195,#9196);
#9194 = CARTESIAN_POINT('',(70.4,-113.45,1.585));
#9195 = DIRECTION('',(-0.,0.,-1.));
#9196 = DIRECTION('',(0.980785675968,-0.195088333367,-0.));
#9197 = ORIENTED_EDGE('',*,*,#9198,.T.);
#9198 = EDGE_CURVE('',#9190,#9137,#9199,.T.);
#9199 = LINE('',#9200,#9201);
#9200 = CARTESIAN_POINT('',(70.277402,-113.474386,1.585));
#9201 = VECTOR('',#9202,1.);
#9202 = DIRECTION('',(-6.733121608739E-05,0.999999997733,0.));
#9203 = PLANE('',#9204);
#9204 = AXIS2_PLACEMENT_3D('',#9205,#9206,#9207);
#9205 = CARTESIAN_POINT('',(0.,0.,1.585));
#9206 = DIRECTION('',(0.,0.,1.));
#9207 = DIRECTION('',(1.,0.,-0.));
#9208 = SHELL_BASED_SURFACE_MODEL('',(#9209));
#9209 = OPEN_SHELL('',(#9210));
#9210 = ADVANCED_FACE('',(#9211),#9417,.T.);
#9211 = FACE_BOUND('',#9212,.F.);
#9212 = EDGE_LOOP('',(#9213,#9223,#9231,#9239,#9247,#9255,#9263,#9271,
    #9279,#9287,#9295,#9303,#9311,#9319,#9328,#9336,#9345,#9353,#9361,
    #9369,#9378,#9386,#9394,#9402,#9411));
#9213 = ORIENTED_EDGE('',*,*,#9214,.T.);
#9214 = EDGE_CURVE('',#9215,#9217,#9219,.T.);
#9215 = VERTEX_POINT('',#9216);
#9216 = CARTESIAN_POINT('',(64.352379,-101.954124,1.585));
#9217 = VERTEX_POINT('',#9218);
#9218 = CARTESIAN_POINT('',(64.539733,-101.861971,1.585));
#9219 = LINE('',#9220,#9221);
#9220 = CARTESIAN_POINT('',(64.352379,-101.954124,1.585));
#9221 = VECTOR('',#9222,1.);
#9222 = DIRECTION('',(0.897327795127,0.441364733629,0.));
#9223 = ORIENTED_EDGE('',*,*,#9224,.T.);
#9224 = EDGE_CURVE('',#9217,#9225,#9227,.T.);
#9225 = VERTEX_POINT('',#9226);
#9226 = CARTESIAN_POINT('',(64.571428,-101.85771,1.585));
#9227 = LINE('',#9228,#9229);
#9228 = CARTESIAN_POINT('',(64.539733,-101.861971,1.585));
#9229 = VECTOR('',#9230,1.);
#9230 = DIRECTION('',(0.991083942394,0.133238954994,0.));
#9231 = ORIENTED_EDGE('',*,*,#9232,.T.);
#9232 = EDGE_CURVE('',#9225,#9233,#9235,.T.);
#9233 = VERTEX_POINT('',#9234);
#9234 = CARTESIAN_POINT('',(64.975791,-101.860016,1.585));
#9235 = LINE('',#9236,#9237);
#9236 = CARTESIAN_POINT('',(64.571428,-101.85771,1.585));
#9237 = VECTOR('',#9238,1.);
#9238 = DIRECTION('',(0.999983739451,-5.702704013916E-03,0.));
#9239 = ORIENTED_EDGE('',*,*,#9240,.T.);
#9240 = EDGE_CURVE('',#9233,#9241,#9243,.T.);
#9241 = VERTEX_POINT('',#9242);
#9242 = CARTESIAN_POINT('',(65.006045,-101.870379,1.585));
#9243 = LINE('',#9244,#9245);
#9244 = CARTESIAN_POINT('',(64.975791,-101.860016,1.585));
#9245 = VECTOR('',#9246,1.);
#9246 = DIRECTION('',(0.946039921511,-0.324050099379,0.));
#9247 = ORIENTED_EDGE('',*,*,#9248,.T.);
#9248 = EDGE_CURVE('',#9241,#9249,#9251,.T.);
#9249 = VERTEX_POINT('',#9250);
#9250 = CARTESIAN_POINT('',(65.178335,-101.959101,1.585));
#9251 = LINE('',#9252,#9253);
#9252 = CARTESIAN_POINT('',(65.006045,-101.870379,1.585));
#9253 = VECTOR('',#9254,1.);
#9254 = DIRECTION('',(0.889044826057,-0.457820158207,0.));
#9255 = ORIENTED_EDGE('',*,*,#9256,.T.);
#9256 = EDGE_CURVE('',#9249,#9257,#9259,.T.);
#9257 = VERTEX_POINT('',#9258);
#9258 = CARTESIAN_POINT('',(65.280728,-102.063423,1.585));
#9259 = LINE('',#9260,#9261);
#9260 = CARTESIAN_POINT('',(65.178335,-101.959101,1.585));
#9261 = VECTOR('',#9262,1.);
#9262 = DIRECTION('',(0.700477782645,-0.7136742086,0.));
#9263 = ORIENTED_EDGE('',*,*,#9264,.T.);
#9264 = EDGE_CURVE('',#9257,#9265,#9267,.T.);
#9265 = VERTEX_POINT('',#9266);
#9266 = CARTESIAN_POINT('',(65.372881,-102.250777,1.585));
#9267 = LINE('',#9268,#9269);
#9268 = CARTESIAN_POINT('',(65.280728,-102.063423,1.585));
#9269 = VECTOR('',#9270,1.);
#9270 = DIRECTION('',(0.441364733629,-0.897327795127,0.));
#9271 = ORIENTED_EDGE('',*,*,#9272,.T.);
#9272 = EDGE_CURVE('',#9265,#9273,#9275,.T.);
#9273 = VERTEX_POINT('',#9274);
#9274 = CARTESIAN_POINT('',(65.377142,-102.282472,1.585));
#9275 = LINE('',#9276,#9277);
#9276 = CARTESIAN_POINT('',(65.372881,-102.250777,1.585));
#9277 = VECTOR('',#9278,1.);
#9278 = DIRECTION('',(0.133238954994,-0.991083942394,0.));
#9279 = ORIENTED_EDGE('',*,*,#9280,.T.);
#9280 = EDGE_CURVE('',#9273,#9281,#9283,.T.);
#9281 = VERTEX_POINT('',#9282);
#9282 = CARTESIAN_POINT('',(65.373623,-102.46119,1.585));
#9283 = LINE('',#9284,#9285);
#9284 = CARTESIAN_POINT('',(65.377142,-102.282472,1.585));
#9285 = VECTOR('',#9286,1.);
#9286 = DIRECTION('',(-1.968642235539E-02,-0.999806203609,0.));
#9287 = ORIENTED_EDGE('',*,*,#9288,.T.);
#9288 = EDGE_CURVE('',#9281,#9289,#9291,.T.);
#9289 = VERTEX_POINT('',#9290);
#9290 = CARTESIAN_POINT('',(65.285203,-102.722852,1.585));
#9291 = LINE('',#9292,#9293);
#9292 = CARTESIAN_POINT('',(65.373623,-102.46119,1.585));
#9293 = VECTOR('',#9294,1.);
#9294 = DIRECTION('',(-0.32013315482,-0.947372557754,0.));
#9295 = ORIENTED_EDGE('',*,*,#9296,.T.);
#9296 = EDGE_CURVE('',#9289,#9297,#9299,.T.);
#9297 = VERTEX_POINT('',#9298);
#9298 = CARTESIAN_POINT('',(65.265805,-102.748277,1.585));
#9299 = LINE('',#9300,#9301);
#9300 = CARTESIAN_POINT('',(65.285203,-102.722852,1.585));
#9301 = VECTOR('',#9302,1.);
#9302 = DIRECTION('',(-0.606568789977,-0.795031007587,0.));
#9303 = ORIENTED_EDGE('',*,*,#9304,.T.);
#9304 = EDGE_CURVE('',#9297,#9305,#9307,.T.);
#9305 = VERTEX_POINT('',#9306);
#9306 = CARTESIAN_POINT('',(64.556372,-103.45771,1.585));
#9307 = LINE('',#9308,#9309);
#9308 = CARTESIAN_POINT('',(65.265805,-102.748277,1.585));
#9309 = VECTOR('',#9310,1.);
#9310 = DIRECTION('',(-0.707106781187,-0.707106781187,0.));
#9311 = ORIENTED_EDGE('',*,*,#9312,.T.);
#9312 = EDGE_CURVE('',#9305,#9313,#9315,.T.);
#9313 = VERTEX_POINT('',#9314);
#9314 = CARTESIAN_POINT('',(65.280553,-103.460016,1.585));
#9315 = LINE('',#9316,#9317);
#9316 = CARTESIAN_POINT('',(64.556372,-103.45771,1.585));
#9317 = VECTOR('',#9318,1.);
#9318 = DIRECTION('',(0.999994930197,-3.184270657509E-03,0.));
#9319 = ORIENTED_EDGE('',*,*,#9320,.T.);
#9320 = EDGE_CURVE('',#9313,#9321,#9323,.T.);
#9321 = VERTEX_POINT('',#9322);
#9322 = CARTESIAN_POINT('',(65.280553,-103.695404,1.585));
#9323 = CIRCLE('',#9324,0.119999802321);
#9324 = AXIS2_PLACEMENT_3D('',#9325,#9326,#9327);
#9325 = CARTESIAN_POINT('',(65.257142,-103.57771,1.585));
#9326 = DIRECTION('',(0.,0.,-1.));
#9327 = DIRECTION('',(0.195091988047,0.980784949008,0.));
#9328 = ORIENTED_EDGE('',*,*,#9329,.T.);
#9329 = EDGE_CURVE('',#9321,#9330,#9332,.T.);
#9330 = VERTEX_POINT('',#9331);
#9331 = CARTESIAN_POINT('',(64.243255,-103.695404,1.585));
#9332 = LINE('',#9333,#9334);
#9333 = CARTESIAN_POINT('',(65.280553,-103.695404,1.585));
#9334 = VECTOR('',#9335,1.);
#9335 = DIRECTION('',(-1.,0.,0.));
#9336 = ORIENTED_EDGE('',*,*,#9337,.T.);
#9337 = EDGE_CURVE('',#9330,#9338,#9340,.T.);
#9338 = VERTEX_POINT('',#9339);
#9339 = CARTESIAN_POINT('',(64.16689,-103.511042,1.585));
#9340 = CIRCLE('',#9341,0.119999904712);
#9341 = AXIS2_PLACEMENT_3D('',#9342,#9343,#9344);
#9342 = CARTESIAN_POINT('',(64.266666524828,-103.57771,1.585));
#9343 = DIRECTION('',(0.,0.,-1.));
#9344 = DIRECTION('',(-0.195096195154,-0.980784112145,-0.));
#9345 = ORIENTED_EDGE('',*,*,#9346,.T.);
#9346 = EDGE_CURVE('',#9338,#9347,#9349,.T.);
#9347 = VERTEX_POINT('',#9348);
#9348 = CARTESIAN_POINT('',(65.076068,-102.598601,1.585));
#9349 = LINE('',#9350,#9351);
#9350 = CARTESIAN_POINT('',(64.16689,-103.511042,1.585));
#9351 = VECTOR('',#9352,1.);
#9352 = DIRECTION('',(0.705839034088,0.70837225945,0.));
#9353 = ORIENTED_EDGE('',*,*,#9354,.T.);
#9354 = EDGE_CURVE('',#9347,#9355,#9357,.T.);
#9355 = VERTEX_POINT('',#9356);
#9356 = CARTESIAN_POINT('',(65.137142,-102.41538,1.585));
#9357 = LINE('',#9358,#9359);
#9358 = CARTESIAN_POINT('',(65.076068,-102.598601,1.585));
#9359 = VECTOR('',#9360,1.);
#9360 = DIRECTION('',(0.316229319358,0.948682780269,0.));
#9361 = ORIENTED_EDGE('',*,*,#9362,.T.);
#9362 = EDGE_CURVE('',#9355,#9363,#9365,.T.);
#9363 = VERTEX_POINT('',#9364);
#9364 = CARTESIAN_POINT('',(65.137142,-102.310798,1.585));
#9365 = LINE('',#9366,#9367);
#9366 = CARTESIAN_POINT('',(65.137142,-102.41538,1.585));
#9367 = VECTOR('',#9368,1.);
#9368 = DIRECTION('',(0.,1.,0.));
#9369 = ORIENTED_EDGE('',*,*,#9370,.T.);
#9370 = EDGE_CURVE('',#9363,#9371,#9373,.T.);
#9371 = VERTEX_POINT('',#9372);
#9372 = CARTESIAN_POINT('',(64.924053,-102.09771,1.585));
#9373 = CIRCLE('',#9374,0.298985344024);
#9374 = AXIS2_PLACEMENT_3D('',#9375,#9376,#9377);
#9375 = CARTESIAN_POINT('',(64.847993326223,-102.3868590307,1.585));
#9376 = DIRECTION('',(0.,0.,1.));
#9377 = DIRECTION('',(0.967099824645,0.254397187821,-0.));
#9378 = ORIENTED_EDGE('',*,*,#9379,.T.);
#9379 = EDGE_CURVE('',#9371,#9380,#9382,.T.);
#9380 = VERTEX_POINT('',#9381);
#9381 = CARTESIAN_POINT('',(64.599755,-102.09771,1.585));
#9382 = LINE('',#9383,#9384);
#9383 = CARTESIAN_POINT('',(64.924053,-102.09771,1.585));
#9384 = VECTOR('',#9385,1.);
#9385 = DIRECTION('',(-1.,0.,0.));
#9386 = ORIENTED_EDGE('',*,*,#9387,.T.);
#9387 = EDGE_CURVE('',#9380,#9388,#9390,.T.);
#9388 = VERTEX_POINT('',#9389);
#9389 = CARTESIAN_POINT('',(64.490131,-102.152521,1.585));
#9390 = LINE('',#9391,#9392);
#9391 = CARTESIAN_POINT('',(64.599755,-102.09771,1.585));
#9392 = VECTOR('',#9393,1.);
#9393 = DIRECTION('',(-0.894430454606,-0.447207068228,0.));
#9394 = ORIENTED_EDGE('',*,*,#9395,.T.);
#9395 = EDGE_CURVE('',#9388,#9396,#9398,.T.);
#9396 = VERTEX_POINT('',#9397);
#9397 = CARTESIAN_POINT('',(64.409524,-102.229867,1.585));
#9398 = LINE('',#9399,#9400);
#9399 = CARTESIAN_POINT('',(64.490131,-102.152521,1.585));
#9400 = VECTOR('',#9401,1.);
#9401 = DIRECTION('',(-0.721551512981,-0.692360754314,0.));
#9402 = ORIENTED_EDGE('',*,*,#9403,.T.);
#9403 = EDGE_CURVE('',#9396,#9404,#9406,.T.);
#9404 = VERTEX_POINT('',#9405);
#9405 = CARTESIAN_POINT('',(64.24308,-102.063423,1.585));
#9406 = CIRCLE('',#9407,0.119999468332);
#9407 = AXIS2_PLACEMENT_3D('',#9408,#9409,#9410);
#9408 = CARTESIAN_POINT('',(64.342856,-102.130091,1.585));
#9409 = DIRECTION('',(0.,0.,-1.));
#9410 = DIRECTION('',(0.555569128152,-0.83147035055,0.));
#9411 = ORIENTED_EDGE('',*,*,#9412,.T.);
#9412 = EDGE_CURVE('',#9404,#9215,#9413,.T.);
#9413 = LINE('',#9414,#9415);
#9414 = CARTESIAN_POINT('',(64.24308,-102.063423,1.585));
#9415 = VECTOR('',#9416,1.);
#9416 = DIRECTION('',(0.707106781187,0.707106781187,0.));
#9417 = PLANE('',#9418);
#9418 = AXIS2_PLACEMENT_3D('',#9419,#9420,#9421);
#9419 = CARTESIAN_POINT('',(0.,0.,1.585));
#9420 = DIRECTION('',(0.,0.,1.));
#9421 = DIRECTION('',(1.,0.,-0.));
#9422 = SHELL_BASED_SURFACE_MODEL('',(#9423));
#9423 = OPEN_SHELL('',(#9424));
#9424 = ADVANCED_FACE('',(#9425),#9568,.T.);
#9425 = FACE_BOUND('',#9426,.F.);
#9426 = EDGE_LOOP('',(#9427,#9437,#9445,#9453,#9461,#9470,#9478,#9487,
    #9495,#9503,#9512,#9520,#9528,#9537,#9545,#9554,#9562));
#9427 = ORIENTED_EDGE('',*,*,#9428,.T.);
#9428 = EDGE_CURVE('',#9429,#9431,#9433,.T.);
#9429 = VERTEX_POINT('',#9430);
#9430 = CARTESIAN_POINT('',(73.936582,-101.906724,1.585));
#9431 = VERTEX_POINT('',#9432);
#9432 = CARTESIAN_POINT('',(73.971112,-101.875103,1.585));
#9433 = LINE('',#9434,#9435);
#9434 = CARTESIAN_POINT('',(73.936582,-101.906724,1.585));
#9435 = VECTOR('',#9436,1.);
#9436 = DIRECTION('',(0.737489167488,0.675358962211,0.));
#9437 = ORIENTED_EDGE('',*,*,#9438,.T.);
#9438 = EDGE_CURVE('',#9431,#9439,#9441,.T.);
#9439 = VERTEX_POINT('',#9440);
#9440 = CARTESIAN_POINT('',(74.015114,-101.859102,1.585));
#9441 = LINE('',#9442,#9443);
#9442 = CARTESIAN_POINT('',(73.971112,-101.875103,1.585));
#9443 = VECTOR('',#9444,1.);
#9444 = DIRECTION('',(0.939791552707,0.341748207692,0.));
#9445 = ORIENTED_EDGE('',*,*,#9446,.T.);
#9446 = EDGE_CURVE('',#9439,#9447,#9449,.T.);
#9447 = VERTEX_POINT('',#9448);
#9448 = CARTESIAN_POINT('',(74.035919,-101.860016,1.585));
#9449 = LINE('',#9450,#9451);
#9450 = CARTESIAN_POINT('',(74.015114,-101.859102,1.585));
#9451 = VECTOR('',#9452,1.);
#9452 = DIRECTION('',(0.999036395387,-4.388941434234E-02,0.));
#9453 = ORIENTED_EDGE('',*,*,#9454,.T.);
#9454 = EDGE_CURVE('',#9447,#9455,#9457,.T.);
#9455 = VERTEX_POINT('',#9456);
#9456 = CARTESIAN_POINT('',(74.061891,-101.861157,1.585));
#9457 = LINE('',#9458,#9459);
#9458 = CARTESIAN_POINT('',(74.035919,-101.860016,1.585));
#9459 = VECTOR('',#9460,1.);
#9460 = DIRECTION('',(0.999036387524,-4.388959333778E-02,0.));
#9461 = ORIENTED_EDGE('',*,*,#9462,.T.);
#9462 = EDGE_CURVE('',#9455,#9463,#9465,.T.);
#9463 = VERTEX_POINT('',#9464);
#9464 = CARTESIAN_POINT('',(74.151817,-101.962316,1.585));
#9465 = CIRCLE('',#9466,0.118861828863);
#9466 = AXIS2_PLACEMENT_3D('',#9467,#9468,#9469);
#9467 = CARTESIAN_POINT('',(74.033823536482,-101.9766574409,1.585));
#9468 = DIRECTION('',(0.,0.,-1.));
#9469 = DIRECTION('',(0.236135215038,0.971720206756,0.));
#9470 = ORIENTED_EDGE('',*,*,#9471,.T.);
#9471 = EDGE_CURVE('',#9463,#9472,#9474,.T.);
#9472 = VERTEX_POINT('',#9473);
#9473 = CARTESIAN_POINT('',(74.151028,-103.601121,1.585));
#9474 = LINE('',#9475,#9476);
#9475 = CARTESIAN_POINT('',(74.151817,-101.962316,1.585));
#9476 = VECTOR('',#9477,1.);
#9477 = DIRECTION('',(-4.814483166425E-04,-0.999999884104,0.));
#9478 = ORIENTED_EDGE('',*,*,#9479,.T.);
#9479 = EDGE_CURVE('',#9472,#9480,#9482,.T.);
#9480 = VERTEX_POINT('',#9481);
#9481 = CARTESIAN_POINT('',(73.91564,-103.601121,1.585));
#9482 = CIRCLE('',#9483,0.119999802321);
#9483 = AXIS2_PLACEMENT_3D('',#9484,#9485,#9486);
#9484 = CARTESIAN_POINT('',(74.033334,-103.57771,1.585));
#9485 = DIRECTION('',(-0.,0.,-1.));
#9486 = DIRECTION('',(0.980784949008,-0.195091988047,-0.));
#9487 = ORIENTED_EDGE('',*,*,#9488,.T.);
#9488 = EDGE_CURVE('',#9480,#9489,#9491,.T.);
#9489 = VERTEX_POINT('',#9490);
#9490 = CARTESIAN_POINT('',(73.913334,-102.518616,1.585));
#9491 = LINE('',#9492,#9493);
#9492 = CARTESIAN_POINT('',(73.91564,-103.601121,1.585));
#9493 = VECTOR('',#9494,1.);
#9494 = DIRECTION('',(-2.130239368652E-03,0.999997731038,0.));
#9495 = ORIENTED_EDGE('',*,*,#9496,.T.);
#9496 = EDGE_CURVE('',#9489,#9497,#9499,.T.);
#9497 = VERTEX_POINT('',#9498);
#9498 = CARTESIAN_POINT('',(73.596752,-103.191553,1.585));
#9499 = LINE('',#9500,#9501);
#9500 = CARTESIAN_POINT('',(73.913334,-102.518616,1.585));
#9501 = VECTOR('',#9502,1.);
#9502 = DIRECTION('',(-0.425693293275,-0.904867515198,0.));
#9503 = ORIENTED_EDGE('',*,*,#9504,.T.);
#9504 = EDGE_CURVE('',#9497,#9505,#9507,.T.);
#9505 = VERTEX_POINT('',#9506);
#9506 = CARTESIAN_POINT('',(73.396339,-103.17989,1.585));
#9507 = CIRCLE('',#9508,0.119452629962);
#9508 = AXIS2_PLACEMENT_3D('',#9509,#9510,#9511);
#9509 = CARTESIAN_POINT('',(73.500307707872,-103.1210730076,1.585));
#9510 = DIRECTION('',(-0.,0.,-1.));
#9511 = DIRECTION('',(0.807385255214,-0.590024617845,-0.));
#9512 = ORIENTED_EDGE('',*,*,#9513,.T.);
#9513 = EDGE_CURVE('',#9505,#9514,#9516,.T.);
#9514 = VERTEX_POINT('',#9515);
#9515 = CARTESIAN_POINT('',(73.086667,-102.518618,1.585));
#9516 = LINE('',#9517,#9518);
#9517 = CARTESIAN_POINT('',(73.396339,-103.17989,1.585));
#9518 = VECTOR('',#9519,1.);
#9519 = DIRECTION('',(-0.424097849692,0.90561637236,0.));
#9520 = ORIENTED_EDGE('',*,*,#9521,.T.);
#9521 = EDGE_CURVE('',#9514,#9522,#9524,.T.);
#9522 = VERTEX_POINT('',#9523);
#9523 = CARTESIAN_POINT('',(73.084361,-103.601121,1.585));
#9524 = LINE('',#9525,#9526);
#9525 = CARTESIAN_POINT('',(73.086667,-102.518618,1.585));
#9526 = VECTOR('',#9527,1.);
#9527 = DIRECTION('',(-2.130243304414E-03,-0.999997731029,0.));
#9528 = ORIENTED_EDGE('',*,*,#9529,.T.);
#9529 = EDGE_CURVE('',#9522,#9530,#9532,.T.);
#9530 = VERTEX_POINT('',#9531);
#9531 = CARTESIAN_POINT('',(72.848973,-103.601121,1.585));
#9532 = CIRCLE('',#9533,0.119999802321);
#9533 = AXIS2_PLACEMENT_3D('',#9534,#9535,#9536);
#9534 = CARTESIAN_POINT('',(72.966667,-103.57771,1.585));
#9535 = DIRECTION('',(-0.,0.,-1.));
#9536 = DIRECTION('',(0.980784949008,-0.195091988047,-0.));
#9537 = ORIENTED_EDGE('',*,*,#9538,.T.);
#9538 = EDGE_CURVE('',#9530,#9539,#9541,.T.);
#9539 = VERTEX_POINT('',#9540);
#9540 = CARTESIAN_POINT('',(72.848973,-101.954299,1.585));
#9541 = LINE('',#9542,#9543);
#9542 = CARTESIAN_POINT('',(72.848973,-103.601121,1.585));
#9543 = VECTOR('',#9544,1.);
#9544 = DIRECTION('',(0.,1.,0.));
#9545 = ORIENTED_EDGE('',*,*,#9546,.T.);
#9546 = EDGE_CURVE('',#9539,#9547,#9549,.T.);
#9547 = VERTEX_POINT('',#9548);
#9548 = CARTESIAN_POINT('',(73.067526,-101.913657,1.585));
#9549 = CIRCLE('',#9550,0.11958826405);
#9550 = AXIS2_PLACEMENT_3D('',#9551,#9552,#9553);
#9551 = CARTESIAN_POINT('',(72.966316746595,-101.9773597465,1.585));
#9552 = DIRECTION('',(0.,0.,-1.));
#9553 = DIRECTION('',(-0.981231289937,0.192834529194,0.));
#9554 = ORIENTED_EDGE('',*,*,#9555,.T.);
#9555 = EDGE_CURVE('',#9547,#9556,#9558,.T.);
#9556 = VERTEX_POINT('',#9557);
#9557 = CARTESIAN_POINT('',(73.5,-102.836802,1.585));
#9558 = LINE('',#9559,#9560);
#9559 = CARTESIAN_POINT('',(73.067526,-101.913657,1.585));
#9560 = VECTOR('',#9561,1.);
#9561 = DIRECTION('',(0.424232631713,-0.905553242051,0.));
#9562 = ORIENTED_EDGE('',*,*,#9563,.T.);
#9563 = EDGE_CURVE('',#9556,#9429,#9564,.T.);
#9564 = LINE('',#9565,#9566);
#9565 = CARTESIAN_POINT('',(73.5,-102.836802,1.585));
#9566 = VECTOR('',#9567,1.);
#9567 = DIRECTION('',(0.424918921372,0.905231412546,0.));
#9568 = PLANE('',#9569);
#9569 = AXIS2_PLACEMENT_3D('',#9570,#9571,#9572);
#9570 = CARTESIAN_POINT('',(0.,0.,1.585));
#9571 = DIRECTION('',(0.,0.,1.));
#9572 = DIRECTION('',(1.,0.,-0.));
#9573 = SHELL_BASED_SURFACE_MODEL('',(#9574));
#9574 = OPEN_SHELL('',(#9575));
#9575 = ADVANCED_FACE('',(#9576),#9628,.T.);
#9576 = FACE_BOUND('',#9577,.F.);
#9577 = EDGE_LOOP('',(#9578,#9589,#9597,#9606,#9614,#9622));
#9578 = ORIENTED_EDGE('',*,*,#9579,.T.);
#9579 = EDGE_CURVE('',#9580,#9582,#9584,.T.);
#9580 = VERTEX_POINT('',#9581);
#9581 = CARTESIAN_POINT('',(75.133332,-101.877934,1.585));
#9582 = VERTEX_POINT('',#9583);
#9583 = CARTESIAN_POINT('',(75.317694,-101.954299,1.585));
#9584 = CIRCLE('',#9585,0.119999904712);
#9585 = AXIS2_PLACEMENT_3D('',#9586,#9587,#9588);
#9586 = CARTESIAN_POINT('',(75.2,-101.9777105248,1.585));
#9587 = DIRECTION('',(0.,0.,-1.));
#9588 = DIRECTION('',(-0.555567107826,0.831471700482,0.));
#9589 = ORIENTED_EDGE('',*,*,#9590,.T.);
#9590 = EDGE_CURVE('',#9582,#9591,#9593,.T.);
#9591 = VERTEX_POINT('',#9592);
#9592 = CARTESIAN_POINT('',(75.317694,-103.601121,1.585));
#9593 = LINE('',#9594,#9595);
#9594 = CARTESIAN_POINT('',(75.317694,-101.954299,1.585));
#9595 = VECTOR('',#9596,1.);
#9596 = DIRECTION('',(0.,-1.,0.));
#9597 = ORIENTED_EDGE('',*,*,#9598,.T.);
#9598 = EDGE_CURVE('',#9591,#9599,#9601,.T.);
#9599 = VERTEX_POINT('',#9600);
#9600 = CARTESIAN_POINT('',(75.082306,-103.601121,1.585));
#9601 = CIRCLE('',#9602,0.119999802321);
#9602 = AXIS2_PLACEMENT_3D('',#9603,#9604,#9605);
#9603 = CARTESIAN_POINT('',(75.2,-103.57771,1.585));
#9604 = DIRECTION('',(-0.,0.,-1.));
#9605 = DIRECTION('',(0.980784949008,-0.195091988047,-0.));
#9606 = ORIENTED_EDGE('',*,*,#9607,.T.);
#9607 = EDGE_CURVE('',#9599,#9608,#9610,.T.);
#9608 = VERTEX_POINT('',#9609);
#9609 = CARTESIAN_POINT('',(75.082306,-101.954299,1.585));
#9610 = LINE('',#9611,#9612);
#9611 = CARTESIAN_POINT('',(75.082306,-103.601121,1.585));
#9612 = VECTOR('',#9613,1.);
#9613 = DIRECTION('',(0.,1.,0.));
#9614 = ORIENTED_EDGE('',*,*,#9615,.T.);
#9615 = EDGE_CURVE('',#9608,#9616,#9618,.T.);
#9616 = VERTEX_POINT('',#9617);
#9617 = CARTESIAN_POINT('',(75.100224,-101.911042,1.585));
#9618 = LINE('',#9619,#9620);
#9619 = CARTESIAN_POINT('',(75.082306,-101.954299,1.585));
#9620 = VECTOR('',#9621,1.);
#9621 = DIRECTION('',(0.382690066869,0.923876784382,0.));
#9622 = ORIENTED_EDGE('',*,*,#9623,.T.);
#9623 = EDGE_CURVE('',#9616,#9580,#9624,.T.);
#9624 = LINE('',#9625,#9626);
#9625 = CARTESIAN_POINT('',(75.100224,-101.911042,1.585));
#9626 = VECTOR('',#9627,1.);
#9627 = DIRECTION('',(0.707106781187,0.707106781187,0.));
#9628 = PLANE('',#9629);
#9629 = AXIS2_PLACEMENT_3D('',#9630,#9631,#9632);
#9630 = CARTESIAN_POINT('',(0.,0.,1.585));
#9631 = DIRECTION('',(0.,0.,1.));
#9632 = DIRECTION('',(1.,0.,-0.));
#9633 = SHELL_BASED_SURFACE_MODEL('',(#9634));
#9634 = OPEN_SHELL('',(#9635));
#9635 = ADVANCED_FACE('',(#9636),#9746,.T.);
#9636 = FACE_BOUND('',#9637,.F.);
#9637 = EDGE_LOOP('',(#9638,#9649,#9657,#9665,#9673,#9681,#9689,#9698,
    #9706,#9715,#9723,#9731,#9740));
#9638 = ORIENTED_EDGE('',*,*,#9639,.T.);
#9639 = EDGE_CURVE('',#9640,#9642,#9644,.T.);
#9640 = VERTEX_POINT('',#9641);
#9641 = CARTESIAN_POINT('',(76.325163,-101.954299,1.585));
#9642 = VERTEX_POINT('',#9643);
#9643 = CARTESIAN_POINT('',(76.419446,-101.860016,1.585));
#9644 = CIRCLE('',#9645,0.120001662202);
#9645 = AXIS2_PLACEMENT_3D('',#9646,#9647,#9648);
#9646 = CARTESIAN_POINT('',(76.442858581692,-101.9777115816,1.585));
#9647 = DIRECTION('',(0.,0.,-1.));
#9648 = DIRECTION('',(-0.980782928603,0.195102144941,0.));
#9649 = ORIENTED_EDGE('',*,*,#9650,.T.);
#9650 = EDGE_CURVE('',#9642,#9651,#9653,.T.);
#9651 = VERTEX_POINT('',#9652);
#9652 = CARTESIAN_POINT('',(76.458616,-101.860016,1.585));
#9653 = LINE('',#9654,#9655);
#9654 = CARTESIAN_POINT('',(76.419446,-101.860016,1.585));
#9655 = VECTOR('',#9656,1.);
#9656 = DIRECTION('',(1.,0.,0.));
#9657 = ORIENTED_EDGE('',*,*,#9658,.T.);
#9658 = EDGE_CURVE('',#9651,#9659,#9661,.T.);
#9659 = VERTEX_POINT('',#9660);
#9660 = CARTESIAN_POINT('',(76.509525,-101.877934,1.585));
#9661 = LINE('',#9662,#9663);
#9662 = CARTESIAN_POINT('',(76.458616,-101.860016,1.585));
#9663 = VECTOR('',#9664,1.);
#9664 = DIRECTION('',(0.943280050104,-0.33199811306,0.));
#9665 = ORIENTED_EDGE('',*,*,#9666,.T.);
#9666 = EDGE_CURVE('',#9659,#9667,#9669,.T.);
#9667 = VERTEX_POINT('',#9668);
#9668 = CARTESIAN_POINT('',(76.543542,-101.913237,1.585));
#9669 = LINE('',#9670,#9671);
#9670 = CARTESIAN_POINT('',(76.509525,-101.877934,1.585));
#9671 = VECTOR('',#9672,1.);
#9672 = DIRECTION('',(0.693869395532,-0.720100869285,0.));
#9673 = ORIENTED_EDGE('',*,*,#9674,.T.);
#9674 = EDGE_CURVE('',#9667,#9675,#9677,.T.);
#9675 = VERTEX_POINT('',#9676);
#9676 = CARTESIAN_POINT('',(77.237143,-103.125842,1.585));
#9677 = LINE('',#9678,#9679);
#9678 = CARTESIAN_POINT('',(76.543542,-101.913237,1.585));
#9679 = VECTOR('',#9680,1.);
#9680 = DIRECTION('',(0.496507926017,-0.868032187999,0.));
#9681 = ORIENTED_EDGE('',*,*,#9682,.T.);
#9682 = EDGE_CURVE('',#9675,#9683,#9685,.T.);
#9683 = VERTEX_POINT('',#9684);
#9684 = CARTESIAN_POINT('',(77.239449,-101.954299,1.585));
#9685 = LINE('',#9686,#9687);
#9686 = CARTESIAN_POINT('',(77.237143,-103.125842,1.585));
#9687 = VECTOR('',#9688,1.);
#9688 = DIRECTION('',(1.968340498679E-03,0.999998062816,0.));
#9689 = ORIENTED_EDGE('',*,*,#9690,.T.);
#9690 = EDGE_CURVE('',#9683,#9691,#9693,.T.);
#9691 = VERTEX_POINT('',#9692);
#9692 = CARTESIAN_POINT('',(77.474837,-101.954299,1.585));
#9693 = CIRCLE('',#9694,0.119999802321);
#9694 = AXIS2_PLACEMENT_3D('',#9695,#9696,#9697);
#9695 = CARTESIAN_POINT('',(77.357143,-101.97771,1.585));
#9696 = DIRECTION('',(0.,0.,-1.));
#9697 = DIRECTION('',(-0.980784949008,0.195091988047,0.));
#9698 = ORIENTED_EDGE('',*,*,#9699,.T.);
#9699 = EDGE_CURVE('',#9691,#9700,#9702,.T.);
#9700 = VERTEX_POINT('',#9701);
#9701 = CARTESIAN_POINT('',(77.474837,-103.601121,1.585));
#9702 = LINE('',#9703,#9704);
#9703 = CARTESIAN_POINT('',(77.474837,-101.954299,1.585));
#9704 = VECTOR('',#9705,1.);
#9705 = DIRECTION('',(0.,-1.,0.));
#9706 = ORIENTED_EDGE('',*,*,#9707,.T.);
#9707 = EDGE_CURVE('',#9700,#9708,#9710,.T.);
#9708 = VERTEX_POINT('',#9709);
#9709 = CARTESIAN_POINT('',(77.256457,-103.642182,1.585));
#9710 = CIRCLE('',#9711,0.119649749047);
#9711 = AXIS2_PLACEMENT_3D('',#9712,#9713,#9714);
#9712 = CARTESIAN_POINT('',(77.357440890178,-103.5780078901,1.585));
#9713 = DIRECTION('',(-0.,0.,-1.));
#9714 = DIRECTION('',(0.981164697437,-0.19317307396,-0.));
#9715 = ORIENTED_EDGE('',*,*,#9716,.T.);
#9716 = EDGE_CURVE('',#9708,#9717,#9719,.T.);
#9717 = VERTEX_POINT('',#9718);
#9718 = CARTESIAN_POINT('',(76.562857,-102.429577,1.585));
#9719 = LINE('',#9720,#9721);
#9720 = CARTESIAN_POINT('',(77.256457,-103.642182,1.585));
#9721 = VECTOR('',#9722,1.);
#9722 = DIRECTION('',(-0.496507386645,0.868032496515,0.));
#9723 = ORIENTED_EDGE('',*,*,#9724,.T.);
#9724 = EDGE_CURVE('',#9717,#9725,#9727,.T.);
#9725 = VERTEX_POINT('',#9726);
#9726 = CARTESIAN_POINT('',(76.560551,-103.601121,1.585));
#9727 = LINE('',#9728,#9729);
#9728 = CARTESIAN_POINT('',(76.562857,-102.429577,1.585));
#9729 = VECTOR('',#9730,1.);
#9730 = DIRECTION('',(-1.96833881856E-03,-0.999998062819,0.));
#9731 = ORIENTED_EDGE('',*,*,#9732,.T.);
#9732 = EDGE_CURVE('',#9725,#9733,#9735,.T.);
#9733 = VERTEX_POINT('',#9734);
#9734 = CARTESIAN_POINT('',(76.325163,-103.601121,1.585));
#9735 = CIRCLE('',#9736,0.119999802321);
#9736 = AXIS2_PLACEMENT_3D('',#9737,#9738,#9739);
#9737 = CARTESIAN_POINT('',(76.442857,-103.57771,1.585));
#9738 = DIRECTION('',(-0.,0.,-1.));
#9739 = DIRECTION('',(0.980784949008,-0.195091988047,-0.));
#9740 = ORIENTED_EDGE('',*,*,#9741,.T.);
#9741 = EDGE_CURVE('',#9733,#9640,#9742,.T.);
#9742 = LINE('',#9743,#9744);
#9743 = CARTESIAN_POINT('',(76.325163,-103.601121,1.585));
#9744 = VECTOR('',#9745,1.);
#9745 = DIRECTION('',(0.,1.,0.));
#9746 = PLANE('',#9747);
#9747 = AXIS2_PLACEMENT_3D('',#9748,#9749,#9750);
#9748 = CARTESIAN_POINT('',(0.,0.,1.585));
#9749 = DIRECTION('',(0.,0.,1.));
#9750 = DIRECTION('',(1.,0.,-0.));
#9751 = SHELL_BASED_SURFACE_MODEL('',(#9752));
#9752 = OPEN_SHELL('',(#9753));
#9753 = ADVANCED_FACE('',(#9754),#9889,.T.);
#9754 = FACE_BOUND('',#9755,.F.);
#9755 = EDGE_LOOP('',(#9756,#9767,#9775,#9783,#9791,#9800,#9808,#9816,
    #9825,#9833,#9841,#9850,#9858,#9866,#9875,#9883));
#9756 = ORIENTED_EDGE('',*,*,#9757,.T.);
#9757 = EDGE_CURVE('',#9758,#9760,#9762,.T.);
#9758 = VERTEX_POINT('',#9759);
#9759 = CARTESIAN_POINT('',(70.893898,-97.147951,1.585));
#9760 = VERTEX_POINT('',#9761);
#9761 = CARTESIAN_POINT('',(71.011032,-97.230918,1.585));
#9762 = CIRCLE('',#9763,7.499955990671E-02);
#9763 = AXIS2_PLACEMENT_3D('',#9764,#9765,#9766);
#9764 = CARTESIAN_POINT('',(70.939881500953,-97.20720006435,1.585));
#9765 = DIRECTION('',(0.,0.,-1.));
#9766 = DIRECTION('',(-0.613116943749,0.78999216027,0.));
#9767 = ORIENTED_EDGE('',*,*,#9768,.T.);
#9768 = EDGE_CURVE('',#9760,#9769,#9771,.T.);
#9769 = VERTEX_POINT('',#9770);
#9770 = CARTESIAN_POINT('',(70.805843,-97.846485,1.585));
#9771 = LINE('',#9772,#9773);
#9772 = CARTESIAN_POINT('',(71.011032,-97.230918,1.585));
#9773 = VECTOR('',#9774,1.);
#9774 = DIRECTION('',(-0.316227766017,-0.948683298051,0.));
#9775 = ORIENTED_EDGE('',*,*,#9776,.T.);
#9776 = EDGE_CURVE('',#9769,#9777,#9779,.T.);
#9777 = VERTEX_POINT('',#9778);
#9778 = CARTESIAN_POINT('',(71.102976,-97.846485,1.585));
#9779 = LINE('',#9780,#9781);
#9780 = CARTESIAN_POINT('',(70.805843,-97.846485,1.585));
#9781 = VECTOR('',#9782,1.);
#9782 = DIRECTION('',(1.,0.,0.));
#9783 = ORIENTED_EDGE('',*,*,#9784,.T.);
#9784 = EDGE_CURVE('',#9777,#9785,#9787,.T.);
#9785 = VERTEX_POINT('',#9786);
#9786 = CARTESIAN_POINT('',(71.104417,-97.57352,1.585));
#9787 = LINE('',#9788,#9789);
#9788 = CARTESIAN_POINT('',(71.102976,-97.846485,1.585));
#9789 = VECTOR('',#9790,1.);
#9790 = DIRECTION('',(5.278991523254E-03,0.999986066027,0.));
#9791 = ORIENTED_EDGE('',*,*,#9792,.T.);
#9792 = EDGE_CURVE('',#9785,#9793,#9795,.T.);
#9793 = VERTEX_POINT('',#9794);
#9794 = CARTESIAN_POINT('',(71.252976,-97.588152,1.585));
#9795 = CIRCLE('',#9796,7.500006711464E-02);
#9796 = AXIS2_PLACEMENT_3D('',#9797,#9798,#9799);
#9797 = CARTESIAN_POINT('',(71.177975932885,-97.58815193288,1.585));
#9798 = DIRECTION('',(0.,0.,-1.));
#9799 = DIRECTION('',(-0.980784894138,0.195092263891,0.));
#9800 = ORIENTED_EDGE('',*,*,#9801,.T.);
#9801 = EDGE_CURVE('',#9793,#9802,#9804,.T.);
#9802 = VERTEX_POINT('',#9803);
#9803 = CARTESIAN_POINT('',(71.252976,-97.846485,1.585));
#9804 = LINE('',#9805,#9806);
#9805 = CARTESIAN_POINT('',(71.252976,-97.588152,1.585));
#9806 = VECTOR('',#9807,1.);
#9807 = DIRECTION('',(0.,-1.,0.));
#9808 = ORIENTED_EDGE('',*,*,#9809,.T.);
#9809 = EDGE_CURVE('',#9802,#9810,#9812,.T.);
#9810 = VERTEX_POINT('',#9811);
#9811 = CARTESIAN_POINT('',(71.335465,-97.847926,1.585));
#9812 = LINE('',#9813,#9814);
#9813 = CARTESIAN_POINT('',(71.252976,-97.846485,1.585));
#9814 = VECTOR('',#9815,1.);
#9815 = DIRECTION('',(0.999847452005,-1.746633100582E-02,0.));
#9816 = ORIENTED_EDGE('',*,*,#9817,.T.);
#9817 = EDGE_CURVE('',#9810,#9818,#9820,.T.);
#9818 = VERTEX_POINT('',#9819);
#9819 = CARTESIAN_POINT('',(71.320833,-97.996485,1.585));
#9820 = CIRCLE('',#9821,7.500006711465E-02);
#9821 = AXIS2_PLACEMENT_3D('',#9822,#9823,#9824);
#9822 = CARTESIAN_POINT('',(71.320833067115,-97.92148493288,1.585));
#9823 = DIRECTION('',(0.,0.,-1.));
#9824 = DIRECTION('',(0.195092263891,0.980784894138,0.));
#9825 = ORIENTED_EDGE('',*,*,#9826,.T.);
#9826 = EDGE_CURVE('',#9818,#9827,#9829,.T.);
#9827 = VERTEX_POINT('',#9828);
#9828 = CARTESIAN_POINT('',(71.252976,-97.996485,1.585));
#9829 = LINE('',#9830,#9831);
#9830 = CARTESIAN_POINT('',(71.320833,-97.996485,1.585));
#9831 = VECTOR('',#9832,1.);
#9832 = DIRECTION('',(-1.,0.,0.));
#9833 = ORIENTED_EDGE('',*,*,#9834,.T.);
#9834 = EDGE_CURVE('',#9827,#9835,#9837,.T.);
#9835 = VERTEX_POINT('',#9836);
#9836 = CARTESIAN_POINT('',(71.251535,-98.269451,1.585));
#9837 = LINE('',#9838,#9839);
#9838 = CARTESIAN_POINT('',(71.252976,-97.996485,1.585));
#9839 = VECTOR('',#9840,1.);
#9840 = DIRECTION('',(-5.278972184419E-03,-0.999986066129,0.));
#9841 = ORIENTED_EDGE('',*,*,#9842,.T.);
#9842 = EDGE_CURVE('',#9835,#9843,#9845,.T.);
#9843 = VERTEX_POINT('',#9844);
#9844 = CARTESIAN_POINT('',(71.102976,-98.254819,1.585));
#9845 = CIRCLE('',#9846,7.500006711464E-02);
#9846 = AXIS2_PLACEMENT_3D('',#9847,#9848,#9849);
#9847 = CARTESIAN_POINT('',(71.177976067115,-98.25481906711,1.585));
#9848 = DIRECTION('',(-0.,0.,-1.));
#9849 = DIRECTION('',(0.980784894138,-0.195092263891,-0.));
#9850 = ORIENTED_EDGE('',*,*,#9851,.T.);
#9851 = EDGE_CURVE('',#9843,#9852,#9854,.T.);
#9852 = VERTEX_POINT('',#9853);
#9853 = CARTESIAN_POINT('',(71.102976,-97.996485,1.585));
#9854 = LINE('',#9855,#9856);
#9855 = CARTESIAN_POINT('',(71.102976,-98.254819,1.585));
#9856 = VECTOR('',#9857,1.);
#9857 = DIRECTION('',(0.,1.,0.));
#9858 = ORIENTED_EDGE('',*,*,#9859,.T.);
#9859 = EDGE_CURVE('',#9852,#9860,#9862,.T.);
#9860 = VERTEX_POINT('',#9861);
#9861 = CARTESIAN_POINT('',(70.687154,-97.995044,1.585));
#9862 = LINE('',#9863,#9864);
#9863 = CARTESIAN_POINT('',(71.102976,-97.996485,1.585));
#9864 = VECTOR('',#9865,1.);
#9865 = DIRECTION('',(-0.999993995468,3.465404301562E-03,0.));
#9866 = ORIENTED_EDGE('',*,*,#9867,.T.);
#9867 = EDGE_CURVE('',#9860,#9868,#9870,.T.);
#9868 = VERTEX_POINT('',#9869);
#9869 = CARTESIAN_POINT('',(70.630635,-97.897768,1.585));
#9870 = CIRCLE('',#9871,7.499997045035E-02);
#9871 = AXIS2_PLACEMENT_3D('',#9872,#9873,#9874);
#9872 = CARTESIAN_POINT('',(70.701786172573,-97.92148521335,1.585));
#9873 = DIRECTION('',(0.,0.,-1.));
#9874 = DIRECTION('',(-0.195095711167,-0.980784208419,-0.));
#9875 = ORIENTED_EDGE('',*,*,#9876,.T.);
#9876 = EDGE_CURVE('',#9868,#9877,#9879,.T.);
#9877 = VERTEX_POINT('',#9878);
#9878 = CARTESIAN_POINT('',(70.874724,-97.170058,1.585));
#9879 = LINE('',#9880,#9881);
#9880 = CARTESIAN_POINT('',(70.630635,-97.897768,1.585));
#9881 = VECTOR('',#9882,1.);
#9882 = DIRECTION('',(0.318008317924,0.948087922996,0.));
#9883 = ORIENTED_EDGE('',*,*,#9884,.T.);
#9884 = EDGE_CURVE('',#9877,#9758,#9885,.T.);
#9885 = LINE('',#9886,#9887);
#9886 = CARTESIAN_POINT('',(70.874724,-97.170058,1.585));
#9887 = VECTOR('',#9888,1.);
#9888 = DIRECTION('',(0.65521540373,0.755442105469,0.));
#9889 = PLANE('',#9890);
#9890 = AXIS2_PLACEMENT_3D('',#9891,#9892,#9893);
#9891 = CARTESIAN_POINT('',(0.,0.,1.585));
#9892 = DIRECTION('',(0.,0.,1.));
#9893 = DIRECTION('',(1.,0.,-0.));
#9894 = SHELL_BASED_SURFACE_MODEL('',(#9895));
#9895 = OPEN_SHELL('',(#9896));
#9896 = ADVANCED_FACE('',(#9897,#10005),#10031,.T.);
#9897 = FACE_BOUND('',#9898,.F.);
#9898 = EDGE_LOOP('',(#9899,#9909,#9917,#9925,#9933,#9941,#9949,#9958,
    #9966,#9974,#9982,#9991,#9999));
#9899 = ORIENTED_EDGE('',*,*,#9900,.T.);
#9900 = EDGE_CURVE('',#9901,#9903,#9905,.T.);
#9901 = VERTEX_POINT('',#9902);
#9902 = CARTESIAN_POINT('',(75.126426,-91.782911,1.585));
#9903 = VERTEX_POINT('',#9904);
#9904 = CARTESIAN_POINT('',(75.168305,-91.761972,1.585));
#9905 = LINE('',#9906,#9907);
#9906 = CARTESIAN_POINT('',(75.126426,-91.782911,1.585));
#9907 = VECTOR('',#9908,1.);
#9908 = DIRECTION('',(0.894431462463,0.447205052473,0.));
#9909 = ORIENTED_EDGE('',*,*,#9910,.T.);
#9910 = EDGE_CURVE('',#9903,#9911,#9913,.T.);
#9911 = VERTEX_POINT('',#9912);
#9912 = CARTESIAN_POINT('',(75.200004,-91.759719,1.585));
#9913 = LINE('',#9914,#9915);
#9914 = CARTESIAN_POINT('',(75.168305,-91.761972,1.585));
#9915 = VECTOR('',#9916,1.);
#9916 = DIRECTION('',(0.997483716086,7.08959529429E-02,0.));
#9917 = ORIENTED_EDGE('',*,*,#9918,.T.);
#9918 = EDGE_CURVE('',#9911,#9919,#9921,.T.);
#9919 = VERTEX_POINT('',#9920);
#9920 = CARTESIAN_POINT('',(75.231695,-91.761972,1.585));
#9921 = LINE('',#9922,#9923);
#9922 = CARTESIAN_POINT('',(75.200004,-91.759719,1.585));
#9923 = VECTOR('',#9924,1.);
#9924 = DIRECTION('',(0.99748245031,-7.091375975972E-02,0.));
#9925 = ORIENTED_EDGE('',*,*,#9926,.T.);
#9926 = EDGE_CURVE('',#9919,#9927,#9929,.T.);
#9927 = VERTEX_POINT('',#9928);
#9928 = CARTESIAN_POINT('',(75.273574,-91.782911,1.585));
#9929 = LINE('',#9930,#9931);
#9930 = CARTESIAN_POINT('',(75.231695,-91.761972,1.585));
#9931 = VECTOR('',#9932,1.);
#9932 = DIRECTION('',(0.894431462463,-0.447205052473,0.));
#9933 = ORIENTED_EDGE('',*,*,#9934,.T.);
#9934 = EDGE_CURVE('',#9927,#9935,#9937,.T.);
#9935 = VERTEX_POINT('',#9936);
#9936 = CARTESIAN_POINT('',(75.304251,-91.818282,1.585));
#9937 = LINE('',#9938,#9939);
#9938 = CARTESIAN_POINT('',(75.273574,-91.782911,1.585));
#9939 = VECTOR('',#9940,1.);
#9940 = DIRECTION('',(0.655200453523,-0.755455071929,0.));
#9941 = ORIENTED_EDGE('',*,*,#9942,.T.);
#9942 = EDGE_CURVE('',#9935,#9943,#9945,.T.);
#9943 = VERTEX_POINT('',#9944);
#9944 = CARTESIAN_POINT('',(75.852391,-93.462702,1.585));
#9945 = LINE('',#9946,#9947);
#9946 = CARTESIAN_POINT('',(75.304251,-91.818282,1.585));
#9947 = VECTOR('',#9948,1.);
#9948 = DIRECTION('',(0.316227766017,-0.948683298051,0.));
#9949 = ORIENTED_EDGE('',*,*,#9950,.T.);
#9950 = EDGE_CURVE('',#9943,#9951,#9953,.T.);
#9951 = VERTEX_POINT('',#9952);
#9952 = CARTESIAN_POINT('',(75.629082,-93.537138,1.585));
#9953 = CIRCLE('',#9954,0.120000067044);
#9954 = AXIS2_PLACEMENT_3D('',#9955,#9956,#9957);
#9955 = CARTESIAN_POINT('',(75.733333090122,-93.4777096709,1.585));
#9956 = DIRECTION('',(0.,0.,-1.));
#9957 = DIRECTION('',(0.992148694672,0.125063854335,0.));
#9958 = ORIENTED_EDGE('',*,*,#9959,.T.);
#9959 = EDGE_CURVE('',#9951,#9960,#9962,.T.);
#9960 = VERTEX_POINT('',#9961);
#9961 = CARTESIAN_POINT('',(75.494461,-93.140567,1.585));
#9962 = LINE('',#9963,#9964);
#9963 = CARTESIAN_POINT('',(75.629082,-93.537138,1.585));
#9964 = VECTOR('',#9965,1.);
#9965 = DIRECTION('',(-0.321446498956,0.946927741863,0.));
#9966 = ORIENTED_EDGE('',*,*,#9967,.T.);
#9967 = EDGE_CURVE('',#9960,#9968,#9970,.T.);
#9968 = VERTEX_POINT('',#9969);
#9969 = CARTESIAN_POINT('',(74.905538,-93.140567,1.585));
#9970 = LINE('',#9971,#9972);
#9971 = CARTESIAN_POINT('',(75.494461,-93.140567,1.585));
#9972 = VECTOR('',#9973,1.);
#9973 = DIRECTION('',(-1.,0.,0.));
#9974 = ORIENTED_EDGE('',*,*,#9975,.T.);
#9975 = EDGE_CURVE('',#9968,#9976,#9978,.T.);
#9976 = VERTEX_POINT('',#9977);
#9977 = CARTESIAN_POINT('',(74.770917,-93.537138,1.585));
#9978 = LINE('',#9979,#9980);
#9979 = CARTESIAN_POINT('',(74.905538,-93.140567,1.585));
#9980 = VECTOR('',#9981,1.);
#9981 = DIRECTION('',(-0.321446498956,-0.946927741863,0.));
#9982 = ORIENTED_EDGE('',*,*,#9983,.T.);
#9983 = EDGE_CURVE('',#9976,#9984,#9986,.T.);
#9984 = VERTEX_POINT('',#9985);
#9985 = CARTESIAN_POINT('',(74.547608,-93.462701,1.585));
#9986 = CIRCLE('',#9987,0.120000000265);
#9987 = AXIS2_PLACEMENT_3D('',#9988,#9989,#9990);
#9988 = CARTESIAN_POINT('',(74.666665639782,-93.47771027956,1.585));
#9989 = DIRECTION('',(-0.,0.,-1.));
#9990 = DIRECTION('',(0.868761333234,-0.495231002541,-0.));
#9991 = ORIENTED_EDGE('',*,*,#9992,.T.);
#9992 = EDGE_CURVE('',#9984,#9993,#9995,.T.);
#9993 = VERTEX_POINT('',#9994);
#9994 = CARTESIAN_POINT('',(75.095749,-91.818283,1.585));
#9995 = LINE('',#9996,#9997);
#9996 = CARTESIAN_POINT('',(74.547608,-93.462701,1.585));
#9997 = VECTOR('',#9998,1.);
#9998 = DIRECTION('',(0.316228631383,0.948683009595,0.));
#9999 = ORIENTED_EDGE('',*,*,#10000,.T.);
#10000 = EDGE_CURVE('',#9993,#9901,#10001,.T.);
#10001 = LINE('',#10002,#10003);
#10002 = CARTESIAN_POINT('',(75.095749,-91.818283,1.585));
#10003 = VECTOR('',#10004,1.);
#10004 = DIRECTION('',(0.655189881946,0.755464240448,0.));
#10005 = FACE_BOUND('',#10006,.F.);
#10006 = EDGE_LOOP('',(#10007,#10017,#10025));
#10007 = ORIENTED_EDGE('',*,*,#10008,.T.);
#10008 = EDGE_CURVE('',#10009,#10011,#10013,.T.);
#10009 = VERTEX_POINT('',#10010);
#10010 = CARTESIAN_POINT('',(74.985538,-92.900567,1.585));
#10011 = VERTEX_POINT('',#10012);
#10012 = CARTESIAN_POINT('',(75.414461,-92.900567,1.585));
#10013 = LINE('',#10014,#10015);
#10014 = CARTESIAN_POINT('',(74.985538,-92.900567,1.585));
#10015 = VECTOR('',#10016,1.);
#10016 = DIRECTION('',(1.,0.,0.));
#10017 = ORIENTED_EDGE('',*,*,#10018,.T.);
#10018 = EDGE_CURVE('',#10011,#10019,#10021,.T.);
#10019 = VERTEX_POINT('',#10020);
#10020 = CARTESIAN_POINT('',(75.2,-92.257183,1.585));
#10021 = LINE('',#10022,#10023);
#10022 = CARTESIAN_POINT('',(75.414461,-92.900567,1.585));
#10023 = VECTOR('',#10024,1.);
#10024 = DIRECTION('',(-0.31622732366,0.948683445503,0.));
#10025 = ORIENTED_EDGE('',*,*,#10026,.T.);
#10026 = EDGE_CURVE('',#10019,#10009,#10027,.T.);
#10027 = LINE('',#10028,#10029);
#10028 = CARTESIAN_POINT('',(75.2,-92.257183,1.585));
#10029 = VECTOR('',#10030,1.);
#10030 = DIRECTION('',(-0.316228650729,-0.948683003146,0.));
#10031 = PLANE('',#10032);
#10032 = AXIS2_PLACEMENT_3D('',#10033,#10034,#10035);
#10033 = CARTESIAN_POINT('',(0.,0.,1.585));
#10034 = DIRECTION('',(0.,0.,1.));
#10035 = DIRECTION('',(1.,0.,-0.));
#10036 = SHELL_BASED_SURFACE_MODEL('',(#10037));
#10037 = OPEN_SHELL('',(#10038));
#10038 = ADVANCED_FACE('',(#10039),#10156,.T.);
#10039 = FACE_BOUND('',#10040,.F.);
#10040 = EDGE_LOOP('',(#10041,#10052,#10060,#10068,#10076,#10084,#10092,
    #10100,#10108,#10117,#10125,#10134,#10142,#10150));
#10041 = ORIENTED_EDGE('',*,*,#10042,.T.);
#10042 = EDGE_CURVE('',#10043,#10045,#10047,.T.);
#10043 = VERTEX_POINT('',#10044);
#10044 = CARTESIAN_POINT('',(77.061903,-91.777934,1.585));
#10045 = VERTEX_POINT('',#10046);
#10046 = CARTESIAN_POINT('',(77.246265,-91.854299,1.585));
#10047 = CIRCLE('',#10048,0.119999904712);
#10048 = AXIS2_PLACEMENT_3D('',#10049,#10050,#10051);
#10049 = CARTESIAN_POINT('',(77.128571,-91.87771052482,1.585));
#10050 = DIRECTION('',(0.,0.,-1.));
#10051 = DIRECTION('',(-0.555567107826,0.831471700482,0.));
#10052 = ORIENTED_EDGE('',*,*,#10053,.T.);
#10053 = EDGE_CURVE('',#10045,#10054,#10056,.T.);
#10054 = VERTEX_POINT('',#10055);
#10055 = CARTESIAN_POINT('',(77.246265,-93.043978,1.585));
#10056 = LINE('',#10057,#10058);
#10057 = CARTESIAN_POINT('',(77.246265,-91.854299,1.585));
#10058 = VECTOR('',#10059,1.);
#10059 = DIRECTION('',(0.,-1.,0.));
#10060 = ORIENTED_EDGE('',*,*,#10061,.T.);
#10061 = EDGE_CURVE('',#10054,#10062,#10064,.T.);
#10062 = VERTEX_POINT('',#10063);
#10063 = CARTESIAN_POINT('',(77.156631,-93.308567,1.585));
#10064 = LINE('',#10065,#10066);
#10065 = CARTESIAN_POINT('',(77.246265,-93.043978,1.585));
#10066 = VECTOR('',#10067,1.);
#10067 = DIRECTION('',(-0.320855667638,-0.947128101444,0.));
#10068 = ORIENTED_EDGE('',*,*,#10069,.T.);
#10069 = EDGE_CURVE('',#10062,#10070,#10072,.T.);
#10070 = VERTEX_POINT('',#10071);
#10071 = CARTESIAN_POINT('',(77.137233,-93.333992,1.585));
#10072 = LINE('',#10073,#10074);
#10073 = CARTESIAN_POINT('',(77.156631,-93.308567,1.585));
#10074 = VECTOR('',#10075,1.);
#10075 = DIRECTION('',(-0.606568789978,-0.795031007587,0.));
#10076 = ORIENTED_EDGE('',*,*,#10077,.T.);
#10077 = EDGE_CURVE('',#10070,#10078,#10080,.T.);
#10078 = VERTEX_POINT('',#10079);
#10079 = CARTESIAN_POINT('',(76.966667,-93.501296,1.585));
#10080 = LINE('',#10081,#10082);
#10081 = CARTESIAN_POINT('',(77.137233,-93.333992,1.585));
#10082 = VECTOR('',#10083,1.);
#10083 = DIRECTION('',(-0.713900343919,-0.700247312706,0.));
#10084 = ORIENTED_EDGE('',*,*,#10085,.T.);
#10085 = EDGE_CURVE('',#10078,#10086,#10088,.T.);
#10086 = VERTEX_POINT('',#10087);
#10087 = CARTESIAN_POINT('',(76.937946,-93.515362,1.585));
#10088 = LINE('',#10089,#10090);
#10089 = CARTESIAN_POINT('',(76.966667,-93.501296,1.585));
#10090 = VECTOR('',#10091,1.);
#10091 = DIRECTION('',(-0.898080353257,-0.439831421222,0.));
#10092 = ORIENTED_EDGE('',*,*,#10093,.T.);
#10093 = EDGE_CURVE('',#10086,#10094,#10096,.T.);
#10094 = VERTEX_POINT('',#10095);
#10095 = CARTESIAN_POINT('',(76.686436,-93.596768,1.585));
#10096 = LINE('',#10097,#10098);
#10097 = CARTESIAN_POINT('',(76.937946,-93.515362,1.585));
#10098 = VECTOR('',#10099,1.);
#10099 = DIRECTION('',(-0.951405604957,-0.30794053786,0.));
#10100 = ORIENTED_EDGE('',*,*,#10101,.T.);
#10101 = EDGE_CURVE('',#10094,#10102,#10104,.T.);
#10102 = VERTEX_POINT('',#10103);
#10103 = CARTESIAN_POINT('',(76.495636,-93.595404,1.585));
#10104 = LINE('',#10105,#10106);
#10105 = CARTESIAN_POINT('',(76.686436,-93.596768,1.585));
#10106 = VECTOR('',#10107,1.);
#10107 = DIRECTION('',(-0.999974447973,7.148664292612E-03,0.));
#10108 = ORIENTED_EDGE('',*,*,#10109,.T.);
#10109 = EDGE_CURVE('',#10102,#10110,#10112,.T.);
#10110 = VERTEX_POINT('',#10111);
#10111 = CARTESIAN_POINT('',(76.495636,-93.360016,1.585));
#10112 = CIRCLE('',#10113,0.119999802321);
#10113 = AXIS2_PLACEMENT_3D('',#10114,#10115,#10116);
#10114 = CARTESIAN_POINT('',(76.519047,-93.47771,1.585));
#10115 = DIRECTION('',(0.,0.,-1.));
#10116 = DIRECTION('',(-0.195091988047,-0.980784949008,-0.));
#10117 = ORIENTED_EDGE('',*,*,#10118,.T.);
#10118 = EDGE_CURVE('',#10110,#10119,#10121,.T.);
#10119 = VERTEX_POINT('',#10120);
#10120 = CARTESIAN_POINT('',(76.651955,-93.35771,1.585));
#10121 = LINE('',#10122,#10123);
#10122 = CARTESIAN_POINT('',(76.495636,-93.360016,1.585));
#10123 = VECTOR('',#10124,1.);
#10124 = DIRECTION('',(0.999891208692,1.475028069044E-02,0.));
#10125 = ORIENTED_EDGE('',*,*,#10126,.T.);
#10126 = EDGE_CURVE('',#10119,#10127,#10129,.T.);
#10127 = VERTEX_POINT('',#10128);
#10128 = CARTESIAN_POINT('',(77.008571,-93.001093,1.585));
#10129 = CIRCLE('',#10130,0.383098553543);
#10130 = AXIS2_PLACEMENT_3D('',#10131,#10132,#10133);
#10131 = CARTESIAN_POINT('',(76.626330326147,-92.975469398,1.585));
#10132 = DIRECTION('',(0.,0.,1.));
#10133 = DIRECTION('',(6.688794206074E-02,-0.99776049391,0.));
#10134 = ORIENTED_EDGE('',*,*,#10135,.T.);
#10135 = EDGE_CURVE('',#10127,#10136,#10138,.T.);
#10136 = VERTEX_POINT('',#10137);
#10137 = CARTESIAN_POINT('',(77.010877,-91.854299,1.585));
#10138 = LINE('',#10139,#10140);
#10139 = CARTESIAN_POINT('',(77.008571,-93.001093,1.585));
#10140 = VECTOR('',#10141,1.);
#10141 = DIRECTION('',(2.010819151437E-03,0.999997978301,0.));
#10142 = ORIENTED_EDGE('',*,*,#10143,.T.);
#10143 = EDGE_CURVE('',#10136,#10144,#10146,.T.);
#10144 = VERTEX_POINT('',#10145);
#10145 = CARTESIAN_POINT('',(77.028795,-91.811042,1.585));
#10146 = LINE('',#10147,#10148);
#10147 = CARTESIAN_POINT('',(77.010877,-91.854299,1.585));
#10148 = VECTOR('',#10149,1.);
#10149 = DIRECTION('',(0.382690066869,0.923876784382,0.));
#10150 = ORIENTED_EDGE('',*,*,#10151,.T.);
#10151 = EDGE_CURVE('',#10144,#10043,#10152,.T.);
#10152 = LINE('',#10153,#10154);
#10153 = CARTESIAN_POINT('',(77.028795,-91.811042,1.585));
#10154 = VECTOR('',#10155,1.);
#10155 = DIRECTION('',(0.707106781187,0.707106781187,0.));
#10156 = PLANE('',#10157);
#10157 = AXIS2_PLACEMENT_3D('',#10158,#10159,#10160);
#10158 = CARTESIAN_POINT('',(0.,0.,1.585));
#10159 = DIRECTION('',(0.,0.,1.));
#10160 = DIRECTION('',(1.,0.,-0.));
#10161 = SHELL_BASED_SURFACE_MODEL('',(#10162));
#10162 = OPEN_SHELL('',(#10163));
#10163 = ADVANCED_FACE('',(#10164),#10314,.T.);
#10164 = FACE_BOUND('',#10165,.F.);
#10165 = EDGE_LOOP('',(#10166,#10176,#10184,#10192,#10200,#10209,#10217,
    #10225,#10234,#10242,#10251,#10259,#10267,#10275,#10283,#10292,
    #10300,#10308));
#10166 = ORIENTED_EDGE('',*,*,#10167,.T.);
#10167 = EDGE_CURVE('',#10168,#10170,#10172,.T.);
#10168 = VERTEX_POINT('',#10169);
#10169 = CARTESIAN_POINT('',(64.715058,-91.792946,1.585));
#10170 = VERTEX_POINT('',#10171);
#10171 = CARTESIAN_POINT('',(64.753961,-91.766893,1.585));
#10172 = LINE('',#10173,#10174);
#10173 = CARTESIAN_POINT('',(64.715058,-91.792946,1.585));
#10174 = VECTOR('',#10175,1.);
#10175 = DIRECTION('',(0.830888573965,0.556438835501,0.));
#10176 = ORIENTED_EDGE('',*,*,#10177,.T.);
#10177 = EDGE_CURVE('',#10170,#10178,#10180,.T.);
#10178 = VERTEX_POINT('',#10179);
#10179 = CARTESIAN_POINT('',(64.799874,-91.757711,1.585));
#10180 = LINE('',#10181,#10182);
#10181 = CARTESIAN_POINT('',(64.753961,-91.766893,1.585));
#10182 = VECTOR('',#10183,1.);
#10183 = DIRECTION('',(0.980583139931,0.196103813535,0.));
#10184 = ORIENTED_EDGE('',*,*,#10185,.T.);
#10185 = EDGE_CURVE('',#10178,#10186,#10188,.T.);
#10186 = VERTEX_POINT('',#10187);
#10187 = CARTESIAN_POINT('',(64.811526,-91.760016,1.585));
#10188 = LINE('',#10189,#10190);
#10189 = CARTESIAN_POINT('',(64.799874,-91.757711,1.585));
#10190 = VECTOR('',#10191,1.);
#10191 = DIRECTION('',(0.980989758926,-0.19405950861,0.));
#10192 = ORIENTED_EDGE('',*,*,#10193,.T.);
#10193 = EDGE_CURVE('',#10186,#10194,#10196,.T.);
#10194 = VERTEX_POINT('',#10195);
#10195 = CARTESIAN_POINT('',(64.845805,-91.766797,1.585));
#10196 = LINE('',#10197,#10198);
#10197 = CARTESIAN_POINT('',(64.811526,-91.760016,1.585));
#10198 = VECTOR('',#10199,1.);
#10199 = DIRECTION('',(0.980990171778,-0.194057421594,0.));
#10200 = ORIENTED_EDGE('',*,*,#10201,.T.);
#10201 = EDGE_CURVE('',#10194,#10202,#10204,.T.);
#10202 = VERTEX_POINT('',#10203);
#10203 = CARTESIAN_POINT('',(64.919999,-91.87771,1.585));
#10204 = CIRCLE('',#10205,0.120000031908);
#10205 = AXIS2_PLACEMENT_3D('',#10206,#10207,#10208);
#10206 = CARTESIAN_POINT('',(64.799998968093,-91.87771054786,1.585));
#10207 = DIRECTION('',(0.,0.,-1.));
#10208 = DIRECTION('',(0.381716831057,0.924279319734,0.));
#10209 = ORIENTED_EDGE('',*,*,#10210,.T.);
#10210 = EDGE_CURVE('',#10202,#10211,#10213,.T.);
#10211 = VERTEX_POINT('',#10212);
#10212 = CARTESIAN_POINT('',(64.919999,-93.35771,1.585));
#10213 = LINE('',#10214,#10215);
#10214 = CARTESIAN_POINT('',(64.919999,-91.87771,1.585));
#10215 = VECTOR('',#10216,1.);
#10216 = DIRECTION('',(0.,-1.,0.));
#10217 = ORIENTED_EDGE('',*,*,#10218,.T.);
#10218 = EDGE_CURVE('',#10211,#10219,#10221,.T.);
#10219 = VERTEX_POINT('',#10220);
#10220 = CARTESIAN_POINT('',(65.280553,-93.360016,1.585));
#10221 = LINE('',#10222,#10223);
#10222 = CARTESIAN_POINT('',(64.919999,-93.35771,1.585));
#10223 = VECTOR('',#10224,1.);
#10224 = DIRECTION('',(0.999979548053,-6.395582458704E-03,0.));
#10225 = ORIENTED_EDGE('',*,*,#10226,.T.);
#10226 = EDGE_CURVE('',#10219,#10227,#10229,.T.);
#10227 = VERTEX_POINT('',#10228);
#10228 = CARTESIAN_POINT('',(65.280553,-93.595404,1.585));
#10229 = CIRCLE('',#10230,0.119999802321);
#10230 = AXIS2_PLACEMENT_3D('',#10231,#10232,#10233);
#10231 = CARTESIAN_POINT('',(65.257142,-93.47771,1.585));
#10232 = DIRECTION('',(0.,0.,-1.));
#10233 = DIRECTION('',(0.195091988047,0.980784949008,0.));
#10234 = ORIENTED_EDGE('',*,*,#10235,.T.);
#10235 = EDGE_CURVE('',#10227,#10236,#10238,.T.);
#10236 = VERTEX_POINT('',#10237);
#10237 = CARTESIAN_POINT('',(64.319445,-93.595404,1.585));
#10238 = LINE('',#10239,#10240);
#10239 = CARTESIAN_POINT('',(65.280553,-93.595404,1.585));
#10240 = VECTOR('',#10241,1.);
#10241 = DIRECTION('',(-1.,0.,0.));
#10242 = ORIENTED_EDGE('',*,*,#10243,.T.);
#10243 = EDGE_CURVE('',#10236,#10244,#10246,.T.);
#10244 = VERTEX_POINT('',#10245);
#10245 = CARTESIAN_POINT('',(64.319445,-93.360016,1.585));
#10246 = CIRCLE('',#10247,0.119999802321);
#10247 = AXIS2_PLACEMENT_3D('',#10248,#10249,#10250);
#10248 = CARTESIAN_POINT('',(64.342856,-93.47771,1.585));
#10249 = DIRECTION('',(0.,0.,-1.));
#10250 = DIRECTION('',(-0.195091988047,-0.980784949008,-0.));
#10251 = ORIENTED_EDGE('',*,*,#10252,.T.);
#10252 = EDGE_CURVE('',#10244,#10253,#10255,.T.);
#10253 = VERTEX_POINT('',#10254);
#10254 = CARTESIAN_POINT('',(64.679999,-93.35771,1.585));
#10255 = LINE('',#10256,#10257);
#10256 = CARTESIAN_POINT('',(64.319445,-93.360016,1.585));
#10257 = VECTOR('',#10258,1.);
#10258 = DIRECTION('',(0.999979548053,6.395582458704E-03,0.));
#10259 = ORIENTED_EDGE('',*,*,#10260,.T.);
#10260 = EDGE_CURVE('',#10253,#10261,#10263,.T.);
#10261 = VERTEX_POINT('',#10262);
#10262 = CARTESIAN_POINT('',(64.679999,-92.243606,1.585));
#10263 = LINE('',#10264,#10265);
#10264 = CARTESIAN_POINT('',(64.679999,-93.35771,1.585));
#10265 = VECTOR('',#10266,1.);
#10266 = DIRECTION('',(0.,1.,0.));
#10267 = ORIENTED_EDGE('',*,*,#10268,.T.);
#10268 = EDGE_CURVE('',#10261,#10269,#10271,.T.);
#10269 = VERTEX_POINT('',#10270);
#10270 = CARTESIAN_POINT('',(64.558979,-92.359649,1.585));
#10271 = LINE('',#10272,#10273);
#10272 = CARTESIAN_POINT('',(64.679999,-92.243606,1.585));
#10273 = VECTOR('',#10274,1.);
#10274 = DIRECTION('',(-0.721793024117,-0.692108972877,0.));
#10275 = ORIENTED_EDGE('',*,*,#10276,.T.);
#10276 = EDGE_CURVE('',#10269,#10277,#10279,.T.);
#10277 = VERTEX_POINT('',#10278);
#10278 = CARTESIAN_POINT('',(64.374551,-92.450591,1.585));
#10279 = LINE('',#10280,#10281);
#10280 = CARTESIAN_POINT('',(64.558979,-92.359649,1.585));
#10281 = VECTOR('',#10282,1.);
#10282 = DIRECTION('',(-0.896887835272,-0.442258081827,0.));
#10283 = ORIENTED_EDGE('',*,*,#10284,.T.);
#10284 = EDGE_CURVE('',#10277,#10285,#10287,.T.);
#10285 = VERTEX_POINT('',#10286);
#10286 = CARTESIAN_POINT('',(64.269282,-92.240054,1.585));
#10287 = CIRCLE('',#10288,0.119999591613);
#10288 = AXIS2_PLACEMENT_3D('',#10289,#10290,#10291);
#10289 = CARTESIAN_POINT('',(64.342855521247,-92.33485293964,1.585));
#10290 = DIRECTION('',(0.,0.,-1.));
#10291 = DIRECTION('',(0.2641298885,-0.964487118629,0.));
#10292 = ORIENTED_EDGE('',*,*,#10293,.T.);
#10293 = EDGE_CURVE('',#10285,#10294,#10296,.T.);
#10294 = VERTEX_POINT('',#10295);
#10295 = CARTESIAN_POINT('',(64.424152,-92.16004,1.585));
#10296 = LINE('',#10297,#10298);
#10297 = CARTESIAN_POINT('',(64.269282,-92.240054,1.585));
#10298 = VECTOR('',#10299,1.);
#10299 = DIRECTION('',(0.888430975559,0.459010241353,0.));
#10300 = ORIENTED_EDGE('',*,*,#10301,.T.);
#10301 = EDGE_CURVE('',#10294,#10302,#10304,.T.);
#10302 = VERTEX_POINT('',#10303);
#10303 = CARTESIAN_POINT('',(64.554364,-92.029828,1.585));
#10304 = LINE('',#10305,#10306);
#10305 = CARTESIAN_POINT('',(64.424152,-92.16004,1.585));
#10306 = VECTOR('',#10307,1.);
#10307 = DIRECTION('',(0.707106781187,0.707106781187,0.));
#10308 = ORIENTED_EDGE('',*,*,#10309,.T.);
#10309 = EDGE_CURVE('',#10302,#10168,#10310,.T.);
#10310 = LINE('',#10311,#10312);
#10311 = CARTESIAN_POINT('',(64.554364,-92.029828,1.585));
#10312 = VECTOR('',#10313,1.);
#10313 = DIRECTION('',(0.561388131408,0.827552636341,0.));
#10314 = PLANE('',#10315);
#10315 = AXIS2_PLACEMENT_3D('',#10316,#10317,#10318);
#10316 = CARTESIAN_POINT('',(0.,0.,1.585));
#10317 = DIRECTION('',(0.,0.,1.));
#10318 = DIRECTION('',(1.,0.,-0.));
#10319 = SHELL_BASED_SURFACE_MODEL('',(#10320));
#10320 = OPEN_SHELL('',(#10321));
#10321 = ADVANCED_FACE('',(#10322),#10465,.T.);
#10322 = FACE_BOUND('',#10323,.F.);
#10323 = EDGE_LOOP('',(#10324,#10334,#10342,#10350,#10358,#10367,#10375,
    #10384,#10392,#10400,#10409,#10417,#10425,#10434,#10442,#10451,
    #10459));
#10324 = ORIENTED_EDGE('',*,*,#10325,.T.);
#10325 = EDGE_CURVE('',#10326,#10328,#10330,.T.);
#10326 = VERTEX_POINT('',#10327);
#10327 = CARTESIAN_POINT('',(73.936582,-91.806724,1.585));
#10328 = VERTEX_POINT('',#10329);
#10329 = CARTESIAN_POINT('',(73.971112,-91.775103,1.585));
#10330 = LINE('',#10331,#10332);
#10331 = CARTESIAN_POINT('',(73.936582,-91.806724,1.585));
#10332 = VECTOR('',#10333,1.);
#10333 = DIRECTION('',(0.737489167488,0.675358962211,0.));
#10334 = ORIENTED_EDGE('',*,*,#10335,.T.);
#10335 = EDGE_CURVE('',#10328,#10336,#10338,.T.);
#10336 = VERTEX_POINT('',#10337);
#10337 = CARTESIAN_POINT('',(74.015114,-91.759102,1.585));
#10338 = LINE('',#10339,#10340);
#10339 = CARTESIAN_POINT('',(73.971112,-91.775103,1.585));
#10340 = VECTOR('',#10341,1.);
#10341 = DIRECTION('',(0.939791552707,0.341748207692,0.));
#10342 = ORIENTED_EDGE('',*,*,#10343,.T.);
#10343 = EDGE_CURVE('',#10336,#10344,#10346,.T.);
#10344 = VERTEX_POINT('',#10345);
#10345 = CARTESIAN_POINT('',(74.035919,-91.760016,1.585));
#10346 = LINE('',#10347,#10348);
#10347 = CARTESIAN_POINT('',(74.015114,-91.759102,1.585));
#10348 = VECTOR('',#10349,1.);
#10349 = DIRECTION('',(0.999036395387,-4.388941434166E-02,0.));
#10350 = ORIENTED_EDGE('',*,*,#10351,.T.);
#10351 = EDGE_CURVE('',#10344,#10352,#10354,.T.);
#10352 = VERTEX_POINT('',#10353);
#10353 = CARTESIAN_POINT('',(74.061891,-91.761157,1.585));
#10354 = LINE('',#10355,#10356);
#10355 = CARTESIAN_POINT('',(74.035919,-91.760016,1.585));
#10356 = VECTOR('',#10357,1.);
#10357 = DIRECTION('',(0.999036387524,-4.388959333778E-02,0.));
#10358 = ORIENTED_EDGE('',*,*,#10359,.T.);
#10359 = EDGE_CURVE('',#10352,#10360,#10362,.T.);
#10360 = VERTEX_POINT('',#10361);
#10361 = CARTESIAN_POINT('',(74.151817,-91.862316,1.585));
#10362 = CIRCLE('',#10363,0.118861828863);
#10363 = AXIS2_PLACEMENT_3D('',#10364,#10365,#10366);
#10364 = CARTESIAN_POINT('',(74.033823536482,-91.87665744091,1.585));
#10365 = DIRECTION('',(0.,0.,-1.));
#10366 = DIRECTION('',(0.236135215038,0.971720206756,0.));
#10367 = ORIENTED_EDGE('',*,*,#10368,.T.);
#10368 = EDGE_CURVE('',#10360,#10369,#10371,.T.);
#10369 = VERTEX_POINT('',#10370);
#10370 = CARTESIAN_POINT('',(74.151028,-93.501121,1.585));
#10371 = LINE('',#10372,#10373);
#10372 = CARTESIAN_POINT('',(74.151817,-91.862316,1.585));
#10373 = VECTOR('',#10374,1.);
#10374 = DIRECTION('',(-4.814483166425E-04,-0.999999884104,0.));
#10375 = ORIENTED_EDGE('',*,*,#10376,.T.);
#10376 = EDGE_CURVE('',#10369,#10377,#10379,.T.);
#10377 = VERTEX_POINT('',#10378);
#10378 = CARTESIAN_POINT('',(73.91564,-93.501121,1.585));
#10379 = CIRCLE('',#10380,0.119999802321);
#10380 = AXIS2_PLACEMENT_3D('',#10381,#10382,#10383);
#10381 = CARTESIAN_POINT('',(74.033334,-93.47771,1.585));
#10382 = DIRECTION('',(-0.,0.,-1.));
#10383 = DIRECTION('',(0.980784949008,-0.195091988047,-0.));
#10384 = ORIENTED_EDGE('',*,*,#10385,.T.);
#10385 = EDGE_CURVE('',#10377,#10386,#10388,.T.);
#10386 = VERTEX_POINT('',#10387);
#10387 = CARTESIAN_POINT('',(73.913334,-92.418616,1.585));
#10388 = LINE('',#10389,#10390);
#10389 = CARTESIAN_POINT('',(73.91564,-93.501121,1.585));
#10390 = VECTOR('',#10391,1.);
#10391 = DIRECTION('',(-2.130239368652E-03,0.999997731038,0.));
#10392 = ORIENTED_EDGE('',*,*,#10393,.T.);
#10393 = EDGE_CURVE('',#10386,#10394,#10396,.T.);
#10394 = VERTEX_POINT('',#10395);
#10395 = CARTESIAN_POINT('',(73.596752,-93.091553,1.585));
#10396 = LINE('',#10397,#10398);
#10397 = CARTESIAN_POINT('',(73.913334,-92.418616,1.585));
#10398 = VECTOR('',#10399,1.);
#10399 = DIRECTION('',(-0.425693293275,-0.904867515198,0.));
#10400 = ORIENTED_EDGE('',*,*,#10401,.T.);
#10401 = EDGE_CURVE('',#10394,#10402,#10404,.T.);
#10402 = VERTEX_POINT('',#10403);
#10403 = CARTESIAN_POINT('',(73.396339,-93.07989,1.585));
#10404 = CIRCLE('',#10405,0.119452629962);
#10405 = AXIS2_PLACEMENT_3D('',#10406,#10407,#10408);
#10406 = CARTESIAN_POINT('',(73.500307707872,-93.02107300765,1.585));
#10407 = DIRECTION('',(-0.,0.,-1.));
#10408 = DIRECTION('',(0.807385255214,-0.590024617845,-0.));
#10409 = ORIENTED_EDGE('',*,*,#10410,.T.);
#10410 = EDGE_CURVE('',#10402,#10411,#10413,.T.);
#10411 = VERTEX_POINT('',#10412);
#10412 = CARTESIAN_POINT('',(73.086667,-92.418618,1.585));
#10413 = LINE('',#10414,#10415);
#10414 = CARTESIAN_POINT('',(73.396339,-93.07989,1.585));
#10415 = VECTOR('',#10416,1.);
#10416 = DIRECTION('',(-0.424097849692,0.90561637236,0.));
#10417 = ORIENTED_EDGE('',*,*,#10418,.T.);
#10418 = EDGE_CURVE('',#10411,#10419,#10421,.T.);
#10419 = VERTEX_POINT('',#10420);
#10420 = CARTESIAN_POINT('',(73.084361,-93.501121,1.585));
#10421 = LINE('',#10422,#10423);
#10422 = CARTESIAN_POINT('',(73.086667,-92.418618,1.585));
#10423 = VECTOR('',#10424,1.);
#10424 = DIRECTION('',(-2.130243304414E-03,-0.999997731029,0.));
#10425 = ORIENTED_EDGE('',*,*,#10426,.T.);
#10426 = EDGE_CURVE('',#10419,#10427,#10429,.T.);
#10427 = VERTEX_POINT('',#10428);
#10428 = CARTESIAN_POINT('',(72.848973,-93.501121,1.585));
#10429 = CIRCLE('',#10430,0.119999802321);
#10430 = AXIS2_PLACEMENT_3D('',#10431,#10432,#10433);
#10431 = CARTESIAN_POINT('',(72.966667,-93.47771,1.585));
#10432 = DIRECTION('',(-0.,0.,-1.));
#10433 = DIRECTION('',(0.980784949008,-0.195091988047,-0.));
#10434 = ORIENTED_EDGE('',*,*,#10435,.T.);
#10435 = EDGE_CURVE('',#10427,#10436,#10438,.T.);
#10436 = VERTEX_POINT('',#10437);
#10437 = CARTESIAN_POINT('',(72.848973,-91.854299,1.585));
#10438 = LINE('',#10439,#10440);
#10439 = CARTESIAN_POINT('',(72.848973,-93.501121,1.585));
#10440 = VECTOR('',#10441,1.);
#10441 = DIRECTION('',(0.,1.,0.));
#10442 = ORIENTED_EDGE('',*,*,#10443,.T.);
#10443 = EDGE_CURVE('',#10436,#10444,#10446,.T.);
#10444 = VERTEX_POINT('',#10445);
#10445 = CARTESIAN_POINT('',(73.067526,-91.813657,1.585));
#10446 = CIRCLE('',#10447,0.11958826405);
#10447 = AXIS2_PLACEMENT_3D('',#10448,#10449,#10450);
#10448 = CARTESIAN_POINT('',(72.966316746595,-91.87735974659,1.585));
#10449 = DIRECTION('',(0.,0.,-1.));
#10450 = DIRECTION('',(-0.981231289937,0.192834529194,0.));
#10451 = ORIENTED_EDGE('',*,*,#10452,.T.);
#10452 = EDGE_CURVE('',#10444,#10453,#10455,.T.);
#10453 = VERTEX_POINT('',#10454);
#10454 = CARTESIAN_POINT('',(73.5,-92.736802,1.585));
#10455 = LINE('',#10456,#10457);
#10456 = CARTESIAN_POINT('',(73.067526,-91.813657,1.585));
#10457 = VECTOR('',#10458,1.);
#10458 = DIRECTION('',(0.424232631713,-0.905553242051,0.));
#10459 = ORIENTED_EDGE('',*,*,#10460,.T.);
#10460 = EDGE_CURVE('',#10453,#10326,#10461,.T.);
#10461 = LINE('',#10462,#10463);
#10462 = CARTESIAN_POINT('',(73.5,-92.736802,1.585));
#10463 = VECTOR('',#10464,1.);
#10464 = DIRECTION('',(0.424918921372,0.905231412546,0.));
#10465 = PLANE('',#10466);
#10466 = AXIS2_PLACEMENT_3D('',#10467,#10468,#10469);
#10467 = CARTESIAN_POINT('',(0.,0.,1.585));
#10468 = DIRECTION('',(0.,0.,1.));
#10469 = DIRECTION('',(1.,0.,-0.));
#10470 = SHELL_BASED_SURFACE_MODEL('',(#10471));
#10471 = OPEN_SHELL('',(#10472));
#10472 = ADVANCED_FACE('',(#10473),#10509,.T.);
#10473 = FACE_BOUND('',#10474,.F.);
#10474 = EDGE_LOOP('',(#10475,#10486,#10494,#10503));
#10475 = ORIENTED_EDGE('',*,*,#10476,.T.);
#10476 = EDGE_CURVE('',#10477,#10479,#10481,.T.);
#10477 = VERTEX_POINT('',#10478);
#10478 = CARTESIAN_POINT('',(64.167065,-90.08588,1.585));
#10479 = VERTEX_POINT('',#10480);
#10480 = CARTESIAN_POINT('',(64.167065,-89.850492,1.585));
#10481 = CIRCLE('',#10482,0.119999802321);
#10482 = AXIS2_PLACEMENT_3D('',#10483,#10484,#10485);
#10483 = CARTESIAN_POINT('',(64.190476,-89.968186,1.585));
#10484 = DIRECTION('',(0.,0.,-1.));
#10485 = DIRECTION('',(-0.195091988047,-0.980784949008,-0.));
#10486 = ORIENTED_EDGE('',*,*,#10487,.T.);
#10487 = EDGE_CURVE('',#10479,#10488,#10490,.T.);
#10488 = VERTEX_POINT('',#10489);
#10489 = CARTESIAN_POINT('',(65.432935,-89.850492,1.585));
#10490 = LINE('',#10491,#10492);
#10491 = CARTESIAN_POINT('',(64.167065,-89.850492,1.585));
#10492 = VECTOR('',#10493,1.);
#10493 = DIRECTION('',(1.,0.,0.));
#10494 = ORIENTED_EDGE('',*,*,#10495,.T.);
#10495 = EDGE_CURVE('',#10488,#10496,#10498,.T.);
#10496 = VERTEX_POINT('',#10497);
#10497 = CARTESIAN_POINT('',(65.432935,-90.08588,1.585));
#10498 = CIRCLE('',#10499,0.119999802321);
#10499 = AXIS2_PLACEMENT_3D('',#10500,#10501,#10502);
#10500 = CARTESIAN_POINT('',(65.409524,-89.968186,1.585));
#10501 = DIRECTION('',(0.,0.,-1.));
#10502 = DIRECTION('',(0.195091988047,0.980784949008,0.));
#10503 = ORIENTED_EDGE('',*,*,#10504,.T.);
#10504 = EDGE_CURVE('',#10496,#10477,#10505,.T.);
#10505 = LINE('',#10506,#10507);
#10506 = CARTESIAN_POINT('',(65.432935,-90.08588,1.585));
#10507 = VECTOR('',#10508,1.);
#10508 = DIRECTION('',(-1.,0.,0.));
#10509 = PLANE('',#10510);
#10510 = AXIS2_PLACEMENT_3D('',#10511,#10512,#10513);
#10511 = CARTESIAN_POINT('',(0.,0.,1.585));
#10512 = DIRECTION('',(0.,0.,1.));
#10513 = DIRECTION('',(1.,0.,-0.));
#10514 = SHELL_BASED_SURFACE_MODEL('',(#10515));
#10515 = OPEN_SHELL('',(#10516));
#10516 = ADVANCED_FACE('',(#10517),#10553,.T.);
#10517 = FACE_BOUND('',#10518,.F.);
#10518 = EDGE_LOOP('',(#10519,#10530,#10538,#10547));
#10519 = ORIENTED_EDGE('',*,*,#10520,.T.);
#10520 = EDGE_CURVE('',#10521,#10523,#10525,.T.);
#10521 = VERTEX_POINT('',#10522);
#10522 = CARTESIAN_POINT('',(74.567065,-90.08588,1.585));
#10523 = VERTEX_POINT('',#10524);
#10524 = CARTESIAN_POINT('',(74.567065,-89.850492,1.585));
#10525 = CIRCLE('',#10526,0.119999802321);
#10526 = AXIS2_PLACEMENT_3D('',#10527,#10528,#10529);
#10527 = CARTESIAN_POINT('',(74.590476,-89.968186,1.585));
#10528 = DIRECTION('',(0.,0.,-1.));
#10529 = DIRECTION('',(-0.195091988047,-0.980784949008,-0.));
#10530 = ORIENTED_EDGE('',*,*,#10531,.T.);
#10531 = EDGE_CURVE('',#10523,#10532,#10534,.T.);
#10532 = VERTEX_POINT('',#10533);
#10533 = CARTESIAN_POINT('',(75.832935,-89.850492,1.585));
#10534 = LINE('',#10535,#10536);
#10535 = CARTESIAN_POINT('',(74.567065,-89.850492,1.585));
#10536 = VECTOR('',#10537,1.);
#10537 = DIRECTION('',(1.,0.,0.));
#10538 = ORIENTED_EDGE('',*,*,#10539,.T.);
#10539 = EDGE_CURVE('',#10532,#10540,#10542,.T.);
#10540 = VERTEX_POINT('',#10541);
#10541 = CARTESIAN_POINT('',(75.832935,-90.08588,1.585));
#10542 = CIRCLE('',#10543,0.119999802321);
#10543 = AXIS2_PLACEMENT_3D('',#10544,#10545,#10546);
#10544 = CARTESIAN_POINT('',(75.809524,-89.968186,1.585));
#10545 = DIRECTION('',(0.,0.,-1.));
#10546 = DIRECTION('',(0.195091988047,0.980784949008,0.));
#10547 = ORIENTED_EDGE('',*,*,#10548,.T.);
#10548 = EDGE_CURVE('',#10540,#10521,#10549,.T.);
#10549 = LINE('',#10550,#10551);
#10550 = CARTESIAN_POINT('',(75.832935,-90.08588,1.585));
#10551 = VECTOR('',#10552,1.);
#10552 = DIRECTION('',(-1.,0.,0.));
#10553 = PLANE('',#10554);
#10554 = AXIS2_PLACEMENT_3D('',#10555,#10556,#10557);
#10555 = CARTESIAN_POINT('',(0.,0.,1.585));
#10556 = DIRECTION('',(0.,0.,1.));
#10557 = DIRECTION('',(1.,0.,-0.));
#10558 = SHELL_BASED_SURFACE_MODEL('',(#10559));
#10559 = OPEN_SHELL('',(#10560));
#10560 = ADVANCED_FACE('',(#10561,#10663),#10765,.T.);
#10561 = FACE_BOUND('',#10562,.F.);
#10562 = EDGE_LOOP('',(#10563,#10574,#10582,#10590,#10599,#10607,#10615,
    #10624,#10632,#10640,#10649,#10657));
#10563 = ORIENTED_EDGE('',*,*,#10564,.T.);
#10564 = EDGE_CURVE('',#10565,#10567,#10569,.T.);
#10565 = VERTEX_POINT('',#10566);
#10566 = CARTESIAN_POINT('',(68.829802,-84.23932,1.585));
#10567 = VERTEX_POINT('',#10568);
#10568 = CARTESIAN_POINT('',(69.20264,-84.244686,1.585));
#10569 = CIRCLE('',#10570,0.291788488016);
#10570 = AXIS2_PLACEMENT_3D('',#10571,#10572,#10573);
#10571 = CARTESIAN_POINT('',(69.01299086911,-84.46643750256,1.585));
#10572 = DIRECTION('',(0.,0.,-1.));
#10573 = DIRECTION('',(-0.627813901623,0.778363478671,0.));
#10574 = ORIENTED_EDGE('',*,*,#10575,.T.);
#10575 = EDGE_CURVE('',#10567,#10576,#10578,.T.);
#10576 = VERTEX_POINT('',#10577);
#10577 = CARTESIAN_POINT('',(69.266093,-84.310216,1.585));
#10578 = LINE('',#10579,#10580);
#10579 = CARTESIAN_POINT('',(69.20264,-84.244686,1.585));
#10580 = VECTOR('',#10581,1.);
#10581 = DIRECTION('',(0.695630129574,-0.718400113328,0.));
#10582 = ORIENTED_EDGE('',*,*,#10583,.T.);
#10583 = EDGE_CURVE('',#10576,#10584,#10586,.T.);
#10584 = VERTEX_POINT('',#10585);
#10585 = CARTESIAN_POINT('',(69.323356,-84.427105,1.585));
#10586 = LINE('',#10587,#10588);
#10587 = CARTESIAN_POINT('',(69.266093,-84.310216,1.585));
#10588 = VECTOR('',#10589,1.);
#10589 = DIRECTION('',(0.439937123831,-0.898028578095,0.));
#10590 = ORIENTED_EDGE('',*,*,#10591,.T.);
#10591 = EDGE_CURVE('',#10584,#10592,#10594,.T.);
#10592 = VERTEX_POINT('',#10593);
#10593 = CARTESIAN_POINT('',(69.317677,-85.097883,1.585));
#10594 = CIRCLE('',#10595,0.967158496826);
#10595 = AXIS2_PLACEMENT_3D('',#10596,#10597,#10598);
#10596 = CARTESIAN_POINT('',(68.413409706867,-84.75481417228,1.585));
#10597 = DIRECTION('',(0.,0.,-1.));
#10598 = DIRECTION('',(0.940845059128,0.338837091703,0.));
#10599 = ORIENTED_EDGE('',*,*,#10600,.T.);
#10600 = EDGE_CURVE('',#10592,#10601,#10603,.T.);
#10601 = VERTEX_POINT('',#10602);
#10602 = CARTESIAN_POINT('',(69.260727,-85.206863,1.585));
#10603 = LINE('',#10604,#10605);
#10604 = CARTESIAN_POINT('',(69.317677,-85.097883,1.585));
#10605 = VECTOR('',#10606,1.);
#10606 = DIRECTION('',(-0.463146784147,-0.886281589752,0.));
#10607 = ORIENTED_EDGE('',*,*,#10608,.T.);
#10608 = EDGE_CURVE('',#10601,#10609,#10611,.T.);
#10609 = VERTEX_POINT('',#10610);
#10610 = CARTESIAN_POINT('',(69.195197,-85.270317,1.585));
#10611 = LINE('',#10612,#10613);
#10612 = CARTESIAN_POINT('',(69.260727,-85.206863,1.585));
#10613 = VECTOR('',#10614,1.);
#10614 = DIRECTION('',(-0.718394634729,-0.695635787458,0.));
#10615 = ORIENTED_EDGE('',*,*,#10616,.T.);
#10616 = EDGE_CURVE('',#10609,#10617,#10619,.T.);
#10617 = VERTEX_POINT('',#10618);
#10618 = CARTESIAN_POINT('',(68.822358,-85.26495,1.585));
#10619 = CIRCLE('',#10620,0.290998264264);
#10620 = AXIS2_PLACEMENT_3D('',#10621,#10622,#10623);
#10621 = CARTESIAN_POINT('',(69.011993418158,-85.04422755441,1.585));
#10622 = DIRECTION('',(-0.,0.,-1.));
#10623 = DIRECTION('',(0.629569328552,-0.776944309811,-0.));
#10624 = ORIENTED_EDGE('',*,*,#10625,.T.);
#10625 = EDGE_CURVE('',#10617,#10626,#10628,.T.);
#10626 = VERTEX_POINT('',#10627);
#10627 = CARTESIAN_POINT('',(68.758905,-85.199417,1.585));
#10628 = LINE('',#10629,#10630);
#10629 = CARTESIAN_POINT('',(68.822358,-85.26495,1.585));
#10630 = VECTOR('',#10631,1.);
#10631 = DIRECTION('',(-0.695613693927,0.718416027676,0.));
#10632 = ORIENTED_EDGE('',*,*,#10633,.T.);
#10633 = EDGE_CURVE('',#10626,#10634,#10636,.T.);
#10634 = VERTEX_POINT('',#10635);
#10635 = CARTESIAN_POINT('',(68.701644,-85.082532,1.585));
#10636 = LINE('',#10637,#10638);
#10637 = CARTESIAN_POINT('',(68.758905,-85.199417,1.585));
#10638 = VECTOR('',#10639,1.);
#10639 = DIRECTION('',(-0.439936873317,0.89802870082,0.));
#10640 = ORIENTED_EDGE('',*,*,#10641,.T.);
#10641 = EDGE_CURVE('',#10634,#10642,#10644,.T.);
#10642 = VERTEX_POINT('',#10643);
#10643 = CARTESIAN_POINT('',(68.707323,-84.411754,1.585));
#10644 = CIRCLE('',#10645,0.967158496826);
#10645 = AXIS2_PLACEMENT_3D('',#10646,#10647,#10648);
#10646 = CARTESIAN_POINT('',(69.611590293133,-84.75482282772,1.585));
#10647 = DIRECTION('',(0.,0.,-1.));
#10648 = DIRECTION('',(-0.940845059128,-0.338837091703,-0.));
#10649 = ORIENTED_EDGE('',*,*,#10650,.T.);
#10650 = EDGE_CURVE('',#10642,#10651,#10653,.T.);
#10651 = VERTEX_POINT('',#10652);
#10652 = CARTESIAN_POINT('',(68.764272,-84.302773,1.585));
#10653 = LINE('',#10654,#10655);
#10654 = CARTESIAN_POINT('',(68.707323,-84.411754,1.585));
#10655 = VECTOR('',#10656,1.);
#10656 = DIRECTION('',(0.463137057879,0.886286672369,0.));
#10657 = ORIENTED_EDGE('',*,*,#10658,.T.);
#10658 = EDGE_CURVE('',#10651,#10565,#10659,.T.);
#10659 = LINE('',#10660,#10661);
#10660 = CARTESIAN_POINT('',(68.764272,-84.302773,1.585));
#10661 = VECTOR('',#10662,1.);
#10662 = DIRECTION('',(0.718400113328,0.695630129574,0.));
#10663 = FACE_BOUND('',#10664,.F.);
#10664 = EDGE_LOOP('',(#10665,#10676,#10684,#10692,#10701,#10709,#10717,
    #10726,#10734,#10742,#10751,#10759));
#10665 = ORIENTED_EDGE('',*,*,#10666,.T.);
#10666 = EDGE_CURVE('',#10667,#10669,#10671,.T.);
#10667 = VERTEX_POINT('',#10668);
#10668 = CARTESIAN_POINT('',(69.11093,-84.364077,1.585));
#10669 = VERTEX_POINT('',#10670);
#10670 = CARTESIAN_POINT('',(68.91407,-84.364077,1.585));
#10671 = CIRCLE('',#10672,0.148516804184);
#10672 = AXIS2_PLACEMENT_3D('',#10673,#10674,#10675);
#10673 = CARTESIAN_POINT('',(69.0125,-84.475292,1.585));
#10674 = DIRECTION('',(0.,0.,1.));
#10675 = DIRECTION('',(0.662753286006,0.748837820819,-0.));
#10676 = ORIENTED_EDGE('',*,*,#10677,.T.);
#10677 = EDGE_CURVE('',#10669,#10678,#10680,.T.);
#10678 = VERTEX_POINT('',#10679);
#10679 = CARTESIAN_POINT('',(68.883663,-84.394484,1.585));
#10680 = LINE('',#10681,#10682);
#10681 = CARTESIAN_POINT('',(68.91407,-84.364077,1.585));
#10682 = VECTOR('',#10683,1.);
#10683 = DIRECTION('',(-0.707106781186,-0.707106781187,0.));
#10684 = ORIENTED_EDGE('',*,*,#10685,.T.);
#10685 = EDGE_CURVE('',#10678,#10686,#10688,.T.);
#10686 = VERTEX_POINT('',#10687);
#10687 = CARTESIAN_POINT('',(68.845169,-84.471471,1.585));
#10688 = LINE('',#10689,#10690);
#10689 = CARTESIAN_POINT('',(68.883663,-84.394484,1.585));
#10690 = VECTOR('',#10691,1.);
#10691 = DIRECTION('',(-0.447218242642,-0.894424867414,0.));
#10692 = ORIENTED_EDGE('',*,*,#10693,.T.);
#10693 = EDGE_CURVE('',#10686,#10694,#10696,.T.);
#10694 = VERTEX_POINT('',#10695);
#10695 = CARTESIAN_POINT('',(68.845169,-85.038166,1.585));
#10696 = CIRCLE('',#10697,0.815450468384);
#10697 = AXIS2_PLACEMENT_3D('',#10698,#10699,#10700);
#10698 = CARTESIAN_POINT('',(69.609808562559,-84.7548185,1.585));
#10699 = DIRECTION('',(0.,0.,1.));
#10700 = DIRECTION('',(-0.937689770508,0.347473587895,0.));
#10701 = ORIENTED_EDGE('',*,*,#10702,.T.);
#10702 = EDGE_CURVE('',#10694,#10703,#10705,.T.);
#10703 = VERTEX_POINT('',#10704);
#10704 = CARTESIAN_POINT('',(68.883663,-85.115153,1.585));
#10705 = LINE('',#10706,#10707);
#10706 = CARTESIAN_POINT('',(68.845169,-85.038166,1.585));
#10707 = VECTOR('',#10708,1.);
#10708 = DIRECTION('',(0.447218242641,-0.894424867414,0.));
#10709 = ORIENTED_EDGE('',*,*,#10710,.T.);
#10710 = EDGE_CURVE('',#10703,#10711,#10713,.T.);
#10711 = VERTEX_POINT('',#10712);
#10712 = CARTESIAN_POINT('',(68.91407,-85.145561,1.585));
#10713 = LINE('',#10714,#10715);
#10714 = CARTESIAN_POINT('',(68.883663,-85.115153,1.585));
#10715 = VECTOR('',#10716,1.);
#10716 = DIRECTION('',(0.707095153914,-0.707118408268,0.));
#10717 = ORIENTED_EDGE('',*,*,#10718,.T.);
#10718 = EDGE_CURVE('',#10711,#10719,#10721,.T.);
#10719 = VERTEX_POINT('',#10720);
#10720 = CARTESIAN_POINT('',(69.110929,-85.145561,1.585));
#10721 = CIRCLE('',#10722,0.14851572397);
#10722 = AXIS2_PLACEMENT_3D('',#10723,#10724,#10725);
#10723 = CARTESIAN_POINT('',(69.0124995,-85.034347,1.585));
#10724 = DIRECTION('',(0.,0.,1.));
#10725 = DIRECTION('',(-0.662754739829,-0.748836534121,0.));
#10726 = ORIENTED_EDGE('',*,*,#10727,.T.);
#10727 = EDGE_CURVE('',#10719,#10728,#10730,.T.);
#10728 = VERTEX_POINT('',#10729);
#10729 = CARTESIAN_POINT('',(69.141336,-85.115153,1.585));
#10730 = LINE('',#10731,#10732);
#10731 = CARTESIAN_POINT('',(69.110929,-85.145561,1.585));
#10732 = VECTOR('',#10733,1.);
#10733 = DIRECTION('',(0.707095153914,0.707118408268,0.));
#10734 = ORIENTED_EDGE('',*,*,#10735,.T.);
#10735 = EDGE_CURVE('',#10728,#10736,#10738,.T.);
#10736 = VERTEX_POINT('',#10737);
#10737 = CARTESIAN_POINT('',(69.17983,-85.038166,1.585));
#10738 = LINE('',#10739,#10740);
#10739 = CARTESIAN_POINT('',(69.141336,-85.115153,1.585));
#10740 = VECTOR('',#10741,1.);
#10741 = DIRECTION('',(0.447218242641,0.894424867414,0.));
#10742 = ORIENTED_EDGE('',*,*,#10743,.T.);
#10743 = EDGE_CURVE('',#10736,#10744,#10746,.T.);
#10744 = VERTEX_POINT('',#10745);
#10745 = CARTESIAN_POINT('',(69.17983,-84.471471,1.585));
#10746 = CIRCLE('',#10747,0.815433004022);
#10747 = AXIS2_PLACEMENT_3D('',#10748,#10749,#10750);
#10748 = CARTESIAN_POINT('',(68.41520906235,-84.7548185,1.585));
#10749 = DIRECTION('',(0.,-0.,1.));
#10750 = DIRECTION('',(0.937687012763,-0.347481029836,-0.));
#10751 = ORIENTED_EDGE('',*,*,#10752,.T.);
#10752 = EDGE_CURVE('',#10744,#10753,#10755,.T.);
#10753 = VERTEX_POINT('',#10754);
#10754 = CARTESIAN_POINT('',(69.141337,-84.394484,1.585));
#10755 = LINE('',#10756,#10757);
#10756 = CARTESIAN_POINT('',(69.17983,-84.471471,1.585));
#10757 = VECTOR('',#10758,1.);
#10758 = DIRECTION('',(-0.447208948322,0.894429514574,0.));
#10759 = ORIENTED_EDGE('',*,*,#10760,.T.);
#10760 = EDGE_CURVE('',#10753,#10667,#10761,.T.);
#10761 = LINE('',#10762,#10763);
#10762 = CARTESIAN_POINT('',(69.141337,-84.394484,1.585));
#10763 = VECTOR('',#10764,1.);
#10764 = DIRECTION('',(-0.707106781186,0.707106781187,0.));
#10765 = PLANE('',#10766);
#10766 = AXIS2_PLACEMENT_3D('',#10767,#10768,#10769);
#10767 = CARTESIAN_POINT('',(0.,0.,1.585));
#10768 = DIRECTION('',(0.,0.,1.));
#10769 = DIRECTION('',(1.,0.,-0.));
#10770 = SHELL_BASED_SURFACE_MODEL('',(#10771));
#10771 = OPEN_SHELL('',(#10772));
#10772 = ADVANCED_FACE('',(#10773,#10875),#10977,.T.);
#10773 = FACE_BOUND('',#10774,.F.);
#10774 = EDGE_LOOP('',(#10775,#10786,#10794,#10802,#10811,#10819,#10827,
    #10836,#10844,#10852,#10861,#10869));
#10775 = ORIENTED_EDGE('',*,*,#10776,.T.);
#10776 = EDGE_CURVE('',#10777,#10779,#10781,.T.);
#10777 = VERTEX_POINT('',#10778);
#10778 = CARTESIAN_POINT('',(70.804802,-84.23932,1.585));
#10779 = VERTEX_POINT('',#10780);
#10780 = CARTESIAN_POINT('',(71.17764,-84.244686,1.585));
#10781 = CIRCLE('',#10782,0.291788488016);
#10782 = AXIS2_PLACEMENT_3D('',#10783,#10784,#10785);
#10783 = CARTESIAN_POINT('',(70.98799086911,-84.46643750256,1.585));
#10784 = DIRECTION('',(0.,0.,-1.));
#10785 = DIRECTION('',(-0.627813901623,0.778363478671,0.));
#10786 = ORIENTED_EDGE('',*,*,#10787,.T.);
#10787 = EDGE_CURVE('',#10779,#10788,#10790,.T.);
#10788 = VERTEX_POINT('',#10789);
#10789 = CARTESIAN_POINT('',(71.241093,-84.310216,1.585));
#10790 = LINE('',#10791,#10792);
#10791 = CARTESIAN_POINT('',(71.17764,-84.244686,1.585));
#10792 = VECTOR('',#10793,1.);
#10793 = DIRECTION('',(0.695630129574,-0.718400113327,0.));
#10794 = ORIENTED_EDGE('',*,*,#10795,.T.);
#10795 = EDGE_CURVE('',#10788,#10796,#10798,.T.);
#10796 = VERTEX_POINT('',#10797);
#10797 = CARTESIAN_POINT('',(71.298356,-84.427105,1.585));
#10798 = LINE('',#10799,#10800);
#10799 = CARTESIAN_POINT('',(71.241093,-84.310216,1.585));
#10800 = VECTOR('',#10801,1.);
#10801 = DIRECTION('',(0.439937123831,-0.898028578095,0.));
#10802 = ORIENTED_EDGE('',*,*,#10803,.T.);
#10803 = EDGE_CURVE('',#10796,#10804,#10806,.T.);
#10804 = VERTEX_POINT('',#10805);
#10805 = CARTESIAN_POINT('',(71.292677,-85.097883,1.585));
#10806 = CIRCLE('',#10807,0.967158496826);
#10807 = AXIS2_PLACEMENT_3D('',#10808,#10809,#10810);
#10808 = CARTESIAN_POINT('',(70.388409706867,-84.75481417228,1.585));
#10809 = DIRECTION('',(0.,0.,-1.));
#10810 = DIRECTION('',(0.940845059128,0.338837091703,0.));
#10811 = ORIENTED_EDGE('',*,*,#10812,.T.);
#10812 = EDGE_CURVE('',#10804,#10813,#10815,.T.);
#10813 = VERTEX_POINT('',#10814);
#10814 = CARTESIAN_POINT('',(71.235727,-85.206863,1.585));
#10815 = LINE('',#10816,#10817);
#10816 = CARTESIAN_POINT('',(71.292677,-85.097883,1.585));
#10817 = VECTOR('',#10818,1.);
#10818 = DIRECTION('',(-0.463146784147,-0.886281589752,0.));
#10819 = ORIENTED_EDGE('',*,*,#10820,.T.);
#10820 = EDGE_CURVE('',#10813,#10821,#10823,.T.);
#10821 = VERTEX_POINT('',#10822);
#10822 = CARTESIAN_POINT('',(71.170197,-85.270317,1.585));
#10823 = LINE('',#10824,#10825);
#10824 = CARTESIAN_POINT('',(71.235727,-85.206863,1.585));
#10825 = VECTOR('',#10826,1.);
#10826 = DIRECTION('',(-0.718394634729,-0.695635787458,0.));
#10827 = ORIENTED_EDGE('',*,*,#10828,.T.);
#10828 = EDGE_CURVE('',#10821,#10829,#10831,.T.);
#10829 = VERTEX_POINT('',#10830);
#10830 = CARTESIAN_POINT('',(70.797358,-85.26495,1.585));
#10831 = CIRCLE('',#10832,0.290998264264);
#10832 = AXIS2_PLACEMENT_3D('',#10833,#10834,#10835);
#10833 = CARTESIAN_POINT('',(70.986993418158,-85.04422755441,1.585));
#10834 = DIRECTION('',(-0.,0.,-1.));
#10835 = DIRECTION('',(0.629569328552,-0.776944309811,-0.));
#10836 = ORIENTED_EDGE('',*,*,#10837,.T.);
#10837 = EDGE_CURVE('',#10829,#10838,#10840,.T.);
#10838 = VERTEX_POINT('',#10839);
#10839 = CARTESIAN_POINT('',(70.733905,-85.199417,1.585));
#10840 = LINE('',#10841,#10842);
#10841 = CARTESIAN_POINT('',(70.797358,-85.26495,1.585));
#10842 = VECTOR('',#10843,1.);
#10843 = DIRECTION('',(-0.695613693927,0.718416027676,0.));
#10844 = ORIENTED_EDGE('',*,*,#10845,.T.);
#10845 = EDGE_CURVE('',#10838,#10846,#10848,.T.);
#10846 = VERTEX_POINT('',#10847);
#10847 = CARTESIAN_POINT('',(70.676644,-85.082532,1.585));
#10848 = LINE('',#10849,#10850);
#10849 = CARTESIAN_POINT('',(70.733905,-85.199417,1.585));
#10850 = VECTOR('',#10851,1.);
#10851 = DIRECTION('',(-0.439936873317,0.89802870082,0.));
#10852 = ORIENTED_EDGE('',*,*,#10853,.T.);
#10853 = EDGE_CURVE('',#10846,#10854,#10856,.T.);
#10854 = VERTEX_POINT('',#10855);
#10855 = CARTESIAN_POINT('',(70.682323,-84.411754,1.585));
#10856 = CIRCLE('',#10857,0.967158496826);
#10857 = AXIS2_PLACEMENT_3D('',#10858,#10859,#10860);
#10858 = CARTESIAN_POINT('',(71.586590293133,-84.75482282772,1.585));
#10859 = DIRECTION('',(0.,0.,-1.));
#10860 = DIRECTION('',(-0.940845059128,-0.338837091703,-0.));
#10861 = ORIENTED_EDGE('',*,*,#10862,.T.);
#10862 = EDGE_CURVE('',#10854,#10863,#10865,.T.);
#10863 = VERTEX_POINT('',#10864);
#10864 = CARTESIAN_POINT('',(70.739272,-84.302773,1.585));
#10865 = LINE('',#10866,#10867);
#10866 = CARTESIAN_POINT('',(70.682323,-84.411754,1.585));
#10867 = VECTOR('',#10868,1.);
#10868 = DIRECTION('',(0.463137057879,0.886286672369,0.));
#10869 = ORIENTED_EDGE('',*,*,#10870,.T.);
#10870 = EDGE_CURVE('',#10863,#10777,#10871,.T.);
#10871 = LINE('',#10872,#10873);
#10872 = CARTESIAN_POINT('',(70.739272,-84.302773,1.585));
#10873 = VECTOR('',#10874,1.);
#10874 = DIRECTION('',(0.718400113328,0.695630129574,0.));
#10875 = FACE_BOUND('',#10876,.F.);
#10876 = EDGE_LOOP('',(#10877,#10888,#10896,#10904,#10913,#10921,#10929,
    #10938,#10946,#10954,#10963,#10971));
#10877 = ORIENTED_EDGE('',*,*,#10878,.T.);
#10878 = EDGE_CURVE('',#10879,#10881,#10883,.T.);
#10879 = VERTEX_POINT('',#10880);
#10880 = CARTESIAN_POINT('',(71.08593,-84.364077,1.585));
#10881 = VERTEX_POINT('',#10882);
#10882 = CARTESIAN_POINT('',(70.88907,-84.364077,1.585));
#10883 = CIRCLE('',#10884,0.148516804184);
#10884 = AXIS2_PLACEMENT_3D('',#10885,#10886,#10887);
#10885 = CARTESIAN_POINT('',(70.9875,-84.475292,1.585));
#10886 = DIRECTION('',(0.,0.,1.));
#10887 = DIRECTION('',(0.662753286006,0.748837820819,-0.));
#10888 = ORIENTED_EDGE('',*,*,#10889,.T.);
#10889 = EDGE_CURVE('',#10881,#10890,#10892,.T.);
#10890 = VERTEX_POINT('',#10891);
#10891 = CARTESIAN_POINT('',(70.858663,-84.394484,1.585));
#10892 = LINE('',#10893,#10894);
#10893 = CARTESIAN_POINT('',(70.88907,-84.364077,1.585));
#10894 = VECTOR('',#10895,1.);
#10895 = DIRECTION('',(-0.707106781186,-0.707106781187,0.));
#10896 = ORIENTED_EDGE('',*,*,#10897,.T.);
#10897 = EDGE_CURVE('',#10890,#10898,#10900,.T.);
#10898 = VERTEX_POINT('',#10899);
#10899 = CARTESIAN_POINT('',(70.820169,-84.471471,1.585));
#10900 = LINE('',#10901,#10902);
#10901 = CARTESIAN_POINT('',(70.858663,-84.394484,1.585));
#10902 = VECTOR('',#10903,1.);
#10903 = DIRECTION('',(-0.447218242642,-0.894424867414,0.));
#10904 = ORIENTED_EDGE('',*,*,#10905,.T.);
#10905 = EDGE_CURVE('',#10898,#10906,#10908,.T.);
#10906 = VERTEX_POINT('',#10907);
#10907 = CARTESIAN_POINT('',(70.820169,-85.038166,1.585));
#10908 = CIRCLE('',#10909,0.815450468383);
#10909 = AXIS2_PLACEMENT_3D('',#10910,#10911,#10912);
#10910 = CARTESIAN_POINT('',(71.584808562559,-84.7548185,1.585));
#10911 = DIRECTION('',(0.,0.,1.));
#10912 = DIRECTION('',(-0.937689770508,0.347473587895,0.));
#10913 = ORIENTED_EDGE('',*,*,#10914,.T.);
#10914 = EDGE_CURVE('',#10906,#10915,#10917,.T.);
#10915 = VERTEX_POINT('',#10916);
#10916 = CARTESIAN_POINT('',(70.858663,-85.115153,1.585));
#10917 = LINE('',#10918,#10919);
#10918 = CARTESIAN_POINT('',(70.820169,-85.038166,1.585));
#10919 = VECTOR('',#10920,1.);
#10920 = DIRECTION('',(0.447218242641,-0.894424867414,0.));
#10921 = ORIENTED_EDGE('',*,*,#10922,.T.);
#10922 = EDGE_CURVE('',#10915,#10923,#10925,.T.);
#10923 = VERTEX_POINT('',#10924);
#10924 = CARTESIAN_POINT('',(70.88907,-85.145561,1.585));
#10925 = LINE('',#10926,#10927);
#10926 = CARTESIAN_POINT('',(70.858663,-85.115153,1.585));
#10927 = VECTOR('',#10928,1.);
#10928 = DIRECTION('',(0.707095153914,-0.707118408268,0.));
#10929 = ORIENTED_EDGE('',*,*,#10930,.T.);
#10930 = EDGE_CURVE('',#10923,#10931,#10933,.T.);
#10931 = VERTEX_POINT('',#10932);
#10932 = CARTESIAN_POINT('',(71.085929,-85.145561,1.585));
#10933 = CIRCLE('',#10934,0.14851572397);
#10934 = AXIS2_PLACEMENT_3D('',#10935,#10936,#10937);
#10935 = CARTESIAN_POINT('',(70.9874995,-85.034347,1.585));
#10936 = DIRECTION('',(0.,0.,1.));
#10937 = DIRECTION('',(-0.662754739828,-0.748836534121,0.));
#10938 = ORIENTED_EDGE('',*,*,#10939,.T.);
#10939 = EDGE_CURVE('',#10931,#10940,#10942,.T.);
#10940 = VERTEX_POINT('',#10941);
#10941 = CARTESIAN_POINT('',(71.116336,-85.115153,1.585));
#10942 = LINE('',#10943,#10944);
#10943 = CARTESIAN_POINT('',(71.085929,-85.145561,1.585));
#10944 = VECTOR('',#10945,1.);
#10945 = DIRECTION('',(0.707095153914,0.707118408268,0.));
#10946 = ORIENTED_EDGE('',*,*,#10947,.T.);
#10947 = EDGE_CURVE('',#10940,#10948,#10950,.T.);
#10948 = VERTEX_POINT('',#10949);
#10949 = CARTESIAN_POINT('',(71.15483,-85.038166,1.585));
#10950 = LINE('',#10951,#10952);
#10951 = CARTESIAN_POINT('',(71.116336,-85.115153,1.585));
#10952 = VECTOR('',#10953,1.);
#10953 = DIRECTION('',(0.447218242641,0.894424867414,0.));
#10954 = ORIENTED_EDGE('',*,*,#10955,.T.);
#10955 = EDGE_CURVE('',#10948,#10956,#10958,.T.);
#10956 = VERTEX_POINT('',#10957);
#10957 = CARTESIAN_POINT('',(71.15483,-84.471471,1.585));
#10958 = CIRCLE('',#10959,0.815433004023);
#10959 = AXIS2_PLACEMENT_3D('',#10960,#10961,#10962);
#10960 = CARTESIAN_POINT('',(70.39020906235,-84.7548185,1.585));
#10961 = DIRECTION('',(0.,-0.,1.));
#10962 = DIRECTION('',(0.937687012763,-0.347481029836,-0.));
#10963 = ORIENTED_EDGE('',*,*,#10964,.T.);
#10964 = EDGE_CURVE('',#10956,#10965,#10967,.T.);
#10965 = VERTEX_POINT('',#10966);
#10966 = CARTESIAN_POINT('',(71.116337,-84.394484,1.585));
#10967 = LINE('',#10968,#10969);
#10968 = CARTESIAN_POINT('',(71.15483,-84.471471,1.585));
#10969 = VECTOR('',#10970,1.);
#10970 = DIRECTION('',(-0.447208948322,0.894429514574,0.));
#10971 = ORIENTED_EDGE('',*,*,#10972,.T.);
#10972 = EDGE_CURVE('',#10965,#10879,#10973,.T.);
#10973 = LINE('',#10974,#10975);
#10974 = CARTESIAN_POINT('',(71.116337,-84.394484,1.585));
#10975 = VECTOR('',#10976,1.);
#10976 = DIRECTION('',(-0.707106781186,0.707106781187,0.));
#10977 = PLANE('',#10978);
#10978 = AXIS2_PLACEMENT_3D('',#10979,#10980,#10981);
#10979 = CARTESIAN_POINT('',(0.,0.,1.585));
#10980 = DIRECTION('',(0.,0.,1.));
#10981 = DIRECTION('',(1.,0.,-0.));
#10982 = SHELL_BASED_SURFACE_MODEL('',(#10983));
#10983 = OPEN_SHELL('',(#10984));
#10984 = ADVANCED_FACE('',(#10985),#11103,.T.);
#10985 = FACE_BOUND('',#10986,.F.);
#10986 = EDGE_LOOP('',(#10987,#10998,#11006,#11014,#11023,#11031,#11039,
    #11048,#11056,#11064,#11073,#11081,#11089,#11097));
#10987 = ORIENTED_EDGE('',*,*,#10988,.T.);
#10988 = EDGE_CURVE('',#10989,#10991,#10993,.T.);
#10989 = VERTEX_POINT('',#10990);
#10990 = CARTESIAN_POINT('',(64.733332,-79.158886,1.585));
#10991 = VERTEX_POINT('',#10992);
#10992 = CARTESIAN_POINT('',(64.917694,-79.235251,1.585));
#10993 = CIRCLE('',#10994,0.119999904712);
#10994 = AXIS2_PLACEMENT_3D('',#10995,#10996,#10997);
#10995 = CARTESIAN_POINT('',(64.8,-79.25866252482,1.585));
#10996 = DIRECTION('',(0.,0.,-1.));
#10997 = DIRECTION('',(-0.555567107826,0.831471700481,0.));
#10998 = ORIENTED_EDGE('',*,*,#10999,.T.);
#10999 = EDGE_CURVE('',#10991,#11000,#11002,.T.);
#11000 = VERTEX_POINT('',#11001);
#11001 = CARTESIAN_POINT('',(64.92,-79.748186,1.585));
#11002 = LINE('',#11003,#11004);
#11003 = CARTESIAN_POINT('',(64.917694,-79.235251,1.585));
#11004 = VECTOR('',#11005,1.);
#11005 = DIRECTION('',(4.495650904589E-03,-0.99998989451,0.));
#11006 = ORIENTED_EDGE('',*,*,#11007,.T.);
#11007 = EDGE_CURVE('',#11000,#11008,#11010,.T.);
#11008 = VERTEX_POINT('',#11009);
#11009 = CARTESIAN_POINT('',(65.432935,-79.750492,1.585));
#11010 = LINE('',#11011,#11012);
#11011 = CARTESIAN_POINT('',(64.92,-79.748186,1.585));
#11012 = VECTOR('',#11013,1.);
#11013 = DIRECTION('',(0.99998989451,-4.495650904561E-03,0.));
#11014 = ORIENTED_EDGE('',*,*,#11015,.T.);
#11015 = EDGE_CURVE('',#11008,#11016,#11018,.T.);
#11016 = VERTEX_POINT('',#11017);
#11017 = CARTESIAN_POINT('',(65.432935,-79.98588,1.585));
#11018 = CIRCLE('',#11019,0.119999802321);
#11019 = AXIS2_PLACEMENT_3D('',#11020,#11021,#11022);
#11020 = CARTESIAN_POINT('',(65.409524,-79.868186,1.585));
#11021 = DIRECTION('',(0.,0.,-1.));
#11022 = DIRECTION('',(0.195091988047,0.980784949008,0.));
#11023 = ORIENTED_EDGE('',*,*,#11024,.T.);
#11024 = EDGE_CURVE('',#11016,#11025,#11027,.T.);
#11025 = VERTEX_POINT('',#11026);
#11026 = CARTESIAN_POINT('',(64.92,-79.988186,1.585));
#11027 = LINE('',#11028,#11029);
#11028 = CARTESIAN_POINT('',(65.432935,-79.98588,1.585));
#11029 = VECTOR('',#11030,1.);
#11030 = DIRECTION('',(-0.99998989451,-4.495650904589E-03,0.));
#11031 = ORIENTED_EDGE('',*,*,#11032,.T.);
#11032 = EDGE_CURVE('',#11025,#11033,#11035,.T.);
#11033 = VERTEX_POINT('',#11034);
#11034 = CARTESIAN_POINT('',(64.917694,-80.501121,1.585));
#11035 = LINE('',#11036,#11037);
#11036 = CARTESIAN_POINT('',(64.92,-79.988186,1.585));
#11037 = VECTOR('',#11038,1.);
#11038 = DIRECTION('',(-4.495650904589E-03,-0.99998989451,0.));
#11039 = ORIENTED_EDGE('',*,*,#11040,.T.);
#11040 = EDGE_CURVE('',#11033,#11041,#11043,.T.);
#11041 = VERTEX_POINT('',#11042);
#11042 = CARTESIAN_POINT('',(64.682306,-80.501121,1.585));
#11043 = CIRCLE('',#11044,0.119999802321);
#11044 = AXIS2_PLACEMENT_3D('',#11045,#11046,#11047);
#11045 = CARTESIAN_POINT('',(64.8,-80.47771,1.585));
#11046 = DIRECTION('',(-0.,0.,-1.));
#11047 = DIRECTION('',(0.980784949008,-0.195091988047,-0.));
#11048 = ORIENTED_EDGE('',*,*,#11049,.T.);
#11049 = EDGE_CURVE('',#11041,#11050,#11052,.T.);
#11050 = VERTEX_POINT('',#11051);
#11051 = CARTESIAN_POINT('',(64.68,-79.988186,1.585));
#11052 = LINE('',#11053,#11054);
#11053 = CARTESIAN_POINT('',(64.682306,-80.501121,1.585));
#11054 = VECTOR('',#11055,1.);
#11055 = DIRECTION('',(-4.495650904561E-03,0.99998989451,0.));
#11056 = ORIENTED_EDGE('',*,*,#11057,.T.);
#11057 = EDGE_CURVE('',#11050,#11058,#11060,.T.);
#11058 = VERTEX_POINT('',#11059);
#11059 = CARTESIAN_POINT('',(64.167065,-79.98588,1.585));
#11060 = LINE('',#11061,#11062);
#11061 = CARTESIAN_POINT('',(64.68,-79.988186,1.585));
#11062 = VECTOR('',#11063,1.);
#11063 = DIRECTION('',(-0.99998989451,4.495650904589E-03,0.));
#11064 = ORIENTED_EDGE('',*,*,#11065,.T.);
#11065 = EDGE_CURVE('',#11058,#11066,#11068,.T.);
#11066 = VERTEX_POINT('',#11067);
#11067 = CARTESIAN_POINT('',(64.167065,-79.750492,1.585));
#11068 = CIRCLE('',#11069,0.119999802321);
#11069 = AXIS2_PLACEMENT_3D('',#11070,#11071,#11072);
#11070 = CARTESIAN_POINT('',(64.190476,-79.868186,1.585));
#11071 = DIRECTION('',(0.,0.,-1.));
#11072 = DIRECTION('',(-0.195091988047,-0.980784949008,-0.));
#11073 = ORIENTED_EDGE('',*,*,#11074,.T.);
#11074 = EDGE_CURVE('',#11066,#11075,#11077,.T.);
#11075 = VERTEX_POINT('',#11076);
#11076 = CARTESIAN_POINT('',(64.68,-79.748186,1.585));
#11077 = LINE('',#11078,#11079);
#11078 = CARTESIAN_POINT('',(64.167065,-79.750492,1.585));
#11079 = VECTOR('',#11080,1.);
#11080 = DIRECTION('',(0.99998989451,4.495650904561E-03,0.));
#11081 = ORIENTED_EDGE('',*,*,#11082,.T.);
#11082 = EDGE_CURVE('',#11075,#11083,#11085,.T.);
#11083 = VERTEX_POINT('',#11084);
#11084 = CARTESIAN_POINT('',(64.682306,-79.235251,1.585));
#11085 = LINE('',#11086,#11087);
#11086 = CARTESIAN_POINT('',(64.68,-79.748186,1.585));
#11087 = VECTOR('',#11088,1.);
#11088 = DIRECTION('',(4.495650904561E-03,0.99998989451,0.));
#11089 = ORIENTED_EDGE('',*,*,#11090,.T.);
#11090 = EDGE_CURVE('',#11083,#11091,#11093,.T.);
#11091 = VERTEX_POINT('',#11092);
#11092 = CARTESIAN_POINT('',(64.700224,-79.191994,1.585));
#11093 = LINE('',#11094,#11095);
#11094 = CARTESIAN_POINT('',(64.682306,-79.235251,1.585));
#11095 = VECTOR('',#11096,1.);
#11096 = DIRECTION('',(0.382690066869,0.923876784382,0.));
#11097 = ORIENTED_EDGE('',*,*,#11098,.T.);
#11098 = EDGE_CURVE('',#11091,#10989,#11099,.T.);
#11099 = LINE('',#11100,#11101);
#11100 = CARTESIAN_POINT('',(64.700224,-79.191994,1.585));
#11101 = VECTOR('',#11102,1.);
#11102 = DIRECTION('',(0.707106781187,0.707106781187,0.));
#11103 = PLANE('',#11104);
#11104 = AXIS2_PLACEMENT_3D('',#11105,#11106,#11107);
#11105 = CARTESIAN_POINT('',(0.,0.,1.585));
#11106 = DIRECTION('',(0.,0.,1.));
#11107 = DIRECTION('',(1.,0.,-0.));
#11108 = SHELL_BASED_SURFACE_MODEL('',(#11109));
#11109 = OPEN_SHELL('',(#11110));
#11110 = ADVANCED_FACE('',(#11111),#11229,.T.);
#11111 = FACE_BOUND('',#11112,.F.);
#11112 = EDGE_LOOP('',(#11113,#11124,#11132,#11140,#11149,#11157,#11165,
    #11174,#11182,#11190,#11199,#11207,#11215,#11223));
#11113 = ORIENTED_EDGE('',*,*,#11114,.T.);
#11114 = EDGE_CURVE('',#11115,#11117,#11119,.T.);
#11115 = VERTEX_POINT('',#11116);
#11116 = CARTESIAN_POINT('',(75.133332,-79.158886,1.585));
#11117 = VERTEX_POINT('',#11118);
#11118 = CARTESIAN_POINT('',(75.317694,-79.235251,1.585));
#11119 = CIRCLE('',#11120,0.119999904712);
#11120 = AXIS2_PLACEMENT_3D('',#11121,#11122,#11123);
#11121 = CARTESIAN_POINT('',(75.2,-79.25866252482,1.585));
#11122 = DIRECTION('',(0.,0.,-1.));
#11123 = DIRECTION('',(-0.555567107826,0.831471700482,0.));
#11124 = ORIENTED_EDGE('',*,*,#11125,.T.);
#11125 = EDGE_CURVE('',#11117,#11126,#11128,.T.);
#11126 = VERTEX_POINT('',#11127);
#11127 = CARTESIAN_POINT('',(75.32,-79.748186,1.585));
#11128 = LINE('',#11129,#11130);
#11129 = CARTESIAN_POINT('',(75.317694,-79.235251,1.585));
#11130 = VECTOR('',#11131,1.);
#11131 = DIRECTION('',(4.495650904561E-03,-0.99998989451,0.));
#11132 = ORIENTED_EDGE('',*,*,#11133,.T.);
#11133 = EDGE_CURVE('',#11126,#11134,#11136,.T.);
#11134 = VERTEX_POINT('',#11135);
#11135 = CARTESIAN_POINT('',(75.832935,-79.750492,1.585));
#11136 = LINE('',#11137,#11138);
#11137 = CARTESIAN_POINT('',(75.32,-79.748186,1.585));
#11138 = VECTOR('',#11139,1.);
#11139 = DIRECTION('',(0.99998989451,-4.495650904561E-03,0.));
#11140 = ORIENTED_EDGE('',*,*,#11141,.T.);
#11141 = EDGE_CURVE('',#11134,#11142,#11144,.T.);
#11142 = VERTEX_POINT('',#11143);
#11143 = CARTESIAN_POINT('',(75.832935,-79.98588,1.585));
#11144 = CIRCLE('',#11145,0.119999802321);
#11145 = AXIS2_PLACEMENT_3D('',#11146,#11147,#11148);
#11146 = CARTESIAN_POINT('',(75.809524,-79.868186,1.585));
#11147 = DIRECTION('',(0.,0.,-1.));
#11148 = DIRECTION('',(0.195091988047,0.980784949008,0.));
#11149 = ORIENTED_EDGE('',*,*,#11150,.T.);
#11150 = EDGE_CURVE('',#11142,#11151,#11153,.T.);
#11151 = VERTEX_POINT('',#11152);
#11152 = CARTESIAN_POINT('',(75.32,-79.988186,1.585));
#11153 = LINE('',#11154,#11155);
#11154 = CARTESIAN_POINT('',(75.832935,-79.98588,1.585));
#11155 = VECTOR('',#11156,1.);
#11156 = DIRECTION('',(-0.99998989451,-4.495650904589E-03,0.));
#11157 = ORIENTED_EDGE('',*,*,#11158,.T.);
#11158 = EDGE_CURVE('',#11151,#11159,#11161,.T.);
#11159 = VERTEX_POINT('',#11160);
#11160 = CARTESIAN_POINT('',(75.317694,-80.501121,1.585));
#11161 = LINE('',#11162,#11163);
#11162 = CARTESIAN_POINT('',(75.32,-79.988186,1.585));
#11163 = VECTOR('',#11164,1.);
#11164 = DIRECTION('',(-4.495650904561E-03,-0.99998989451,0.));
#11165 = ORIENTED_EDGE('',*,*,#11166,.T.);
#11166 = EDGE_CURVE('',#11159,#11167,#11169,.T.);
#11167 = VERTEX_POINT('',#11168);
#11168 = CARTESIAN_POINT('',(75.082306,-80.501121,1.585));
#11169 = CIRCLE('',#11170,0.119999802321);
#11170 = AXIS2_PLACEMENT_3D('',#11171,#11172,#11173);
#11171 = CARTESIAN_POINT('',(75.2,-80.47771,1.585));
#11172 = DIRECTION('',(-0.,0.,-1.));
#11173 = DIRECTION('',(0.980784949008,-0.195091988047,-0.));
#11174 = ORIENTED_EDGE('',*,*,#11175,.T.);
#11175 = EDGE_CURVE('',#11167,#11176,#11178,.T.);
#11176 = VERTEX_POINT('',#11177);
#11177 = CARTESIAN_POINT('',(75.08,-79.988186,1.585));
#11178 = LINE('',#11179,#11180);
#11179 = CARTESIAN_POINT('',(75.082306,-80.501121,1.585));
#11180 = VECTOR('',#11181,1.);
#11181 = DIRECTION('',(-4.495650904589E-03,0.99998989451,0.));
#11182 = ORIENTED_EDGE('',*,*,#11183,.T.);
#11183 = EDGE_CURVE('',#11176,#11184,#11186,.T.);
#11184 = VERTEX_POINT('',#11185);
#11185 = CARTESIAN_POINT('',(74.567065,-79.98588,1.585));
#11186 = LINE('',#11187,#11188);
#11187 = CARTESIAN_POINT('',(75.08,-79.988186,1.585));
#11188 = VECTOR('',#11189,1.);
#11189 = DIRECTION('',(-0.99998989451,4.495650904589E-03,0.));
#11190 = ORIENTED_EDGE('',*,*,#11191,.T.);
#11191 = EDGE_CURVE('',#11184,#11192,#11194,.T.);
#11192 = VERTEX_POINT('',#11193);
#11193 = CARTESIAN_POINT('',(74.567065,-79.750492,1.585));
#11194 = CIRCLE('',#11195,0.119999802321);
#11195 = AXIS2_PLACEMENT_3D('',#11196,#11197,#11198);
#11196 = CARTESIAN_POINT('',(74.590476,-79.868186,1.585));
#11197 = DIRECTION('',(0.,0.,-1.));
#11198 = DIRECTION('',(-0.195091988047,-0.980784949008,-0.));
#11199 = ORIENTED_EDGE('',*,*,#11200,.T.);
#11200 = EDGE_CURVE('',#11192,#11201,#11203,.T.);
#11201 = VERTEX_POINT('',#11202);
#11202 = CARTESIAN_POINT('',(75.08,-79.748186,1.585));
#11203 = LINE('',#11204,#11205);
#11204 = CARTESIAN_POINT('',(74.567065,-79.750492,1.585));
#11205 = VECTOR('',#11206,1.);
#11206 = DIRECTION('',(0.99998989451,4.495650904561E-03,0.));
#11207 = ORIENTED_EDGE('',*,*,#11208,.T.);
#11208 = EDGE_CURVE('',#11201,#11209,#11211,.T.);
#11209 = VERTEX_POINT('',#11210);
#11210 = CARTESIAN_POINT('',(75.082306,-79.235251,1.585));
#11211 = LINE('',#11212,#11213);
#11212 = CARTESIAN_POINT('',(75.08,-79.748186,1.585));
#11213 = VECTOR('',#11214,1.);
#11214 = DIRECTION('',(4.495650904589E-03,0.99998989451,0.));
#11215 = ORIENTED_EDGE('',*,*,#11216,.T.);
#11216 = EDGE_CURVE('',#11209,#11217,#11219,.T.);
#11217 = VERTEX_POINT('',#11218);
#11218 = CARTESIAN_POINT('',(75.100224,-79.191994,1.585));
#11219 = LINE('',#11220,#11221);
#11220 = CARTESIAN_POINT('',(75.082306,-79.235251,1.585));
#11221 = VECTOR('',#11222,1.);
#11222 = DIRECTION('',(0.382690066869,0.923876784382,0.));
#11223 = ORIENTED_EDGE('',*,*,#11224,.T.);
#11224 = EDGE_CURVE('',#11217,#11115,#11225,.T.);
#11225 = LINE('',#11226,#11227);
#11226 = CARTESIAN_POINT('',(75.100224,-79.191994,1.585));
#11227 = VECTOR('',#11228,1.);
#11228 = DIRECTION('',(0.707106781187,0.707106781187,0.));
#11229 = PLANE('',#11230);
#11230 = AXIS2_PLACEMENT_3D('',#11231,#11232,#11233);
#11231 = CARTESIAN_POINT('',(0.,0.,1.585));
#11232 = DIRECTION('',(0.,0.,1.));
#11233 = DIRECTION('',(1.,0.,-0.));
#11234 = SHELL_BASED_SURFACE_MODEL('',(#11235));
#11235 = OPEN_SHELL('',(#11236));
#11236 = ADVANCED_FACE('',(#11237,#11431),#11501,.T.);
#11237 = FACE_BOUND('',#11238,.F.);
#11238 = EDGE_LOOP('',(#11239,#11249,#11257,#11265,#11273,#11281,#11289,
    #11297,#11305,#11313,#11321,#11329,#11337,#11345,#11353,#11361,
    #11369,#11377,#11385,#11393,#11401,#11409,#11417,#11425));
#11239 = ORIENTED_EDGE('',*,*,#11240,.T.);
#11240 = EDGE_CURVE('',#11241,#11243,#11245,.T.);
#11241 = VERTEX_POINT('',#11242);
#11242 = CARTESIAN_POINT('',(62.72857,-75.904124,1.585));
#11243 = VERTEX_POINT('',#11244);
#11244 = CARTESIAN_POINT('',(62.915924,-75.811971,1.585));
#11245 = LINE('',#11246,#11247);
#11246 = CARTESIAN_POINT('',(62.72857,-75.904124,1.585));
#11247 = VECTOR('',#11248,1.);
#11248 = DIRECTION('',(0.897327795127,0.441364733629,0.));
#11249 = ORIENTED_EDGE('',*,*,#11250,.T.);
#11250 = EDGE_CURVE('',#11243,#11251,#11253,.T.);
#11251 = VERTEX_POINT('',#11252);
#11252 = CARTESIAN_POINT('',(62.947619,-75.80771,1.585));
#11253 = LINE('',#11254,#11255);
#11254 = CARTESIAN_POINT('',(62.915924,-75.811971,1.585));
#11255 = VECTOR('',#11256,1.);
#11256 = DIRECTION('',(0.991083942394,0.133238954994,0.));
#11257 = ORIENTED_EDGE('',*,*,#11258,.T.);
#11258 = EDGE_CURVE('',#11251,#11259,#11261,.T.);
#11259 = VERTEX_POINT('',#11260);
#11260 = CARTESIAN_POINT('',(63.275792,-75.810016,1.585));
#11261 = LINE('',#11262,#11263);
#11262 = CARTESIAN_POINT('',(62.947619,-75.80771,1.585));
#11263 = VECTOR('',#11264,1.);
#11264 = DIRECTION('',(0.999975313084,-7.026608136491E-03,0.));
#11265 = ORIENTED_EDGE('',*,*,#11266,.T.);
#11266 = EDGE_CURVE('',#11259,#11267,#11269,.T.);
#11267 = VERTEX_POINT('',#11268);
#11268 = CARTESIAN_POINT('',(63.306046,-75.820379,1.585));
#11269 = LINE('',#11270,#11271);
#11270 = CARTESIAN_POINT('',(63.275792,-75.810016,1.585));
#11271 = VECTOR('',#11272,1.);
#11272 = DIRECTION('',(0.946039921511,-0.324050099379,0.));
#11273 = ORIENTED_EDGE('',*,*,#11274,.T.);
#11274 = EDGE_CURVE('',#11267,#11275,#11277,.T.);
#11275 = VERTEX_POINT('',#11276);
#11276 = CARTESIAN_POINT('',(63.478336,-75.909101,1.585));
#11277 = LINE('',#11278,#11279);
#11278 = CARTESIAN_POINT('',(63.306046,-75.820379,1.585));
#11279 = VECTOR('',#11280,1.);
#11280 = DIRECTION('',(0.889044826057,-0.457820158207,0.));
#11281 = ORIENTED_EDGE('',*,*,#11282,.T.);
#11282 = EDGE_CURVE('',#11275,#11283,#11285,.T.);
#11283 = VERTEX_POINT('',#11284);
#11284 = CARTESIAN_POINT('',(63.656919,-76.089613,1.585));
#11285 = LINE('',#11286,#11287);
#11286 = CARTESIAN_POINT('',(63.478336,-75.909101,1.585));
#11287 = VECTOR('',#11288,1.);
#11288 = DIRECTION('',(0.7032981711,-0.71089498699,0.));
#11289 = ORIENTED_EDGE('',*,*,#11290,.T.);
#11290 = EDGE_CURVE('',#11283,#11291,#11293,.T.);
#11291 = VERTEX_POINT('',#11292);
#11292 = CARTESIAN_POINT('',(63.67356,-76.127177,1.585));
#11293 = LINE('',#11294,#11295);
#11294 = CARTESIAN_POINT('',(63.656919,-76.089613,1.585));
#11295 = VECTOR('',#11296,1.);
#11296 = DIRECTION('',(0.405038364913,-0.914299689898,0.));
#11297 = ORIENTED_EDGE('',*,*,#11298,.T.);
#11298 = EDGE_CURVE('',#11291,#11299,#11301,.T.);
#11299 = VERTEX_POINT('',#11300);
#11300 = CARTESIAN_POINT('',(63.75293,-76.456958,1.585));
#11301 = LINE('',#11302,#11303);
#11302 = CARTESIAN_POINT('',(63.67356,-76.127177,1.585));
#11303 = VECTOR('',#11304,1.);
#11304 = DIRECTION('',(0.233993306312,-0.972238207746,0.));
#11305 = ORIENTED_EDGE('',*,*,#11306,.T.);
#11306 = EDGE_CURVE('',#11299,#11307,#11309,.T.);
#11307 = VERTEX_POINT('',#11308);
#11308 = CARTESIAN_POINT('',(63.75035,-77.019421,1.585));
#11309 = LINE('',#11310,#11311);
#11310 = CARTESIAN_POINT('',(63.75293,-76.456958,1.585));
#11311 = VECTOR('',#11312,1.);
#11312 = DIRECTION('',(-4.586920132471E-03,-0.999989480027,0.));
#11313 = ORIENTED_EDGE('',*,*,#11314,.T.);
#11314 = EDGE_CURVE('',#11307,#11315,#11317,.T.);
#11315 = VERTEX_POINT('',#11316);
#11316 = CARTESIAN_POINT('',(63.665645,-77.350396,1.585));
#11317 = LINE('',#11318,#11319);
#11318 = CARTESIAN_POINT('',(63.75035,-77.019421,1.585));
#11319 = VECTOR('',#11320,1.);
#11320 = DIRECTION('',(-0.247934833215,-0.968776712395,0.));
#11321 = ORIENTED_EDGE('',*,*,#11322,.T.);
#11322 = EDGE_CURVE('',#11315,#11323,#11325,.T.);
#11323 = VERTEX_POINT('',#11324);
#11324 = CARTESIAN_POINT('',(63.641996,-77.383992,1.585));
#11325 = LINE('',#11326,#11327);
#11326 = CARTESIAN_POINT('',(63.665645,-77.350396,1.585));
#11327 = VECTOR('',#11328,1.);
#11328 = DIRECTION('',(-0.575613379866,-0.81772198021,0.));
#11329 = ORIENTED_EDGE('',*,*,#11330,.T.);
#11330 = EDGE_CURVE('',#11323,#11331,#11333,.T.);
#11331 = VERTEX_POINT('',#11332);
#11332 = CARTESIAN_POINT('',(63.47143,-77.551296,1.585));
#11333 = LINE('',#11334,#11335);
#11334 = CARTESIAN_POINT('',(63.641996,-77.383992,1.585));
#11335 = VECTOR('',#11336,1.);
#11336 = DIRECTION('',(-0.713900343919,-0.700247312706,0.));
#11337 = ORIENTED_EDGE('',*,*,#11338,.T.);
#11338 = EDGE_CURVE('',#11331,#11339,#11341,.T.);
#11339 = VERTEX_POINT('',#11340);
#11340 = CARTESIAN_POINT('',(63.284076,-77.643449,1.585));
#11341 = LINE('',#11342,#11343);
#11342 = CARTESIAN_POINT('',(63.47143,-77.551296,1.585));
#11343 = VECTOR('',#11344,1.);
#11344 = DIRECTION('',(-0.897327795127,-0.441364733629,0.));
#11345 = ORIENTED_EDGE('',*,*,#11346,.T.);
#11346 = EDGE_CURVE('',#11339,#11347,#11349,.T.);
#11347 = VERTEX_POINT('',#11348);
#11348 = CARTESIAN_POINT('',(63.252381,-77.64771,1.585));
#11349 = LINE('',#11350,#11351);
#11350 = CARTESIAN_POINT('',(63.284076,-77.643449,1.585));
#11351 = VECTOR('',#11352,1.);
#11352 = DIRECTION('',(-0.991083942394,-0.133238954994,0.));
#11353 = ORIENTED_EDGE('',*,*,#11354,.T.);
#11354 = EDGE_CURVE('',#11347,#11355,#11357,.T.);
#11355 = VERTEX_POINT('',#11356);
#11356 = CARTESIAN_POINT('',(62.924208,-77.645404,1.585));
#11357 = LINE('',#11358,#11359);
#11358 = CARTESIAN_POINT('',(63.252381,-77.64771,1.585));
#11359 = VECTOR('',#11360,1.);
#11360 = DIRECTION('',(-0.999975313084,7.026608136491E-03,0.));
#11361 = ORIENTED_EDGE('',*,*,#11362,.T.);
#11362 = EDGE_CURVE('',#11355,#11363,#11365,.T.);
#11363 = VERTEX_POINT('',#11364);
#11364 = CARTESIAN_POINT('',(62.893954,-77.635041,1.585));
#11365 = LINE('',#11366,#11367);
#11366 = CARTESIAN_POINT('',(62.924208,-77.645404,1.585));
#11367 = VECTOR('',#11368,1.);
#11368 = DIRECTION('',(-0.946039921511,0.324050099379,0.));
#11369 = ORIENTED_EDGE('',*,*,#11370,.T.);
#11370 = EDGE_CURVE('',#11363,#11371,#11373,.T.);
#11371 = VERTEX_POINT('',#11372);
#11372 = CARTESIAN_POINT('',(62.721664,-77.546319,1.585));
#11373 = LINE('',#11374,#11375);
#11374 = CARTESIAN_POINT('',(62.893954,-77.635041,1.585));
#11375 = VECTOR('',#11376,1.);
#11376 = DIRECTION('',(-0.889044826057,0.457820158207,0.));
#11377 = ORIENTED_EDGE('',*,*,#11378,.T.);
#11378 = EDGE_CURVE('',#11371,#11379,#11381,.T.);
#11379 = VERTEX_POINT('',#11380);
#11380 = CARTESIAN_POINT('',(62.543081,-77.365807,1.585));
#11381 = LINE('',#11382,#11383);
#11382 = CARTESIAN_POINT('',(62.721664,-77.546319,1.585));
#11383 = VECTOR('',#11384,1.);
#11384 = DIRECTION('',(-0.7032981711,0.71089498699,0.));
#11385 = ORIENTED_EDGE('',*,*,#11386,.T.);
#11386 = EDGE_CURVE('',#11379,#11387,#11389,.T.);
#11387 = VERTEX_POINT('',#11388);
#11388 = CARTESIAN_POINT('',(62.52644,-77.328244,1.585));
#11389 = LINE('',#11390,#11391);
#11390 = CARTESIAN_POINT('',(62.543081,-77.365807,1.585));
#11391 = VECTOR('',#11392,1.);
#11392 = DIRECTION('',(-0.40504737876,0.914295696676,0.));
#11393 = ORIENTED_EDGE('',*,*,#11394,.T.);
#11394 = EDGE_CURVE('',#11387,#11395,#11397,.T.);
#11395 = VERTEX_POINT('',#11396);
#11396 = CARTESIAN_POINT('',(62.447068,-76.998461,1.585));
#11397 = LINE('',#11398,#11399);
#11398 = CARTESIAN_POINT('',(62.52644,-77.328244,1.585));
#11399 = VECTOR('',#11400,1.);
#11400 = DIRECTION('',(-0.233997538324,0.972237189197,0.));
#11401 = ORIENTED_EDGE('',*,*,#11402,.T.);
#11402 = EDGE_CURVE('',#11395,#11403,#11405,.T.);
#11403 = VERTEX_POINT('',#11404);
#11404 = CARTESIAN_POINT('',(62.449648,-76.435998,1.585));
#11405 = LINE('',#11406,#11407);
#11406 = CARTESIAN_POINT('',(62.447068,-76.998461,1.585));
#11407 = VECTOR('',#11408,1.);
#11408 = DIRECTION('',(4.586920132471E-03,0.999989480027,0.));
#11409 = ORIENTED_EDGE('',*,*,#11410,.T.);
#11410 = EDGE_CURVE('',#11403,#11411,#11413,.T.);
#11411 = VERTEX_POINT('',#11412);
#11412 = CARTESIAN_POINT('',(62.534355,-76.105023,1.585));
#11413 = LINE('',#11414,#11415);
#11414 = CARTESIAN_POINT('',(62.449648,-76.435998,1.585));
#11415 = VECTOR('',#11416,1.);
#11416 = DIRECTION('',(0.247940327421,0.96877530627,0.));
#11417 = ORIENTED_EDGE('',*,*,#11418,.T.);
#11418 = EDGE_CURVE('',#11411,#11419,#11421,.T.);
#11419 = VERTEX_POINT('',#11420);
#11420 = CARTESIAN_POINT('',(62.558004,-76.071428,1.585));
#11421 = LINE('',#11422,#11423);
#11422 = CARTESIAN_POINT('',(62.534355,-76.105023,1.585));
#11423 = VECTOR('',#11424,1.);
#11424 = DIRECTION('',(0.575624836609,0.817713915425,0.));
#11425 = ORIENTED_EDGE('',*,*,#11426,.T.);
#11426 = EDGE_CURVE('',#11419,#11241,#11427,.T.);
#11427 = LINE('',#11428,#11429);
#11428 = CARTESIAN_POINT('',(62.558004,-76.071428,1.585));
#11429 = VECTOR('',#11430,1.);
#11430 = DIRECTION('',(0.713900343919,0.700247312706,0.));
#11431 = FACE_BOUND('',#11432,.F.);
#11432 = EDGE_LOOP('',(#11433,#11444,#11452,#11461,#11469,#11478,#11486,
    #11495));
#11433 = ORIENTED_EDGE('',*,*,#11434,.T.);
#11434 = EDGE_CURVE('',#11435,#11437,#11439,.T.);
#11435 = VERTEX_POINT('',#11436);
#11436 = CARTESIAN_POINT('',(63.333677,-76.102521,1.585));
#11437 = VERTEX_POINT('',#11438);
#11438 = CARTESIAN_POINT('',(62.866322,-76.102521,1.585));
#11439 = CIRCLE('',#11440,0.40462874567);
#11440 = AXIS2_PLACEMENT_3D('',#11441,#11442,#11443);
#11441 = CARTESIAN_POINT('',(63.0999995,-76.43285302662,1.585));
#11442 = DIRECTION('',(0.,0.,1.));
#11443 = DIRECTION('',(0.577510872623,0.816382993455,-0.));
#11444 = ORIENTED_EDGE('',*,*,#11445,.T.);
#11445 = EDGE_CURVE('',#11437,#11446,#11448,.T.);
#11446 = VERTEX_POINT('',#11447);
#11447 = CARTESIAN_POINT('',(62.751212,-76.217631,1.585));
#11448 = LINE('',#11449,#11450);
#11449 = CARTESIAN_POINT('',(62.866322,-76.102521,1.585));
#11450 = VECTOR('',#11451,1.);
#11451 = DIRECTION('',(-0.707106781187,-0.707106781187,0.));
#11452 = ORIENTED_EDGE('',*,*,#11453,.T.);
#11453 = EDGE_CURVE('',#11446,#11454,#11456,.T.);
#11454 = VERTEX_POINT('',#11455);
#11455 = CARTESIAN_POINT('',(62.751212,-77.237788,1.585));
#11456 = CIRCLE('',#11457,1.576473410842);
#11457 = AXIS2_PLACEMENT_3D('',#11458,#11459,#11460);
#11458 = CARTESIAN_POINT('',(64.242885,-76.7277095,1.585));
#11459 = DIRECTION('',(0.,0.,1.));
#11460 = DIRECTION('',(-0.946208790926,0.323556678148,0.));
#11461 = ORIENTED_EDGE('',*,*,#11462,.T.);
#11462 = EDGE_CURVE('',#11454,#11463,#11465,.T.);
#11463 = VERTEX_POINT('',#11464);
#11464 = CARTESIAN_POINT('',(62.866322,-77.352898,1.585));
#11465 = LINE('',#11466,#11467);
#11466 = CARTESIAN_POINT('',(62.751212,-77.237788,1.585));
#11467 = VECTOR('',#11468,1.);
#11468 = DIRECTION('',(0.707106781187,-0.707106781187,0.));
#11469 = ORIENTED_EDGE('',*,*,#11470,.T.);
#11470 = EDGE_CURVE('',#11463,#11471,#11473,.T.);
#11471 = VERTEX_POINT('',#11472);
#11472 = CARTESIAN_POINT('',(63.333677,-77.352898,1.585));
#11473 = CIRCLE('',#11474,0.404623009271);
#11474 = AXIS2_PLACEMENT_3D('',#11475,#11476,#11477);
#11475 = CARTESIAN_POINT('',(63.0999995,-77.022573,1.585));
#11476 = DIRECTION('',(0.,0.,1.));
#11477 = DIRECTION('',(-0.577519060078,-0.816377201572,0.));
#11478 = ORIENTED_EDGE('',*,*,#11479,.T.);
#11479 = EDGE_CURVE('',#11471,#11480,#11482,.T.);
#11480 = VERTEX_POINT('',#11481);
#11481 = CARTESIAN_POINT('',(63.448787,-77.237788,1.585));
#11482 = LINE('',#11483,#11484);
#11483 = CARTESIAN_POINT('',(63.333677,-77.352898,1.585));
#11484 = VECTOR('',#11485,1.);
#11485 = DIRECTION('',(0.707106781187,0.707106781187,0.));
#11486 = ORIENTED_EDGE('',*,*,#11487,.T.);
#11487 = EDGE_CURVE('',#11480,#11488,#11490,.T.);
#11488 = VERTEX_POINT('',#11489);
#11489 = CARTESIAN_POINT('',(63.448787,-76.217631,1.585));
#11490 = CIRCLE('',#11491,1.5764697182);
#11491 = AXIS2_PLACEMENT_3D('',#11492,#11493,#11494);
#11492 = CARTESIAN_POINT('',(61.957117902566,-76.7277095,1.585));
#11493 = DIRECTION('',(0.,-0.,1.));
#11494 = DIRECTION('',(0.946208531768,-0.32355743603,-0.));
#11495 = ORIENTED_EDGE('',*,*,#11496,.T.);
#11496 = EDGE_CURVE('',#11488,#11435,#11497,.T.);
#11497 = LINE('',#11498,#11499);
#11498 = CARTESIAN_POINT('',(63.448787,-76.217631,1.585));
#11499 = VECTOR('',#11500,1.);
#11500 = DIRECTION('',(-0.707106781187,0.707106781187,0.));
#11501 = PLANE('',#11502);
#11502 = AXIS2_PLACEMENT_3D('',#11503,#11504,#11505);
#11503 = CARTESIAN_POINT('',(0.,0.,1.585));
#11504 = DIRECTION('',(0.,0.,1.));
#11505 = DIRECTION('',(1.,0.,-0.));
#11506 = SHELL_BASED_SURFACE_MODEL('',(#11507));
#11507 = OPEN_SHELL('',(#11508));
#11508 = ADVANCED_FACE('',(#11509),#11750,.T.);
#11509 = FACE_BOUND('',#11510,.F.);
#11510 = EDGE_LOOP('',(#11511,#11522,#11530,#11539,#11547,#11555,#11563,
    #11572,#11580,#11588,#11596,#11604,#11612,#11620,#11628,#11636,
    #11644,#11652,#11660,#11669,#11677,#11686,#11694,#11703,#11711,
    #11719,#11727,#11736,#11744));
#11511 = ORIENTED_EDGE('',*,*,#11512,.T.);
#11512 = EDGE_CURVE('',#11513,#11515,#11517,.T.);
#11513 = VERTEX_POINT('',#11514);
#11514 = CARTESIAN_POINT('',(72.943255,-76.045404,1.585));
#11515 = VERTEX_POINT('',#11516);
#11516 = CARTESIAN_POINT('',(72.943255,-75.810016,1.585));
#11517 = CIRCLE('',#11518,0.119999802321);
#11518 = AXIS2_PLACEMENT_3D('',#11519,#11520,#11521);
#11519 = CARTESIAN_POINT('',(72.966666,-75.92771,1.585));
#11520 = DIRECTION('',(0.,0.,-1.));
#11521 = DIRECTION('',(-0.195091988047,-0.980784949008,-0.));
#11522 = ORIENTED_EDGE('',*,*,#11523,.T.);
#11523 = EDGE_CURVE('',#11515,#11524,#11526,.T.);
#11524 = VERTEX_POINT('',#11525);
#11525 = CARTESIAN_POINT('',(73.969525,-75.808929,1.585));
#11526 = LINE('',#11527,#11528);
#11527 = CARTESIAN_POINT('',(72.943255,-75.810016,1.585));
#11528 = VECTOR('',#11529,1.);
#11529 = DIRECTION('',(0.999999439074,1.059174866528E-03,0.));
#11530 = ORIENTED_EDGE('',*,*,#11531,.T.);
#11531 = EDGE_CURVE('',#11524,#11532,#11534,.T.);
#11532 = VERTEX_POINT('',#11533);
#11533 = CARTESIAN_POINT('',(74.074836,-75.904299,1.585));
#11534 = CIRCLE('',#11535,0.118164245493);
#11535 = AXIS2_PLACEMENT_3D('',#11536,#11537,#11538);
#11536 = CARTESIAN_POINT('',(73.958796251044,-75.92660517795,1.585));
#11537 = DIRECTION('',(0.,0.,-1.));
#11538 = DIRECTION('',(9.079522245855E-02,0.99586958362,0.));
#11539 = ORIENTED_EDGE('',*,*,#11540,.T.);
#11540 = EDGE_CURVE('',#11532,#11541,#11543,.T.);
#11541 = VERTEX_POINT('',#11542);
#11542 = CARTESIAN_POINT('',(74.074836,-75.951121,1.585));
#11543 = LINE('',#11544,#11545);
#11544 = CARTESIAN_POINT('',(74.074836,-75.904299,1.585));
#11545 = VECTOR('',#11546,1.);
#11546 = DIRECTION('',(0.,-1.,0.));
#11547 = ORIENTED_EDGE('',*,*,#11548,.T.);
#11548 = EDGE_CURVE('',#11541,#11549,#11551,.T.);
#11549 = VERTEX_POINT('',#11550);
#11550 = CARTESIAN_POINT('',(74.054685,-75.99661,1.585));
#11551 = LINE('',#11552,#11553);
#11552 = CARTESIAN_POINT('',(74.074836,-75.951121,1.585));
#11553 = VECTOR('',#11554,1.);
#11554 = DIRECTION('',(-0.405024818655,-0.914305690824,0.));
#11555 = ORIENTED_EDGE('',*,*,#11556,.T.);
#11556 = EDGE_CURVE('',#11549,#11557,#11559,.T.);
#11557 = VERTEX_POINT('',#11558);
#11558 = CARTESIAN_POINT('',(73.684417,-76.421626,1.585));
#11559 = LINE('',#11560,#11561);
#11560 = CARTESIAN_POINT('',(74.054685,-75.99661,1.585));
#11561 = VECTOR('',#11562,1.);
#11562 = DIRECTION('',(-0.656874329861,-0.754000076107,0.));
#11563 = ORIENTED_EDGE('',*,*,#11564,.T.);
#11564 = EDGE_CURVE('',#11557,#11565,#11567,.T.);
#11565 = VERTEX_POINT('',#11566);
#11566 = CARTESIAN_POINT('',(74.072881,-76.810301,1.585));
#11567 = CIRCLE('',#11568,0.554176242878);
#11568 = AXIS2_PLACEMENT_3D('',#11569,#11570,#11571);
#11569 = CARTESIAN_POINT('',(73.538249273847,-76.95617843335,1.585));
#11570 = DIRECTION('',(0.,0.,-1.));
#11571 = DIRECTION('',(0.263756752534,0.964589226299,0.));
#11572 = ORIENTED_EDGE('',*,*,#11573,.T.);
#11573 = EDGE_CURVE('',#11565,#11574,#11576,.T.);
#11574 = VERTEX_POINT('',#11575);
#11575 = CARTESIAN_POINT('',(74.077142,-76.841996,1.585));
#11576 = LINE('',#11577,#11578);
#11577 = CARTESIAN_POINT('',(74.072881,-76.810301,1.585));
#11578 = VECTOR('',#11579,1.);
#11579 = DIRECTION('',(0.133238954994,-0.991083942394,0.));
#11580 = ORIENTED_EDGE('',*,*,#11581,.T.);
#11581 = EDGE_CURVE('',#11574,#11582,#11584,.T.);
#11582 = VERTEX_POINT('',#11583);
#11583 = CARTESIAN_POINT('',(74.074836,-77.246359,1.585));
#11584 = LINE('',#11585,#11586);
#11585 = CARTESIAN_POINT('',(74.077142,-76.841996,1.585));
#11586 = VECTOR('',#11587,1.);
#11587 = DIRECTION('',(-5.70270401388E-03,-0.999983739451,0.));
#11588 = ORIENTED_EDGE('',*,*,#11589,.T.);
#11589 = EDGE_CURVE('',#11582,#11590,#11592,.T.);
#11590 = VERTEX_POINT('',#11591);
#11591 = CARTESIAN_POINT('',(74.064473,-77.276613,1.585));
#11592 = LINE('',#11593,#11594);
#11593 = CARTESIAN_POINT('',(74.074836,-77.246359,1.585));
#11594 = VECTOR('',#11595,1.);
#11595 = DIRECTION('',(-0.324050099379,-0.946039921511,0.));
#11596 = ORIENTED_EDGE('',*,*,#11597,.T.);
#11597 = EDGE_CURVE('',#11590,#11598,#11600,.T.);
#11598 = VERTEX_POINT('',#11599);
#11599 = CARTESIAN_POINT('',(73.975751,-77.448903,1.585));
#11600 = LINE('',#11601,#11602);
#11601 = CARTESIAN_POINT('',(74.064473,-77.276613,1.585));
#11602 = VECTOR('',#11603,1.);
#11603 = DIRECTION('',(-0.457820158207,-0.889044826057,0.));
#11604 = ORIENTED_EDGE('',*,*,#11605,.T.);
#11605 = EDGE_CURVE('',#11598,#11606,#11608,.T.);
#11606 = VERTEX_POINT('',#11607);
#11607 = CARTESIAN_POINT('',(73.871429,-77.551296,1.585));
#11608 = LINE('',#11609,#11610);
#11609 = CARTESIAN_POINT('',(73.975751,-77.448903,1.585));
#11610 = VECTOR('',#11611,1.);
#11611 = DIRECTION('',(-0.7136742086,-0.700477782645,0.));
#11612 = ORIENTED_EDGE('',*,*,#11613,.T.);
#11613 = EDGE_CURVE('',#11606,#11614,#11616,.T.);
#11614 = VERTEX_POINT('',#11615);
#11615 = CARTESIAN_POINT('',(73.684075,-77.643449,1.585));
#11616 = LINE('',#11617,#11618);
#11617 = CARTESIAN_POINT('',(73.871429,-77.551296,1.585));
#11618 = VECTOR('',#11619,1.);
#11619 = DIRECTION('',(-0.897327795127,-0.441364733629,0.));
#11620 = ORIENTED_EDGE('',*,*,#11621,.T.);
#11621 = EDGE_CURVE('',#11614,#11622,#11624,.T.);
#11622 = VERTEX_POINT('',#11623);
#11623 = CARTESIAN_POINT('',(73.65238,-77.64771,1.585));
#11624 = LINE('',#11625,#11626);
#11625 = CARTESIAN_POINT('',(73.684075,-77.643449,1.585));
#11626 = VECTOR('',#11627,1.);
#11627 = DIRECTION('',(-0.991083942394,-0.133238954994,0.));
#11628 = ORIENTED_EDGE('',*,*,#11629,.T.);
#11629 = EDGE_CURVE('',#11622,#11630,#11632,.T.);
#11630 = VERTEX_POINT('',#11631);
#11631 = CARTESIAN_POINT('',(73.171826,-77.645404,1.585));
#11632 = LINE('',#11633,#11634);
#11633 = CARTESIAN_POINT('',(73.65238,-77.64771,1.585));
#11634 = VECTOR('',#11635,1.);
#11635 = DIRECTION('',(-0.999988486782,4.798573002252E-03,0.));
#11636 = ORIENTED_EDGE('',*,*,#11637,.T.);
#11637 = EDGE_CURVE('',#11630,#11638,#11640,.T.);
#11638 = VERTEX_POINT('',#11639);
#11639 = CARTESIAN_POINT('',(73.141572,-77.635041,1.585));
#11640 = LINE('',#11641,#11642);
#11641 = CARTESIAN_POINT('',(73.171826,-77.645404,1.585));
#11642 = VECTOR('',#11643,1.);
#11643 = DIRECTION('',(-0.946039921511,0.324050099379,0.));
#11644 = ORIENTED_EDGE('',*,*,#11645,.T.);
#11645 = EDGE_CURVE('',#11638,#11646,#11648,.T.);
#11646 = VERTEX_POINT('',#11647);
#11647 = CARTESIAN_POINT('',(72.969282,-77.546319,1.585));
#11648 = LINE('',#11649,#11650);
#11649 = CARTESIAN_POINT('',(73.141572,-77.635041,1.585));
#11650 = VECTOR('',#11651,1.);
#11651 = DIRECTION('',(-0.889044826057,0.457820158207,0.));
#11652 = ORIENTED_EDGE('',*,*,#11653,.T.);
#11653 = EDGE_CURVE('',#11646,#11654,#11656,.T.);
#11654 = VERTEX_POINT('',#11655);
#11655 = CARTESIAN_POINT('',(72.866889,-77.441996,1.585));
#11656 = LINE('',#11657,#11658);
#11657 = CARTESIAN_POINT('',(72.969282,-77.546319,1.585));
#11658 = VECTOR('',#11659,1.);
#11659 = DIRECTION('',(-0.700474362714,0.713677565277,0.));
#11660 = ORIENTED_EDGE('',*,*,#11661,.T.);
#11661 = EDGE_CURVE('',#11654,#11662,#11664,.T.);
#11662 = VERTEX_POINT('',#11663);
#11663 = CARTESIAN_POINT('',(73.033335,-77.275553,1.585));
#11664 = CIRCLE('',#11665,0.119999842445);
#11665 = AXIS2_PLACEMENT_3D('',#11666,#11667,#11668);
#11666 = CARTESIAN_POINT('',(72.966665949937,-77.3753287483,1.585));
#11667 = DIRECTION('',(0.,0.,-1.));
#11668 = DIRECTION('',(-0.8314756745,-0.555561160192,-0.));
#11669 = ORIENTED_EDGE('',*,*,#11670,.T.);
#11670 = EDGE_CURVE('',#11662,#11671,#11673,.T.);
#11671 = VERTEX_POINT('',#11672);
#11672 = CARTESIAN_POINT('',(73.11394,-77.352898,1.585));
#11673 = LINE('',#11674,#11675);
#11674 = CARTESIAN_POINT('',(73.033335,-77.275553,1.585));
#11675 = VECTOR('',#11676,1.);
#11676 = DIRECTION('',(0.721547402794,-0.692365037766,0.));
#11677 = ORIENTED_EDGE('',*,*,#11678,.T.);
#11678 = EDGE_CURVE('',#11671,#11679,#11681,.T.);
#11679 = VERTEX_POINT('',#11680);
#11680 = CARTESIAN_POINT('',(73.733676,-77.352898,1.585));
#11681 = CIRCLE('',#11682,0.573605491483);
#11682 = AXIS2_PLACEMENT_3D('',#11683,#11684,#11685);
#11683 = CARTESIAN_POINT('',(73.423808,-76.870192,1.585));
#11684 = DIRECTION('',(0.,0.,1.));
#11685 = DIRECTION('',(-0.540211006695,-0.841529600338,0.));
#11686 = ORIENTED_EDGE('',*,*,#11687,.T.);
#11687 = EDGE_CURVE('',#11679,#11688,#11690,.T.);
#11688 = VERTEX_POINT('',#11689);
#11689 = CARTESIAN_POINT('',(73.78233,-77.304244,1.585));
#11690 = LINE('',#11691,#11692);
#11691 = CARTESIAN_POINT('',(73.733676,-77.352898,1.585));
#11692 = VECTOR('',#11693,1.);
#11693 = DIRECTION('',(0.707106781187,0.707106781187,0.));
#11694 = ORIENTED_EDGE('',*,*,#11695,.T.);
#11695 = EDGE_CURVE('',#11688,#11696,#11698,.T.);
#11696 = VERTEX_POINT('',#11697);
#11697 = CARTESIAN_POINT('',(73.78233,-76.760699,1.585));
#11698 = CIRCLE('',#11699,0.488991136753);
#11699 = AXIS2_PLACEMENT_3D('',#11700,#11701,#11702);
#11700 = CARTESIAN_POINT('',(73.375817958276,-77.0324715,1.585));
#11701 = DIRECTION('',(0.,-0.,1.));
#11702 = DIRECTION('',(0.831328036789,-0.555782057328,-0.));
#11703 = ORIENTED_EDGE('',*,*,#11704,.T.);
#11704 = EDGE_CURVE('',#11696,#11705,#11707,.T.);
#11705 = VERTEX_POINT('',#11706);
#11706 = CARTESIAN_POINT('',(73.733676,-76.712045,1.585));
#11707 = LINE('',#11708,#11709);
#11708 = CARTESIAN_POINT('',(73.78233,-76.760699,1.585));
#11709 = VECTOR('',#11710,1.);
#11710 = DIRECTION('',(-0.707106781187,0.707106781187,0.));
#11711 = ORIENTED_EDGE('',*,*,#11712,.T.);
#11712 = EDGE_CURVE('',#11705,#11713,#11715,.T.);
#11713 = VERTEX_POINT('',#11714);
#11714 = CARTESIAN_POINT('',(73.624053,-76.657234,1.585));
#11715 = LINE('',#11716,#11717);
#11716 = CARTESIAN_POINT('',(73.733676,-76.712045,1.585));
#11717 = VECTOR('',#11718,1.);
#11718 = DIRECTION('',(-0.894428822821,0.447210331843,0.));
#11719 = ORIENTED_EDGE('',*,*,#11720,.T.);
#11720 = EDGE_CURVE('',#11713,#11721,#11723,.T.);
#11721 = VERTEX_POINT('',#11722);
#11722 = CARTESIAN_POINT('',(73.400398,-76.654928,1.585));
#11723 = LINE('',#11724,#11725);
#11724 = CARTESIAN_POINT('',(73.624053,-76.657234,1.585));
#11725 = VECTOR('',#11726,1.);
#11726 = DIRECTION('',(-0.999946850796,1.030997490752E-02,0.));
#11727 = ORIENTED_EDGE('',*,*,#11728,.T.);
#11728 = EDGE_CURVE('',#11721,#11729,#11731,.T.);
#11729 = VERTEX_POINT('',#11730);
#11730 = CARTESIAN_POINT('',(73.326264,-76.468334,1.585));
#11731 = CIRCLE('',#11732,0.119442209002);
#11732 = AXIS2_PLACEMENT_3D('',#11733,#11734,#11735);
#11733 = CARTESIAN_POINT('',(73.423474020634,-76.53773611221,1.585));
#11734 = DIRECTION('',(0.,0.,-1.));
#11735 = DIRECTION('',(-0.193198207122,-0.981159748851,-0.));
#11736 = ORIENTED_EDGE('',*,*,#11737,.T.);
#11737 = EDGE_CURVE('',#11729,#11738,#11740,.T.);
#11738 = VERTEX_POINT('',#11739);
#11739 = CARTESIAN_POINT('',(73.69269,-76.04771,1.585));
#11740 = LINE('',#11741,#11742);
#11741 = CARTESIAN_POINT('',(73.326264,-76.468334,1.585));
#11742 = VECTOR('',#11743,1.);
#11743 = DIRECTION('',(0.656858277474,0.754014060422,0.));
#11744 = ORIENTED_EDGE('',*,*,#11745,.T.);
#11745 = EDGE_CURVE('',#11738,#11513,#11746,.T.);
#11746 = LINE('',#11747,#11748);
#11747 = CARTESIAN_POINT('',(73.69269,-76.04771,1.585));
#11748 = VECTOR('',#11749,1.);
#11749 = DIRECTION('',(-0.999995266116,3.076970095678E-03,0.));
#11750 = PLANE('',#11751);
#11751 = AXIS2_PLACEMENT_3D('',#11752,#11753,#11754);
#11752 = CARTESIAN_POINT('',(0.,0.,1.585));
#11753 = DIRECTION('',(0.,0.,1.));
#11754 = DIRECTION('',(1.,0.,-0.));
#11755 = SHELL_BASED_SURFACE_MODEL('',(#11756));
#11756 = OPEN_SHELL('',(#11757));
#11757 = ADVANCED_FACE('',(#11758,#11923),#11975,.T.);
#11758 = FACE_BOUND('',#11759,.F.);
#11759 = EDGE_LOOP('',(#11760,#11771,#11779,#11787,#11795,#11803,#11811,
    #11819,#11827,#11835,#11843,#11851,#11859,#11867,#11875,#11884,
    #11892,#11900,#11908,#11917));
#11760 = ORIENTED_EDGE('',*,*,#11761,.T.);
#11761 = EDGE_CURVE('',#11762,#11764,#11766,.T.);
#11762 = VERTEX_POINT('',#11763);
#11763 = CARTESIAN_POINT('',(74.663258,-75.904299,1.585));
#11764 = VERTEX_POINT('',#11765);
#11765 = CARTESIAN_POINT('',(74.757541,-75.810016,1.585));
#11766 = CIRCLE('',#11767,0.120001662202);
#11767 = AXIS2_PLACEMENT_3D('',#11768,#11769,#11770);
#11768 = CARTESIAN_POINT('',(74.780953581692,-75.92771158169,1.585));
#11769 = DIRECTION('',(0.,0.,-1.));
#11770 = DIRECTION('',(-0.980782928603,0.195102144941,0.));
#11771 = ORIENTED_EDGE('',*,*,#11772,.T.);
#11772 = EDGE_CURVE('',#11764,#11773,#11775,.T.);
#11773 = VERTEX_POINT('',#11774);
#11774 = CARTESIAN_POINT('',(75.413887,-75.810016,1.585));
#11775 = LINE('',#11776,#11777);
#11776 = CARTESIAN_POINT('',(74.757541,-75.810016,1.585));
#11777 = VECTOR('',#11778,1.);
#11778 = DIRECTION('',(1.,0.,0.));
#11779 = ORIENTED_EDGE('',*,*,#11780,.T.);
#11780 = EDGE_CURVE('',#11773,#11781,#11783,.T.);
#11781 = VERTEX_POINT('',#11782);
#11782 = CARTESIAN_POINT('',(75.444141,-75.820379,1.585));
#11783 = LINE('',#11784,#11785);
#11784 = CARTESIAN_POINT('',(75.413887,-75.810016,1.585));
#11785 = VECTOR('',#11786,1.);
#11786 = DIRECTION('',(0.946039921511,-0.324050099379,0.));
#11787 = ORIENTED_EDGE('',*,*,#11788,.T.);
#11788 = EDGE_CURVE('',#11781,#11789,#11791,.T.);
#11789 = VERTEX_POINT('',#11790);
#11790 = CARTESIAN_POINT('',(75.616431,-75.909101,1.585));
#11791 = LINE('',#11792,#11793);
#11792 = CARTESIAN_POINT('',(75.444141,-75.820379,1.585));
#11793 = VECTOR('',#11794,1.);
#11794 = DIRECTION('',(0.889044826057,-0.457820158207,0.));
#11795 = ORIENTED_EDGE('',*,*,#11796,.T.);
#11796 = EDGE_CURVE('',#11789,#11797,#11799,.T.);
#11797 = VERTEX_POINT('',#11798);
#11798 = CARTESIAN_POINT('',(75.718824,-76.013424,1.585));
#11799 = LINE('',#11800,#11801);
#11800 = CARTESIAN_POINT('',(75.616431,-75.909101,1.585));
#11801 = VECTOR('',#11802,1.);
#11802 = DIRECTION('',(0.700474362714,-0.713677565277,0.));
#11803 = ORIENTED_EDGE('',*,*,#11804,.T.);
#11804 = EDGE_CURVE('',#11797,#11805,#11807,.T.);
#11805 = VERTEX_POINT('',#11806);
#11806 = CARTESIAN_POINT('',(75.810976,-76.200776,1.585));
#11807 = LINE('',#11808,#11809);
#11808 = CARTESIAN_POINT('',(75.718824,-76.013424,1.585));
#11809 = VECTOR('',#11810,1.);
#11810 = DIRECTION('',(0.441364670889,-0.897327825987,0.));
#11811 = ORIENTED_EDGE('',*,*,#11812,.T.);
#11812 = EDGE_CURVE('',#11805,#11813,#11815,.T.);
#11813 = VERTEX_POINT('',#11814);
#11814 = CARTESIAN_POINT('',(75.815238,-76.232472,1.585));
#11815 = LINE('',#11816,#11817);
#11816 = CARTESIAN_POINT('',(75.810976,-76.200776,1.585));
#11817 = VECTOR('',#11818,1.);
#11818 = DIRECTION('',(0.133265539151,-0.991080368121,0.));
#11819 = ORIENTED_EDGE('',*,*,#11820,.T.);
#11820 = EDGE_CURVE('',#11813,#11821,#11823,.T.);
#11821 = VERTEX_POINT('',#11822);
#11822 = CARTESIAN_POINT('',(75.812932,-76.484454,1.585));
#11823 = LINE('',#11824,#11825);
#11824 = CARTESIAN_POINT('',(75.815238,-76.232472,1.585));
#11825 = VECTOR('',#11826,1.);
#11826 = DIRECTION('',(-9.151064137405E-03,-0.999958128136,0.));
#11827 = ORIENTED_EDGE('',*,*,#11828,.T.);
#11828 = EDGE_CURVE('',#11821,#11829,#11831,.T.);
#11829 = VERTEX_POINT('',#11830);
#11830 = CARTESIAN_POINT('',(75.802569,-76.514709,1.585));
#11831 = LINE('',#11832,#11833);
#11832 = CARTESIAN_POINT('',(75.812932,-76.484454,1.585));
#11833 = VECTOR('',#11834,1.);
#11834 = DIRECTION('',(-0.324040513406,-0.946043204971,0.));
#11835 = ORIENTED_EDGE('',*,*,#11836,.T.);
#11836 = EDGE_CURVE('',#11829,#11837,#11839,.T.);
#11837 = VERTEX_POINT('',#11838);
#11838 = CARTESIAN_POINT('',(75.713846,-76.686998,1.585));
#11839 = LINE('',#11840,#11841);
#11840 = CARTESIAN_POINT('',(75.802569,-76.514709,1.585));
#11841 = VECTOR('',#11842,1.);
#11842 = DIRECTION('',(-0.457826337112,-0.889041644158,0.));
#11843 = ORIENTED_EDGE('',*,*,#11844,.T.);
#11844 = EDGE_CURVE('',#11837,#11845,#11847,.T.);
#11845 = VERTEX_POINT('',#11846);
#11846 = CARTESIAN_POINT('',(75.609526,-76.789391,1.585));
#11847 = LINE('',#11848,#11849);
#11848 = CARTESIAN_POINT('',(75.713846,-76.686998,1.585));
#11849 = VECTOR('',#11850,1.);
#11850 = DIRECTION('',(-0.713667495097,-0.70048462256,0.));
#11851 = ORIENTED_EDGE('',*,*,#11852,.T.);
#11852 = EDGE_CURVE('',#11845,#11853,#11855,.T.);
#11853 = VERTEX_POINT('',#11854);
#11854 = CARTESIAN_POINT('',(75.422171,-76.881544,1.585));
#11855 = LINE('',#11856,#11857);
#11856 = CARTESIAN_POINT('',(75.609526,-76.789391,1.585));
#11857 = VECTOR('',#11858,1.);
#11858 = DIRECTION('',(-0.897328728125,-0.441362836769,0.));
#11859 = ORIENTED_EDGE('',*,*,#11860,.T.);
#11860 = EDGE_CURVE('',#11853,#11861,#11863,.T.);
#11861 = VERTEX_POINT('',#11862);
#11862 = CARTESIAN_POINT('',(75.39226,-76.885629,1.585));
#11863 = LINE('',#11864,#11865);
#11864 = CARTESIAN_POINT('',(75.422171,-76.881544,1.585));
#11865 = VECTOR('',#11866,1.);
#11866 = DIRECTION('',(-0.990802531965,-0.135315714723,0.));
#11867 = ORIENTED_EDGE('',*,*,#11868,.T.);
#11868 = EDGE_CURVE('',#11861,#11869,#11871,.T.);
#11869 = VERTEX_POINT('',#11870);
#11870 = CARTESIAN_POINT('',(75.805082,-77.479396,1.585));
#11871 = LINE('',#11872,#11873);
#11872 = CARTESIAN_POINT('',(75.39226,-76.885629,1.585));
#11873 = VECTOR('',#11874,1.);
#11874 = DIRECTION('',(0.570847065045,-0.821056409956,0.));
#11875 = ORIENTED_EDGE('',*,*,#11876,.T.);
#11876 = EDGE_CURVE('',#11869,#11877,#11879,.T.);
#11877 = VERTEX_POINT('',#11878);
#11878 = CARTESIAN_POINT('',(75.612245,-77.614382,1.585));
#11879 = CIRCLE('',#11880,0.119999671637);
#11880 = AXIS2_PLACEMENT_3D('',#11881,#11882,#11883);
#11881 = CARTESIAN_POINT('',(75.695237993924,-77.52770971981,1.585));
#11882 = DIRECTION('',(0.,0.,-1.));
#11883 = DIRECTION('',(0.915369222072,0.402615433489,0.));
#11884 = ORIENTED_EDGE('',*,*,#11885,.T.);
#11885 = EDGE_CURVE('',#11877,#11886,#11888,.T.);
#11886 = VERTEX_POINT('',#11887);
#11887 = CARTESIAN_POINT('',(75.099425,-76.885805,1.585));
#11888 = LINE('',#11889,#11890);
#11889 = CARTESIAN_POINT('',(75.612245,-77.614382,1.585));
#11890 = VECTOR('',#11891,1.);
#11891 = DIRECTION('',(-0.575581730438,0.817744258058,0.));
#11892 = ORIENTED_EDGE('',*,*,#11893,.T.);
#11893 = EDGE_CURVE('',#11886,#11894,#11896,.T.);
#11894 = VERTEX_POINT('',#11895);
#11895 = CARTESIAN_POINT('',(74.900952,-76.885805,1.585));
#11896 = LINE('',#11897,#11898);
#11897 = CARTESIAN_POINT('',(75.099425,-76.885805,1.585));
#11898 = VECTOR('',#11899,1.);
#11899 = DIRECTION('',(-1.,0.,0.));
#11900 = ORIENTED_EDGE('',*,*,#11901,.T.);
#11901 = EDGE_CURVE('',#11894,#11902,#11904,.T.);
#11902 = VERTEX_POINT('',#11903);
#11903 = CARTESIAN_POINT('',(74.898646,-77.551121,1.585));
#11904 = LINE('',#11905,#11906);
#11905 = CARTESIAN_POINT('',(74.900952,-76.885805,1.585));
#11906 = VECTOR('',#11907,1.);
#11907 = DIRECTION('',(-3.466001341893E-03,-0.999993993399,0.));
#11908 = ORIENTED_EDGE('',*,*,#11909,.T.);
#11909 = EDGE_CURVE('',#11902,#11910,#11912,.T.);
#11910 = VERTEX_POINT('',#11911);
#11911 = CARTESIAN_POINT('',(74.663258,-77.551121,1.585));
#11912 = CIRCLE('',#11913,0.119999802321);
#11913 = AXIS2_PLACEMENT_3D('',#11914,#11915,#11916);
#11914 = CARTESIAN_POINT('',(74.780952,-77.52771,1.585));
#11915 = DIRECTION('',(-0.,0.,-1.));
#11916 = DIRECTION('',(0.980784949008,-0.195091988047,-0.));
#11917 = ORIENTED_EDGE('',*,*,#11918,.T.);
#11918 = EDGE_CURVE('',#11910,#11762,#11919,.T.);
#11919 = LINE('',#11920,#11921);
#11920 = CARTESIAN_POINT('',(74.663258,-77.551121,1.585));
#11921 = VECTOR('',#11922,1.);
#11922 = DIRECTION('',(0.,1.,0.));
#11923 = FACE_BOUND('',#11924,.F.);
#11924 = EDGE_LOOP('',(#11925,#11936,#11944,#11952,#11960,#11969));
#11925 = ORIENTED_EDGE('',*,*,#11926,.T.);
#11926 = EDGE_CURVE('',#11927,#11929,#11931,.T.);
#11927 = VERTEX_POINT('',#11928);
#11928 = CARTESIAN_POINT('',(75.575238,-76.2608,1.585));
#11929 = VERTEX_POINT('',#11930);
#11930 = CARTESIAN_POINT('',(75.362149,-76.04771,1.585));
#11931 = CIRCLE('',#11932,0.298989314083);
#11932 = AXIS2_PLACEMENT_3D('',#11933,#11934,#11935);
#11933 = CARTESIAN_POINT('',(75.28608551085,-76.33686213219,1.585));
#11934 = DIRECTION('',(0.,0.,1.));
#11935 = DIRECTION('',(0.967099744138,0.254397493872,-0.));
#11936 = ORIENTED_EDGE('',*,*,#11937,.T.);
#11937 = EDGE_CURVE('',#11929,#11938,#11940,.T.);
#11938 = VERTEX_POINT('',#11939);
#11939 = CARTESIAN_POINT('',(74.900952,-76.04771,1.585));
#11940 = LINE('',#11941,#11942);
#11941 = CARTESIAN_POINT('',(75.362149,-76.04771,1.585));
#11942 = VECTOR('',#11943,1.);
#11943 = DIRECTION('',(-1.,0.,0.));
#11944 = ORIENTED_EDGE('',*,*,#11945,.T.);
#11945 = EDGE_CURVE('',#11938,#11946,#11948,.T.);
#11946 = VERTEX_POINT('',#11947);
#11947 = CARTESIAN_POINT('',(74.900952,-76.645805,1.585));
#11948 = LINE('',#11949,#11950);
#11949 = CARTESIAN_POINT('',(74.900952,-76.04771,1.585));
#11950 = VECTOR('',#11951,1.);
#11951 = DIRECTION('',(0.,-1.,0.));
#11952 = ORIENTED_EDGE('',*,*,#11953,.T.);
#11953 = EDGE_CURVE('',#11946,#11954,#11956,.T.);
#11954 = VERTEX_POINT('',#11955);
#11955 = CARTESIAN_POINT('',(75.362149,-76.645805,1.585));
#11956 = LINE('',#11957,#11958);
#11957 = CARTESIAN_POINT('',(74.900952,-76.645805,1.585));
#11958 = VECTOR('',#11959,1.);
#11959 = DIRECTION('',(1.,0.,0.));
#11960 = ORIENTED_EDGE('',*,*,#11961,.T.);
#11961 = EDGE_CURVE('',#11954,#11962,#11964,.T.);
#11962 = VERTEX_POINT('',#11963);
#11963 = CARTESIAN_POINT('',(75.575238,-76.432714,1.585));
#11964 = CIRCLE('',#11965,0.298982613487);
#11965 = AXIS2_PLACEMENT_3D('',#11966,#11967,#11968);
#11966 = CARTESIAN_POINT('',(75.286090713848,-76.35665842769,1.585));
#11967 = DIRECTION('',(0.,0.,1.));
#11968 = DIRECTION('',(0.254390331481,-0.967101628191,0.));
#11969 = ORIENTED_EDGE('',*,*,#11970,.T.);
#11970 = EDGE_CURVE('',#11962,#11927,#11971,.T.);
#11971 = LINE('',#11972,#11973);
#11972 = CARTESIAN_POINT('',(75.575238,-76.432714,1.585));
#11973 = VECTOR('',#11974,1.);
#11974 = DIRECTION('',(0.,1.,0.));
#11975 = PLANE('',#11976);
#11976 = AXIS2_PLACEMENT_3D('',#11977,#11978,#11979);
#11977 = CARTESIAN_POINT('',(0.,0.,1.585));
#11978 = DIRECTION('',(0.,0.,1.));
#11979 = DIRECTION('',(1.,0.,-0.));
#11980 = SHELL_BASED_SURFACE_MODEL('',(#11981));
#11981 = OPEN_SHELL('',(#11982));
#11982 = ADVANCED_FACE('',(#11983),#12230,.T.);
#11983 = FACE_BOUND('',#11984,.F.);
#11984 = EDGE_LOOP('',(#11985,#11995,#12003,#12011,#12019,#12027,#12035,
    #12043,#12052,#12060,#12069,#12077,#12085,#12094,#12102,#12111,
    #12119,#12128,#12136,#12144,#12152,#12160,#12168,#12176,#12184,
    #12192,#12200,#12208,#12216,#12224));
#11985 = ORIENTED_EDGE('',*,*,#11986,.T.);
#11986 = EDGE_CURVE('',#11987,#11989,#11991,.T.);
#11987 = VERTEX_POINT('',#11988);
#11988 = CARTESIAN_POINT('',(64.542855,-75.904124,1.585));
#11989 = VERTEX_POINT('',#11990);
#11990 = CARTESIAN_POINT('',(64.571576,-75.890058,1.585));
#11991 = LINE('',#11992,#11993);
#11992 = CARTESIAN_POINT('',(64.542855,-75.904124,1.585));
#11993 = VECTOR('',#11994,1.);
#11994 = DIRECTION('',(0.898080353257,0.439831421222,0.));
#11995 = ORIENTED_EDGE('',*,*,#11996,.T.);
#11996 = EDGE_CURVE('',#11989,#11997,#11999,.T.);
#11997 = VERTEX_POINT('',#11998);
#11998 = CARTESIAN_POINT('',(64.823087,-75.808652,1.585));
#11999 = LINE('',#12000,#12001);
#12000 = CARTESIAN_POINT('',(64.571576,-75.890058,1.585));
#12001 = VECTOR('',#12002,1.);
#12002 = DIRECTION('',(0.951405963665,0.3079394296,0.));
#12003 = ORIENTED_EDGE('',*,*,#12004,.T.);
#12004 = EDGE_CURVE('',#11997,#12005,#12007,.T.);
#12005 = VERTEX_POINT('',#12006);
#12006 = CARTESIAN_POINT('',(65.002321,-75.808876,1.585));
#12007 = LINE('',#12008,#12009);
#12008 = CARTESIAN_POINT('',(64.823087,-75.808652,1.585));
#12009 = VECTOR('',#12010,1.);
#12010 = DIRECTION('',(0.999999219047,-1.249761903821E-03,0.));
#12011 = ORIENTED_EDGE('',*,*,#12012,.T.);
#12012 = EDGE_CURVE('',#12005,#12013,#12015,.T.);
#12013 = VERTEX_POINT('',#12014);
#12014 = CARTESIAN_POINT('',(65.028423,-75.813868,1.585));
#12015 = LINE('',#12016,#12017);
#12016 = CARTESIAN_POINT('',(65.002321,-75.808876,1.585));
#12017 = VECTOR('',#12018,1.);
#12018 = DIRECTION('',(0.982198644682,-0.187845208576,0.));
#12019 = ORIENTED_EDGE('',*,*,#12020,.T.);
#12020 = EDGE_CURVE('',#12013,#12021,#12023,.T.);
#12021 = VERTEX_POINT('',#12022);
#12022 = CARTESIAN_POINT('',(65.278475,-75.899649,1.585));
#12023 = LINE('',#12024,#12025);
#12024 = CARTESIAN_POINT('',(65.028423,-75.813868,1.585));
#12025 = VECTOR('',#12026,1.);
#12026 = DIRECTION('',(0.945889198213,-0.324489791371,0.));
#12027 = ORIENTED_EDGE('',*,*,#12028,.T.);
#12028 = EDGE_CURVE('',#12021,#12029,#12031,.T.);
#12029 = VERTEX_POINT('',#12030);
#12030 = CARTESIAN_POINT('',(65.3039,-75.919047,1.585));
#12031 = LINE('',#12032,#12033);
#12032 = CARTESIAN_POINT('',(65.278475,-75.899649,1.585));
#12033 = VECTOR('',#12034,1.);
#12034 = DIRECTION('',(0.795031007587,-0.606568789978,0.));
#12035 = ORIENTED_EDGE('',*,*,#12036,.T.);
#12036 = EDGE_CURVE('',#12029,#12037,#12039,.T.);
#12037 = VERTEX_POINT('',#12038);
#12038 = CARTESIAN_POINT('',(65.395014,-76.013423,1.585));
#12039 = LINE('',#12040,#12041);
#12040 = CARTESIAN_POINT('',(65.3039,-75.919047,1.585));
#12041 = VECTOR('',#12042,1.);
#12042 = DIRECTION('',(0.694564311835,-0.719430619814,0.));
#12043 = ORIENTED_EDGE('',*,*,#12044,.T.);
#12044 = EDGE_CURVE('',#12037,#12045,#12047,.T.);
#12045 = VERTEX_POINT('',#12046);
#12046 = CARTESIAN_POINT('',(65.22857,-76.179867,1.585));
#12047 = CIRCLE('',#12048,0.119999468332);
#12048 = AXIS2_PLACEMENT_3D('',#12049,#12050,#12051);
#12049 = CARTESIAN_POINT('',(65.295238,-76.080091,1.585));
#12050 = DIRECTION('',(0.,0.,-1.));
#12051 = DIRECTION('',(0.83147035055,0.555569128152,0.));
#12052 = ORIENTED_EDGE('',*,*,#12053,.T.);
#12053 = EDGE_CURVE('',#12045,#12054,#12056,.T.);
#12054 = VERTEX_POINT('',#12055);
#12055 = CARTESIAN_POINT('',(65.154224,-76.108783,1.585));
#12056 = LINE('',#12057,#12058);
#12057 = CARTESIAN_POINT('',(65.22857,-76.179867,1.585));
#12058 = VECTOR('',#12059,1.);
#12059 = DIRECTION('',(-0.722785414938,0.691072531615,0.));
#12060 = ORIENTED_EDGE('',*,*,#12061,.T.);
#12061 = EDGE_CURVE('',#12054,#12062,#12064,.T.);
#12062 = VERTEX_POINT('',#12063);
#12063 = CARTESIAN_POINT('',(64.674345,-76.108783,1.585));
#12064 = CIRCLE('',#12065,0.478898952771);
#12065 = AXIS2_PLACEMENT_3D('',#12066,#12067,#12068);
#12066 = CARTESIAN_POINT('',(64.9142845,-76.52323835743,1.585));
#12067 = DIRECTION('',(0.,0.,1.));
#12068 = DIRECTION('',(0.501023229664,0.865433835332,-0.));
#12069 = ORIENTED_EDGE('',*,*,#12070,.T.);
#12070 = EDGE_CURVE('',#12062,#12071,#12073,.T.);
#12071 = VERTEX_POINT('',#12072);
#12072 = CARTESIAN_POINT('',(64.555763,-76.227365,1.585));
#12073 = LINE('',#12074,#12075);
#12074 = CARTESIAN_POINT('',(64.674345,-76.108783,1.585));
#12075 = VECTOR('',#12076,1.);
#12076 = DIRECTION('',(-0.707106781187,-0.707106781187,0.));
#12077 = ORIENTED_EDGE('',*,*,#12078,.T.);
#12078 = EDGE_CURVE('',#12071,#12079,#12081,.T.);
#12079 = VERTEX_POINT('',#12080);
#12080 = CARTESIAN_POINT('',(64.494174,-76.350543,1.585));
#12081 = LINE('',#12082,#12083);
#12082 = CARTESIAN_POINT('',(64.555763,-76.227365,1.585));
#12083 = VECTOR('',#12084,1.);
#12084 = DIRECTION('',(-0.4472135955,-0.894427191,0.));
#12085 = ORIENTED_EDGE('',*,*,#12086,.T.);
#12086 = EDGE_CURVE('',#12079,#12087,#12089,.T.);
#12087 = VERTEX_POINT('',#12088);
#12088 = CARTESIAN_POINT('',(64.555763,-77.228054,1.585));
#12089 = CIRCLE('',#12090,0.989768351636);
#12090 = AXIS2_PLACEMENT_3D('',#12091,#12092,#12093);
#12091 = CARTESIAN_POINT('',(65.409464327125,-76.72721926282,1.585));
#12092 = DIRECTION('',(0.,0.,1.));
#12093 = DIRECTION('',(-0.924752065078,0.380570122492,0.));
#12094 = ORIENTED_EDGE('',*,*,#12095,.T.);
#12095 = EDGE_CURVE('',#12087,#12096,#12098,.T.);
#12096 = VERTEX_POINT('',#12097);
#12097 = CARTESIAN_POINT('',(64.674345,-77.346636,1.585));
#12098 = LINE('',#12099,#12100);
#12099 = CARTESIAN_POINT('',(64.555763,-77.228054,1.585));
#12100 = VECTOR('',#12101,1.);
#12101 = DIRECTION('',(0.707106781187,-0.707106781187,0.));
#12102 = ORIENTED_EDGE('',*,*,#12103,.T.);
#12103 = EDGE_CURVE('',#12096,#12104,#12106,.T.);
#12104 = VERTEX_POINT('',#12105);
#12105 = CARTESIAN_POINT('',(65.154224,-77.346636,1.585));
#12106 = CIRCLE('',#12107,0.47889382182);
#12107 = AXIS2_PLACEMENT_3D('',#12108,#12109,#12110);
#12108 = CARTESIAN_POINT('',(64.9142845,-76.93218657134,1.585));
#12109 = DIRECTION('',(0.,0.,1.));
#12110 = DIRECTION('',(-0.501028597713,-0.865430727599,0.));
#12111 = ORIENTED_EDGE('',*,*,#12112,.T.);
#12112 = EDGE_CURVE('',#12104,#12113,#12115,.T.);
#12113 = VERTEX_POINT('',#12114);
#12114 = CARTESIAN_POINT('',(65.22857,-77.275553,1.585));
#12115 = LINE('',#12116,#12117);
#12116 = CARTESIAN_POINT('',(65.154224,-77.346636,1.585));
#12117 = VECTOR('',#12118,1.);
#12118 = DIRECTION('',(0.722790271021,0.691067452654,0.));
#12119 = ORIENTED_EDGE('',*,*,#12120,.T.);
#12120 = EDGE_CURVE('',#12113,#12121,#12123,.T.);
#12121 = VERTEX_POINT('',#12122);
#12122 = CARTESIAN_POINT('',(65.395014,-77.441997,1.585));
#12123 = CIRCLE('',#12124,0.119999468332);
#12124 = AXIS2_PLACEMENT_3D('',#12125,#12126,#12127);
#12125 = CARTESIAN_POINT('',(65.295238,-77.375329,1.585));
#12126 = DIRECTION('',(0.,0.,-1.));
#12127 = DIRECTION('',(-0.555569128152,0.83147035055,0.));
#12128 = ORIENTED_EDGE('',*,*,#12129,.T.);
#12129 = EDGE_CURVE('',#12121,#12130,#12132,.T.);
#12130 = VERTEX_POINT('',#12131);
#12131 = CARTESIAN_POINT('',(65.285715,-77.551296,1.585));
#12132 = LINE('',#12133,#12134);
#12133 = CARTESIAN_POINT('',(65.395014,-77.441997,1.585));
#12134 = VECTOR('',#12135,1.);
#12135 = DIRECTION('',(-0.707106781187,-0.707106781187,0.));
#12136 = ORIENTED_EDGE('',*,*,#12137,.T.);
#12137 = EDGE_CURVE('',#12130,#12138,#12140,.T.);
#12138 = VERTEX_POINT('',#12139);
#12139 = CARTESIAN_POINT('',(65.256994,-77.565362,1.585));
#12140 = LINE('',#12141,#12142);
#12141 = CARTESIAN_POINT('',(65.285715,-77.551296,1.585));
#12142 = VECTOR('',#12143,1.);
#12143 = DIRECTION('',(-0.898080353257,-0.439831421222,0.));
#12144 = ORIENTED_EDGE('',*,*,#12145,.T.);
#12145 = EDGE_CURVE('',#12138,#12146,#12148,.T.);
#12146 = VERTEX_POINT('',#12147);
#12147 = CARTESIAN_POINT('',(65.005484,-77.646768,1.585));
#12148 = LINE('',#12149,#12150);
#12149 = CARTESIAN_POINT('',(65.256994,-77.565362,1.585));
#12150 = VECTOR('',#12151,1.);
#12151 = DIRECTION('',(-0.951405604957,-0.30794053786,0.));
#12152 = ORIENTED_EDGE('',*,*,#12153,.T.);
#12153 = EDGE_CURVE('',#12146,#12154,#12156,.T.);
#12154 = VERTEX_POINT('',#12155);
#12155 = CARTESIAN_POINT('',(64.814684,-77.645404,1.585));
#12156 = LINE('',#12157,#12158);
#12157 = CARTESIAN_POINT('',(65.005484,-77.646768,1.585));
#12158 = VECTOR('',#12159,1.);
#12159 = DIRECTION('',(-0.999974447973,7.148664292612E-03,0.));
#12160 = ORIENTED_EDGE('',*,*,#12161,.T.);
#12161 = EDGE_CURVE('',#12154,#12162,#12164,.T.);
#12162 = VERTEX_POINT('',#12163);
#12163 = CARTESIAN_POINT('',(64.550096,-77.555771,1.585));
#12164 = LINE('',#12165,#12166);
#12165 = CARTESIAN_POINT('',(64.814684,-77.645404,1.585));
#12166 = VECTOR('',#12167,1.);
#12167 = DIRECTION('',(-0.947128820744,0.32085354434,0.));
#12168 = ORIENTED_EDGE('',*,*,#12169,.T.);
#12169 = EDGE_CURVE('',#12162,#12170,#12172,.T.);
#12170 = VERTEX_POINT('',#12171);
#12171 = CARTESIAN_POINT('',(64.52467,-77.536373,1.585));
#12172 = LINE('',#12173,#12174);
#12173 = CARTESIAN_POINT('',(64.550096,-77.555771,1.585));
#12174 = VECTOR('',#12175,1.);
#12175 = DIRECTION('',(-0.795042512068,0.606553710733,0.));
#12176 = ORIENTED_EDGE('',*,*,#12177,.T.);
#12177 = EDGE_CURVE('',#12170,#12178,#12180,.T.);
#12178 = VERTEX_POINT('',#12179);
#12179 = CARTESIAN_POINT('',(64.357366,-77.365807,1.585));
#12180 = LINE('',#12181,#12182);
#12181 = CARTESIAN_POINT('',(64.52467,-77.536373,1.585));
#12182 = VECTOR('',#12183,1.);
#12183 = DIRECTION('',(-0.700247312706,0.713900343919,0.));
#12184 = ORIENTED_EDGE('',*,*,#12185,.T.);
#12185 = EDGE_CURVE('',#12178,#12186,#12188,.T.);
#12186 = VERTEX_POINT('',#12187);
#12187 = CARTESIAN_POINT('',(64.264535,-77.175863,1.585));
#12188 = LINE('',#12189,#12190);
#12189 = CARTESIAN_POINT('',(64.357366,-77.365807,1.585));
#12190 = VECTOR('',#12191,1.);
#12191 = DIRECTION('',(-0.439093649613,0.898441298511,0.));
#12192 = ORIENTED_EDGE('',*,*,#12193,.T.);
#12193 = EDGE_CURVE('',#12186,#12194,#12196,.T.);
#12194 = VERTEX_POINT('',#12195);
#12195 = CARTESIAN_POINT('',(64.185163,-76.84608,1.585));
#12196 = LINE('',#12197,#12198);
#12197 = CARTESIAN_POINT('',(64.264535,-77.175863,1.585));
#12198 = VECTOR('',#12199,1.);
#12199 = DIRECTION('',(-0.233997538324,0.972237189197,0.));
#12200 = ORIENTED_EDGE('',*,*,#12201,.T.);
#12201 = EDGE_CURVE('',#12194,#12202,#12204,.T.);
#12202 = VERTEX_POINT('',#12203);
#12203 = CARTESIAN_POINT('',(64.187743,-76.588379,1.585));
#12204 = LINE('',#12205,#12206);
#12205 = CARTESIAN_POINT('',(64.185163,-76.84608,1.585));
#12206 = VECTOR('',#12207,1.);
#12207 = DIRECTION('',(1.001110088899E-02,0.999949887674,0.));
#12208 = ORIENTED_EDGE('',*,*,#12209,.T.);
#12209 = EDGE_CURVE('',#12202,#12210,#12212,.T.);
#12210 = VERTEX_POINT('',#12211);
#12211 = CARTESIAN_POINT('',(64.273621,-76.254997,1.585));
#12212 = LINE('',#12213,#12214);
#12213 = CARTESIAN_POINT('',(64.187743,-76.588379,1.585));
#12214 = VECTOR('',#12215,1.);
#12215 = DIRECTION('',(0.249452973883,0.968386913285,0.));
#12216 = ORIENTED_EDGE('',*,*,#12217,.T.);
#12217 = EDGE_CURVE('',#12210,#12218,#12220,.T.);
#12218 = VERTEX_POINT('',#12219);
#12219 = CARTESIAN_POINT('',(64.362343,-76.082707,1.585));
#12220 = LINE('',#12221,#12222);
#12221 = CARTESIAN_POINT('',(64.273621,-76.254997,1.585));
#12222 = VECTOR('',#12223,1.);
#12223 = DIRECTION('',(0.457820158207,0.889044826057,0.));
#12224 = ORIENTED_EDGE('',*,*,#12225,.T.);
#12225 = EDGE_CURVE('',#12218,#11987,#12226,.T.);
#12226 = LINE('',#12227,#12228);
#12227 = CARTESIAN_POINT('',(64.362343,-76.082707,1.585));
#12228 = VECTOR('',#12229,1.);
#12229 = DIRECTION('',(0.71089498699,0.7032981711,0.));
#12230 = PLANE('',#12231);
#12231 = AXIS2_PLACEMENT_3D('',#12232,#12233,#12234);
#12232 = CARTESIAN_POINT('',(0.,0.,1.585));
#12233 = DIRECTION('',(0.,0.,1.));
#12234 = DIRECTION('',(1.,0.,-0.));
#12235 = SHELL_BASED_SURFACE_MODEL('',(#12236));
#12236 = OPEN_SHELL('',(#12237));
#12237 = ADVANCED_FACE('',(#12238,#12378),#12453,.T.);
#12238 = FACE_BOUND('',#12239,.F.);
#12239 = EDGE_LOOP('',(#12240,#12251,#12259,#12267,#12275,#12283,#12291,
    #12299,#12307,#12315,#12323,#12331,#12339,#12347,#12355,#12363,
    #12372));
#12240 = ORIENTED_EDGE('',*,*,#12241,.T.);
#12241 = EDGE_CURVE('',#12242,#12244,#12246,.T.);
#12242 = VERTEX_POINT('',#12243);
#12243 = CARTESIAN_POINT('',(76.363258,-75.904299,1.585));
#12244 = VERTEX_POINT('',#12245);
#12245 = CARTESIAN_POINT('',(76.457541,-75.810016,1.585));
#12246 = CIRCLE('',#12247,0.120001662202);
#12247 = AXIS2_PLACEMENT_3D('',#12248,#12249,#12250);
#12248 = CARTESIAN_POINT('',(76.480953581692,-75.92771158169,1.585));
#12249 = DIRECTION('',(0.,0.,-1.));
#12250 = DIRECTION('',(-0.980782928603,0.195102144941,0.));
#12251 = ORIENTED_EDGE('',*,*,#12252,.T.);
#12252 = EDGE_CURVE('',#12244,#12253,#12255,.T.);
#12253 = VERTEX_POINT('',#12254);
#12254 = CARTESIAN_POINT('',(76.873749,-75.808876,1.585));
#12255 = LINE('',#12256,#12257);
#12256 = CARTESIAN_POINT('',(76.457541,-75.810016,1.585));
#12257 = VECTOR('',#12258,1.);
#12258 = DIRECTION('',(0.999996248919,2.73900483358E-03,0.));
#12259 = ORIENTED_EDGE('',*,*,#12260,.T.);
#12260 = EDGE_CURVE('',#12253,#12261,#12263,.T.);
#12261 = VERTEX_POINT('',#12262);
#12262 = CARTESIAN_POINT('',(76.899851,-75.813868,1.585));
#12263 = LINE('',#12264,#12265);
#12264 = CARTESIAN_POINT('',(76.873749,-75.808876,1.585));
#12265 = VECTOR('',#12266,1.);
#12266 = DIRECTION('',(0.982198644682,-0.187845208576,0.));
#12267 = ORIENTED_EDGE('',*,*,#12268,.T.);
#12268 = EDGE_CURVE('',#12261,#12269,#12271,.T.);
#12269 = VERTEX_POINT('',#12270);
#12270 = CARTESIAN_POINT('',(77.149904,-75.899649,1.585));
#12271 = LINE('',#12272,#12273);
#12272 = CARTESIAN_POINT('',(76.899851,-75.813868,1.585));
#12273 = VECTOR('',#12274,1.);
#12274 = DIRECTION('',(0.945889596512,-0.324488630324,0.));
#12275 = ORIENTED_EDGE('',*,*,#12276,.T.);
#12276 = EDGE_CURVE('',#12269,#12277,#12279,.T.);
#12277 = VERTEX_POINT('',#12278);
#12278 = CARTESIAN_POINT('',(77.175329,-75.919047,1.585));
#12279 = LINE('',#12280,#12281);
#12280 = CARTESIAN_POINT('',(77.149904,-75.899649,1.585));
#12281 = VECTOR('',#12282,1.);
#12282 = DIRECTION('',(0.795031007587,-0.606568789978,0.));
#12283 = ORIENTED_EDGE('',*,*,#12284,.T.);
#12284 = EDGE_CURVE('',#12277,#12285,#12287,.T.);
#12285 = VERTEX_POINT('',#12286);
#12286 = CARTESIAN_POINT('',(77.342633,-76.089613,1.585));
#12287 = LINE('',#12288,#12289);
#12288 = CARTESIAN_POINT('',(77.175329,-75.919047,1.585));
#12289 = VECTOR('',#12290,1.);
#12290 = DIRECTION('',(0.700247312706,-0.713900343919,0.));
#12291 = ORIENTED_EDGE('',*,*,#12292,.T.);
#12292 = EDGE_CURVE('',#12285,#12293,#12295,.T.);
#12293 = VERTEX_POINT('',#12294);
#12294 = CARTESIAN_POINT('',(77.435464,-76.279558,1.585));
#12295 = LINE('',#12296,#12297);
#12296 = CARTESIAN_POINT('',(77.342633,-76.089613,1.585));
#12297 = VECTOR('',#12298,1.);
#12298 = DIRECTION('',(0.439091783623,-0.898442210471,0.));
#12299 = ORIENTED_EDGE('',*,*,#12300,.T.);
#12300 = EDGE_CURVE('',#12293,#12301,#12303,.T.);
#12301 = VERTEX_POINT('',#12302);
#12302 = CARTESIAN_POINT('',(77.514835,-76.609339,1.585));
#12303 = LINE('',#12304,#12305);
#12304 = CARTESIAN_POINT('',(77.435464,-76.279558,1.585));
#12305 = VECTOR('',#12306,1.);
#12306 = DIRECTION('',(0.233996093023,-0.97223753705,0.));
#12307 = ORIENTED_EDGE('',*,*,#12308,.T.);
#12308 = EDGE_CURVE('',#12301,#12309,#12311,.T.);
#12309 = VERTEX_POINT('',#12310);
#12310 = CARTESIAN_POINT('',(77.512255,-76.86704,1.585));
#12311 = LINE('',#12312,#12313);
#12312 = CARTESIAN_POINT('',(77.514835,-76.609339,1.585));
#12313 = VECTOR('',#12314,1.);
#12314 = DIRECTION('',(-1.001110088904E-02,-0.999949887674,0.));
#12315 = ORIENTED_EDGE('',*,*,#12316,.T.);
#12316 = EDGE_CURVE('',#12309,#12317,#12319,.T.);
#12317 = VERTEX_POINT('',#12318);
#12318 = CARTESIAN_POINT('',(77.426378,-77.200423,1.585));
#12319 = LINE('',#12320,#12321);
#12320 = CARTESIAN_POINT('',(77.512255,-76.86704,1.585));
#12321 = VECTOR('',#12322,1.);
#12322 = DIRECTION('',(-0.249449548216,-0.968387795718,0.));
#12323 = ORIENTED_EDGE('',*,*,#12324,.T.);
#12324 = EDGE_CURVE('',#12317,#12325,#12327,.T.);
#12325 = VERTEX_POINT('',#12326);
#12326 = CARTESIAN_POINT('',(77.337656,-77.372713,1.585));
#12327 = LINE('',#12328,#12329);
#12328 = CARTESIAN_POINT('',(77.426378,-77.200423,1.585));
#12329 = VECTOR('',#12330,1.);
#12330 = DIRECTION('',(-0.457820158207,-0.889044826057,0.));
#12331 = ORIENTED_EDGE('',*,*,#12332,.T.);
#12332 = EDGE_CURVE('',#12325,#12333,#12335,.T.);
#12333 = VERTEX_POINT('',#12334);
#12334 = CARTESIAN_POINT('',(77.157144,-77.551296,1.585));
#12335 = LINE('',#12336,#12337);
#12336 = CARTESIAN_POINT('',(77.337656,-77.372713,1.585));
#12337 = VECTOR('',#12338,1.);
#12338 = DIRECTION('',(-0.71089498699,-0.7032981711,0.));
#12339 = ORIENTED_EDGE('',*,*,#12340,.T.);
#12340 = EDGE_CURVE('',#12333,#12341,#12343,.T.);
#12341 = VERTEX_POINT('',#12342);
#12342 = CARTESIAN_POINT('',(77.128423,-77.565362,1.585));
#12343 = LINE('',#12344,#12345);
#12344 = CARTESIAN_POINT('',(77.157144,-77.551296,1.585));
#12345 = VECTOR('',#12346,1.);
#12346 = DIRECTION('',(-0.898080353257,-0.439831421222,0.));
#12347 = ORIENTED_EDGE('',*,*,#12348,.T.);
#12348 = EDGE_CURVE('',#12341,#12349,#12351,.T.);
#12349 = VERTEX_POINT('',#12350);
#12350 = CARTESIAN_POINT('',(76.876912,-77.646768,1.585));
#12351 = LINE('',#12352,#12353);
#12352 = CARTESIAN_POINT('',(77.128423,-77.565362,1.585));
#12353 = VECTOR('',#12354,1.);
#12354 = DIRECTION('',(-0.951405963665,-0.3079394296,0.));
#12355 = ORIENTED_EDGE('',*,*,#12356,.T.);
#12356 = EDGE_CURVE('',#12349,#12357,#12359,.T.);
#12357 = VERTEX_POINT('',#12358);
#12358 = CARTESIAN_POINT('',(76.457541,-77.645404,1.585));
#12359 = LINE('',#12360,#12361);
#12360 = CARTESIAN_POINT('',(76.876912,-77.646768,1.585));
#12361 = VECTOR('',#12362,1.);
#12362 = DIRECTION('',(-0.999994710696,3.252472835234E-03,0.));
#12363 = ORIENTED_EDGE('',*,*,#12364,.T.);
#12364 = EDGE_CURVE('',#12357,#12365,#12367,.T.);
#12365 = VERTEX_POINT('',#12366);
#12366 = CARTESIAN_POINT('',(76.363258,-77.551121,1.585));
#12367 = CIRCLE('',#12368,0.120001662203);
#12368 = AXIS2_PLACEMENT_3D('',#12369,#12370,#12371);
#12369 = CARTESIAN_POINT('',(76.480953581692,-77.5277084183,1.585));
#12370 = DIRECTION('',(0.,0.,-1.));
#12371 = DIRECTION('',(-0.195102144941,-0.980782928603,-0.));
#12372 = ORIENTED_EDGE('',*,*,#12373,.T.);
#12373 = EDGE_CURVE('',#12365,#12242,#12374,.T.);
#12374 = LINE('',#12375,#12376);
#12375 = CARTESIAN_POINT('',(76.363258,-77.551121,1.585));
#12376 = VECTOR('',#12377,1.);
#12377 = DIRECTION('',(0.,1.,0.));
#12378 = FACE_BOUND('',#12379,.F.);
#12379 = EDGE_LOOP('',(#12380,#12390,#12398,#12406,#12414,#12422,#12430,
    #12438,#12447));
#12380 = ORIENTED_EDGE('',*,*,#12381,.T.);
#12381 = EDGE_CURVE('',#12382,#12384,#12386,.T.);
#12382 = VERTEX_POINT('',#12383);
#12383 = CARTESIAN_POINT('',(77.025653,-76.108783,1.585));
#12384 = VERTEX_POINT('',#12385);
#12385 = CARTESIAN_POINT('',(76.842431,-76.04771,1.585));
#12386 = LINE('',#12387,#12388);
#12387 = CARTESIAN_POINT('',(77.025653,-76.108783,1.585));
#12388 = VECTOR('',#12389,1.);
#12389 = DIRECTION('',(-0.948684851376,0.316223106003,0.));
#12390 = ORIENTED_EDGE('',*,*,#12391,.T.);
#12391 = EDGE_CURVE('',#12384,#12392,#12394,.T.);
#12392 = VERTEX_POINT('',#12393);
#12393 = CARTESIAN_POINT('',(76.600952,-76.04771,1.585));
#12394 = LINE('',#12395,#12396);
#12395 = CARTESIAN_POINT('',(76.842431,-76.04771,1.585));
#12396 = VECTOR('',#12397,1.);
#12397 = DIRECTION('',(-1.,0.,0.));
#12398 = ORIENTED_EDGE('',*,*,#12399,.T.);
#12399 = EDGE_CURVE('',#12392,#12400,#12402,.T.);
#12400 = VERTEX_POINT('',#12401);
#12401 = CARTESIAN_POINT('',(76.600952,-77.40771,1.585));
#12402 = LINE('',#12403,#12404);
#12403 = CARTESIAN_POINT('',(76.600952,-76.04771,1.585));
#12404 = VECTOR('',#12405,1.);
#12405 = DIRECTION('',(0.,-1.,0.));
#12406 = ORIENTED_EDGE('',*,*,#12407,.T.);
#12407 = EDGE_CURVE('',#12400,#12408,#12410,.T.);
#12408 = VERTEX_POINT('',#12409);
#12409 = CARTESIAN_POINT('',(76.842431,-77.40771,1.585));
#12410 = LINE('',#12411,#12412);
#12411 = CARTESIAN_POINT('',(76.600952,-77.40771,1.585));
#12412 = VECTOR('',#12413,1.);
#12413 = DIRECTION('',(1.,0.,0.));
#12414 = ORIENTED_EDGE('',*,*,#12415,.T.);
#12415 = EDGE_CURVE('',#12408,#12416,#12418,.T.);
#12416 = VERTEX_POINT('',#12417);
#12417 = CARTESIAN_POINT('',(77.025653,-77.346636,1.585));
#12418 = LINE('',#12419,#12420);
#12419 = CARTESIAN_POINT('',(76.842431,-77.40771,1.585));
#12420 = VECTOR('',#12421,1.);
#12421 = DIRECTION('',(0.948683298051,0.316227766017,0.));
#12422 = ORIENTED_EDGE('',*,*,#12423,.T.);
#12423 = EDGE_CURVE('',#12416,#12424,#12426,.T.);
#12424 = VERTEX_POINT('',#12425);
#12425 = CARTESIAN_POINT('',(77.144235,-77.228054,1.585));
#12426 = LINE('',#12427,#12428);
#12427 = CARTESIAN_POINT('',(77.025653,-77.346636,1.585));
#12428 = VECTOR('',#12429,1.);
#12429 = DIRECTION('',(0.707106781187,0.707106781187,0.));
#12430 = ORIENTED_EDGE('',*,*,#12431,.T.);
#12431 = EDGE_CURVE('',#12424,#12432,#12434,.T.);
#12432 = VERTEX_POINT('',#12433);
#12433 = CARTESIAN_POINT('',(77.205824,-77.104876,1.585));
#12434 = LINE('',#12435,#12436);
#12435 = CARTESIAN_POINT('',(77.144235,-77.228054,1.585));
#12436 = VECTOR('',#12437,1.);
#12437 = DIRECTION('',(0.4472135955,0.894427191,0.));
#12438 = ORIENTED_EDGE('',*,*,#12439,.T.);
#12439 = EDGE_CURVE('',#12432,#12440,#12442,.T.);
#12440 = VERTEX_POINT('',#12441);
#12441 = CARTESIAN_POINT('',(77.144235,-76.227365,1.585));
#12442 = CIRCLE('',#12443,0.98976062834);
#12443 = AXIS2_PLACEMENT_3D('',#12444,#12445,#12446);
#12444 = CARTESIAN_POINT('',(76.29054227304,-76.72819913356,1.585));
#12445 = DIRECTION('',(0.,-0.,1.));
#12446 = DIRECTION('',(0.924750591964,-0.38057370201,-0.));
#12447 = ORIENTED_EDGE('',*,*,#12448,.T.);
#12448 = EDGE_CURVE('',#12440,#12382,#12449,.T.);
#12449 = LINE('',#12450,#12451);
#12450 = CARTESIAN_POINT('',(77.144235,-76.227365,1.585));
#12451 = VECTOR('',#12452,1.);
#12452 = DIRECTION('',(-0.707106781187,0.707106781187,0.));
#12453 = PLANE('',#12454);
#12454 = AXIS2_PLACEMENT_3D('',#12455,#12456,#12457);
#12455 = CARTESIAN_POINT('',(0.,0.,1.585));
#12456 = DIRECTION('',(0.,0.,1.));
#12457 = DIRECTION('',(1.,0.,-0.));
#12458 = SHELL_BASED_SURFACE_MODEL('',(#12459));
#12459 = OPEN_SHELL('',(#12460));
#12460 = ADVANCED_FACE('',(#12461),#12530,.T.);
#12461 = FACE_BOUND('',#12462,.F.);
#12462 = EDGE_LOOP('',(#12463,#12474,#12482,#12491,#12499,#12507,#12516,
    #12524));
#12463 = ORIENTED_EDGE('',*,*,#12464,.T.);
#12464 = EDGE_CURVE('',#12465,#12467,#12469,.T.);
#12465 = VERTEX_POINT('',#12466);
#12466 = CARTESIAN_POINT('',(66.019445,-76.045404,1.585));
#12467 = VERTEX_POINT('',#12468);
#12468 = CARTESIAN_POINT('',(66.019445,-75.810016,1.585));
#12469 = CIRCLE('',#12470,0.119999802321);
#12470 = AXIS2_PLACEMENT_3D('',#12471,#12472,#12473);
#12471 = CARTESIAN_POINT('',(66.042856,-75.92771,1.585));
#12472 = DIRECTION('',(0.,0.,-1.));
#12473 = DIRECTION('',(-0.195091988047,-0.980784949008,-0.));
#12474 = ORIENTED_EDGE('',*,*,#12475,.T.);
#12475 = EDGE_CURVE('',#12467,#12476,#12478,.T.);
#12476 = VERTEX_POINT('',#12477);
#12477 = CARTESIAN_POINT('',(66.980553,-75.810016,1.585));
#12478 = LINE('',#12479,#12480);
#12479 = CARTESIAN_POINT('',(66.019445,-75.810016,1.585));
#12480 = VECTOR('',#12481,1.);
#12481 = DIRECTION('',(1.,0.,0.));
#12482 = ORIENTED_EDGE('',*,*,#12483,.T.);
#12483 = EDGE_CURVE('',#12476,#12484,#12486,.T.);
#12484 = VERTEX_POINT('',#12485);
#12485 = CARTESIAN_POINT('',(66.980553,-76.045404,1.585));
#12486 = CIRCLE('',#12487,0.119999802321);
#12487 = AXIS2_PLACEMENT_3D('',#12488,#12489,#12490);
#12488 = CARTESIAN_POINT('',(66.957142,-75.92771,1.585));
#12489 = DIRECTION('',(0.,0.,-1.));
#12490 = DIRECTION('',(0.195091988047,0.980784949008,0.));
#12491 = ORIENTED_EDGE('',*,*,#12492,.T.);
#12492 = EDGE_CURVE('',#12484,#12493,#12495,.T.);
#12493 = VERTEX_POINT('',#12494);
#12494 = CARTESIAN_POINT('',(66.619999,-76.04771,1.585));
#12495 = LINE('',#12496,#12497);
#12496 = CARTESIAN_POINT('',(66.980553,-76.045404,1.585));
#12497 = VECTOR('',#12498,1.);
#12498 = DIRECTION('',(-0.999979548053,-6.395582458664E-03,0.));
#12499 = ORIENTED_EDGE('',*,*,#12500,.T.);
#12500 = EDGE_CURVE('',#12493,#12501,#12503,.T.);
#12501 = VERTEX_POINT('',#12502);
#12502 = CARTESIAN_POINT('',(66.617693,-77.551121,1.585));
#12503 = LINE('',#12504,#12505);
#12504 = CARTESIAN_POINT('',(66.619999,-76.04771,1.585));
#12505 = VECTOR('',#12506,1.);
#12506 = DIRECTION('',(-1.533843564645E-03,-0.999998823661,0.));
#12507 = ORIENTED_EDGE('',*,*,#12508,.T.);
#12508 = EDGE_CURVE('',#12501,#12509,#12511,.T.);
#12509 = VERTEX_POINT('',#12510);
#12510 = CARTESIAN_POINT('',(66.382305,-77.551121,1.585));
#12511 = CIRCLE('',#12512,0.119999802321);
#12512 = AXIS2_PLACEMENT_3D('',#12513,#12514,#12515);
#12513 = CARTESIAN_POINT('',(66.499999,-77.52771,1.585));
#12514 = DIRECTION('',(-0.,0.,-1.));
#12515 = DIRECTION('',(0.980784949008,-0.195091988047,-0.));
#12516 = ORIENTED_EDGE('',*,*,#12517,.T.);
#12517 = EDGE_CURVE('',#12509,#12518,#12520,.T.);
#12518 = VERTEX_POINT('',#12519);
#12519 = CARTESIAN_POINT('',(66.379999,-76.04771,1.585));
#12520 = LINE('',#12521,#12522);
#12521 = CARTESIAN_POINT('',(66.382305,-77.551121,1.585));
#12522 = VECTOR('',#12523,1.);
#12523 = DIRECTION('',(-1.533843564645E-03,0.999998823661,0.));
#12524 = ORIENTED_EDGE('',*,*,#12525,.T.);
#12525 = EDGE_CURVE('',#12518,#12465,#12526,.T.);
#12526 = LINE('',#12527,#12528);
#12527 = CARTESIAN_POINT('',(66.379999,-76.04771,1.585));
#12528 = VECTOR('',#12529,1.);
#12529 = DIRECTION('',(-0.999979548053,6.395582458664E-03,0.));
#12530 = PLANE('',#12531);
#12531 = AXIS2_PLACEMENT_3D('',#12532,#12533,#12534);
#12532 = CARTESIAN_POINT('',(0.,0.,1.585));
#12533 = DIRECTION('',(0.,0.,1.));
#12534 = DIRECTION('',(1.,0.,-0.));
#12535 = SHELL_BASED_SURFACE_MODEL('',(#12536));
#12536 = OPEN_SHELL('',(#12537));
#12537 = ADVANCED_FACE('',(#12538),#12779,.T.);
#12538 = FACE_BOUND('',#12539,.F.);
#12539 = EDGE_LOOP('',(#12540,#12551,#12559,#12568,#12576,#12584,#12592,
    #12601,#12609,#12617,#12625,#12633,#12641,#12649,#12657,#12665,
    #12673,#12681,#12689,#12698,#12706,#12715,#12723,#12732,#12740,
    #12748,#12756,#12765,#12773));
#12540 = ORIENTED_EDGE('',*,*,#12541,.T.);
#12541 = EDGE_CURVE('',#12542,#12544,#12546,.T.);
#12542 = VERTEX_POINT('',#12543);
#12543 = CARTESIAN_POINT('',(65.943255,-73.595404,1.585));
#12544 = VERTEX_POINT('',#12545);
#12545 = CARTESIAN_POINT('',(65.943255,-73.360016,1.585));
#12546 = CIRCLE('',#12547,0.119999802321);
#12547 = AXIS2_PLACEMENT_3D('',#12548,#12549,#12550);
#12548 = CARTESIAN_POINT('',(65.966666,-73.47771,1.585));
#12549 = DIRECTION('',(0.,0.,-1.));
#12550 = DIRECTION('',(-0.195091988047,-0.980784949008,-0.));
#12551 = ORIENTED_EDGE('',*,*,#12552,.T.);
#12552 = EDGE_CURVE('',#12544,#12553,#12555,.T.);
#12553 = VERTEX_POINT('',#12554);
#12554 = CARTESIAN_POINT('',(66.969525,-73.358929,1.585));
#12555 = LINE('',#12556,#12557);
#12556 = CARTESIAN_POINT('',(65.943255,-73.360016,1.585));
#12557 = VECTOR('',#12558,1.);
#12558 = DIRECTION('',(0.999999439074,1.059174866528E-03,0.));
#12559 = ORIENTED_EDGE('',*,*,#12560,.T.);
#12560 = EDGE_CURVE('',#12553,#12561,#12563,.T.);
#12561 = VERTEX_POINT('',#12562);
#12562 = CARTESIAN_POINT('',(67.074836,-73.454299,1.585));
#12563 = CIRCLE('',#12564,0.118164245493);
#12564 = AXIS2_PLACEMENT_3D('',#12565,#12566,#12567);
#12565 = CARTESIAN_POINT('',(66.958796251044,-73.47660517795,1.585));
#12566 = DIRECTION('',(0.,0.,-1.));
#12567 = DIRECTION('',(9.079522245844E-02,0.99586958362,0.));
#12568 = ORIENTED_EDGE('',*,*,#12569,.T.);
#12569 = EDGE_CURVE('',#12561,#12570,#12572,.T.);
#12570 = VERTEX_POINT('',#12571);
#12571 = CARTESIAN_POINT('',(67.074836,-73.501121,1.585));
#12572 = LINE('',#12573,#12574);
#12573 = CARTESIAN_POINT('',(67.074836,-73.454299,1.585));
#12574 = VECTOR('',#12575,1.);
#12575 = DIRECTION('',(0.,-1.,0.));
#12576 = ORIENTED_EDGE('',*,*,#12577,.T.);
#12577 = EDGE_CURVE('',#12570,#12578,#12580,.T.);
#12578 = VERTEX_POINT('',#12579);
#12579 = CARTESIAN_POINT('',(67.054685,-73.54661,1.585));
#12580 = LINE('',#12581,#12582);
#12581 = CARTESIAN_POINT('',(67.074836,-73.501121,1.585));
#12582 = VECTOR('',#12583,1.);
#12583 = DIRECTION('',(-0.405024818655,-0.914305690824,0.));
#12584 = ORIENTED_EDGE('',*,*,#12585,.T.);
#12585 = EDGE_CURVE('',#12578,#12586,#12588,.T.);
#12586 = VERTEX_POINT('',#12587);
#12587 = CARTESIAN_POINT('',(66.684417,-73.971626,1.585));
#12588 = LINE('',#12589,#12590);
#12589 = CARTESIAN_POINT('',(67.054685,-73.54661,1.585));
#12590 = VECTOR('',#12591,1.);
#12591 = DIRECTION('',(-0.656874329861,-0.754000076107,0.));
#12592 = ORIENTED_EDGE('',*,*,#12593,.T.);
#12593 = EDGE_CURVE('',#12586,#12594,#12596,.T.);
#12594 = VERTEX_POINT('',#12595);
#12595 = CARTESIAN_POINT('',(67.072881,-74.360301,1.585));
#12596 = CIRCLE('',#12597,0.554176242878);
#12597 = AXIS2_PLACEMENT_3D('',#12598,#12599,#12600);
#12598 = CARTESIAN_POINT('',(66.538249273847,-74.50617843335,1.585));
#12599 = DIRECTION('',(0.,0.,-1.));
#12600 = DIRECTION('',(0.263756752534,0.964589226299,0.));
#12601 = ORIENTED_EDGE('',*,*,#12602,.T.);
#12602 = EDGE_CURVE('',#12594,#12603,#12605,.T.);
#12603 = VERTEX_POINT('',#12604);
#12604 = CARTESIAN_POINT('',(67.077142,-74.391996,1.585));
#12605 = LINE('',#12606,#12607);
#12606 = CARTESIAN_POINT('',(67.072881,-74.360301,1.585));
#12607 = VECTOR('',#12608,1.);
#12608 = DIRECTION('',(0.133238954994,-0.991083942394,0.));
#12609 = ORIENTED_EDGE('',*,*,#12610,.T.);
#12610 = EDGE_CURVE('',#12603,#12611,#12613,.T.);
#12611 = VERTEX_POINT('',#12612);
#12612 = CARTESIAN_POINT('',(67.074836,-74.796359,1.585));
#12613 = LINE('',#12614,#12615);
#12614 = CARTESIAN_POINT('',(67.077142,-74.391996,1.585));
#12615 = VECTOR('',#12616,1.);
#12616 = DIRECTION('',(-5.702704013881E-03,-0.999983739451,0.));
#12617 = ORIENTED_EDGE('',*,*,#12618,.T.);
#12618 = EDGE_CURVE('',#12611,#12619,#12621,.T.);
#12619 = VERTEX_POINT('',#12620);
#12620 = CARTESIAN_POINT('',(67.064473,-74.826613,1.585));
#12621 = LINE('',#12622,#12623);
#12622 = CARTESIAN_POINT('',(67.074836,-74.796359,1.585));
#12623 = VECTOR('',#12624,1.);
#12624 = DIRECTION('',(-0.324050099379,-0.946039921511,0.));
#12625 = ORIENTED_EDGE('',*,*,#12626,.T.);
#12626 = EDGE_CURVE('',#12619,#12627,#12629,.T.);
#12627 = VERTEX_POINT('',#12628);
#12628 = CARTESIAN_POINT('',(66.975751,-74.998903,1.585));
#12629 = LINE('',#12630,#12631);
#12630 = CARTESIAN_POINT('',(67.064473,-74.826613,1.585));
#12631 = VECTOR('',#12632,1.);
#12632 = DIRECTION('',(-0.457820158207,-0.889044826057,0.));
#12633 = ORIENTED_EDGE('',*,*,#12634,.T.);
#12634 = EDGE_CURVE('',#12627,#12635,#12637,.T.);
#12635 = VERTEX_POINT('',#12636);
#12636 = CARTESIAN_POINT('',(66.871429,-75.101296,1.585));
#12637 = LINE('',#12638,#12639);
#12638 = CARTESIAN_POINT('',(66.975751,-74.998903,1.585));
#12639 = VECTOR('',#12640,1.);
#12640 = DIRECTION('',(-0.7136742086,-0.700477782645,0.));
#12641 = ORIENTED_EDGE('',*,*,#12642,.T.);
#12642 = EDGE_CURVE('',#12635,#12643,#12645,.T.);
#12643 = VERTEX_POINT('',#12644);
#12644 = CARTESIAN_POINT('',(66.684075,-75.193449,1.585));
#12645 = LINE('',#12646,#12647);
#12646 = CARTESIAN_POINT('',(66.871429,-75.101296,1.585));
#12647 = VECTOR('',#12648,1.);
#12648 = DIRECTION('',(-0.897327795127,-0.441364733629,0.));
#12649 = ORIENTED_EDGE('',*,*,#12650,.T.);
#12650 = EDGE_CURVE('',#12643,#12651,#12653,.T.);
#12651 = VERTEX_POINT('',#12652);
#12652 = CARTESIAN_POINT('',(66.65238,-75.19771,1.585));
#12653 = LINE('',#12654,#12655);
#12654 = CARTESIAN_POINT('',(66.684075,-75.193449,1.585));
#12655 = VECTOR('',#12656,1.);
#12656 = DIRECTION('',(-0.991083942394,-0.133238954994,0.));
#12657 = ORIENTED_EDGE('',*,*,#12658,.T.);
#12658 = EDGE_CURVE('',#12651,#12659,#12661,.T.);
#12659 = VERTEX_POINT('',#12660);
#12660 = CARTESIAN_POINT('',(66.171826,-75.195404,1.585));
#12661 = LINE('',#12662,#12663);
#12662 = CARTESIAN_POINT('',(66.65238,-75.19771,1.585));
#12663 = VECTOR('',#12664,1.);
#12664 = DIRECTION('',(-0.999988486782,4.798573002252E-03,0.));
#12665 = ORIENTED_EDGE('',*,*,#12666,.T.);
#12666 = EDGE_CURVE('',#12659,#12667,#12669,.T.);
#12667 = VERTEX_POINT('',#12668);
#12668 = CARTESIAN_POINT('',(66.141572,-75.185041,1.585));
#12669 = LINE('',#12670,#12671);
#12670 = CARTESIAN_POINT('',(66.171826,-75.195404,1.585));
#12671 = VECTOR('',#12672,1.);
#12672 = DIRECTION('',(-0.946039921511,0.324050099379,0.));
#12673 = ORIENTED_EDGE('',*,*,#12674,.T.);
#12674 = EDGE_CURVE('',#12667,#12675,#12677,.T.);
#12675 = VERTEX_POINT('',#12676);
#12676 = CARTESIAN_POINT('',(65.969282,-75.096319,1.585));
#12677 = LINE('',#12678,#12679);
#12678 = CARTESIAN_POINT('',(66.141572,-75.185041,1.585));
#12679 = VECTOR('',#12680,1.);
#12680 = DIRECTION('',(-0.889044826057,0.457820158207,0.));
#12681 = ORIENTED_EDGE('',*,*,#12682,.T.);
#12682 = EDGE_CURVE('',#12675,#12683,#12685,.T.);
#12683 = VERTEX_POINT('',#12684);
#12684 = CARTESIAN_POINT('',(65.866889,-74.991996,1.585));
#12685 = LINE('',#12686,#12687);
#12686 = CARTESIAN_POINT('',(65.969282,-75.096319,1.585));
#12687 = VECTOR('',#12688,1.);
#12688 = DIRECTION('',(-0.700474362714,0.713677565277,0.));
#12689 = ORIENTED_EDGE('',*,*,#12690,.T.);
#12690 = EDGE_CURVE('',#12683,#12691,#12693,.T.);
#12691 = VERTEX_POINT('',#12692);
#12692 = CARTESIAN_POINT('',(66.033335,-74.825553,1.585));
#12693 = CIRCLE('',#12694,0.119999842445);
#12694 = AXIS2_PLACEMENT_3D('',#12695,#12696,#12697);
#12695 = CARTESIAN_POINT('',(65.966665949937,-74.9253287483,1.585));
#12696 = DIRECTION('',(0.,0.,-1.));
#12697 = DIRECTION('',(-0.831475674501,-0.555561160192,-0.));
#12698 = ORIENTED_EDGE('',*,*,#12699,.T.);
#12699 = EDGE_CURVE('',#12691,#12700,#12702,.T.);
#12700 = VERTEX_POINT('',#12701);
#12701 = CARTESIAN_POINT('',(66.11394,-74.902898,1.585));
#12702 = LINE('',#12703,#12704);
#12703 = CARTESIAN_POINT('',(66.033335,-74.825553,1.585));
#12704 = VECTOR('',#12705,1.);
#12705 = DIRECTION('',(0.721547402794,-0.692365037766,0.));
#12706 = ORIENTED_EDGE('',*,*,#12707,.T.);
#12707 = EDGE_CURVE('',#12700,#12708,#12710,.T.);
#12708 = VERTEX_POINT('',#12709);
#12709 = CARTESIAN_POINT('',(66.733676,-74.902898,1.585));
#12710 = CIRCLE('',#12711,0.573605491483);
#12711 = AXIS2_PLACEMENT_3D('',#12712,#12713,#12714);
#12712 = CARTESIAN_POINT('',(66.423808,-74.420192,1.585));
#12713 = DIRECTION('',(0.,0.,1.));
#12714 = DIRECTION('',(-0.540211006695,-0.841529600338,0.));
#12715 = ORIENTED_EDGE('',*,*,#12716,.T.);
#12716 = EDGE_CURVE('',#12708,#12717,#12719,.T.);
#12717 = VERTEX_POINT('',#12718);
#12718 = CARTESIAN_POINT('',(66.78233,-74.854244,1.585));
#12719 = LINE('',#12720,#12721);
#12720 = CARTESIAN_POINT('',(66.733676,-74.902898,1.585));
#12721 = VECTOR('',#12722,1.);
#12722 = DIRECTION('',(0.707106781187,0.707106781187,0.));
#12723 = ORIENTED_EDGE('',*,*,#12724,.T.);
#12724 = EDGE_CURVE('',#12717,#12725,#12727,.T.);
#12725 = VERTEX_POINT('',#12726);
#12726 = CARTESIAN_POINT('',(66.78233,-74.310699,1.585));
#12727 = CIRCLE('',#12728,0.488991136753);
#12728 = AXIS2_PLACEMENT_3D('',#12729,#12730,#12731);
#12729 = CARTESIAN_POINT('',(66.375817958276,-74.5824715,1.585));
#12730 = DIRECTION('',(0.,-0.,1.));
#12731 = DIRECTION('',(0.831328036789,-0.555782057328,-0.));
#12732 = ORIENTED_EDGE('',*,*,#12733,.T.);
#12733 = EDGE_CURVE('',#12725,#12734,#12736,.T.);
#12734 = VERTEX_POINT('',#12735);
#12735 = CARTESIAN_POINT('',(66.733676,-74.262045,1.585));
#12736 = LINE('',#12737,#12738);
#12737 = CARTESIAN_POINT('',(66.78233,-74.310699,1.585));
#12738 = VECTOR('',#12739,1.);
#12739 = DIRECTION('',(-0.707106781187,0.707106781187,0.));
#12740 = ORIENTED_EDGE('',*,*,#12741,.T.);
#12741 = EDGE_CURVE('',#12734,#12742,#12744,.T.);
#12742 = VERTEX_POINT('',#12743);
#12743 = CARTESIAN_POINT('',(66.624053,-74.207234,1.585));
#12744 = LINE('',#12745,#12746);
#12745 = CARTESIAN_POINT('',(66.733676,-74.262045,1.585));
#12746 = VECTOR('',#12747,1.);
#12747 = DIRECTION('',(-0.894428822821,0.447210331843,0.));
#12748 = ORIENTED_EDGE('',*,*,#12749,.T.);
#12749 = EDGE_CURVE('',#12742,#12750,#12752,.T.);
#12750 = VERTEX_POINT('',#12751);
#12751 = CARTESIAN_POINT('',(66.400398,-74.204928,1.585));
#12752 = LINE('',#12753,#12754);
#12753 = CARTESIAN_POINT('',(66.624053,-74.207234,1.585));
#12754 = VECTOR('',#12755,1.);
#12755 = DIRECTION('',(-0.999946850796,1.030997490752E-02,0.));
#12756 = ORIENTED_EDGE('',*,*,#12757,.T.);
#12757 = EDGE_CURVE('',#12750,#12758,#12760,.T.);
#12758 = VERTEX_POINT('',#12759);
#12759 = CARTESIAN_POINT('',(66.326264,-74.018334,1.585));
#12760 = CIRCLE('',#12761,0.119442209002);
#12761 = AXIS2_PLACEMENT_3D('',#12762,#12763,#12764);
#12762 = CARTESIAN_POINT('',(66.423474020634,-74.08773611221,1.585));
#12763 = DIRECTION('',(0.,0.,-1.));
#12764 = DIRECTION('',(-0.193198207122,-0.981159748851,-0.));
#12765 = ORIENTED_EDGE('',*,*,#12766,.T.);
#12766 = EDGE_CURVE('',#12758,#12767,#12769,.T.);
#12767 = VERTEX_POINT('',#12768);
#12768 = CARTESIAN_POINT('',(66.69269,-73.59771,1.585));
#12769 = LINE('',#12770,#12771);
#12770 = CARTESIAN_POINT('',(66.326264,-74.018334,1.585));
#12771 = VECTOR('',#12772,1.);
#12772 = DIRECTION('',(0.656858277474,0.754014060422,0.));
#12773 = ORIENTED_EDGE('',*,*,#12774,.T.);
#12774 = EDGE_CURVE('',#12767,#12542,#12775,.T.);
#12775 = LINE('',#12776,#12777);
#12776 = CARTESIAN_POINT('',(66.69269,-73.59771,1.585));
#12777 = VECTOR('',#12778,1.);
#12778 = DIRECTION('',(-0.999995266116,3.076970095697E-03,0.));
#12779 = PLANE('',#12780);
#12780 = AXIS2_PLACEMENT_3D('',#12781,#12782,#12783);
#12781 = CARTESIAN_POINT('',(0.,0.,1.585));
#12782 = DIRECTION('',(0.,0.,1.));
#12783 = DIRECTION('',(1.,0.,-0.));
#12784 = SHELL_BASED_SURFACE_MODEL('',(#12785));
#12785 = OPEN_SHELL('',(#12786));
#12786 = ADVANCED_FACE('',(#12787),#13137,.T.);
#12787 = FACE_BOUND('',#12788,.F.);
#12788 = EDGE_LOOP('',(#12789,#12799,#12807,#12815,#12823,#12831,#12840,
    #12848,#12856,#12865,#12873,#12881,#12889,#12897,#12905,#12913,
    #12921,#12929,#12937,#12945,#12953,#12961,#12969,#12977,#12985,
    #12993,#13001,#13010,#13018,#13026,#13035,#13043,#13051,#13059,
    #13067,#13075,#13083,#13091,#13099,#13107,#13115,#13123,#13131));
#12789 = ORIENTED_EDGE('',*,*,#12790,.T.);
#12790 = EDGE_CURVE('',#12791,#12793,#12795,.T.);
#12791 = VERTEX_POINT('',#12792);
#12792 = CARTESIAN_POINT('',(73.128568,-73.454124,1.585));
#12793 = VERTEX_POINT('',#12794);
#12794 = CARTESIAN_POINT('',(73.315923,-73.361971,1.585));
#12795 = LINE('',#12796,#12797);
#12796 = CARTESIAN_POINT('',(73.128568,-73.454124,1.585));
#12797 = VECTOR('',#12798,1.);
#12798 = DIRECTION('',(0.897328728125,0.441362836769,0.));
#12799 = ORIENTED_EDGE('',*,*,#12800,.T.);
#12800 = EDGE_CURVE('',#12793,#12801,#12803,.T.);
#12801 = VERTEX_POINT('',#12802);
#12802 = CARTESIAN_POINT('',(73.347618,-73.35771,1.585));
#12803 = LINE('',#12804,#12805);
#12804 = CARTESIAN_POINT('',(73.315923,-73.361971,1.585));
#12805 = VECTOR('',#12806,1.);
#12806 = DIRECTION('',(0.991083942394,0.133238954994,0.));
#12807 = ORIENTED_EDGE('',*,*,#12808,.T.);
#12808 = EDGE_CURVE('',#12801,#12809,#12811,.T.);
#12809 = VERTEX_POINT('',#12810);
#12810 = CARTESIAN_POINT('',(73.740416,-73.358876,1.585));
#12811 = LINE('',#12812,#12813);
#12812 = CARTESIAN_POINT('',(73.347618,-73.35771,1.585));
#12813 = VECTOR('',#12814,1.);
#12814 = DIRECTION('',(0.999995594191,-2.968433807769E-03,0.));
#12815 = ORIENTED_EDGE('',*,*,#12816,.T.);
#12816 = EDGE_CURVE('',#12809,#12817,#12819,.T.);
#12817 = VERTEX_POINT('',#12818);
#12818 = CARTESIAN_POINT('',(73.766518,-73.363868,1.585));
#12819 = LINE('',#12820,#12821);
#12820 = CARTESIAN_POINT('',(73.740416,-73.358876,1.585));
#12821 = VECTOR('',#12822,1.);
#12822 = DIRECTION('',(0.982198644682,-0.187845208576,0.));
#12823 = ORIENTED_EDGE('',*,*,#12824,.T.);
#12824 = EDGE_CURVE('',#12817,#12825,#12827,.T.);
#12825 = VERTEX_POINT('',#12826);
#12826 = CARTESIAN_POINT('',(74.01657,-73.449649,1.585));
#12827 = LINE('',#12828,#12829);
#12828 = CARTESIAN_POINT('',(73.766518,-73.363868,1.585));
#12829 = VECTOR('',#12830,1.);
#12830 = DIRECTION('',(0.945889198213,-0.324489791371,0.));
#12831 = ORIENTED_EDGE('',*,*,#12832,.T.);
#12832 = EDGE_CURVE('',#12825,#12833,#12835,.T.);
#12833 = VERTEX_POINT('',#12834);
#12834 = CARTESIAN_POINT('',(73.942134,-73.672958,1.585));
#12835 = CIRCLE('',#12836,0.119999956344);
#12836 = AXIS2_PLACEMENT_3D('',#12837,#12838,#12839);
#12837 = CARTESIAN_POINT('',(73.957142209203,-73.55390026955,1.585));
#12838 = DIRECTION('',(0.,0.,-1.));
#12839 = DIRECTION('',(0.495231770138,0.86876089567,0.));
#12840 = ORIENTED_EDGE('',*,*,#12841,.T.);
#12841 = EDGE_CURVE('',#12833,#12842,#12844,.T.);
#12842 = VERTEX_POINT('',#12843);
#12843 = CARTESIAN_POINT('',(73.709098,-73.59771,1.585));
#12844 = LINE('',#12845,#12846);
#12845 = CARTESIAN_POINT('',(73.942134,-73.672958,1.585));
#12846 = VECTOR('',#12847,1.);
#12847 = DIRECTION('',(-0.951618977298,0.30728052663,0.));
#12848 = ORIENTED_EDGE('',*,*,#12849,.T.);
#12849 = EDGE_CURVE('',#12842,#12850,#12852,.T.);
#12850 = VERTEX_POINT('',#12851);
#12851 = CARTESIAN_POINT('',(73.375945,-73.59771,1.585));
#12852 = LINE('',#12853,#12854);
#12853 = CARTESIAN_POINT('',(73.709098,-73.59771,1.585));
#12854 = VECTOR('',#12855,1.);
#12855 = DIRECTION('',(-1.,0.,0.));
#12856 = ORIENTED_EDGE('',*,*,#12857,.T.);
#12857 = EDGE_CURVE('',#12850,#12858,#12860,.T.);
#12858 = VERTEX_POINT('',#12859);
#12859 = CARTESIAN_POINT('',(73.162856,-73.8108,1.585));
#12860 = CIRCLE('',#12861,0.298978172588);
#12861 = AXIS2_PLACEMENT_3D('',#12862,#12863,#12864);
#12862 = CARTESIAN_POINT('',(73.451999367904,-73.88685301099,1.585));
#12863 = DIRECTION('',(0.,0.,1.));
#12864 = DIRECTION('',(-0.254381004625,0.967104081516,0.));
#12865 = ORIENTED_EDGE('',*,*,#12866,.T.);
#12866 = EDGE_CURVE('',#12858,#12867,#12869,.T.);
#12867 = VERTEX_POINT('',#12868);
#12868 = CARTESIAN_POINT('',(73.162856,-73.906524,1.585));
#12869 = LINE('',#12870,#12871);
#12870 = CARTESIAN_POINT('',(73.162856,-73.8108,1.585));
#12871 = VECTOR('',#12872,1.);
#12872 = DIRECTION('',(0.,-1.,0.));
#12873 = ORIENTED_EDGE('',*,*,#12874,.T.);
#12874 = EDGE_CURVE('',#12867,#12875,#12877,.T.);
#12875 = VERTEX_POINT('',#12876);
#12876 = CARTESIAN_POINT('',(73.217668,-74.016149,1.585));
#12877 = LINE('',#12878,#12879);
#12878 = CARTESIAN_POINT('',(73.162856,-73.906524,1.585));
#12879 = VECTOR('',#12880,1.);
#12880 = DIRECTION('',(0.447210331903,-0.894428822791,0.));
#12881 = ORIENTED_EDGE('',*,*,#12882,.T.);
#12882 = EDGE_CURVE('',#12875,#12883,#12885,.T.);
#12883 = VERTEX_POINT('',#12884);
#12884 = CARTESIAN_POINT('',(73.266321,-74.064802,1.585));
#12885 = LINE('',#12886,#12887);
#12886 = CARTESIAN_POINT('',(73.217668,-74.016149,1.585));
#12887 = VECTOR('',#12888,1.);
#12888 = DIRECTION('',(0.707106781187,-0.707106781187,0.));
#12889 = ORIENTED_EDGE('',*,*,#12890,.T.);
#12890 = EDGE_CURVE('',#12883,#12891,#12893,.T.);
#12891 = VERTEX_POINT('',#12892);
#12892 = CARTESIAN_POINT('',(73.389502,-74.126392,1.585));
#12893 = LINE('',#12894,#12895);
#12894 = CARTESIAN_POINT('',(73.266321,-74.064802,1.585));
#12895 = VECTOR('',#12896,1.);
#12896 = DIRECTION('',(0.894428643214,-0.447210691061,0.));
#12897 = ORIENTED_EDGE('',*,*,#12898,.T.);
#12898 = EDGE_CURVE('',#12891,#12899,#12901,.T.);
#12899 = VERTEX_POINT('',#12900);
#12900 = CARTESIAN_POINT('',(73.706046,-74.208474,1.585));
#12901 = LINE('',#12902,#12903);
#12902 = CARTESIAN_POINT('',(73.389502,-74.126392,1.585));
#12903 = VECTOR('',#12904,1.);
#12904 = DIRECTION('',(0.967985726534,-0.251005245417,0.));
#12905 = ORIENTED_EDGE('',*,*,#12906,.T.);
#12906 = EDGE_CURVE('',#12899,#12907,#12909,.T.);
#12907 = VERTEX_POINT('',#12908);
#12908 = CARTESIAN_POINT('',(73.878335,-74.297197,1.585));
#12909 = LINE('',#12910,#12911);
#12910 = CARTESIAN_POINT('',(73.706046,-74.208474,1.585));
#12911 = VECTOR('',#12912,1.);
#12912 = DIRECTION('',(0.889041644158,-0.457826337112,0.));
#12913 = ORIENTED_EDGE('',*,*,#12914,.T.);
#12914 = EDGE_CURVE('',#12907,#12915,#12917,.T.);
#12915 = VERTEX_POINT('',#12916);
#12916 = CARTESIAN_POINT('',(73.980728,-74.401517,1.585));
#12917 = LINE('',#12918,#12919);
#12918 = CARTESIAN_POINT('',(73.878335,-74.297197,1.585));
#12919 = VECTOR('',#12920,1.);
#12920 = DIRECTION('',(0.70048462256,-0.713667495097,0.));
#12921 = ORIENTED_EDGE('',*,*,#12922,.T.);
#12922 = EDGE_CURVE('',#12915,#12923,#12925,.T.);
#12923 = VERTEX_POINT('',#12924);
#12924 = CARTESIAN_POINT('',(74.072881,-74.588872,1.585));
#12925 = LINE('',#12926,#12927);
#12926 = CARTESIAN_POINT('',(73.980728,-74.401517,1.585));
#12927 = VECTOR('',#12928,1.);
#12928 = DIRECTION('',(0.441362836769,-0.897328728125,0.));
#12929 = ORIENTED_EDGE('',*,*,#12930,.T.);
#12930 = EDGE_CURVE('',#12923,#12931,#12933,.T.);
#12931 = VERTEX_POINT('',#12932);
#12932 = CARTESIAN_POINT('',(74.077142,-74.620567,1.585));
#12933 = LINE('',#12934,#12935);
#12934 = CARTESIAN_POINT('',(74.072881,-74.588872,1.585));
#12935 = VECTOR('',#12936,1.);
#12936 = DIRECTION('',(0.133238954994,-0.991083942394,0.));
#12937 = ORIENTED_EDGE('',*,*,#12938,.T.);
#12938 = EDGE_CURVE('',#12931,#12939,#12941,.T.);
#12939 = VERTEX_POINT('',#12940);
#12940 = CARTESIAN_POINT('',(74.074836,-74.796359,1.585));
#12941 = LINE('',#12942,#12943);
#12942 = CARTESIAN_POINT('',(74.077142,-74.620567,1.585));
#12943 = VECTOR('',#12944,1.);
#12944 = DIRECTION('',(-1.31166470711E-02,-0.999913973084,0.));
#12945 = ORIENTED_EDGE('',*,*,#12946,.T.);
#12946 = EDGE_CURVE('',#12939,#12947,#12949,.T.);
#12947 = VERTEX_POINT('',#12948);
#12948 = CARTESIAN_POINT('',(74.064473,-74.826613,1.585));
#12949 = LINE('',#12950,#12951);
#12950 = CARTESIAN_POINT('',(74.074836,-74.796359,1.585));
#12951 = VECTOR('',#12952,1.);
#12952 = DIRECTION('',(-0.324050099379,-0.946039921511,0.));
#12953 = ORIENTED_EDGE('',*,*,#12954,.T.);
#12954 = EDGE_CURVE('',#12947,#12955,#12957,.T.);
#12955 = VERTEX_POINT('',#12956);
#12956 = CARTESIAN_POINT('',(73.975751,-74.998903,1.585));
#12957 = LINE('',#12958,#12959);
#12958 = CARTESIAN_POINT('',(74.064473,-74.826613,1.585));
#12959 = VECTOR('',#12960,1.);
#12960 = DIRECTION('',(-0.457820158207,-0.889044826057,0.));
#12961 = ORIENTED_EDGE('',*,*,#12962,.T.);
#12962 = EDGE_CURVE('',#12955,#12963,#12965,.T.);
#12963 = VERTEX_POINT('',#12964);
#12964 = CARTESIAN_POINT('',(73.871429,-75.101296,1.585));
#12965 = LINE('',#12966,#12967);
#12966 = CARTESIAN_POINT('',(73.975751,-74.998903,1.585));
#12967 = VECTOR('',#12968,1.);
#12968 = DIRECTION('',(-0.7136742086,-0.700477782645,0.));
#12969 = ORIENTED_EDGE('',*,*,#12970,.T.);
#12970 = EDGE_CURVE('',#12963,#12971,#12973,.T.);
#12971 = VERTEX_POINT('',#12972);
#12972 = CARTESIAN_POINT('',(73.684075,-75.193449,1.585));
#12973 = LINE('',#12974,#12975);
#12974 = CARTESIAN_POINT('',(73.871429,-75.101296,1.585));
#12975 = VECTOR('',#12976,1.);
#12976 = DIRECTION('',(-0.897327795127,-0.441364733629,0.));
#12977 = ORIENTED_EDGE('',*,*,#12978,.T.);
#12978 = EDGE_CURVE('',#12971,#12979,#12981,.T.);
#12979 = VERTEX_POINT('',#12980);
#12980 = CARTESIAN_POINT('',(73.65238,-75.19771,1.585));
#12981 = LINE('',#12982,#12983);
#12982 = CARTESIAN_POINT('',(73.684075,-75.193449,1.585));
#12983 = VECTOR('',#12984,1.);
#12984 = DIRECTION('',(-0.991083942394,-0.133238954994,0.));
#12985 = ORIENTED_EDGE('',*,*,#12986,.T.);
#12986 = EDGE_CURVE('',#12979,#12987,#12989,.T.);
#12987 = VERTEX_POINT('',#12988);
#12988 = CARTESIAN_POINT('',(73.248017,-75.195404,1.585));
#12989 = LINE('',#12990,#12991);
#12990 = CARTESIAN_POINT('',(73.65238,-75.19771,1.585));
#12991 = VECTOR('',#12992,1.);
#12992 = DIRECTION('',(-0.999983739451,5.702704013916E-03,0.));
#12993 = ORIENTED_EDGE('',*,*,#12994,.T.);
#12994 = EDGE_CURVE('',#12987,#12995,#12997,.T.);
#12995 = VERTEX_POINT('',#12996);
#12996 = CARTESIAN_POINT('',(72.983429,-75.105771,1.585));
#12997 = LINE('',#12998,#12999);
#12998 = CARTESIAN_POINT('',(73.248017,-75.195404,1.585));
#12999 = VECTOR('',#13000,1.);
#13000 = DIRECTION('',(-0.947128820744,0.32085354434,0.));
#13001 = ORIENTED_EDGE('',*,*,#13002,.T.);
#13002 = EDGE_CURVE('',#12995,#13003,#13005,.T.);
#13003 = VERTEX_POINT('',#13004);
#13004 = CARTESIAN_POINT('',(73.057864,-74.882462,1.585));
#13005 = CIRCLE('',#13006,0.119999635017);
#13006 = AXIS2_PLACEMENT_3D('',#13007,#13008,#13009);
#13007 = CARTESIAN_POINT('',(73.042855512179,-75.00151937145,1.585));
#13008 = DIRECTION('',(0.,0.,-1.));
#13009 = DIRECTION('',(-0.495222441057,-0.868766213589,-0.));
#13010 = ORIENTED_EDGE('',*,*,#13011,.T.);
#13011 = EDGE_CURVE('',#13003,#13012,#13014,.T.);
#13012 = VERTEX_POINT('',#13013);
#13013 = CARTESIAN_POINT('',(73.290901,-74.95771,1.585));
#13014 = LINE('',#13015,#13016);
#13015 = CARTESIAN_POINT('',(73.057864,-74.882462,1.585));
#13016 = VECTOR('',#13017,1.);
#13017 = DIRECTION('',(0.951619362872,-0.307279332541,0.));
#13018 = ORIENTED_EDGE('',*,*,#13019,.T.);
#13019 = EDGE_CURVE('',#13012,#13020,#13022,.T.);
#13020 = VERTEX_POINT('',#13021);
#13021 = CARTESIAN_POINT('',(73.624053,-74.95771,1.585));
#13022 = LINE('',#13023,#13024);
#13023 = CARTESIAN_POINT('',(73.290901,-74.95771,1.585));
#13024 = VECTOR('',#13025,1.);
#13025 = DIRECTION('',(1.,0.,0.));
#13026 = ORIENTED_EDGE('',*,*,#13027,.T.);
#13027 = EDGE_CURVE('',#13020,#13028,#13030,.T.);
#13028 = VERTEX_POINT('',#13029);
#13029 = CARTESIAN_POINT('',(73.837142,-74.744621,1.585));
#13030 = CIRCLE('',#13031,0.298988313855);
#13031 = AXIS2_PLACEMENT_3D('',#13032,#13033,#13034);
#13032 = CARTESIAN_POINT('',(73.547990612313,-74.66855861231,1.585));
#13033 = DIRECTION('',(0.,0.,1.));
#13034 = DIRECTION('',(0.254399199441,-0.967099295483,0.));
#13035 = ORIENTED_EDGE('',*,*,#13036,.T.);
#13036 = EDGE_CURVE('',#13028,#13037,#13039,.T.);
#13037 = VERTEX_POINT('',#13038);
#13038 = CARTESIAN_POINT('',(73.837142,-74.648893,1.585));
#13039 = LINE('',#13040,#13041);
#13040 = CARTESIAN_POINT('',(73.837142,-74.744621,1.585));
#13041 = VECTOR('',#13042,1.);
#13042 = DIRECTION('',(0.,1.,0.));
#13043 = ORIENTED_EDGE('',*,*,#13044,.T.);
#13044 = EDGE_CURVE('',#13037,#13045,#13047,.T.);
#13045 = VERTEX_POINT('',#13046);
#13046 = CARTESIAN_POINT('',(73.78233,-74.53927,1.585));
#13047 = LINE('',#13048,#13049);
#13048 = CARTESIAN_POINT('',(73.837142,-74.648893,1.585));
#13049 = VECTOR('',#13050,1.);
#13050 = DIRECTION('',(-0.447216859139,0.894425559173,0.));
#13051 = ORIENTED_EDGE('',*,*,#13052,.T.);
#13052 = EDGE_CURVE('',#13045,#13053,#13055,.T.);
#13053 = VERTEX_POINT('',#13054);
#13054 = CARTESIAN_POINT('',(73.733678,-74.490618,1.585));
#13055 = LINE('',#13056,#13057);
#13056 = CARTESIAN_POINT('',(73.78233,-74.53927,1.585));
#13057 = VECTOR('',#13058,1.);
#13058 = DIRECTION('',(-0.707106781187,0.707106781187,0.));
#13059 = ORIENTED_EDGE('',*,*,#13060,.T.);
#13060 = EDGE_CURVE('',#13053,#13061,#13063,.T.);
#13061 = VERTEX_POINT('',#13062);
#13062 = CARTESIAN_POINT('',(73.610495,-74.429027,1.585));
#13063 = LINE('',#13064,#13065);
#13064 = CARTESIAN_POINT('',(73.733678,-74.490618,1.585));
#13065 = VECTOR('',#13066,1.);
#13066 = DIRECTION('',(-0.89442864319,0.447210691108,0.));
#13067 = ORIENTED_EDGE('',*,*,#13068,.T.);
#13068 = EDGE_CURVE('',#13061,#13069,#13071,.T.);
#13069 = VERTEX_POINT('',#13070);
#13070 = CARTESIAN_POINT('',(73.293952,-74.346946,1.585));
#13071 = LINE('',#13072,#13073);
#13072 = CARTESIAN_POINT('',(73.610495,-74.429027,1.585));
#13073 = VECTOR('',#13074,1.);
#13074 = DIRECTION('',(-0.967986276866,0.251003123087,0.));
#13075 = ORIENTED_EDGE('',*,*,#13076,.T.);
#13076 = EDGE_CURVE('',#13069,#13077,#13079,.T.);
#13077 = VERTEX_POINT('',#13078);
#13078 = CARTESIAN_POINT('',(73.121663,-74.258223,1.585));
#13079 = LINE('',#13080,#13081);
#13080 = CARTESIAN_POINT('',(73.293952,-74.346946,1.585));
#13081 = VECTOR('',#13082,1.);
#13082 = DIRECTION('',(-0.889041644158,0.457826337112,0.));
#13083 = ORIENTED_EDGE('',*,*,#13084,.T.);
#13084 = EDGE_CURVE('',#13077,#13085,#13087,.T.);
#13085 = VERTEX_POINT('',#13086);
#13086 = CARTESIAN_POINT('',(73.019271,-74.153902,1.585));
#13087 = LINE('',#13088,#13089);
#13088 = CARTESIAN_POINT('',(73.121663,-74.258223,1.585));
#13089 = VECTOR('',#13090,1.);
#13090 = DIRECTION('',(-0.700477718216,0.713674271838,0.));
#13091 = ORIENTED_EDGE('',*,*,#13092,.T.);
#13092 = EDGE_CURVE('',#13085,#13093,#13095,.T.);
#13093 = VERTEX_POINT('',#13094);
#13094 = CARTESIAN_POINT('',(72.927118,-73.966548,1.585));
#13095 = LINE('',#13096,#13097);
#13096 = CARTESIAN_POINT('',(73.019271,-74.153902,1.585));
#13097 = VECTOR('',#13098,1.);
#13098 = DIRECTION('',(-0.441364733629,0.897327795127,0.));
#13099 = ORIENTED_EDGE('',*,*,#13100,.T.);
#13100 = EDGE_CURVE('',#13093,#13101,#13103,.T.);
#13101 = VERTEX_POINT('',#13102);
#13102 = CARTESIAN_POINT('',(72.922856,-73.934853,1.585));
#13103 = LINE('',#13104,#13105);
#13104 = CARTESIAN_POINT('',(72.927118,-73.966548,1.585));
#13105 = VECTOR('',#13106,1.);
#13106 = DIRECTION('',(-0.133269669098,0.991079812779,0.));
#13107 = ORIENTED_EDGE('',*,*,#13108,.T.);
#13108 = EDGE_CURVE('',#13101,#13109,#13111,.T.);
#13109 = VERTEX_POINT('',#13110);
#13110 = CARTESIAN_POINT('',(72.925162,-73.759061,1.585));
#13111 = LINE('',#13112,#13113);
#13112 = CARTESIAN_POINT('',(72.922856,-73.934853,1.585));
#13113 = VECTOR('',#13114,1.);
#13114 = DIRECTION('',(1.311664707118E-02,0.999913973084,0.));
#13115 = ORIENTED_EDGE('',*,*,#13116,.T.);
#13116 = EDGE_CURVE('',#13109,#13117,#13119,.T.);
#13117 = VERTEX_POINT('',#13118);
#13118 = CARTESIAN_POINT('',(72.935525,-73.728806,1.585));
#13119 = LINE('',#13120,#13121);
#13120 = CARTESIAN_POINT('',(72.925162,-73.759061,1.585));
#13121 = VECTOR('',#13122,1.);
#13122 = DIRECTION('',(0.324040513406,0.946043204971,0.));
#13123 = ORIENTED_EDGE('',*,*,#13124,.T.);
#13124 = EDGE_CURVE('',#13117,#13125,#13127,.T.);
#13125 = VERTEX_POINT('',#13126);
#13126 = CARTESIAN_POINT('',(73.024248,-73.556517,1.585));
#13127 = LINE('',#13128,#13129);
#13128 = CARTESIAN_POINT('',(72.935525,-73.728806,1.585));
#13129 = VECTOR('',#13130,1.);
#13130 = DIRECTION('',(0.457826337112,0.889041644158,0.));
#13131 = ORIENTED_EDGE('',*,*,#13132,.T.);
#13132 = EDGE_CURVE('',#13125,#12791,#13133,.T.);
#13133 = LINE('',#13134,#13135);
#13134 = CARTESIAN_POINT('',(73.024248,-73.556517,1.585));
#13135 = VECTOR('',#13136,1.);
#13136 = DIRECTION('',(0.713667495097,0.70048462256,0.));
#13137 = PLANE('',#13138);
#13138 = AXIS2_PLACEMENT_3D('',#13139,#13140,#13141);
#13139 = CARTESIAN_POINT('',(0.,0.,1.585));
#13140 = DIRECTION('',(0.,0.,1.));
#13141 = DIRECTION('',(1.,0.,-0.));
#13142 = SHELL_BASED_SURFACE_MODEL('',(#13143));
#13143 = OPEN_SHELL('',(#13144));
#13144 = ADVANCED_FACE('',(#13145),#13327,.T.);
#13145 = FACE_BOUND('',#13146,.F.);
#13146 = EDGE_LOOP('',(#13147,#13158,#13166,#13175,#13183,#13192,#13200,
    #13209,#13217,#13225,#13233,#13241,#13249,#13257,#13265,#13273,
    #13281,#13289,#13297,#13305,#13313,#13321));
#13147 = ORIENTED_EDGE('',*,*,#13148,.T.);
#13148 = EDGE_CURVE('',#13149,#13151,#13153,.T.);
#13149 = VERTEX_POINT('',#13150);
#13150 = CARTESIAN_POINT('',(74.676189,-73.377934,1.585));
#13151 = VERTEX_POINT('',#13152);
#13152 = CARTESIAN_POINT('',(74.860551,-73.454299,1.585));
#13153 = CIRCLE('',#13154,0.119999904712);
#13154 = AXIS2_PLACEMENT_3D('',#13155,#13156,#13157);
#13155 = CARTESIAN_POINT('',(74.742857,-73.47771052482,1.585));
#13156 = DIRECTION('',(0.,0.,-1.));
#13157 = DIRECTION('',(-0.555567107826,0.831471700482,0.));
#13158 = ORIENTED_EDGE('',*,*,#13159,.T.);
#13159 = EDGE_CURVE('',#13151,#13160,#13162,.T.);
#13160 = VERTEX_POINT('',#13161);
#13161 = CARTESIAN_POINT('',(74.862857,-74.744621,1.585));
#13162 = LINE('',#13163,#13164);
#13163 = CARTESIAN_POINT('',(74.860551,-73.454299,1.585));
#13164 = VECTOR('',#13165,1.);
#13165 = DIRECTION('',(1.78714795023E-03,-0.99999840305,0.));
#13166 = ORIENTED_EDGE('',*,*,#13167,.T.);
#13167 = EDGE_CURVE('',#13160,#13168,#13170,.T.);
#13168 = VERTEX_POINT('',#13169);
#13169 = CARTESIAN_POINT('',(75.075946,-74.95771,1.585));
#13170 = CIRCLE('',#13171,0.29898309155);
#13171 = AXIS2_PLACEMENT_3D('',#13172,#13173,#13174);
#13172 = CARTESIAN_POINT('',(75.152004112348,-74.66856288765,1.585));
#13173 = DIRECTION('',(0.,0.,1.));
#13174 = DIRECTION('',(-0.967101888098,-0.254389343402,0.));
#13175 = ORIENTED_EDGE('',*,*,#13176,.T.);
#13176 = EDGE_CURVE('',#13168,#13177,#13179,.T.);
#13177 = VERTEX_POINT('',#13178);
#13178 = CARTESIAN_POINT('',(75.324054,-74.95771,1.585));
#13179 = LINE('',#13180,#13181);
#13180 = CARTESIAN_POINT('',(75.075946,-74.95771,1.585));
#13181 = VECTOR('',#13182,1.);
#13182 = DIRECTION('',(1.,0.,0.));
#13183 = ORIENTED_EDGE('',*,*,#13184,.T.);
#13184 = EDGE_CURVE('',#13177,#13185,#13187,.T.);
#13185 = VERTEX_POINT('',#13186);
#13186 = CARTESIAN_POINT('',(75.537143,-74.744619,1.585));
#13187 = CIRCLE('',#13188,0.298982613487);
#13188 = AXIS2_PLACEMENT_3D('',#13189,#13190,#13191);
#13189 = CARTESIAN_POINT('',(75.247995713848,-74.66856342769,1.585));
#13190 = DIRECTION('',(0.,0.,1.));
#13191 = DIRECTION('',(0.254390331481,-0.967101628191,0.));
#13192 = ORIENTED_EDGE('',*,*,#13193,.T.);
#13193 = EDGE_CURVE('',#13185,#13194,#13196,.T.);
#13194 = VERTEX_POINT('',#13195);
#13195 = CARTESIAN_POINT('',(75.539449,-73.454299,1.585));
#13196 = LINE('',#13197,#13198);
#13197 = CARTESIAN_POINT('',(75.537143,-74.744619,1.585));
#13198 = VECTOR('',#13199,1.);
#13199 = DIRECTION('',(1.787150720306E-03,0.999998403045,0.));
#13200 = ORIENTED_EDGE('',*,*,#13201,.T.);
#13201 = EDGE_CURVE('',#13194,#13202,#13204,.T.);
#13202 = VERTEX_POINT('',#13203);
#13203 = CARTESIAN_POINT('',(75.774837,-73.454299,1.585));
#13204 = CIRCLE('',#13205,0.119999802321);
#13205 = AXIS2_PLACEMENT_3D('',#13206,#13207,#13208);
#13206 = CARTESIAN_POINT('',(75.657143,-73.47771,1.585));
#13207 = DIRECTION('',(0.,0.,-1.));
#13208 = DIRECTION('',(-0.980784949008,0.195091988047,0.));
#13209 = ORIENTED_EDGE('',*,*,#13210,.T.);
#13210 = EDGE_CURVE('',#13202,#13211,#13213,.T.);
#13211 = VERTEX_POINT('',#13212);
#13212 = CARTESIAN_POINT('',(75.774837,-74.796359,1.585));
#13213 = LINE('',#13214,#13215);
#13214 = CARTESIAN_POINT('',(75.774837,-73.454299,1.585));
#13215 = VECTOR('',#13216,1.);
#13216 = DIRECTION('',(0.,-1.,0.));
#13217 = ORIENTED_EDGE('',*,*,#13218,.T.);
#13218 = EDGE_CURVE('',#13211,#13219,#13221,.T.);
#13219 = VERTEX_POINT('',#13220);
#13220 = CARTESIAN_POINT('',(75.764474,-74.826614,1.585));
#13221 = LINE('',#13222,#13223);
#13222 = CARTESIAN_POINT('',(75.774837,-74.796359,1.585));
#13223 = VECTOR('',#13224,1.);
#13224 = DIRECTION('',(-0.324040513406,-0.946043204971,0.));
#13225 = ORIENTED_EDGE('',*,*,#13226,.T.);
#13226 = EDGE_CURVE('',#13219,#13227,#13229,.T.);
#13227 = VERTEX_POINT('',#13228);
#13228 = CARTESIAN_POINT('',(75.675751,-74.998903,1.585));
#13229 = LINE('',#13230,#13231);
#13230 = CARTESIAN_POINT('',(75.764474,-74.826614,1.585));
#13231 = VECTOR('',#13232,1.);
#13232 = DIRECTION('',(-0.457826337112,-0.889041644158,0.));
#13233 = ORIENTED_EDGE('',*,*,#13234,.T.);
#13234 = EDGE_CURVE('',#13227,#13235,#13237,.T.);
#13235 = VERTEX_POINT('',#13236);
#13236 = CARTESIAN_POINT('',(75.571431,-75.101296,1.585));
#13237 = LINE('',#13238,#13239);
#13238 = CARTESIAN_POINT('',(75.675751,-74.998903,1.585));
#13239 = VECTOR('',#13240,1.);
#13240 = DIRECTION('',(-0.713667495097,-0.70048462256,0.));
#13241 = ORIENTED_EDGE('',*,*,#13242,.T.);
#13242 = EDGE_CURVE('',#13235,#13243,#13245,.T.);
#13243 = VERTEX_POINT('',#13244);
#13244 = CARTESIAN_POINT('',(75.384076,-75.193449,1.585));
#13245 = LINE('',#13246,#13247);
#13246 = CARTESIAN_POINT('',(75.571431,-75.101296,1.585));
#13247 = VECTOR('',#13248,1.);
#13248 = DIRECTION('',(-0.897328728125,-0.441362836769,0.));
#13249 = ORIENTED_EDGE('',*,*,#13250,.T.);
#13250 = EDGE_CURVE('',#13243,#13251,#13253,.T.);
#13251 = VERTEX_POINT('',#13252);
#13252 = CARTESIAN_POINT('',(75.352381,-75.19771,1.585));
#13253 = LINE('',#13254,#13255);
#13254 = CARTESIAN_POINT('',(75.384076,-75.193449,1.585));
#13255 = VECTOR('',#13256,1.);
#13256 = DIRECTION('',(-0.991083942394,-0.133238954994,0.));
#13257 = ORIENTED_EDGE('',*,*,#13258,.T.);
#13258 = EDGE_CURVE('',#13251,#13259,#13261,.T.);
#13259 = VERTEX_POINT('',#13260);
#13260 = CARTESIAN_POINT('',(75.024208,-75.195404,1.585));
#13261 = LINE('',#13262,#13263);
#13262 = CARTESIAN_POINT('',(75.352381,-75.19771,1.585));
#13263 = VECTOR('',#13264,1.);
#13264 = DIRECTION('',(-0.999975313084,7.026608136492E-03,0.));
#13265 = ORIENTED_EDGE('',*,*,#13266,.T.);
#13266 = EDGE_CURVE('',#13259,#13267,#13269,.T.);
#13267 = VERTEX_POINT('',#13268);
#13268 = CARTESIAN_POINT('',(74.993954,-75.185041,1.585));
#13269 = LINE('',#13270,#13271);
#13270 = CARTESIAN_POINT('',(75.024208,-75.195404,1.585));
#13271 = VECTOR('',#13272,1.);
#13272 = DIRECTION('',(-0.946039921511,0.324050099379,0.));
#13273 = ORIENTED_EDGE('',*,*,#13274,.T.);
#13274 = EDGE_CURVE('',#13267,#13275,#13277,.T.);
#13275 = VERTEX_POINT('',#13276);
#13276 = CARTESIAN_POINT('',(74.821664,-75.096319,1.585));
#13277 = LINE('',#13278,#13279);
#13278 = CARTESIAN_POINT('',(74.993954,-75.185041,1.585));
#13279 = VECTOR('',#13280,1.);
#13280 = DIRECTION('',(-0.889044826057,0.457820158207,0.));
#13281 = ORIENTED_EDGE('',*,*,#13282,.T.);
#13282 = EDGE_CURVE('',#13275,#13283,#13285,.T.);
#13283 = VERTEX_POINT('',#13284);
#13284 = CARTESIAN_POINT('',(74.719271,-74.991997,1.585));
#13285 = LINE('',#13286,#13287);
#13286 = CARTESIAN_POINT('',(74.821664,-75.096319,1.585));
#13287 = VECTOR('',#13288,1.);
#13288 = DIRECTION('',(-0.700477782645,0.7136742086,0.));
#13289 = ORIENTED_EDGE('',*,*,#13290,.T.);
#13290 = EDGE_CURVE('',#13283,#13291,#13293,.T.);
#13291 = VERTEX_POINT('',#13292);
#13292 = CARTESIAN_POINT('',(74.627118,-74.804643,1.585));
#13293 = LINE('',#13294,#13295);
#13294 = CARTESIAN_POINT('',(74.719271,-74.991997,1.585));
#13295 = VECTOR('',#13296,1.);
#13296 = DIRECTION('',(-0.441364733629,0.897327795127,0.));
#13297 = ORIENTED_EDGE('',*,*,#13298,.T.);
#13298 = EDGE_CURVE('',#13291,#13299,#13301,.T.);
#13299 = VERTEX_POINT('',#13300);
#13300 = CARTESIAN_POINT('',(74.622857,-74.772948,1.585));
#13301 = LINE('',#13302,#13303);
#13302 = CARTESIAN_POINT('',(74.627118,-74.804643,1.585));
#13303 = VECTOR('',#13304,1.);
#13304 = DIRECTION('',(-0.133238954994,0.991083942394,0.));
#13305 = ORIENTED_EDGE('',*,*,#13306,.T.);
#13306 = EDGE_CURVE('',#13299,#13307,#13309,.T.);
#13307 = VERTEX_POINT('',#13308);
#13308 = CARTESIAN_POINT('',(74.625163,-73.454299,1.585));
#13309 = LINE('',#13310,#13311);
#13310 = CARTESIAN_POINT('',(74.622857,-74.772948,1.585));
#13311 = VECTOR('',#13312,1.);
#13312 = DIRECTION('',(1.748756851864E-03,0.999998470924,0.));
#13313 = ORIENTED_EDGE('',*,*,#13314,.T.);
#13314 = EDGE_CURVE('',#13307,#13315,#13317,.T.);
#13315 = VERTEX_POINT('',#13316);
#13316 = CARTESIAN_POINT('',(74.643081,-73.411042,1.585));
#13317 = LINE('',#13318,#13319);
#13318 = CARTESIAN_POINT('',(74.625163,-73.454299,1.585));
#13319 = VECTOR('',#13320,1.);
#13320 = DIRECTION('',(0.382690066869,0.923876784382,0.));
#13321 = ORIENTED_EDGE('',*,*,#13322,.T.);
#13322 = EDGE_CURVE('',#13315,#13149,#13323,.T.);
#13323 = LINE('',#13324,#13325);
#13324 = CARTESIAN_POINT('',(74.643081,-73.411042,1.585));
#13325 = VECTOR('',#13326,1.);
#13326 = DIRECTION('',(0.707106781187,0.707106781187,0.));
#13327 = PLANE('',#13328);
#13328 = AXIS2_PLACEMENT_3D('',#13329,#13330,#13331);
#13329 = CARTESIAN_POINT('',(0.,0.,1.585));
#13330 = DIRECTION('',(0.,0.,1.));
#13331 = DIRECTION('',(1.,0.,-0.));
#13332 = SHELL_BASED_SURFACE_MODEL('',(#13333));
#13333 = OPEN_SHELL('',(#13334));
#13334 = ADVANCED_FACE('',(#13335),#13387,.T.);
#13335 = FACE_BOUND('',#13336,.F.);
#13336 = EDGE_LOOP('',(#13337,#13348,#13356,#13365,#13373,#13381));
#13337 = ORIENTED_EDGE('',*,*,#13338,.T.);
#13338 = EDGE_CURVE('',#13339,#13341,#13343,.T.);
#13339 = VERTEX_POINT('',#13340);
#13340 = CARTESIAN_POINT('',(63.033332,-73.377934,1.585));
#13341 = VERTEX_POINT('',#13342);
#13342 = CARTESIAN_POINT('',(63.217694,-73.454299,1.585));
#13343 = CIRCLE('',#13344,0.119999904712);
#13344 = AXIS2_PLACEMENT_3D('',#13345,#13346,#13347);
#13345 = CARTESIAN_POINT('',(63.1,-73.47771052482,1.585));
#13346 = DIRECTION('',(0.,0.,-1.));
#13347 = DIRECTION('',(-0.555567107826,0.831471700482,0.));
#13348 = ORIENTED_EDGE('',*,*,#13349,.T.);
#13349 = EDGE_CURVE('',#13341,#13350,#13352,.T.);
#13350 = VERTEX_POINT('',#13351);
#13351 = CARTESIAN_POINT('',(63.217694,-75.101121,1.585));
#13352 = LINE('',#13353,#13354);
#13353 = CARTESIAN_POINT('',(63.217694,-73.454299,1.585));
#13354 = VECTOR('',#13355,1.);
#13355 = DIRECTION('',(0.,-1.,0.));
#13356 = ORIENTED_EDGE('',*,*,#13357,.T.);
#13357 = EDGE_CURVE('',#13350,#13358,#13360,.T.);
#13358 = VERTEX_POINT('',#13359);
#13359 = CARTESIAN_POINT('',(62.982306,-75.101121,1.585));
#13360 = CIRCLE('',#13361,0.119999802321);
#13361 = AXIS2_PLACEMENT_3D('',#13362,#13363,#13364);
#13362 = CARTESIAN_POINT('',(63.1,-75.07771,1.585));
#13363 = DIRECTION('',(-0.,0.,-1.));
#13364 = DIRECTION('',(0.980784949008,-0.195091988047,-0.));
#13365 = ORIENTED_EDGE('',*,*,#13366,.T.);
#13366 = EDGE_CURVE('',#13358,#13367,#13369,.T.);
#13367 = VERTEX_POINT('',#13368);
#13368 = CARTESIAN_POINT('',(62.982306,-73.454299,1.585));
#13369 = LINE('',#13370,#13371);
#13370 = CARTESIAN_POINT('',(62.982306,-75.101121,1.585));
#13371 = VECTOR('',#13372,1.);
#13372 = DIRECTION('',(0.,1.,0.));
#13373 = ORIENTED_EDGE('',*,*,#13374,.T.);
#13374 = EDGE_CURVE('',#13367,#13375,#13377,.T.);
#13375 = VERTEX_POINT('',#13376);
#13376 = CARTESIAN_POINT('',(63.000224,-73.411042,1.585));
#13377 = LINE('',#13378,#13379);
#13378 = CARTESIAN_POINT('',(62.982306,-73.454299,1.585));
#13379 = VECTOR('',#13380,1.);
#13380 = DIRECTION('',(0.382690066869,0.923876784382,0.));
#13381 = ORIENTED_EDGE('',*,*,#13382,.T.);
#13382 = EDGE_CURVE('',#13375,#13339,#13383,.T.);
#13383 = LINE('',#13384,#13385);
#13384 = CARTESIAN_POINT('',(63.000224,-73.411042,1.585));
#13385 = VECTOR('',#13386,1.);
#13386 = DIRECTION('',(0.707106781187,0.707106781187,0.));
#13387 = PLANE('',#13388);
#13388 = AXIS2_PLACEMENT_3D('',#13389,#13390,#13391);
#13389 = CARTESIAN_POINT('',(0.,0.,1.585));
#13390 = DIRECTION('',(0.,0.,1.));
#13391 = DIRECTION('',(1.,0.,-0.));
#13392 = SHELL_BASED_SURFACE_MODEL('',(#13393));
#13393 = OPEN_SHELL('',(#13394));
#13394 = ADVANCED_FACE('',(#13395),#13505,.T.);
#13395 = FACE_BOUND('',#13396,.F.);
#13396 = EDGE_LOOP('',(#13397,#13408,#13416,#13424,#13432,#13440,#13448,
    #13457,#13465,#13474,#13482,#13490,#13499));
#13397 = ORIENTED_EDGE('',*,*,#13398,.T.);
#13398 = EDGE_CURVE('',#13399,#13401,#13403,.T.);
#13399 = VERTEX_POINT('',#13400);
#13400 = CARTESIAN_POINT('',(64.225163,-73.454299,1.585));
#13401 = VERTEX_POINT('',#13402);
#13402 = CARTESIAN_POINT('',(64.319446,-73.360016,1.585));
#13403 = CIRCLE('',#13404,0.120001662203);
#13404 = AXIS2_PLACEMENT_3D('',#13405,#13406,#13407);
#13405 = CARTESIAN_POINT('',(64.342858581692,-73.47771158169,1.585));
#13406 = DIRECTION('',(0.,0.,-1.));
#13407 = DIRECTION('',(-0.980782928603,0.195102144941,0.));
#13408 = ORIENTED_EDGE('',*,*,#13409,.T.);
#13409 = EDGE_CURVE('',#13401,#13410,#13412,.T.);
#13410 = VERTEX_POINT('',#13411);
#13411 = CARTESIAN_POINT('',(64.358616,-73.360016,1.585));
#13412 = LINE('',#13413,#13414);
#13413 = CARTESIAN_POINT('',(64.319446,-73.360016,1.585));
#13414 = VECTOR('',#13415,1.);
#13415 = DIRECTION('',(1.,0.,0.));
#13416 = ORIENTED_EDGE('',*,*,#13417,.T.);
#13417 = EDGE_CURVE('',#13410,#13418,#13420,.T.);
#13418 = VERTEX_POINT('',#13419);
#13419 = CARTESIAN_POINT('',(64.409525,-73.377934,1.585));
#13420 = LINE('',#13421,#13422);
#13421 = CARTESIAN_POINT('',(64.358616,-73.360016,1.585));
#13422 = VECTOR('',#13423,1.);
#13423 = DIRECTION('',(0.943280050104,-0.33199811306,0.));
#13424 = ORIENTED_EDGE('',*,*,#13425,.T.);
#13425 = EDGE_CURVE('',#13418,#13426,#13428,.T.);
#13426 = VERTEX_POINT('',#13427);
#13427 = CARTESIAN_POINT('',(64.443542,-73.413237,1.585));
#13428 = LINE('',#13429,#13430);
#13429 = CARTESIAN_POINT('',(64.409525,-73.377934,1.585));
#13430 = VECTOR('',#13431,1.);
#13431 = DIRECTION('',(0.693869395532,-0.720100869285,0.));
#13432 = ORIENTED_EDGE('',*,*,#13433,.T.);
#13433 = EDGE_CURVE('',#13426,#13434,#13436,.T.);
#13434 = VERTEX_POINT('',#13435);
#13435 = CARTESIAN_POINT('',(65.137143,-74.625842,1.585));
#13436 = LINE('',#13437,#13438);
#13437 = CARTESIAN_POINT('',(64.443542,-73.413237,1.585));
#13438 = VECTOR('',#13439,1.);
#13439 = DIRECTION('',(0.496507926017,-0.868032187999,0.));
#13440 = ORIENTED_EDGE('',*,*,#13441,.T.);
#13441 = EDGE_CURVE('',#13434,#13442,#13444,.T.);
#13442 = VERTEX_POINT('',#13443);
#13443 = CARTESIAN_POINT('',(65.139449,-73.454299,1.585));
#13444 = LINE('',#13445,#13446);
#13445 = CARTESIAN_POINT('',(65.137143,-74.625842,1.585));
#13446 = VECTOR('',#13447,1.);
#13447 = DIRECTION('',(1.968340498691E-03,0.999998062816,0.));
#13448 = ORIENTED_EDGE('',*,*,#13449,.T.);
#13449 = EDGE_CURVE('',#13442,#13450,#13452,.T.);
#13450 = VERTEX_POINT('',#13451);
#13451 = CARTESIAN_POINT('',(65.374837,-73.454299,1.585));
#13452 = CIRCLE('',#13453,0.119999802321);
#13453 = AXIS2_PLACEMENT_3D('',#13454,#13455,#13456);
#13454 = CARTESIAN_POINT('',(65.257143,-73.47771,1.585));
#13455 = DIRECTION('',(0.,0.,-1.));
#13456 = DIRECTION('',(-0.980784949008,0.195091988047,0.));
#13457 = ORIENTED_EDGE('',*,*,#13458,.T.);
#13458 = EDGE_CURVE('',#13450,#13459,#13461,.T.);
#13459 = VERTEX_POINT('',#13460);
#13460 = CARTESIAN_POINT('',(65.374837,-75.101121,1.585));
#13461 = LINE('',#13462,#13463);
#13462 = CARTESIAN_POINT('',(65.374837,-73.454299,1.585));
#13463 = VECTOR('',#13464,1.);
#13464 = DIRECTION('',(0.,-1.,0.));
#13465 = ORIENTED_EDGE('',*,*,#13466,.T.);
#13466 = EDGE_CURVE('',#13459,#13467,#13469,.T.);
#13467 = VERTEX_POINT('',#13468);
#13468 = CARTESIAN_POINT('',(65.156457,-75.142182,1.585));
#13469 = CIRCLE('',#13470,0.119649749047);
#13470 = AXIS2_PLACEMENT_3D('',#13471,#13472,#13473);
#13471 = CARTESIAN_POINT('',(65.257440890178,-75.07800789017,1.585));
#13472 = DIRECTION('',(-0.,0.,-1.));
#13473 = DIRECTION('',(0.981164697437,-0.19317307396,-0.));
#13474 = ORIENTED_EDGE('',*,*,#13475,.T.);
#13475 = EDGE_CURVE('',#13467,#13476,#13478,.T.);
#13476 = VERTEX_POINT('',#13477);
#13477 = CARTESIAN_POINT('',(64.462857,-73.929577,1.585));
#13478 = LINE('',#13479,#13480);
#13479 = CARTESIAN_POINT('',(65.156457,-75.142182,1.585));
#13480 = VECTOR('',#13481,1.);
#13481 = DIRECTION('',(-0.496507386645,0.868032496515,0.));
#13482 = ORIENTED_EDGE('',*,*,#13483,.T.);
#13483 = EDGE_CURVE('',#13476,#13484,#13486,.T.);
#13484 = VERTEX_POINT('',#13485);
#13485 = CARTESIAN_POINT('',(64.460551,-75.101121,1.585));
#13486 = LINE('',#13487,#13488);
#13487 = CARTESIAN_POINT('',(64.462857,-73.929577,1.585));
#13488 = VECTOR('',#13489,1.);
#13489 = DIRECTION('',(-1.968338818572E-03,-0.999998062819,0.));
#13490 = ORIENTED_EDGE('',*,*,#13491,.T.);
#13491 = EDGE_CURVE('',#13484,#13492,#13494,.T.);
#13492 = VERTEX_POINT('',#13493);
#13493 = CARTESIAN_POINT('',(64.225163,-75.101121,1.585));
#13494 = CIRCLE('',#13495,0.119999802321);
#13495 = AXIS2_PLACEMENT_3D('',#13496,#13497,#13498);
#13496 = CARTESIAN_POINT('',(64.342857,-75.07771,1.585));
#13497 = DIRECTION('',(-0.,0.,-1.));
#13498 = DIRECTION('',(0.980784949008,-0.195091988047,-0.));
#13499 = ORIENTED_EDGE('',*,*,#13500,.T.);
#13500 = EDGE_CURVE('',#13492,#13399,#13501,.T.);
#13501 = LINE('',#13502,#13503);
#13502 = CARTESIAN_POINT('',(64.225163,-75.101121,1.585));
#13503 = VECTOR('',#13504,1.);
#13504 = DIRECTION('',(0.,1.,0.));
#13505 = PLANE('',#13506);
#13506 = AXIS2_PLACEMENT_3D('',#13507,#13508,#13509);
#13507 = CARTESIAN_POINT('',(0.,0.,1.585));
#13508 = DIRECTION('',(0.,0.,1.));
#13509 = DIRECTION('',(1.,0.,-0.));
#13510 = SHELL_BASED_SURFACE_MODEL('',(#13511));
#13511 = OPEN_SHELL('',(#13512));
#13512 = ADVANCED_FACE('',(#13513),#13656,.T.);
#13513 = FACE_BOUND('',#13514,.F.);
#13514 = EDGE_LOOP('',(#13515,#13525,#13533,#13541,#13549,#13558,#13566,
    #13575,#13583,#13591,#13600,#13608,#13616,#13625,#13633,#13642,
    #13650));
#13515 = ORIENTED_EDGE('',*,*,#13516,.T.);
#13516 = EDGE_CURVE('',#13517,#13519,#13521,.T.);
#13517 = VERTEX_POINT('',#13518);
#13518 = CARTESIAN_POINT('',(77.336582,-73.406724,1.585));
#13519 = VERTEX_POINT('',#13520);
#13520 = CARTESIAN_POINT('',(77.371112,-73.375103,1.585));
#13521 = LINE('',#13522,#13523);
#13522 = CARTESIAN_POINT('',(77.336582,-73.406724,1.585));
#13523 = VECTOR('',#13524,1.);
#13524 = DIRECTION('',(0.737489167488,0.675358962211,0.));
#13525 = ORIENTED_EDGE('',*,*,#13526,.T.);
#13526 = EDGE_CURVE('',#13519,#13527,#13529,.T.);
#13527 = VERTEX_POINT('',#13528);
#13528 = CARTESIAN_POINT('',(77.415114,-73.359102,1.585));
#13529 = LINE('',#13530,#13531);
#13530 = CARTESIAN_POINT('',(77.371112,-73.375103,1.585));
#13531 = VECTOR('',#13532,1.);
#13532 = DIRECTION('',(0.939791552707,0.341748207692,0.));
#13533 = ORIENTED_EDGE('',*,*,#13534,.T.);
#13534 = EDGE_CURVE('',#13527,#13535,#13537,.T.);
#13535 = VERTEX_POINT('',#13536);
#13536 = CARTESIAN_POINT('',(77.435919,-73.360016,1.585));
#13537 = LINE('',#13538,#13539);
#13538 = CARTESIAN_POINT('',(77.415114,-73.359102,1.585));
#13539 = VECTOR('',#13540,1.);
#13540 = DIRECTION('',(0.999036395387,-4.388941434237E-02,0.));
#13541 = ORIENTED_EDGE('',*,*,#13542,.T.);
#13542 = EDGE_CURVE('',#13535,#13543,#13545,.T.);
#13543 = VERTEX_POINT('',#13544);
#13544 = CARTESIAN_POINT('',(77.461891,-73.361157,1.585));
#13545 = LINE('',#13546,#13547);
#13546 = CARTESIAN_POINT('',(77.435919,-73.360016,1.585));
#13547 = VECTOR('',#13548,1.);
#13548 = DIRECTION('',(0.999036387524,-4.388959333778E-02,0.));
#13549 = ORIENTED_EDGE('',*,*,#13550,.T.);
#13550 = EDGE_CURVE('',#13543,#13551,#13553,.T.);
#13551 = VERTEX_POINT('',#13552);
#13552 = CARTESIAN_POINT('',(77.551817,-73.462316,1.585));
#13553 = CIRCLE('',#13554,0.118861828863);
#13554 = AXIS2_PLACEMENT_3D('',#13555,#13556,#13557);
#13555 = CARTESIAN_POINT('',(77.433823536482,-73.47665744091,1.585));
#13556 = DIRECTION('',(0.,0.,-1.));
#13557 = DIRECTION('',(0.236135215038,0.971720206756,0.));
#13558 = ORIENTED_EDGE('',*,*,#13559,.T.);
#13559 = EDGE_CURVE('',#13551,#13560,#13562,.T.);
#13560 = VERTEX_POINT('',#13561);
#13561 = CARTESIAN_POINT('',(77.551028,-75.101121,1.585));
#13562 = LINE('',#13563,#13564);
#13563 = CARTESIAN_POINT('',(77.551817,-73.462316,1.585));
#13564 = VECTOR('',#13565,1.);
#13565 = DIRECTION('',(-4.814483166425E-04,-0.999999884104,0.));
#13566 = ORIENTED_EDGE('',*,*,#13567,.T.);
#13567 = EDGE_CURVE('',#13560,#13568,#13570,.T.);
#13568 = VERTEX_POINT('',#13569);
#13569 = CARTESIAN_POINT('',(77.31564,-75.101121,1.585));
#13570 = CIRCLE('',#13571,0.119999802321);
#13571 = AXIS2_PLACEMENT_3D('',#13572,#13573,#13574);
#13572 = CARTESIAN_POINT('',(77.433334,-75.07771,1.585));
#13573 = DIRECTION('',(-0.,0.,-1.));
#13574 = DIRECTION('',(0.980784949008,-0.195091988047,-0.));
#13575 = ORIENTED_EDGE('',*,*,#13576,.T.);
#13576 = EDGE_CURVE('',#13568,#13577,#13579,.T.);
#13577 = VERTEX_POINT('',#13578);
#13578 = CARTESIAN_POINT('',(77.313334,-74.018616,1.585));
#13579 = LINE('',#13580,#13581);
#13580 = CARTESIAN_POINT('',(77.31564,-75.101121,1.585));
#13581 = VECTOR('',#13582,1.);
#13582 = DIRECTION('',(-2.130239368665E-03,0.999997731038,0.));
#13583 = ORIENTED_EDGE('',*,*,#13584,.T.);
#13584 = EDGE_CURVE('',#13577,#13585,#13587,.T.);
#13585 = VERTEX_POINT('',#13586);
#13586 = CARTESIAN_POINT('',(76.996752,-74.691553,1.585));
#13587 = LINE('',#13588,#13589);
#13588 = CARTESIAN_POINT('',(77.313334,-74.018616,1.585));
#13589 = VECTOR('',#13590,1.);
#13590 = DIRECTION('',(-0.425693293275,-0.904867515198,0.));
#13591 = ORIENTED_EDGE('',*,*,#13592,.T.);
#13592 = EDGE_CURVE('',#13585,#13593,#13595,.T.);
#13593 = VERTEX_POINT('',#13594);
#13594 = CARTESIAN_POINT('',(76.796339,-74.67989,1.585));
#13595 = CIRCLE('',#13596,0.119452629962);
#13596 = AXIS2_PLACEMENT_3D('',#13597,#13598,#13599);
#13597 = CARTESIAN_POINT('',(76.900307707872,-74.62107300765,1.585));
#13598 = DIRECTION('',(-0.,0.,-1.));
#13599 = DIRECTION('',(0.807385255214,-0.590024617845,-0.));
#13600 = ORIENTED_EDGE('',*,*,#13601,.T.);
#13601 = EDGE_CURVE('',#13593,#13602,#13604,.T.);
#13602 = VERTEX_POINT('',#13603);
#13603 = CARTESIAN_POINT('',(76.486667,-74.018618,1.585));
#13604 = LINE('',#13605,#13606);
#13605 = CARTESIAN_POINT('',(76.796339,-74.67989,1.585));
#13606 = VECTOR('',#13607,1.);
#13607 = DIRECTION('',(-0.424097849692,0.90561637236,0.));
#13608 = ORIENTED_EDGE('',*,*,#13609,.T.);
#13609 = EDGE_CURVE('',#13602,#13610,#13612,.T.);
#13610 = VERTEX_POINT('',#13611);
#13611 = CARTESIAN_POINT('',(76.484361,-75.101121,1.585));
#13612 = LINE('',#13613,#13614);
#13613 = CARTESIAN_POINT('',(76.486667,-74.018618,1.585));
#13614 = VECTOR('',#13615,1.);
#13615 = DIRECTION('',(-2.1302433044E-03,-0.999997731029,0.));
#13616 = ORIENTED_EDGE('',*,*,#13617,.T.);
#13617 = EDGE_CURVE('',#13610,#13618,#13620,.T.);
#13618 = VERTEX_POINT('',#13619);
#13619 = CARTESIAN_POINT('',(76.248973,-75.101121,1.585));
#13620 = CIRCLE('',#13621,0.119999802321);
#13621 = AXIS2_PLACEMENT_3D('',#13622,#13623,#13624);
#13622 = CARTESIAN_POINT('',(76.366667,-75.07771,1.585));
#13623 = DIRECTION('',(-0.,0.,-1.));
#13624 = DIRECTION('',(0.980784949008,-0.195091988047,-0.));
#13625 = ORIENTED_EDGE('',*,*,#13626,.T.);
#13626 = EDGE_CURVE('',#13618,#13627,#13629,.T.);
#13627 = VERTEX_POINT('',#13628);
#13628 = CARTESIAN_POINT('',(76.248973,-73.454299,1.585));
#13629 = LINE('',#13630,#13631);
#13630 = CARTESIAN_POINT('',(76.248973,-75.101121,1.585));
#13631 = VECTOR('',#13632,1.);
#13632 = DIRECTION('',(0.,1.,0.));
#13633 = ORIENTED_EDGE('',*,*,#13634,.T.);
#13634 = EDGE_CURVE('',#13627,#13635,#13637,.T.);
#13635 = VERTEX_POINT('',#13636);
#13636 = CARTESIAN_POINT('',(76.467526,-73.413657,1.585));
#13637 = CIRCLE('',#13638,0.11958826405);
#13638 = AXIS2_PLACEMENT_3D('',#13639,#13640,#13641);
#13639 = CARTESIAN_POINT('',(76.366316746595,-73.47735974659,1.585));
#13640 = DIRECTION('',(0.,0.,-1.));
#13641 = DIRECTION('',(-0.981231289937,0.192834529194,0.));
#13642 = ORIENTED_EDGE('',*,*,#13643,.T.);
#13643 = EDGE_CURVE('',#13635,#13644,#13646,.T.);
#13644 = VERTEX_POINT('',#13645);
#13645 = CARTESIAN_POINT('',(76.9,-74.336802,1.585));
#13646 = LINE('',#13647,#13648);
#13647 = CARTESIAN_POINT('',(76.467526,-73.413657,1.585));
#13648 = VECTOR('',#13649,1.);
#13649 = DIRECTION('',(0.424232631713,-0.905553242051,0.));
#13650 = ORIENTED_EDGE('',*,*,#13651,.T.);
#13651 = EDGE_CURVE('',#13644,#13517,#13652,.T.);
#13652 = LINE('',#13653,#13654);
#13653 = CARTESIAN_POINT('',(76.9,-74.336802,1.585));
#13654 = VECTOR('',#13655,1.);
#13655 = DIRECTION('',(0.424918921372,0.905231412546,0.));
#13656 = PLANE('',#13657);
#13657 = AXIS2_PLACEMENT_3D('',#13658,#13659,#13660);
#13658 = CARTESIAN_POINT('',(0.,0.,1.585));
#13659 = DIRECTION('',(0.,0.,1.));
#13660 = DIRECTION('',(1.,0.,-0.));
#13661 = SHELL_BASED_SURFACE_MODEL('',(#13662));
#13662 = OPEN_SHELL('',(#13663));
#13663 = ADVANCED_FACE('',(#13664,#13675),#13686,.T.);
#13664 = FACE_BOUND('',#13665,.T.);
#13665 = EDGE_LOOP('',(#13666));
#13666 = ORIENTED_EDGE('',*,*,#13667,.T.);
#13667 = EDGE_CURVE('',#13668,#13668,#13670,.T.);
#13668 = VERTEX_POINT('',#13669);
#13669 = CARTESIAN_POINT('',(79.724999,-68.6,1.585));
#13670 = CIRCLE('',#13671,4.524999);
#13671 = AXIS2_PLACEMENT_3D('',#13672,#13673,#13674);
#13672 = CARTESIAN_POINT('',(75.2,-68.6,1.585));
#13673 = DIRECTION('',(0.,0.,1.));
#13674 = DIRECTION('',(1.,0.,-0.));
#13675 = FACE_BOUND('',#13676,.F.);
#13676 = EDGE_LOOP('',(#13677));
#13677 = ORIENTED_EDGE('',*,*,#13678,.T.);
#13678 = EDGE_CURVE('',#13679,#13679,#13681,.T.);
#13679 = VERTEX_POINT('',#13680);
#13680 = CARTESIAN_POINT('',(79.479073,-68.6,1.585));
#13681 = CIRCLE('',#13682,4.279073);
#13682 = AXIS2_PLACEMENT_3D('',#13683,#13684,#13685);
#13683 = CARTESIAN_POINT('',(75.2,-68.6,1.585));
#13684 = DIRECTION('',(0.,0.,1.));
#13685 = DIRECTION('',(1.,0.,-0.));
#13686 = PLANE('',#13687);
#13687 = AXIS2_PLACEMENT_3D('',#13688,#13689,#13690);
#13688 = CARTESIAN_POINT('',(0.,0.,1.585));
#13689 = DIRECTION('',(0.,0.,1.));
#13690 = DIRECTION('',(1.,0.,-0.));
#13691 = SHELL_BASED_SURFACE_MODEL('',(#13692));
#13692 = OPEN_SHELL('',(#13693));
#13693 = ADVANCED_FACE('',(#13694),#13746,.T.);
#13694 = FACE_BOUND('',#13695,.F.);
#13695 = EDGE_LOOP('',(#13696,#13707,#13715,#13724,#13732,#13740));
#13696 = ORIENTED_EDGE('',*,*,#13697,.T.);
#13697 = EDGE_CURVE('',#13698,#13700,#13702,.T.);
#13698 = VERTEX_POINT('',#13699);
#13699 = CARTESIAN_POINT('',(63.033332,-60.977934,1.585));
#13700 = VERTEX_POINT('',#13701);
#13701 = CARTESIAN_POINT('',(63.217694,-61.054299,1.585));
#13702 = CIRCLE('',#13703,0.119999904712);
#13703 = AXIS2_PLACEMENT_3D('',#13704,#13705,#13706);
#13704 = CARTESIAN_POINT('',(63.1,-61.07771052482,1.585));
#13705 = DIRECTION('',(0.,0.,-1.));
#13706 = DIRECTION('',(-0.555567107826,0.831471700482,0.));
#13707 = ORIENTED_EDGE('',*,*,#13708,.T.);
#13708 = EDGE_CURVE('',#13700,#13709,#13711,.T.);
#13709 = VERTEX_POINT('',#13710);
#13710 = CARTESIAN_POINT('',(63.217694,-62.701121,1.585));
#13711 = LINE('',#13712,#13713);
#13712 = CARTESIAN_POINT('',(63.217694,-61.054299,1.585));
#13713 = VECTOR('',#13714,1.);
#13714 = DIRECTION('',(0.,-1.,0.));
#13715 = ORIENTED_EDGE('',*,*,#13716,.T.);
#13716 = EDGE_CURVE('',#13709,#13717,#13719,.T.);
#13717 = VERTEX_POINT('',#13718);
#13718 = CARTESIAN_POINT('',(62.982306,-62.701121,1.585));
#13719 = CIRCLE('',#13720,0.119999802321);
#13720 = AXIS2_PLACEMENT_3D('',#13721,#13722,#13723);
#13721 = CARTESIAN_POINT('',(63.1,-62.67771,1.585));
#13722 = DIRECTION('',(-0.,0.,-1.));
#13723 = DIRECTION('',(0.980784949008,-0.195091988047,-0.));
#13724 = ORIENTED_EDGE('',*,*,#13725,.T.);
#13725 = EDGE_CURVE('',#13717,#13726,#13728,.T.);
#13726 = VERTEX_POINT('',#13727);
#13727 = CARTESIAN_POINT('',(62.982306,-61.054299,1.585));
#13728 = LINE('',#13729,#13730);
#13729 = CARTESIAN_POINT('',(62.982306,-62.701121,1.585));
#13730 = VECTOR('',#13731,1.);
#13731 = DIRECTION('',(0.,1.,0.));
#13732 = ORIENTED_EDGE('',*,*,#13733,.T.);
#13733 = EDGE_CURVE('',#13726,#13734,#13736,.T.);
#13734 = VERTEX_POINT('',#13735);
#13735 = CARTESIAN_POINT('',(63.000224,-61.011042,1.585));
#13736 = LINE('',#13737,#13738);
#13737 = CARTESIAN_POINT('',(62.982306,-61.054299,1.585));
#13738 = VECTOR('',#13739,1.);
#13739 = DIRECTION('',(0.382690066869,0.923876784382,0.));
#13740 = ORIENTED_EDGE('',*,*,#13741,.T.);
#13741 = EDGE_CURVE('',#13734,#13698,#13742,.T.);
#13742 = LINE('',#13743,#13744);
#13743 = CARTESIAN_POINT('',(63.000224,-61.011042,1.585));
#13744 = VECTOR('',#13745,1.);
#13745 = DIRECTION('',(0.707106781186,0.707106781187,0.));
#13746 = PLANE('',#13747);
#13747 = AXIS2_PLACEMENT_3D('',#13748,#13749,#13750);
#13748 = CARTESIAN_POINT('',(0.,0.,1.585));
#13749 = DIRECTION('',(0.,0.,1.));
#13750 = DIRECTION('',(1.,0.,-0.));
#13751 = SHELL_BASED_SURFACE_MODEL('',(#13752));
#13752 = OPEN_SHELL('',(#13753));
#13753 = ADVANCED_FACE('',(#13754),#13864,.T.);
#13754 = FACE_BOUND('',#13755,.F.);
#13755 = EDGE_LOOP('',(#13756,#13767,#13775,#13783,#13791,#13799,#13807,
    #13816,#13824,#13833,#13841,#13849,#13858));
#13756 = ORIENTED_EDGE('',*,*,#13757,.T.);
#13757 = EDGE_CURVE('',#13758,#13760,#13762,.T.);
#13758 = VERTEX_POINT('',#13759);
#13759 = CARTESIAN_POINT('',(64.225163,-61.054299,1.585));
#13760 = VERTEX_POINT('',#13761);
#13761 = CARTESIAN_POINT('',(64.319446,-60.960016,1.585));
#13762 = CIRCLE('',#13763,0.120001662203);
#13763 = AXIS2_PLACEMENT_3D('',#13764,#13765,#13766);
#13764 = CARTESIAN_POINT('',(64.342858581692,-61.07771158169,1.585));
#13765 = DIRECTION('',(0.,0.,-1.));
#13766 = DIRECTION('',(-0.980782928603,0.195102144942,0.));
#13767 = ORIENTED_EDGE('',*,*,#13768,.T.);
#13768 = EDGE_CURVE('',#13760,#13769,#13771,.T.);
#13769 = VERTEX_POINT('',#13770);
#13770 = CARTESIAN_POINT('',(64.358616,-60.960016,1.585));
#13771 = LINE('',#13772,#13773);
#13772 = CARTESIAN_POINT('',(64.319446,-60.960016,1.585));
#13773 = VECTOR('',#13774,1.);
#13774 = DIRECTION('',(1.,0.,0.));
#13775 = ORIENTED_EDGE('',*,*,#13776,.T.);
#13776 = EDGE_CURVE('',#13769,#13777,#13779,.T.);
#13777 = VERTEX_POINT('',#13778);
#13778 = CARTESIAN_POINT('',(64.409525,-60.977934,1.585));
#13779 = LINE('',#13780,#13781);
#13780 = CARTESIAN_POINT('',(64.358616,-60.960016,1.585));
#13781 = VECTOR('',#13782,1.);
#13782 = DIRECTION('',(0.943280050104,-0.33199811306,0.));
#13783 = ORIENTED_EDGE('',*,*,#13784,.T.);
#13784 = EDGE_CURVE('',#13777,#13785,#13787,.T.);
#13785 = VERTEX_POINT('',#13786);
#13786 = CARTESIAN_POINT('',(64.443542,-61.013237,1.585));
#13787 = LINE('',#13788,#13789);
#13788 = CARTESIAN_POINT('',(64.409525,-60.977934,1.585));
#13789 = VECTOR('',#13790,1.);
#13790 = DIRECTION('',(0.693869395532,-0.720100869285,0.));
#13791 = ORIENTED_EDGE('',*,*,#13792,.T.);
#13792 = EDGE_CURVE('',#13785,#13793,#13795,.T.);
#13793 = VERTEX_POINT('',#13794);
#13794 = CARTESIAN_POINT('',(65.137143,-62.225842,1.585));
#13795 = LINE('',#13796,#13797);
#13796 = CARTESIAN_POINT('',(64.443542,-61.013237,1.585));
#13797 = VECTOR('',#13798,1.);
#13798 = DIRECTION('',(0.496507926017,-0.868032187999,0.));
#13799 = ORIENTED_EDGE('',*,*,#13800,.T.);
#13800 = EDGE_CURVE('',#13793,#13801,#13803,.T.);
#13801 = VERTEX_POINT('',#13802);
#13802 = CARTESIAN_POINT('',(65.139449,-61.054299,1.585));
#13803 = LINE('',#13804,#13805);
#13804 = CARTESIAN_POINT('',(65.137143,-62.225842,1.585));
#13805 = VECTOR('',#13806,1.);
#13806 = DIRECTION('',(1.968340498691E-03,0.999998062816,0.));
#13807 = ORIENTED_EDGE('',*,*,#13808,.T.);
#13808 = EDGE_CURVE('',#13801,#13809,#13811,.T.);
#13809 = VERTEX_POINT('',#13810);
#13810 = CARTESIAN_POINT('',(65.374837,-61.054299,1.585));
#13811 = CIRCLE('',#13812,0.119999802321);
#13812 = AXIS2_PLACEMENT_3D('',#13813,#13814,#13815);
#13813 = CARTESIAN_POINT('',(65.257143,-61.07771,1.585));
#13814 = DIRECTION('',(0.,0.,-1.));
#13815 = DIRECTION('',(-0.980784949008,0.195091988047,0.));
#13816 = ORIENTED_EDGE('',*,*,#13817,.T.);
#13817 = EDGE_CURVE('',#13809,#13818,#13820,.T.);
#13818 = VERTEX_POINT('',#13819);
#13819 = CARTESIAN_POINT('',(65.374837,-62.701121,1.585));
#13820 = LINE('',#13821,#13822);
#13821 = CARTESIAN_POINT('',(65.374837,-61.054299,1.585));
#13822 = VECTOR('',#13823,1.);
#13823 = DIRECTION('',(0.,-1.,0.));
#13824 = ORIENTED_EDGE('',*,*,#13825,.T.);
#13825 = EDGE_CURVE('',#13818,#13826,#13828,.T.);
#13826 = VERTEX_POINT('',#13827);
#13827 = CARTESIAN_POINT('',(65.156457,-62.742182,1.585));
#13828 = CIRCLE('',#13829,0.119649749047);
#13829 = AXIS2_PLACEMENT_3D('',#13830,#13831,#13832);
#13830 = CARTESIAN_POINT('',(65.257440890178,-62.67800789017,1.585));
#13831 = DIRECTION('',(-0.,0.,-1.));
#13832 = DIRECTION('',(0.981164697437,-0.19317307396,-0.));
#13833 = ORIENTED_EDGE('',*,*,#13834,.T.);
#13834 = EDGE_CURVE('',#13826,#13835,#13837,.T.);
#13835 = VERTEX_POINT('',#13836);
#13836 = CARTESIAN_POINT('',(64.462857,-61.529577,1.585));
#13837 = LINE('',#13838,#13839);
#13838 = CARTESIAN_POINT('',(65.156457,-62.742182,1.585));
#13839 = VECTOR('',#13840,1.);
#13840 = DIRECTION('',(-0.496507386645,0.868032496515,0.));
#13841 = ORIENTED_EDGE('',*,*,#13842,.T.);
#13842 = EDGE_CURVE('',#13835,#13843,#13845,.T.);
#13843 = VERTEX_POINT('',#13844);
#13844 = CARTESIAN_POINT('',(64.460551,-62.701121,1.585));
#13845 = LINE('',#13846,#13847);
#13846 = CARTESIAN_POINT('',(64.462857,-61.529577,1.585));
#13847 = VECTOR('',#13848,1.);
#13848 = DIRECTION('',(-1.968338818572E-03,-0.999998062819,0.));
#13849 = ORIENTED_EDGE('',*,*,#13850,.T.);
#13850 = EDGE_CURVE('',#13843,#13851,#13853,.T.);
#13851 = VERTEX_POINT('',#13852);
#13852 = CARTESIAN_POINT('',(64.225163,-62.701121,1.585));
#13853 = CIRCLE('',#13854,0.119999802321);
#13854 = AXIS2_PLACEMENT_3D('',#13855,#13856,#13857);
#13855 = CARTESIAN_POINT('',(64.342857,-62.67771,1.585));
#13856 = DIRECTION('',(-0.,0.,-1.));
#13857 = DIRECTION('',(0.980784949008,-0.195091988047,-0.));
#13858 = ORIENTED_EDGE('',*,*,#13859,.T.);
#13859 = EDGE_CURVE('',#13851,#13758,#13860,.T.);
#13860 = LINE('',#13861,#13862);
#13861 = CARTESIAN_POINT('',(64.225163,-62.701121,1.585));
#13862 = VECTOR('',#13863,1.);
#13863 = DIRECTION('',(0.,1.,0.));
#13864 = PLANE('',#13865);
#13865 = AXIS2_PLACEMENT_3D('',#13866,#13867,#13868);
#13866 = CARTESIAN_POINT('',(0.,0.,1.585));
#13867 = DIRECTION('',(0.,0.,1.));
#13868 = DIRECTION('',(1.,0.,-0.));
#13869 = SHELL_BASED_SURFACE_MODEL('',(#13870));
#13870 = OPEN_SHELL('',(#13871));
#13871 = ADVANCED_FACE('',(#13872),#14022,.T.);
#13872 = FACE_BOUND('',#13873,.F.);
#13873 = EDGE_LOOP('',(#13874,#13884,#13892,#13900,#13908,#13917,#13925,
    #13933,#13942,#13950,#13959,#13967,#13975,#13983,#13991,#14000,
    #14008,#14016));
#13874 = ORIENTED_EDGE('',*,*,#13875,.T.);
#13875 = EDGE_CURVE('',#13876,#13878,#13880,.T.);
#13876 = VERTEX_POINT('',#13877);
#13877 = CARTESIAN_POINT('',(66.415058,-60.992946,1.585));
#13878 = VERTEX_POINT('',#13879);
#13879 = CARTESIAN_POINT('',(66.453961,-60.966893,1.585));
#13880 = LINE('',#13881,#13882);
#13881 = CARTESIAN_POINT('',(66.415058,-60.992946,1.585));
#13882 = VECTOR('',#13883,1.);
#13883 = DIRECTION('',(0.830888573965,0.556438835501,0.));
#13884 = ORIENTED_EDGE('',*,*,#13885,.T.);
#13885 = EDGE_CURVE('',#13878,#13886,#13888,.T.);
#13886 = VERTEX_POINT('',#13887);
#13887 = CARTESIAN_POINT('',(66.499874,-60.957711,1.585));
#13888 = LINE('',#13889,#13890);
#13889 = CARTESIAN_POINT('',(66.453961,-60.966893,1.585));
#13890 = VECTOR('',#13891,1.);
#13891 = DIRECTION('',(0.980583139931,0.196103813535,0.));
#13892 = ORIENTED_EDGE('',*,*,#13893,.T.);
#13893 = EDGE_CURVE('',#13886,#13894,#13896,.T.);
#13894 = VERTEX_POINT('',#13895);
#13895 = CARTESIAN_POINT('',(66.511526,-60.960016,1.585));
#13896 = LINE('',#13897,#13898);
#13897 = CARTESIAN_POINT('',(66.499874,-60.957711,1.585));
#13898 = VECTOR('',#13899,1.);
#13899 = DIRECTION('',(0.980989758926,-0.19405950861,0.));
#13900 = ORIENTED_EDGE('',*,*,#13901,.T.);
#13901 = EDGE_CURVE('',#13894,#13902,#13904,.T.);
#13902 = VERTEX_POINT('',#13903);
#13903 = CARTESIAN_POINT('',(66.545805,-60.966797,1.585));
#13904 = LINE('',#13905,#13906);
#13905 = CARTESIAN_POINT('',(66.511526,-60.960016,1.585));
#13906 = VECTOR('',#13907,1.);
#13907 = DIRECTION('',(0.980990171778,-0.194057421594,0.));
#13908 = ORIENTED_EDGE('',*,*,#13909,.T.);
#13909 = EDGE_CURVE('',#13902,#13910,#13912,.T.);
#13910 = VERTEX_POINT('',#13911);
#13911 = CARTESIAN_POINT('',(66.619999,-61.07771,1.585));
#13912 = CIRCLE('',#13913,0.120000031908);
#13913 = AXIS2_PLACEMENT_3D('',#13914,#13915,#13916);
#13914 = CARTESIAN_POINT('',(66.499998968093,-61.07771054786,1.585));
#13915 = DIRECTION('',(0.,0.,-1.));
#13916 = DIRECTION('',(0.381716831057,0.924279319734,0.));
#13917 = ORIENTED_EDGE('',*,*,#13918,.T.);
#13918 = EDGE_CURVE('',#13910,#13919,#13921,.T.);
#13919 = VERTEX_POINT('',#13920);
#13920 = CARTESIAN_POINT('',(66.619999,-62.55771,1.585));
#13921 = LINE('',#13922,#13923);
#13922 = CARTESIAN_POINT('',(66.619999,-61.07771,1.585));
#13923 = VECTOR('',#13924,1.);
#13924 = DIRECTION('',(0.,-1.,0.));
#13925 = ORIENTED_EDGE('',*,*,#13926,.T.);
#13926 = EDGE_CURVE('',#13919,#13927,#13929,.T.);
#13927 = VERTEX_POINT('',#13928);
#13928 = CARTESIAN_POINT('',(66.980553,-62.560016,1.585));
#13929 = LINE('',#13930,#13931);
#13930 = CARTESIAN_POINT('',(66.619999,-62.55771,1.585));
#13931 = VECTOR('',#13932,1.);
#13932 = DIRECTION('',(0.999979548053,-6.395582458684E-03,0.));
#13933 = ORIENTED_EDGE('',*,*,#13934,.T.);
#13934 = EDGE_CURVE('',#13927,#13935,#13937,.T.);
#13935 = VERTEX_POINT('',#13936);
#13936 = CARTESIAN_POINT('',(66.980553,-62.795404,1.585));
#13937 = CIRCLE('',#13938,0.119999802321);
#13938 = AXIS2_PLACEMENT_3D('',#13939,#13940,#13941);
#13939 = CARTESIAN_POINT('',(66.957142,-62.67771,1.585));
#13940 = DIRECTION('',(0.,0.,-1.));
#13941 = DIRECTION('',(0.195091988047,0.980784949008,0.));
#13942 = ORIENTED_EDGE('',*,*,#13943,.T.);
#13943 = EDGE_CURVE('',#13935,#13944,#13946,.T.);
#13944 = VERTEX_POINT('',#13945);
#13945 = CARTESIAN_POINT('',(66.019445,-62.795404,1.585));
#13946 = LINE('',#13947,#13948);
#13947 = CARTESIAN_POINT('',(66.980553,-62.795404,1.585));
#13948 = VECTOR('',#13949,1.);
#13949 = DIRECTION('',(-1.,0.,0.));
#13950 = ORIENTED_EDGE('',*,*,#13951,.T.);
#13951 = EDGE_CURVE('',#13944,#13952,#13954,.T.);
#13952 = VERTEX_POINT('',#13953);
#13953 = CARTESIAN_POINT('',(66.019445,-62.560016,1.585));
#13954 = CIRCLE('',#13955,0.119999802321);
#13955 = AXIS2_PLACEMENT_3D('',#13956,#13957,#13958);
#13956 = CARTESIAN_POINT('',(66.042856,-62.67771,1.585));
#13957 = DIRECTION('',(0.,0.,-1.));
#13958 = DIRECTION('',(-0.195091988047,-0.980784949008,-0.));
#13959 = ORIENTED_EDGE('',*,*,#13960,.T.);
#13960 = EDGE_CURVE('',#13952,#13961,#13963,.T.);
#13961 = VERTEX_POINT('',#13962);
#13962 = CARTESIAN_POINT('',(66.379999,-62.55771,1.585));
#13963 = LINE('',#13964,#13965);
#13964 = CARTESIAN_POINT('',(66.019445,-62.560016,1.585));
#13965 = VECTOR('',#13966,1.);
#13966 = DIRECTION('',(0.999979548053,6.395582458684E-03,0.));
#13967 = ORIENTED_EDGE('',*,*,#13968,.T.);
#13968 = EDGE_CURVE('',#13961,#13969,#13971,.T.);
#13969 = VERTEX_POINT('',#13970);
#13970 = CARTESIAN_POINT('',(66.379999,-61.443606,1.585));
#13971 = LINE('',#13972,#13973);
#13972 = CARTESIAN_POINT('',(66.379999,-62.55771,1.585));
#13973 = VECTOR('',#13974,1.);
#13974 = DIRECTION('',(0.,1.,0.));
#13975 = ORIENTED_EDGE('',*,*,#13976,.T.);
#13976 = EDGE_CURVE('',#13969,#13977,#13979,.T.);
#13977 = VERTEX_POINT('',#13978);
#13978 = CARTESIAN_POINT('',(66.258979,-61.559649,1.585));
#13979 = LINE('',#13980,#13981);
#13980 = CARTESIAN_POINT('',(66.379999,-61.443606,1.585));
#13981 = VECTOR('',#13982,1.);
#13982 = DIRECTION('',(-0.721793024117,-0.692108972877,0.));
#13983 = ORIENTED_EDGE('',*,*,#13984,.T.);
#13984 = EDGE_CURVE('',#13977,#13985,#13987,.T.);
#13985 = VERTEX_POINT('',#13986);
#13986 = CARTESIAN_POINT('',(66.074551,-61.650591,1.585));
#13987 = LINE('',#13988,#13989);
#13988 = CARTESIAN_POINT('',(66.258979,-61.559649,1.585));
#13989 = VECTOR('',#13990,1.);
#13990 = DIRECTION('',(-0.896887835272,-0.442258081827,0.));
#13991 = ORIENTED_EDGE('',*,*,#13992,.T.);
#13992 = EDGE_CURVE('',#13985,#13993,#13995,.T.);
#13993 = VERTEX_POINT('',#13994);
#13994 = CARTESIAN_POINT('',(65.969282,-61.440054,1.585));
#13995 = CIRCLE('',#13996,0.119999591613);
#13996 = AXIS2_PLACEMENT_3D('',#13997,#13998,#13999);
#13997 = CARTESIAN_POINT('',(66.042855521247,-61.53485293964,1.585));
#13998 = DIRECTION('',(0.,0.,-1.));
#13999 = DIRECTION('',(0.2641298885,-0.964487118629,0.));
#14000 = ORIENTED_EDGE('',*,*,#14001,.T.);
#14001 = EDGE_CURVE('',#13993,#14002,#14004,.T.);
#14002 = VERTEX_POINT('',#14003);
#14003 = CARTESIAN_POINT('',(66.124152,-61.36004,1.585));
#14004 = LINE('',#14005,#14006);
#14005 = CARTESIAN_POINT('',(65.969282,-61.440054,1.585));
#14006 = VECTOR('',#14007,1.);
#14007 = DIRECTION('',(0.888430975559,0.459010241353,0.));
#14008 = ORIENTED_EDGE('',*,*,#14009,.T.);
#14009 = EDGE_CURVE('',#14002,#14010,#14012,.T.);
#14010 = VERTEX_POINT('',#14011);
#14011 = CARTESIAN_POINT('',(66.254364,-61.229828,1.585));
#14012 = LINE('',#14013,#14014);
#14013 = CARTESIAN_POINT('',(66.124152,-61.36004,1.585));
#14014 = VECTOR('',#14015,1.);
#14015 = DIRECTION('',(0.707106781187,0.707106781187,0.));
#14016 = ORIENTED_EDGE('',*,*,#14017,.T.);
#14017 = EDGE_CURVE('',#14010,#13876,#14018,.T.);
#14018 = LINE('',#14019,#14020);
#14019 = CARTESIAN_POINT('',(66.254364,-61.229828,1.585));
#14020 = VECTOR('',#14021,1.);
#14021 = DIRECTION('',(0.561388131408,0.827552636341,0.));
#14022 = PLANE('',#14023);
#14023 = AXIS2_PLACEMENT_3D('',#14024,#14025,#14026);
#14024 = CARTESIAN_POINT('',(0.,0.,1.585));
#14025 = DIRECTION('',(0.,0.,1.));
#14026 = DIRECTION('',(1.,0.,-0.));
#14027 = SHELL_BASED_SURFACE_MODEL('',(#14028));
#14028 = OPEN_SHELL('',(#14029));
#14029 = ADVANCED_FACE('',(#14030),#14082,.T.);
#14030 = FACE_BOUND('',#14031,.F.);
#14031 = EDGE_LOOP('',(#14032,#14043,#14051,#14060,#14068,#14076));
#14032 = ORIENTED_EDGE('',*,*,#14033,.T.);
#14033 = EDGE_CURVE('',#14034,#14036,#14038,.T.);
#14034 = VERTEX_POINT('',#14035);
#14035 = CARTESIAN_POINT('',(73.433332,-60.977934,1.585));
#14036 = VERTEX_POINT('',#14037);
#14037 = CARTESIAN_POINT('',(73.617694,-61.054299,1.585));
#14038 = CIRCLE('',#14039,0.119999904712);
#14039 = AXIS2_PLACEMENT_3D('',#14040,#14041,#14042);
#14040 = CARTESIAN_POINT('',(73.5,-61.07771052482,1.585));
#14041 = DIRECTION('',(0.,0.,-1.));
#14042 = DIRECTION('',(-0.555567107826,0.831471700482,0.));
#14043 = ORIENTED_EDGE('',*,*,#14044,.T.);
#14044 = EDGE_CURVE('',#14036,#14045,#14047,.T.);
#14045 = VERTEX_POINT('',#14046);
#14046 = CARTESIAN_POINT('',(73.617694,-62.701121,1.585));
#14047 = LINE('',#14048,#14049);
#14048 = CARTESIAN_POINT('',(73.617694,-61.054299,1.585));
#14049 = VECTOR('',#14050,1.);
#14050 = DIRECTION('',(0.,-1.,0.));
#14051 = ORIENTED_EDGE('',*,*,#14052,.T.);
#14052 = EDGE_CURVE('',#14045,#14053,#14055,.T.);
#14053 = VERTEX_POINT('',#14054);
#14054 = CARTESIAN_POINT('',(73.382306,-62.701121,1.585));
#14055 = CIRCLE('',#14056,0.119999802321);
#14056 = AXIS2_PLACEMENT_3D('',#14057,#14058,#14059);
#14057 = CARTESIAN_POINT('',(73.5,-62.67771,1.585));
#14058 = DIRECTION('',(-0.,0.,-1.));
#14059 = DIRECTION('',(0.980784949008,-0.195091988047,-0.));
#14060 = ORIENTED_EDGE('',*,*,#14061,.T.);
#14061 = EDGE_CURVE('',#14053,#14062,#14064,.T.);
#14062 = VERTEX_POINT('',#14063);
#14063 = CARTESIAN_POINT('',(73.382306,-61.054299,1.585));
#14064 = LINE('',#14065,#14066);
#14065 = CARTESIAN_POINT('',(73.382306,-62.701121,1.585));
#14066 = VECTOR('',#14067,1.);
#14067 = DIRECTION('',(0.,1.,0.));
#14068 = ORIENTED_EDGE('',*,*,#14069,.T.);
#14069 = EDGE_CURVE('',#14062,#14070,#14072,.T.);
#14070 = VERTEX_POINT('',#14071);
#14071 = CARTESIAN_POINT('',(73.400224,-61.011042,1.585));
#14072 = LINE('',#14073,#14074);
#14073 = CARTESIAN_POINT('',(73.382306,-61.054299,1.585));
#14074 = VECTOR('',#14075,1.);
#14075 = DIRECTION('',(0.382690066869,0.923876784382,0.));
#14076 = ORIENTED_EDGE('',*,*,#14077,.T.);
#14077 = EDGE_CURVE('',#14070,#14034,#14078,.T.);
#14078 = LINE('',#14079,#14080);
#14079 = CARTESIAN_POINT('',(73.400224,-61.011042,1.585));
#14080 = VECTOR('',#14081,1.);
#14081 = DIRECTION('',(0.707106781186,0.707106781187,0.));
#14082 = PLANE('',#14083);
#14083 = AXIS2_PLACEMENT_3D('',#14084,#14085,#14086);
#14084 = CARTESIAN_POINT('',(0.,0.,1.585));
#14085 = DIRECTION('',(0.,0.,1.));
#14086 = DIRECTION('',(1.,0.,-0.));
#14087 = SHELL_BASED_SURFACE_MODEL('',(#14088));
#14088 = OPEN_SHELL('',(#14089));
#14089 = ADVANCED_FACE('',(#14090),#14200,.T.);
#14090 = FACE_BOUND('',#14091,.F.);
#14091 = EDGE_LOOP('',(#14092,#14103,#14111,#14119,#14127,#14135,#14143,
    #14152,#14160,#14169,#14177,#14185,#14194));
#14092 = ORIENTED_EDGE('',*,*,#14093,.T.);
#14093 = EDGE_CURVE('',#14094,#14096,#14098,.T.);
#14094 = VERTEX_POINT('',#14095);
#14095 = CARTESIAN_POINT('',(74.625163,-61.054299,1.585));
#14096 = VERTEX_POINT('',#14097);
#14097 = CARTESIAN_POINT('',(74.719446,-60.960016,1.585));
#14098 = CIRCLE('',#14099,0.120001662203);
#14099 = AXIS2_PLACEMENT_3D('',#14100,#14101,#14102);
#14100 = CARTESIAN_POINT('',(74.742858581692,-61.07771158169,1.585));
#14101 = DIRECTION('',(0.,0.,-1.));
#14102 = DIRECTION('',(-0.980782928603,0.195102144941,0.));
#14103 = ORIENTED_EDGE('',*,*,#14104,.T.);
#14104 = EDGE_CURVE('',#14096,#14105,#14107,.T.);
#14105 = VERTEX_POINT('',#14106);
#14106 = CARTESIAN_POINT('',(74.758616,-60.960016,1.585));
#14107 = LINE('',#14108,#14109);
#14108 = CARTESIAN_POINT('',(74.719446,-60.960016,1.585));
#14109 = VECTOR('',#14110,1.);
#14110 = DIRECTION('',(1.,0.,0.));
#14111 = ORIENTED_EDGE('',*,*,#14112,.T.);
#14112 = EDGE_CURVE('',#14105,#14113,#14115,.T.);
#14113 = VERTEX_POINT('',#14114);
#14114 = CARTESIAN_POINT('',(74.809525,-60.977934,1.585));
#14115 = LINE('',#14116,#14117);
#14116 = CARTESIAN_POINT('',(74.758616,-60.960016,1.585));
#14117 = VECTOR('',#14118,1.);
#14118 = DIRECTION('',(0.943280050104,-0.33199811306,0.));
#14119 = ORIENTED_EDGE('',*,*,#14120,.T.);
#14120 = EDGE_CURVE('',#14113,#14121,#14123,.T.);
#14121 = VERTEX_POINT('',#14122);
#14122 = CARTESIAN_POINT('',(74.843542,-61.013237,1.585));
#14123 = LINE('',#14124,#14125);
#14124 = CARTESIAN_POINT('',(74.809525,-60.977934,1.585));
#14125 = VECTOR('',#14126,1.);
#14126 = DIRECTION('',(0.693869395532,-0.720100869285,0.));
#14127 = ORIENTED_EDGE('',*,*,#14128,.T.);
#14128 = EDGE_CURVE('',#14121,#14129,#14131,.T.);
#14129 = VERTEX_POINT('',#14130);
#14130 = CARTESIAN_POINT('',(75.537143,-62.225842,1.585));
#14131 = LINE('',#14132,#14133);
#14132 = CARTESIAN_POINT('',(74.843542,-61.013237,1.585));
#14133 = VECTOR('',#14134,1.);
#14134 = DIRECTION('',(0.496507926017,-0.868032187999,0.));
#14135 = ORIENTED_EDGE('',*,*,#14136,.T.);
#14136 = EDGE_CURVE('',#14129,#14137,#14139,.T.);
#14137 = VERTEX_POINT('',#14138);
#14138 = CARTESIAN_POINT('',(75.539449,-61.054299,1.585));
#14139 = LINE('',#14140,#14141);
#14140 = CARTESIAN_POINT('',(75.537143,-62.225842,1.585));
#14141 = VECTOR('',#14142,1.);
#14142 = DIRECTION('',(1.968340498691E-03,0.999998062816,0.));
#14143 = ORIENTED_EDGE('',*,*,#14144,.T.);
#14144 = EDGE_CURVE('',#14137,#14145,#14147,.T.);
#14145 = VERTEX_POINT('',#14146);
#14146 = CARTESIAN_POINT('',(75.774837,-61.054299,1.585));
#14147 = CIRCLE('',#14148,0.119999802321);
#14148 = AXIS2_PLACEMENT_3D('',#14149,#14150,#14151);
#14149 = CARTESIAN_POINT('',(75.657143,-61.07771,1.585));
#14150 = DIRECTION('',(0.,0.,-1.));
#14151 = DIRECTION('',(-0.980784949008,0.195091988047,0.));
#14152 = ORIENTED_EDGE('',*,*,#14153,.T.);
#14153 = EDGE_CURVE('',#14145,#14154,#14156,.T.);
#14154 = VERTEX_POINT('',#14155);
#14155 = CARTESIAN_POINT('',(75.774837,-62.701121,1.585));
#14156 = LINE('',#14157,#14158);
#14157 = CARTESIAN_POINT('',(75.774837,-61.054299,1.585));
#14158 = VECTOR('',#14159,1.);
#14159 = DIRECTION('',(0.,-1.,0.));
#14160 = ORIENTED_EDGE('',*,*,#14161,.T.);
#14161 = EDGE_CURVE('',#14154,#14162,#14164,.T.);
#14162 = VERTEX_POINT('',#14163);
#14163 = CARTESIAN_POINT('',(75.556457,-62.742182,1.585));
#14164 = CIRCLE('',#14165,0.119649749047);
#14165 = AXIS2_PLACEMENT_3D('',#14166,#14167,#14168);
#14166 = CARTESIAN_POINT('',(75.657440890178,-62.67800789017,1.585));
#14167 = DIRECTION('',(-0.,0.,-1.));
#14168 = DIRECTION('',(0.981164697437,-0.19317307396,-0.));
#14169 = ORIENTED_EDGE('',*,*,#14170,.T.);
#14170 = EDGE_CURVE('',#14162,#14171,#14173,.T.);
#14171 = VERTEX_POINT('',#14172);
#14172 = CARTESIAN_POINT('',(74.862857,-61.529577,1.585));
#14173 = LINE('',#14174,#14175);
#14174 = CARTESIAN_POINT('',(75.556457,-62.742182,1.585));
#14175 = VECTOR('',#14176,1.);
#14176 = DIRECTION('',(-0.496507386645,0.868032496515,0.));
#14177 = ORIENTED_EDGE('',*,*,#14178,.T.);
#14178 = EDGE_CURVE('',#14171,#14179,#14181,.T.);
#14179 = VERTEX_POINT('',#14180);
#14180 = CARTESIAN_POINT('',(74.860551,-62.701121,1.585));
#14181 = LINE('',#14182,#14183);
#14182 = CARTESIAN_POINT('',(74.862857,-61.529577,1.585));
#14183 = VECTOR('',#14184,1.);
#14184 = DIRECTION('',(-1.968338818572E-03,-0.999998062819,0.));
#14185 = ORIENTED_EDGE('',*,*,#14186,.T.);
#14186 = EDGE_CURVE('',#14179,#14187,#14189,.T.);
#14187 = VERTEX_POINT('',#14188);
#14188 = CARTESIAN_POINT('',(74.625163,-62.701121,1.585));
#14189 = CIRCLE('',#14190,0.119999802321);
#14190 = AXIS2_PLACEMENT_3D('',#14191,#14192,#14193);
#14191 = CARTESIAN_POINT('',(74.742857,-62.67771,1.585));
#14192 = DIRECTION('',(-0.,0.,-1.));
#14193 = DIRECTION('',(0.980784949008,-0.195091988047,-0.));
#14194 = ORIENTED_EDGE('',*,*,#14195,.T.);
#14195 = EDGE_CURVE('',#14187,#14094,#14196,.T.);
#14196 = LINE('',#14197,#14198);
#14197 = CARTESIAN_POINT('',(74.625163,-62.701121,1.585));
#14198 = VECTOR('',#14199,1.);
#14199 = DIRECTION('',(0.,1.,0.));
#14200 = PLANE('',#14201);
#14201 = AXIS2_PLACEMENT_3D('',#14202,#14203,#14204);
#14202 = CARTESIAN_POINT('',(0.,0.,1.585));
#14203 = DIRECTION('',(0.,0.,1.));
#14204 = DIRECTION('',(1.,0.,-0.));
#14205 = SHELL_BASED_SURFACE_MODEL('',(#14206));
#14206 = OPEN_SHELL('',(#14207));
#14207 = ADVANCED_FACE('',(#14208),#14414,.T.);
#14208 = FACE_BOUND('',#14209,.F.);
#14209 = EDGE_LOOP('',(#14210,#14220,#14228,#14236,#14244,#14252,#14260,
    #14268,#14276,#14284,#14292,#14300,#14308,#14316,#14325,#14333,
    #14342,#14350,#14358,#14366,#14375,#14383,#14391,#14399,#14408));
#14210 = ORIENTED_EDGE('',*,*,#14211,.T.);
#14211 = EDGE_CURVE('',#14212,#14214,#14216,.T.);
#14212 = VERTEX_POINT('',#14213);
#14213 = CARTESIAN_POINT('',(76.452379,-61.054124,1.585));
#14214 = VERTEX_POINT('',#14215);
#14215 = CARTESIAN_POINT('',(76.639733,-60.961971,1.585));
#14216 = LINE('',#14217,#14218);
#14217 = CARTESIAN_POINT('',(76.452379,-61.054124,1.585));
#14218 = VECTOR('',#14219,1.);
#14219 = DIRECTION('',(0.897327795127,0.441364733629,0.));
#14220 = ORIENTED_EDGE('',*,*,#14221,.T.);
#14221 = EDGE_CURVE('',#14214,#14222,#14224,.T.);
#14222 = VERTEX_POINT('',#14223);
#14223 = CARTESIAN_POINT('',(76.671428,-60.95771,1.585));
#14224 = LINE('',#14225,#14226);
#14225 = CARTESIAN_POINT('',(76.639733,-60.961971,1.585));
#14226 = VECTOR('',#14227,1.);
#14227 = DIRECTION('',(0.991083942394,0.133238954994,0.));
#14228 = ORIENTED_EDGE('',*,*,#14229,.T.);
#14229 = EDGE_CURVE('',#14222,#14230,#14232,.T.);
#14230 = VERTEX_POINT('',#14231);
#14231 = CARTESIAN_POINT('',(77.075791,-60.960016,1.585));
#14232 = LINE('',#14233,#14234);
#14233 = CARTESIAN_POINT('',(76.671428,-60.95771,1.585));
#14234 = VECTOR('',#14235,1.);
#14235 = DIRECTION('',(0.999983739451,-5.702704013916E-03,0.));
#14236 = ORIENTED_EDGE('',*,*,#14237,.T.);
#14237 = EDGE_CURVE('',#14230,#14238,#14240,.T.);
#14238 = VERTEX_POINT('',#14239);
#14239 = CARTESIAN_POINT('',(77.106045,-60.970379,1.585));
#14240 = LINE('',#14241,#14242);
#14241 = CARTESIAN_POINT('',(77.075791,-60.960016,1.585));
#14242 = VECTOR('',#14243,1.);
#14243 = DIRECTION('',(0.946039921511,-0.324050099379,0.));
#14244 = ORIENTED_EDGE('',*,*,#14245,.T.);
#14245 = EDGE_CURVE('',#14238,#14246,#14248,.T.);
#14246 = VERTEX_POINT('',#14247);
#14247 = CARTESIAN_POINT('',(77.278335,-61.059101,1.585));
#14248 = LINE('',#14249,#14250);
#14249 = CARTESIAN_POINT('',(77.106045,-60.970379,1.585));
#14250 = VECTOR('',#14251,1.);
#14251 = DIRECTION('',(0.889044826057,-0.457820158207,0.));
#14252 = ORIENTED_EDGE('',*,*,#14253,.T.);
#14253 = EDGE_CURVE('',#14246,#14254,#14256,.T.);
#14254 = VERTEX_POINT('',#14255);
#14255 = CARTESIAN_POINT('',(77.380728,-61.163423,1.585));
#14256 = LINE('',#14257,#14258);
#14257 = CARTESIAN_POINT('',(77.278335,-61.059101,1.585));
#14258 = VECTOR('',#14259,1.);
#14259 = DIRECTION('',(0.700477782645,-0.7136742086,0.));
#14260 = ORIENTED_EDGE('',*,*,#14261,.T.);
#14261 = EDGE_CURVE('',#14254,#14262,#14264,.T.);
#14262 = VERTEX_POINT('',#14263);
#14263 = CARTESIAN_POINT('',(77.472881,-61.350777,1.585));
#14264 = LINE('',#14265,#14266);
#14265 = CARTESIAN_POINT('',(77.380728,-61.163423,1.585));
#14266 = VECTOR('',#14267,1.);
#14267 = DIRECTION('',(0.441364733629,-0.897327795127,0.));
#14268 = ORIENTED_EDGE('',*,*,#14269,.T.);
#14269 = EDGE_CURVE('',#14262,#14270,#14272,.T.);
#14270 = VERTEX_POINT('',#14271);
#14271 = CARTESIAN_POINT('',(77.477142,-61.382472,1.585));
#14272 = LINE('',#14273,#14274);
#14273 = CARTESIAN_POINT('',(77.472881,-61.350777,1.585));
#14274 = VECTOR('',#14275,1.);
#14275 = DIRECTION('',(0.133238954994,-0.991083942394,0.));
#14276 = ORIENTED_EDGE('',*,*,#14277,.T.);
#14277 = EDGE_CURVE('',#14270,#14278,#14280,.T.);
#14278 = VERTEX_POINT('',#14279);
#14279 = CARTESIAN_POINT('',(77.473623,-61.56119,1.585));
#14280 = LINE('',#14281,#14282);
#14281 = CARTESIAN_POINT('',(77.477142,-61.382472,1.585));
#14282 = VECTOR('',#14283,1.);
#14283 = DIRECTION('',(-1.968642235531E-02,-0.999806203609,0.));
#14284 = ORIENTED_EDGE('',*,*,#14285,.T.);
#14285 = EDGE_CURVE('',#14278,#14286,#14288,.T.);
#14286 = VERTEX_POINT('',#14287);
#14287 = CARTESIAN_POINT('',(77.385203,-61.822852,1.585));
#14288 = LINE('',#14289,#14290);
#14289 = CARTESIAN_POINT('',(77.473623,-61.56119,1.585));
#14290 = VECTOR('',#14291,1.);
#14291 = DIRECTION('',(-0.32013315482,-0.947372557754,0.));
#14292 = ORIENTED_EDGE('',*,*,#14293,.T.);
#14293 = EDGE_CURVE('',#14286,#14294,#14296,.T.);
#14294 = VERTEX_POINT('',#14295);
#14295 = CARTESIAN_POINT('',(77.365805,-61.848277,1.585));
#14296 = LINE('',#14297,#14298);
#14297 = CARTESIAN_POINT('',(77.385203,-61.822852,1.585));
#14298 = VECTOR('',#14299,1.);
#14299 = DIRECTION('',(-0.606568789978,-0.795031007587,0.));
#14300 = ORIENTED_EDGE('',*,*,#14301,.T.);
#14301 = EDGE_CURVE('',#14294,#14302,#14304,.T.);
#14302 = VERTEX_POINT('',#14303);
#14303 = CARTESIAN_POINT('',(76.656372,-62.55771,1.585));
#14304 = LINE('',#14305,#14306);
#14305 = CARTESIAN_POINT('',(77.365805,-61.848277,1.585));
#14306 = VECTOR('',#14307,1.);
#14307 = DIRECTION('',(-0.707106781187,-0.707106781187,0.));
#14308 = ORIENTED_EDGE('',*,*,#14309,.T.);
#14309 = EDGE_CURVE('',#14302,#14310,#14312,.T.);
#14310 = VERTEX_POINT('',#14311);
#14311 = CARTESIAN_POINT('',(77.380553,-62.560016,1.585));
#14312 = LINE('',#14313,#14314);
#14313 = CARTESIAN_POINT('',(76.656372,-62.55771,1.585));
#14314 = VECTOR('',#14315,1.);
#14315 = DIRECTION('',(0.999994930197,-3.184270657518E-03,0.));
#14316 = ORIENTED_EDGE('',*,*,#14317,.T.);
#14317 = EDGE_CURVE('',#14310,#14318,#14320,.T.);
#14318 = VERTEX_POINT('',#14319);
#14319 = CARTESIAN_POINT('',(77.380553,-62.795404,1.585));
#14320 = CIRCLE('',#14321,0.119999802321);
#14321 = AXIS2_PLACEMENT_3D('',#14322,#14323,#14324);
#14322 = CARTESIAN_POINT('',(77.357142,-62.67771,1.585));
#14323 = DIRECTION('',(0.,0.,-1.));
#14324 = DIRECTION('',(0.195091988047,0.980784949008,0.));
#14325 = ORIENTED_EDGE('',*,*,#14326,.T.);
#14326 = EDGE_CURVE('',#14318,#14327,#14329,.T.);
#14327 = VERTEX_POINT('',#14328);
#14328 = CARTESIAN_POINT('',(76.343255,-62.795404,1.585));
#14329 = LINE('',#14330,#14331);
#14330 = CARTESIAN_POINT('',(77.380553,-62.795404,1.585));
#14331 = VECTOR('',#14332,1.);
#14332 = DIRECTION('',(-1.,0.,0.));
#14333 = ORIENTED_EDGE('',*,*,#14334,.T.);
#14334 = EDGE_CURVE('',#14327,#14335,#14337,.T.);
#14335 = VERTEX_POINT('',#14336);
#14336 = CARTESIAN_POINT('',(76.26689,-62.611042,1.585));
#14337 = CIRCLE('',#14338,0.119999904712);
#14338 = AXIS2_PLACEMENT_3D('',#14339,#14340,#14341);
#14339 = CARTESIAN_POINT('',(76.366666524828,-62.67771,1.585));
#14340 = DIRECTION('',(0.,0.,-1.));
#14341 = DIRECTION('',(-0.195096195155,-0.980784112145,-0.));
#14342 = ORIENTED_EDGE('',*,*,#14343,.T.);
#14343 = EDGE_CURVE('',#14335,#14344,#14346,.T.);
#14344 = VERTEX_POINT('',#14345);
#14345 = CARTESIAN_POINT('',(77.176068,-61.698601,1.585));
#14346 = LINE('',#14347,#14348);
#14347 = CARTESIAN_POINT('',(76.26689,-62.611042,1.585));
#14348 = VECTOR('',#14349,1.);
#14349 = DIRECTION('',(0.705839034088,0.70837225945,0.));
#14350 = ORIENTED_EDGE('',*,*,#14351,.T.);
#14351 = EDGE_CURVE('',#14344,#14352,#14354,.T.);
#14352 = VERTEX_POINT('',#14353);
#14353 = CARTESIAN_POINT('',(77.237142,-61.51538,1.585));
#14354 = LINE('',#14355,#14356);
#14355 = CARTESIAN_POINT('',(77.176068,-61.698601,1.585));
#14356 = VECTOR('',#14357,1.);
#14357 = DIRECTION('',(0.316229319358,0.948682780269,0.));
#14358 = ORIENTED_EDGE('',*,*,#14359,.T.);
#14359 = EDGE_CURVE('',#14352,#14360,#14362,.T.);
#14360 = VERTEX_POINT('',#14361);
#14361 = CARTESIAN_POINT('',(77.237142,-61.410798,1.585));
#14362 = LINE('',#14363,#14364);
#14363 = CARTESIAN_POINT('',(77.237142,-61.51538,1.585));
#14364 = VECTOR('',#14365,1.);
#14365 = DIRECTION('',(0.,1.,0.));
#14366 = ORIENTED_EDGE('',*,*,#14367,.T.);
#14367 = EDGE_CURVE('',#14360,#14368,#14370,.T.);
#14368 = VERTEX_POINT('',#14369);
#14369 = CARTESIAN_POINT('',(77.024053,-61.19771,1.585));
#14370 = CIRCLE('',#14371,0.298985344024);
#14371 = AXIS2_PLACEMENT_3D('',#14372,#14373,#14374);
#14372 = CARTESIAN_POINT('',(76.947993326223,-61.48685903072,1.585));
#14373 = DIRECTION('',(0.,0.,1.));
#14374 = DIRECTION('',(0.967099824645,0.254397187821,-0.));
#14375 = ORIENTED_EDGE('',*,*,#14376,.T.);
#14376 = EDGE_CURVE('',#14368,#14377,#14379,.T.);
#14377 = VERTEX_POINT('',#14378);
#14378 = CARTESIAN_POINT('',(76.699755,-61.19771,1.585));
#14379 = LINE('',#14380,#14381);
#14380 = CARTESIAN_POINT('',(77.024053,-61.19771,1.585));
#14381 = VECTOR('',#14382,1.);
#14382 = DIRECTION('',(-1.,0.,0.));
#14383 = ORIENTED_EDGE('',*,*,#14384,.T.);
#14384 = EDGE_CURVE('',#14377,#14385,#14387,.T.);
#14385 = VERTEX_POINT('',#14386);
#14386 = CARTESIAN_POINT('',(76.590131,-61.252521,1.585));
#14387 = LINE('',#14388,#14389);
#14388 = CARTESIAN_POINT('',(76.699755,-61.19771,1.585));
#14389 = VECTOR('',#14390,1.);
#14390 = DIRECTION('',(-0.894430454606,-0.447207068228,0.));
#14391 = ORIENTED_EDGE('',*,*,#14392,.T.);
#14392 = EDGE_CURVE('',#14385,#14393,#14395,.T.);
#14393 = VERTEX_POINT('',#14394);
#14394 = CARTESIAN_POINT('',(76.509524,-61.329867,1.585));
#14395 = LINE('',#14396,#14397);
#14396 = CARTESIAN_POINT('',(76.590131,-61.252521,1.585));
#14397 = VECTOR('',#14398,1.);
#14398 = DIRECTION('',(-0.721551512981,-0.692360754314,0.));
#14399 = ORIENTED_EDGE('',*,*,#14400,.T.);
#14400 = EDGE_CURVE('',#14393,#14401,#14403,.T.);
#14401 = VERTEX_POINT('',#14402);
#14402 = CARTESIAN_POINT('',(76.34308,-61.163423,1.585));
#14403 = CIRCLE('',#14404,0.119999468332);
#14404 = AXIS2_PLACEMENT_3D('',#14405,#14406,#14407);
#14405 = CARTESIAN_POINT('',(76.442856,-61.230091,1.585));
#14406 = DIRECTION('',(0.,0.,-1.));
#14407 = DIRECTION('',(0.555569128152,-0.83147035055,0.));
#14408 = ORIENTED_EDGE('',*,*,#14409,.T.);
#14409 = EDGE_CURVE('',#14401,#14212,#14410,.T.);
#14410 = LINE('',#14411,#14412);
#14411 = CARTESIAN_POINT('',(76.34308,-61.163423,1.585));
#14412 = VECTOR('',#14413,1.);
#14413 = DIRECTION('',(0.707106781187,0.707106781187,0.));
#14414 = PLANE('',#14415);
#14415 = AXIS2_PLACEMENT_3D('',#14416,#14417,#14418);
#14416 = CARTESIAN_POINT('',(0.,0.,1.585));
#14417 = DIRECTION('',(0.,0.,1.));
#14418 = DIRECTION('',(1.,0.,-0.));
#14419 = SHELL_BASED_SURFACE_MODEL('',(#14420));
#14420 = OPEN_SHELL('',(#14421));
#14421 = ADVANCED_FACE('',(#14422),#14663,.T.);
#14422 = FACE_BOUND('',#14423,.F.);
#14423 = EDGE_LOOP('',(#14424,#14435,#14443,#14452,#14460,#14468,#14476,
    #14485,#14493,#14501,#14509,#14517,#14525,#14533,#14541,#14549,
    #14557,#14565,#14573,#14582,#14590,#14599,#14607,#14616,#14624,
    #14632,#14640,#14649,#14657));
#14424 = ORIENTED_EDGE('',*,*,#14425,.T.);
#14425 = EDGE_CURVE('',#14426,#14428,#14430,.T.);
#14426 = VERTEX_POINT('',#14427);
#14427 = CARTESIAN_POINT('',(70.293255,-50.045404,1.585));
#14428 = VERTEX_POINT('',#14429);
#14429 = CARTESIAN_POINT('',(70.293255,-49.810016,1.585));
#14430 = CIRCLE('',#14431,0.119999802321);
#14431 = AXIS2_PLACEMENT_3D('',#14432,#14433,#14434);
#14432 = CARTESIAN_POINT('',(70.316666,-49.92771,1.585));
#14433 = DIRECTION('',(0.,0.,-1.));
#14434 = DIRECTION('',(-0.195091988047,-0.980784949008,-0.));
#14435 = ORIENTED_EDGE('',*,*,#14436,.T.);
#14436 = EDGE_CURVE('',#14428,#14437,#14439,.T.);
#14437 = VERTEX_POINT('',#14438);
#14438 = CARTESIAN_POINT('',(71.319525,-49.808929,1.585));
#14439 = LINE('',#14440,#14441);
#14440 = CARTESIAN_POINT('',(70.293255,-49.810016,1.585));
#14441 = VECTOR('',#14442,1.);
#14442 = DIRECTION('',(0.999999439074,1.059174866528E-03,0.));
#14443 = ORIENTED_EDGE('',*,*,#14444,.T.);
#14444 = EDGE_CURVE('',#14437,#14445,#14447,.T.);
#14445 = VERTEX_POINT('',#14446);
#14446 = CARTESIAN_POINT('',(71.424836,-49.904299,1.585));
#14447 = CIRCLE('',#14448,0.118164245493);
#14448 = AXIS2_PLACEMENT_3D('',#14449,#14450,#14451);
#14449 = CARTESIAN_POINT('',(71.308796251044,-49.92660517795,1.585));
#14450 = DIRECTION('',(0.,0.,-1.));
#14451 = DIRECTION('',(9.079522245855E-02,0.99586958362,0.));
#14452 = ORIENTED_EDGE('',*,*,#14453,.T.);
#14453 = EDGE_CURVE('',#14445,#14454,#14456,.T.);
#14454 = VERTEX_POINT('',#14455);
#14455 = CARTESIAN_POINT('',(71.424836,-49.951121,1.585));
#14456 = LINE('',#14457,#14458);
#14457 = CARTESIAN_POINT('',(71.424836,-49.904299,1.585));
#14458 = VECTOR('',#14459,1.);
#14459 = DIRECTION('',(0.,-1.,0.));
#14460 = ORIENTED_EDGE('',*,*,#14461,.T.);
#14461 = EDGE_CURVE('',#14454,#14462,#14464,.T.);
#14462 = VERTEX_POINT('',#14463);
#14463 = CARTESIAN_POINT('',(71.404685,-49.99661,1.585));
#14464 = LINE('',#14465,#14466);
#14465 = CARTESIAN_POINT('',(71.424836,-49.951121,1.585));
#14466 = VECTOR('',#14467,1.);
#14467 = DIRECTION('',(-0.405024818655,-0.914305690824,0.));
#14468 = ORIENTED_EDGE('',*,*,#14469,.T.);
#14469 = EDGE_CURVE('',#14462,#14470,#14472,.T.);
#14470 = VERTEX_POINT('',#14471);
#14471 = CARTESIAN_POINT('',(71.034417,-50.421626,1.585));
#14472 = LINE('',#14473,#14474);
#14473 = CARTESIAN_POINT('',(71.404685,-49.99661,1.585));
#14474 = VECTOR('',#14475,1.);
#14475 = DIRECTION('',(-0.656874329861,-0.754000076107,0.));
#14476 = ORIENTED_EDGE('',*,*,#14477,.T.);
#14477 = EDGE_CURVE('',#14470,#14478,#14480,.T.);
#14478 = VERTEX_POINT('',#14479);
#14479 = CARTESIAN_POINT('',(71.422881,-50.810301,1.585));
#14480 = CIRCLE('',#14481,0.554176242878);
#14481 = AXIS2_PLACEMENT_3D('',#14482,#14483,#14484);
#14482 = CARTESIAN_POINT('',(70.888249273847,-50.95617843335,1.585));
#14483 = DIRECTION('',(0.,0.,-1.));
#14484 = DIRECTION('',(0.263756752534,0.964589226299,0.));
#14485 = ORIENTED_EDGE('',*,*,#14486,.T.);
#14486 = EDGE_CURVE('',#14478,#14487,#14489,.T.);
#14487 = VERTEX_POINT('',#14488);
#14488 = CARTESIAN_POINT('',(71.427142,-50.841996,1.585));
#14489 = LINE('',#14490,#14491);
#14490 = CARTESIAN_POINT('',(71.422881,-50.810301,1.585));
#14491 = VECTOR('',#14492,1.);
#14492 = DIRECTION('',(0.133238954994,-0.991083942394,0.));
#14493 = ORIENTED_EDGE('',*,*,#14494,.T.);
#14494 = EDGE_CURVE('',#14487,#14495,#14497,.T.);
#14495 = VERTEX_POINT('',#14496);
#14496 = CARTESIAN_POINT('',(71.424836,-51.246359,1.585));
#14497 = LINE('',#14498,#14499);
#14498 = CARTESIAN_POINT('',(71.427142,-50.841996,1.585));
#14499 = VECTOR('',#14500,1.);
#14500 = DIRECTION('',(-5.702704013916E-03,-0.999983739451,0.));
#14501 = ORIENTED_EDGE('',*,*,#14502,.T.);
#14502 = EDGE_CURVE('',#14495,#14503,#14505,.T.);
#14503 = VERTEX_POINT('',#14504);
#14504 = CARTESIAN_POINT('',(71.414473,-51.276613,1.585));
#14505 = LINE('',#14506,#14507);
#14506 = CARTESIAN_POINT('',(71.424836,-51.246359,1.585));
#14507 = VECTOR('',#14508,1.);
#14508 = DIRECTION('',(-0.324050099379,-0.946039921511,0.));
#14509 = ORIENTED_EDGE('',*,*,#14510,.T.);
#14510 = EDGE_CURVE('',#14503,#14511,#14513,.T.);
#14511 = VERTEX_POINT('',#14512);
#14512 = CARTESIAN_POINT('',(71.325751,-51.448903,1.585));
#14513 = LINE('',#14514,#14515);
#14514 = CARTESIAN_POINT('',(71.414473,-51.276613,1.585));
#14515 = VECTOR('',#14516,1.);
#14516 = DIRECTION('',(-0.457820158207,-0.889044826057,0.));
#14517 = ORIENTED_EDGE('',*,*,#14518,.T.);
#14518 = EDGE_CURVE('',#14511,#14519,#14521,.T.);
#14519 = VERTEX_POINT('',#14520);
#14520 = CARTESIAN_POINT('',(71.221429,-51.551296,1.585));
#14521 = LINE('',#14522,#14523);
#14522 = CARTESIAN_POINT('',(71.325751,-51.448903,1.585));
#14523 = VECTOR('',#14524,1.);
#14524 = DIRECTION('',(-0.7136742086,-0.700477782645,0.));
#14525 = ORIENTED_EDGE('',*,*,#14526,.T.);
#14526 = EDGE_CURVE('',#14519,#14527,#14529,.T.);
#14527 = VERTEX_POINT('',#14528);
#14528 = CARTESIAN_POINT('',(71.034075,-51.643449,1.585));
#14529 = LINE('',#14530,#14531);
#14530 = CARTESIAN_POINT('',(71.221429,-51.551296,1.585));
#14531 = VECTOR('',#14532,1.);
#14532 = DIRECTION('',(-0.897327795127,-0.441364733629,0.));
#14533 = ORIENTED_EDGE('',*,*,#14534,.T.);
#14534 = EDGE_CURVE('',#14527,#14535,#14537,.T.);
#14535 = VERTEX_POINT('',#14536);
#14536 = CARTESIAN_POINT('',(71.00238,-51.64771,1.585));
#14537 = LINE('',#14538,#14539);
#14538 = CARTESIAN_POINT('',(71.034075,-51.643449,1.585));
#14539 = VECTOR('',#14540,1.);
#14540 = DIRECTION('',(-0.991083942394,-0.133238954994,0.));
#14541 = ORIENTED_EDGE('',*,*,#14542,.T.);
#14542 = EDGE_CURVE('',#14535,#14543,#14545,.T.);
#14543 = VERTEX_POINT('',#14544);
#14544 = CARTESIAN_POINT('',(70.521826,-51.645404,1.585));
#14545 = LINE('',#14546,#14547);
#14546 = CARTESIAN_POINT('',(71.00238,-51.64771,1.585));
#14547 = VECTOR('',#14548,1.);
#14548 = DIRECTION('',(-0.999988486782,4.798573002237E-03,0.));
#14549 = ORIENTED_EDGE('',*,*,#14550,.T.);
#14550 = EDGE_CURVE('',#14543,#14551,#14553,.T.);
#14551 = VERTEX_POINT('',#14552);
#14552 = CARTESIAN_POINT('',(70.491572,-51.635041,1.585));
#14553 = LINE('',#14554,#14555);
#14554 = CARTESIAN_POINT('',(70.521826,-51.645404,1.585));
#14555 = VECTOR('',#14556,1.);
#14556 = DIRECTION('',(-0.946039921511,0.324050099379,0.));
#14557 = ORIENTED_EDGE('',*,*,#14558,.T.);
#14558 = EDGE_CURVE('',#14551,#14559,#14561,.T.);
#14559 = VERTEX_POINT('',#14560);
#14560 = CARTESIAN_POINT('',(70.319282,-51.546319,1.585));
#14561 = LINE('',#14562,#14563);
#14562 = CARTESIAN_POINT('',(70.491572,-51.635041,1.585));
#14563 = VECTOR('',#14564,1.);
#14564 = DIRECTION('',(-0.889044826057,0.457820158207,0.));
#14565 = ORIENTED_EDGE('',*,*,#14566,.T.);
#14566 = EDGE_CURVE('',#14559,#14567,#14569,.T.);
#14567 = VERTEX_POINT('',#14568);
#14568 = CARTESIAN_POINT('',(70.216889,-51.441996,1.585));
#14569 = LINE('',#14570,#14571);
#14570 = CARTESIAN_POINT('',(70.319282,-51.546319,1.585));
#14571 = VECTOR('',#14572,1.);
#14572 = DIRECTION('',(-0.700474362714,0.713677565277,0.));
#14573 = ORIENTED_EDGE('',*,*,#14574,.T.);
#14574 = EDGE_CURVE('',#14567,#14575,#14577,.T.);
#14575 = VERTEX_POINT('',#14576);
#14576 = CARTESIAN_POINT('',(70.383335,-51.275553,1.585));
#14577 = CIRCLE('',#14578,0.119999842445);
#14578 = AXIS2_PLACEMENT_3D('',#14579,#14580,#14581);
#14579 = CARTESIAN_POINT('',(70.316665949937,-51.3753287483,1.585));
#14580 = DIRECTION('',(0.,0.,-1.));
#14581 = DIRECTION('',(-0.831475674501,-0.555561160192,-0.));
#14582 = ORIENTED_EDGE('',*,*,#14583,.T.);
#14583 = EDGE_CURVE('',#14575,#14584,#14586,.T.);
#14584 = VERTEX_POINT('',#14585);
#14585 = CARTESIAN_POINT('',(70.46394,-51.352898,1.585));
#14586 = LINE('',#14587,#14588);
#14587 = CARTESIAN_POINT('',(70.383335,-51.275553,1.585));
#14588 = VECTOR('',#14589,1.);
#14589 = DIRECTION('',(0.721547402794,-0.692365037766,0.));
#14590 = ORIENTED_EDGE('',*,*,#14591,.T.);
#14591 = EDGE_CURVE('',#14584,#14592,#14594,.T.);
#14592 = VERTEX_POINT('',#14593);
#14593 = CARTESIAN_POINT('',(71.083676,-51.352898,1.585));
#14594 = CIRCLE('',#14595,0.573605491484);
#14595 = AXIS2_PLACEMENT_3D('',#14596,#14597,#14598);
#14596 = CARTESIAN_POINT('',(70.773808,-50.870192,1.585));
#14597 = DIRECTION('',(0.,0.,1.));
#14598 = DIRECTION('',(-0.540211006695,-0.841529600338,0.));
#14599 = ORIENTED_EDGE('',*,*,#14600,.T.);
#14600 = EDGE_CURVE('',#14592,#14601,#14603,.T.);
#14601 = VERTEX_POINT('',#14602);
#14602 = CARTESIAN_POINT('',(71.13233,-51.304244,1.585));
#14603 = LINE('',#14604,#14605);
#14604 = CARTESIAN_POINT('',(71.083676,-51.352898,1.585));
#14605 = VECTOR('',#14606,1.);
#14606 = DIRECTION('',(0.707106781186,0.707106781187,0.));
#14607 = ORIENTED_EDGE('',*,*,#14608,.T.);
#14608 = EDGE_CURVE('',#14601,#14609,#14611,.T.);
#14609 = VERTEX_POINT('',#14610);
#14610 = CARTESIAN_POINT('',(71.13233,-50.760699,1.585));
#14611 = CIRCLE('',#14612,0.488991136753);
#14612 = AXIS2_PLACEMENT_3D('',#14613,#14614,#14615);
#14613 = CARTESIAN_POINT('',(70.725817958276,-51.0324715,1.585));
#14614 = DIRECTION('',(0.,-0.,1.));
#14615 = DIRECTION('',(0.831328036789,-0.555782057328,-0.));
#14616 = ORIENTED_EDGE('',*,*,#14617,.T.);
#14617 = EDGE_CURVE('',#14609,#14618,#14620,.T.);
#14618 = VERTEX_POINT('',#14619);
#14619 = CARTESIAN_POINT('',(71.083676,-50.712045,1.585));
#14620 = LINE('',#14621,#14622);
#14621 = CARTESIAN_POINT('',(71.13233,-50.760699,1.585));
#14622 = VECTOR('',#14623,1.);
#14623 = DIRECTION('',(-0.707106781187,0.707106781187,0.));
#14624 = ORIENTED_EDGE('',*,*,#14625,.T.);
#14625 = EDGE_CURVE('',#14618,#14626,#14628,.T.);
#14626 = VERTEX_POINT('',#14627);
#14627 = CARTESIAN_POINT('',(70.974053,-50.657234,1.585));
#14628 = LINE('',#14629,#14630);
#14629 = CARTESIAN_POINT('',(71.083676,-50.712045,1.585));
#14630 = VECTOR('',#14631,1.);
#14631 = DIRECTION('',(-0.894428822821,0.447210331843,0.));
#14632 = ORIENTED_EDGE('',*,*,#14633,.T.);
#14633 = EDGE_CURVE('',#14626,#14634,#14636,.T.);
#14634 = VERTEX_POINT('',#14635);
#14635 = CARTESIAN_POINT('',(70.750398,-50.654928,1.585));
#14636 = LINE('',#14637,#14638);
#14637 = CARTESIAN_POINT('',(70.974053,-50.657234,1.585));
#14638 = VECTOR('',#14639,1.);
#14639 = DIRECTION('',(-0.999946850796,1.030997490752E-02,0.));
#14640 = ORIENTED_EDGE('',*,*,#14641,.T.);
#14641 = EDGE_CURVE('',#14634,#14642,#14644,.T.);
#14642 = VERTEX_POINT('',#14643);
#14643 = CARTESIAN_POINT('',(70.676264,-50.468334,1.585));
#14644 = CIRCLE('',#14645,0.119442209002);
#14645 = AXIS2_PLACEMENT_3D('',#14646,#14647,#14648);
#14646 = CARTESIAN_POINT('',(70.773474020634,-50.53773611221,1.585));
#14647 = DIRECTION('',(0.,0.,-1.));
#14648 = DIRECTION('',(-0.193198207121,-0.981159748851,-0.));
#14649 = ORIENTED_EDGE('',*,*,#14650,.T.);
#14650 = EDGE_CURVE('',#14642,#14651,#14653,.T.);
#14651 = VERTEX_POINT('',#14652);
#14652 = CARTESIAN_POINT('',(71.04269,-50.04771,1.585));
#14653 = LINE('',#14654,#14655);
#14654 = CARTESIAN_POINT('',(70.676264,-50.468334,1.585));
#14655 = VECTOR('',#14656,1.);
#14656 = DIRECTION('',(0.656858277474,0.754014060422,0.));
#14657 = ORIENTED_EDGE('',*,*,#14658,.T.);
#14658 = EDGE_CURVE('',#14651,#14426,#14659,.T.);
#14659 = LINE('',#14660,#14661);
#14660 = CARTESIAN_POINT('',(71.04269,-50.04771,1.585));
#14661 = VECTOR('',#14662,1.);
#14662 = DIRECTION('',(-0.999995266116,3.076970095697E-03,0.));
#14663 = PLANE('',#14664);
#14664 = AXIS2_PLACEMENT_3D('',#14665,#14666,#14667);
#14665 = CARTESIAN_POINT('',(0.,0.,1.585));
#14666 = DIRECTION('',(0.,0.,1.));
#14667 = DIRECTION('',(1.,0.,-0.));
#14668 = SHELL_BASED_SURFACE_MODEL('',(#14669));
#14669 = OPEN_SHELL('',(#14670));
#14670 = ADVANCED_FACE('',(#14671),#14740,.T.);
#14671 = FACE_BOUND('',#14672,.F.);
#14672 = EDGE_LOOP('',(#14673,#14684,#14692,#14701,#14709,#14718,#14726,
    #14734));
#14673 = ORIENTED_EDGE('',*,*,#14674,.T.);
#14674 = EDGE_CURVE('',#14675,#14677,#14679,.T.);
#14675 = VERTEX_POINT('',#14676);
#14676 = CARTESIAN_POINT('',(69.609759,-49.832911,1.585));
#14677 = VERTEX_POINT('',#14678);
#14678 = CARTESIAN_POINT('',(69.802391,-49.942718,1.585));
#14679 = CIRCLE('',#14680,0.120000213658);
#14680 = AXIS2_PLACEMENT_3D('',#14681,#14682,#14683);
#14681 = CARTESIAN_POINT('',(69.683332932407,-49.92771040795,1.585));
#14682 = DIRECTION('',(0.,0.,-1.));
#14683 = DIRECTION('',(-0.613115011747,0.789993659703,0.));
#14684 = ORIENTED_EDGE('',*,*,#14685,.T.);
#14685 = EDGE_CURVE('',#14677,#14686,#14688,.T.);
#14686 = VERTEX_POINT('',#14687);
#14687 = CARTESIAN_POINT('',(69.254251,-51.587138,1.585));
#14688 = LINE('',#14689,#14690);
#14689 = CARTESIAN_POINT('',(69.802391,-49.942718,1.585));
#14690 = VECTOR('',#14691,1.);
#14691 = DIRECTION('',(-0.316227766017,-0.948683298051,0.));
#14692 = ORIENTED_EDGE('',*,*,#14693,.T.);
#14693 = EDGE_CURVE('',#14686,#14694,#14696,.T.);
#14694 = VERTEX_POINT('',#14695);
#14695 = CARTESIAN_POINT('',(69.036158,-51.565657,1.585));
#14696 = CIRCLE('',#14697,0.119999632297);
#14697 = AXIS2_PLACEMENT_3D('',#14698,#14699,#14700);
#14698 = CARTESIAN_POINT('',(69.149999904739,-51.52771055778,1.585));
#14699 = DIRECTION('',(-0.,0.,-1.));
#14700 = DIRECTION('',(0.868761789232,-0.495230202603,-0.));
#14701 = ORIENTED_EDGE('',*,*,#14702,.T.);
#14702 = EDGE_CURVE('',#14694,#14703,#14705,.T.);
#14703 = VERTEX_POINT('',#14704);
#14704 = CARTESIAN_POINT('',(68.497608,-49.942719,1.585));
#14705 = LINE('',#14706,#14707);
#14706 = CARTESIAN_POINT('',(69.036158,-51.565657,1.585));
#14707 = VECTOR('',#14708,1.);
#14708 = DIRECTION('',(-0.314948852539,0.949108645143,0.));
#14709 = ORIENTED_EDGE('',*,*,#14710,.T.);
#14710 = EDGE_CURVE('',#14703,#14711,#14713,.T.);
#14711 = VERTEX_POINT('',#14712);
#14712 = CARTESIAN_POINT('',(68.720917,-49.868282,1.585));
#14713 = CIRCLE('',#14714,0.120000148194);
#14714 = AXIS2_PLACEMENT_3D('',#14715,#14716,#14717);
#14715 = CARTESIAN_POINT('',(68.616665879567,-49.92771043978,1.585));
#14716 = DIRECTION('',(0.,0.,-1.));
#14717 = DIRECTION('',(-0.992147771132,-0.125071180682,-0.));
#14718 = ORIENTED_EDGE('',*,*,#14719,.T.);
#14719 = EDGE_CURVE('',#14711,#14720,#14722,.T.);
#14720 = VERTEX_POINT('',#14721);
#14721 = CARTESIAN_POINT('',(69.15,-51.148236,1.585));
#14722 = LINE('',#14723,#14724);
#14723 = CARTESIAN_POINT('',(68.720917,-49.868282,1.585));
#14724 = VECTOR('',#14725,1.);
#14725 = DIRECTION('',(0.317848462348,-0.948141526874,0.));
#14726 = ORIENTED_EDGE('',*,*,#14727,.T.);
#14727 = EDGE_CURVE('',#14720,#14728,#14730,.T.);
#14728 = VERTEX_POINT('',#14729);
#14729 = CARTESIAN_POINT('',(69.579082,-49.868282,1.585));
#14730 = LINE('',#14731,#14732);
#14731 = CARTESIAN_POINT('',(69.15,-51.148236,1.585));
#14732 = VECTOR('',#14733,1.);
#14733 = DIRECTION('',(0.317847796423,0.948141750114,0.));
#14734 = ORIENTED_EDGE('',*,*,#14735,.T.);
#14735 = EDGE_CURVE('',#14728,#14675,#14736,.T.);
#14736 = LINE('',#14737,#14738);
#14737 = CARTESIAN_POINT('',(69.579082,-49.868282,1.585));
#14738 = VECTOR('',#14739,1.);
#14739 = DIRECTION('',(0.655200453523,0.755455071929,0.));
#14740 = PLANE('',#14741);
#14741 = AXIS2_PLACEMENT_3D('',#14742,#14743,#14744);
#14742 = CARTESIAN_POINT('',(0.,0.,1.585));
#14743 = DIRECTION('',(0.,0.,1.));
#14744 = DIRECTION('',(1.,0.,-0.));
#14745 = SHELL_BASED_SURFACE_MODEL('',(#14746));
#14746 = OPEN_SHELL('',(#14747));
#14747 = ADVANCED_FACE('',(#14748,#14913),#14996,.T.);
#14748 = FACE_BOUND('',#14749,.F.);
#14749 = EDGE_LOOP('',(#14750,#14761,#14769,#14777,#14785,#14793,#14801,
    #14809,#14817,#14825,#14834,#14842,#14850,#14858,#14866,#14874,
    #14882,#14890,#14898,#14907));
#14750 = ORIENTED_EDGE('',*,*,#14751,.T.);
#14751 = EDGE_CURVE('',#14752,#14754,#14756,.T.);
#14752 = VERTEX_POINT('',#14753);
#14753 = CARTESIAN_POINT('',(65.521904,-45.15542,1.585));
#14754 = VERTEX_POINT('',#14755);
#14755 = CARTESIAN_POINT('',(65.761904,-44.91542,1.585));
#14756 = CIRCLE('',#14757,0.239999163647);
#14757 = AXIS2_PLACEMENT_3D('',#14758,#14759,#14760);
#14758 = CARTESIAN_POINT('',(65.761903163645,-45.15541916364,1.585));
#14759 = DIRECTION('',(0.,0.,-1.));
#14760 = DIRECTION('',(-0.999999999994,-3.484823901612E-06,-0.));
#14761 = ORIENTED_EDGE('',*,*,#14762,.T.);
#14762 = EDGE_CURVE('',#14754,#14763,#14765,.T.);
#14763 = VERTEX_POINT('',#14764);
#14764 = CARTESIAN_POINT('',(66.547505,-44.917754,1.585));
#14765 = LINE('',#14766,#14767);
#14766 = CARTESIAN_POINT('',(65.761904,-44.91542,1.585));
#14767 = VECTOR('',#14768,1.);
#14768 = DIRECTION('',(0.999995586687,-2.970960703119E-03,0.));
#14769 = ORIENTED_EDGE('',*,*,#14770,.T.);
#14770 = EDGE_CURVE('',#14763,#14771,#14773,.T.);
#14771 = VERTEX_POINT('',#14772);
#14772 = CARTESIAN_POINT('',(66.599704,-44.927736,1.585));
#14773 = LINE('',#14774,#14775);
#14774 = CARTESIAN_POINT('',(66.547505,-44.917754,1.585));
#14775 = VECTOR('',#14776,1.);
#14776 = DIRECTION('',(0.982202268058,-0.187826261801,0.));
#14777 = ORIENTED_EDGE('',*,*,#14778,.T.);
#14778 = EDGE_CURVE('',#14771,#14779,#14781,.T.);
#14779 = VERTEX_POINT('',#14780);
#14780 = CARTESIAN_POINT('',(67.056847,-45.080117,1.585));
#14781 = LINE('',#14782,#14783);
#14782 = CARTESIAN_POINT('',(66.599704,-44.927736,1.585));
#14783 = VECTOR('',#14784,1.);
#14784 = DIRECTION('',(0.948683298051,-0.316227766017,0.));
#14785 = ORIENTED_EDGE('',*,*,#14786,.T.);
#14786 = EDGE_CURVE('',#14779,#14787,#14789,.T.);
#14787 = VERTEX_POINT('',#14788);
#14788 = CARTESIAN_POINT('',(67.114288,-45.108248,1.585));
#14789 = LINE('',#14790,#14791);
#14790 = CARTESIAN_POINT('',(67.056847,-45.080117,1.585));
#14791 = VECTOR('',#14792,1.);
#14792 = DIRECTION('',(0.898083504481,-0.439824986761,0.));
#14793 = ORIENTED_EDGE('',*,*,#14794,.T.);
#14794 = EDGE_CURVE('',#14787,#14795,#14797,.T.);
#14795 = VERTEX_POINT('',#14796);
#14796 = CARTESIAN_POINT('',(67.150658,-45.138095,1.585));
#14797 = LINE('',#14798,#14799);
#14798 = CARTESIAN_POINT('',(67.114288,-45.108248,1.585));
#14799 = VECTOR('',#14800,1.);
#14800 = DIRECTION('',(0.773021789519,-0.634379470766,0.));
#14801 = ORIENTED_EDGE('',*,*,#14802,.T.);
#14802 = EDGE_CURVE('',#14795,#14803,#14805,.T.);
#14803 = VERTEX_POINT('',#14804);
#14804 = CARTESIAN_POINT('',(67.475312,-45.465415,1.585));
#14805 = LINE('',#14806,#14807);
#14806 = CARTESIAN_POINT('',(67.150658,-45.138095,1.585));
#14807 = VECTOR('',#14808,1.);
#14808 = DIRECTION('',(0.704209449137,-0.70999228992,0.));
#14809 = ORIENTED_EDGE('',*,*,#14810,.T.);
#14810 = EDGE_CURVE('',#14803,#14811,#14813,.T.);
#14811 = VERTEX_POINT('',#14812);
#14812 = CARTESIAN_POINT('',(67.500377,-45.505232,1.585));
#14813 = LINE('',#14814,#14815);
#14814 = CARTESIAN_POINT('',(67.475312,-45.465415,1.585));
#14815 = VECTOR('',#14816,1.);
#14816 = DIRECTION('',(0.532737729381,-0.846280397796,0.));
#14817 = ORIENTED_EDGE('',*,*,#14818,.T.);
#14818 = EDGE_CURVE('',#14811,#14819,#14821,.T.);
#14819 = VERTEX_POINT('',#14820);
#14820 = CARTESIAN_POINT('',(67.662117,-45.834455,1.585));
#14821 = LINE('',#14822,#14823);
#14822 = CARTESIAN_POINT('',(67.500377,-45.505232,1.585));
#14823 = VECTOR('',#14824,1.);
#14824 = DIRECTION('',(0.440939944177,-0.897536609632,0.));
#14825 = ORIENTED_EDGE('',*,*,#14826,.T.);
#14826 = EDGE_CURVE('',#14819,#14827,#14829,.T.);
#14827 = VERTEX_POINT('',#14828);
#14828 = CARTESIAN_POINT('',(67.662117,-47.676385,1.585));
#14829 = CIRCLE('',#14830,2.458271844543);
#14830 = AXIS2_PLACEMENT_3D('',#14831,#14832,#14833);
#14831 = CARTESIAN_POINT('',(65.38287942343,-46.75542,1.585));
#14832 = DIRECTION('',(0.,0.,-1.));
#14833 = DIRECTION('',(0.927170679528,0.37463920113,0.));
#14834 = ORIENTED_EDGE('',*,*,#14835,.T.);
#14835 = EDGE_CURVE('',#14827,#14836,#14838,.T.);
#14836 = VERTEX_POINT('',#14837);
#14837 = CARTESIAN_POINT('',(67.485267,-48.031614,1.585));
#14838 = LINE('',#14839,#14840);
#14839 = CARTESIAN_POINT('',(67.662117,-47.676385,1.585));
#14840 = VECTOR('',#14841,1.);
#14841 = DIRECTION('',(-0.445671666099,-0.895196495769,0.));
#14842 = ORIENTED_EDGE('',*,*,#14843,.T.);
#14843 = EDGE_CURVE('',#14836,#14844,#14846,.T.);
#14844 = VERTEX_POINT('',#14845);
#14845 = CARTESIAN_POINT('',(67.45542,-48.067983,1.585));
#14846 = LINE('',#14847,#14848);
#14847 = CARTESIAN_POINT('',(67.485267,-48.031614,1.585));
#14848 = VECTOR('',#14849,1.);
#14849 = DIRECTION('',(-0.634389893797,-0.773013235752,0.));
#14850 = ORIENTED_EDGE('',*,*,#14851,.T.);
#14851 = EDGE_CURVE('',#14844,#14852,#14854,.T.);
#14852 = VERTEX_POINT('',#14853);
#14853 = CARTESIAN_POINT('',(67.150658,-48.372746,1.585));
#14854 = LINE('',#14855,#14856);
#14855 = CARTESIAN_POINT('',(67.45542,-48.067983,1.585));
#14856 = VECTOR('',#14857,1.);
#14857 = DIRECTION('',(-0.707105621091,-0.70710794128,0.));
#14858 = ORIENTED_EDGE('',*,*,#14859,.T.);
#14859 = EDGE_CURVE('',#14852,#14860,#14862,.T.);
#14860 = VERTEX_POINT('',#14861);
#14861 = CARTESIAN_POINT('',(67.099807,-48.411542,1.585));
#14862 = LINE('',#14863,#14864);
#14863 = CARTESIAN_POINT('',(67.150658,-48.372746,1.585));
#14864 = VECTOR('',#14865,1.);
#14865 = DIRECTION('',(-0.795036759935,-0.606561250289,0.));
#14866 = ORIENTED_EDGE('',*,*,#14867,.T.);
#14867 = EDGE_CURVE('',#14860,#14868,#14870,.T.);
#14868 = VERTEX_POINT('',#14869);
#14869 = CARTESIAN_POINT('',(67.056846,-48.430724,1.585));
#14870 = LINE('',#14871,#14872);
#14871 = CARTESIAN_POINT('',(67.099807,-48.411542,1.585));
#14872 = VECTOR('',#14873,1.);
#14873 = DIRECTION('',(-0.913114286782,-0.407703690534,0.));
#14874 = ORIENTED_EDGE('',*,*,#14875,.T.);
#14875 = EDGE_CURVE('',#14868,#14876,#14878,.T.);
#14876 = VERTEX_POINT('',#14877);
#14877 = CARTESIAN_POINT('',(66.570631,-48.590808,1.585));
#14878 = LINE('',#14879,#14880);
#14879 = CARTESIAN_POINT('',(67.056846,-48.430724,1.585));
#14880 = VECTOR('',#14881,1.);
#14881 = DIRECTION('',(-0.949841758784,-0.312730927909,0.));
#14882 = ORIENTED_EDGE('',*,*,#14883,.T.);
#14883 = EDGE_CURVE('',#14876,#14884,#14886,.T.);
#14884 = VERTEX_POINT('',#14885);
#14885 = CARTESIAN_POINT('',(66.523809,-48.59542,1.585));
#14886 = LINE('',#14887,#14888);
#14887 = CARTESIAN_POINT('',(66.570631,-48.590808,1.585));
#14888 = VECTOR('',#14889,1.);
#14889 = DIRECTION('',(-0.995183823689,-9.802630803573E-02,0.));
#14890 = ORIENTED_EDGE('',*,*,#14891,.T.);
#14891 = EDGE_CURVE('',#14884,#14892,#14894,.T.);
#14892 = VERTEX_POINT('',#14893);
#14893 = CARTESIAN_POINT('',(65.761904,-48.59542,1.585));
#14894 = LINE('',#14895,#14896);
#14895 = CARTESIAN_POINT('',(66.523809,-48.59542,1.585));
#14896 = VECTOR('',#14897,1.);
#14897 = DIRECTION('',(-1.,0.,0.));
#14898 = ORIENTED_EDGE('',*,*,#14899,.T.);
#14899 = EDGE_CURVE('',#14892,#14900,#14902,.T.);
#14900 = VERTEX_POINT('',#14901);
#14901 = CARTESIAN_POINT('',(65.521904,-48.35542,1.585));
#14902 = CIRCLE('',#14903,0.239999163647);
#14903 = AXIS2_PLACEMENT_3D('',#14904,#14905,#14906);
#14904 = CARTESIAN_POINT('',(65.761903163645,-48.35542083635,1.585));
#14905 = DIRECTION('',(0.,0.,-1.));
#14906 = DIRECTION('',(3.484823931218E-06,-0.999999999994,0.));
#14907 = ORIENTED_EDGE('',*,*,#14908,.T.);
#14908 = EDGE_CURVE('',#14900,#14752,#14909,.T.);
#14909 = LINE('',#14910,#14911);
#14910 = CARTESIAN_POINT('',(65.521904,-48.35542,1.585));
#14911 = VECTOR('',#14912,1.);
#14912 = DIRECTION('',(0.,1.,0.));
#14913 = FACE_BOUND('',#14914,.F.);
#14914 = EDGE_LOOP('',(#14915,#14925,#14933,#14941,#14949,#14957,#14965,
    #14973,#14982,#14990));
#14915 = ORIENTED_EDGE('',*,*,#14916,.T.);
#14916 = EDGE_CURVE('',#14917,#14919,#14921,.T.);
#14917 = VERTEX_POINT('',#14918);
#14918 = CARTESIAN_POINT('',(66.851307,-45.517568,1.585));
#14919 = VERTEX_POINT('',#14920);
#14920 = CARTESIAN_POINT('',(66.484862,-45.39542,1.585));
#14921 = LINE('',#14922,#14923);
#14922 = CARTESIAN_POINT('',(66.851307,-45.517568,1.585));
#14923 = VECTOR('',#14924,1.);
#14924 = DIRECTION('',(-0.948683556939,0.316226989352,0.));
#14925 = ORIENTED_EDGE('',*,*,#14926,.T.);
#14926 = EDGE_CURVE('',#14919,#14927,#14929,.T.);
#14927 = VERTEX_POINT('',#14928);
#14928 = CARTESIAN_POINT('',(66.001904,-45.39542,1.585));
#14929 = LINE('',#14930,#14931);
#14930 = CARTESIAN_POINT('',(66.484862,-45.39542,1.585));
#14931 = VECTOR('',#14932,1.);
#14932 = DIRECTION('',(-1.,0.,0.));
#14933 = ORIENTED_EDGE('',*,*,#14934,.T.);
#14934 = EDGE_CURVE('',#14927,#14935,#14937,.T.);
#14935 = VERTEX_POINT('',#14936);
#14936 = CARTESIAN_POINT('',(66.001904,-48.11542,1.585));
#14937 = LINE('',#14938,#14939);
#14938 = CARTESIAN_POINT('',(66.001904,-45.39542,1.585));
#14939 = VECTOR('',#14940,1.);
#14940 = DIRECTION('',(0.,-1.,0.));
#14941 = ORIENTED_EDGE('',*,*,#14942,.T.);
#14942 = EDGE_CURVE('',#14935,#14943,#14945,.T.);
#14943 = VERTEX_POINT('',#14944);
#14944 = CARTESIAN_POINT('',(66.484863,-48.11542,1.585));
#14945 = LINE('',#14946,#14947);
#14946 = CARTESIAN_POINT('',(66.001904,-48.11542,1.585));
#14947 = VECTOR('',#14948,1.);
#14948 = DIRECTION('',(1.,0.,0.));
#14949 = ORIENTED_EDGE('',*,*,#14950,.T.);
#14950 = EDGE_CURVE('',#14943,#14951,#14953,.T.);
#14951 = VERTEX_POINT('',#14952);
#14952 = CARTESIAN_POINT('',(66.851307,-47.993272,1.585));
#14953 = LINE('',#14954,#14955);
#14954 = CARTESIAN_POINT('',(66.484863,-48.11542,1.585));
#14955 = VECTOR('',#14956,1.);
#14956 = DIRECTION('',(0.948683298051,0.316227766017,0.));
#14957 = ORIENTED_EDGE('',*,*,#14958,.T.);
#14958 = EDGE_CURVE('',#14951,#14959,#14961,.T.);
#14959 = VERTEX_POINT('',#14960);
#14960 = CARTESIAN_POINT('',(67.088468,-47.756112,1.585));
#14961 = LINE('',#14962,#14963);
#14962 = CARTESIAN_POINT('',(66.851307,-47.993272,1.585));
#14963 = VECTOR('',#14964,1.);
#14964 = DIRECTION('',(0.707108271962,0.707105290408,0.));
#14965 = ORIENTED_EDGE('',*,*,#14966,.T.);
#14966 = EDGE_CURVE('',#14959,#14967,#14969,.T.);
#14967 = VERTEX_POINT('',#14968);
#14968 = CARTESIAN_POINT('',(67.211651,-47.509747,1.585));
#14969 = LINE('',#14970,#14971);
#14970 = CARTESIAN_POINT('',(67.088468,-47.756112,1.585));
#14971 = VECTOR('',#14972,1.);
#14972 = DIRECTION('',(0.447215047697,0.8944264649,0.));
#14973 = ORIENTED_EDGE('',*,*,#14974,.T.);
#14974 = EDGE_CURVE('',#14967,#14975,#14977,.T.);
#14975 = VERTEX_POINT('',#14976);
#14976 = CARTESIAN_POINT('',(67.211651,-46.001094,1.585));
#14977 = CIRCLE('',#14978,1.986115775514);
#14978 = AXIS2_PLACEMENT_3D('',#14979,#14980,#14981);
#14979 = CARTESIAN_POINT('',(65.3743575,-46.7554205,1.585));
#14980 = DIRECTION('',(0.,-0.,1.));
#14981 = DIRECTION('',(0.925068680613,-0.379799863281,-0.));
#14982 = ORIENTED_EDGE('',*,*,#14983,.T.);
#14983 = EDGE_CURVE('',#14975,#14984,#14986,.T.);
#14984 = VERTEX_POINT('',#14985);
#14985 = CARTESIAN_POINT('',(67.088468,-45.754728,1.585));
#14986 = LINE('',#14987,#14988);
#14987 = CARTESIAN_POINT('',(67.211651,-46.001094,1.585));
#14988 = VECTOR('',#14989,1.);
#14989 = DIRECTION('',(-0.4472135955,0.894427191,0.));
#14990 = ORIENTED_EDGE('',*,*,#14991,.T.);
#14991 = EDGE_CURVE('',#14984,#14917,#14992,.T.);
#14992 = LINE('',#14993,#14994);
#14993 = CARTESIAN_POINT('',(67.088468,-45.754728,1.585));
#14994 = VECTOR('',#14995,1.);
#14995 = DIRECTION('',(-0.707108271962,0.707105290408,0.));
#14996 = PLANE('',#14997);
#14997 = AXIS2_PLACEMENT_3D('',#14998,#14999,#15000);
#14998 = CARTESIAN_POINT('',(0.,0.,1.585));
#14999 = DIRECTION('',(0.,0.,1.));
#15000 = DIRECTION('',(1.,0.,-0.));
#15001 = SHELL_BASED_SURFACE_MODEL('',(#15002));
#15002 = OPEN_SHELL('',(#15003));
#15003 = ADVANCED_FACE('',(#15004,#15169),#15252,.T.);
#15004 = FACE_BOUND('',#15005,.F.);
#15005 = EDGE_LOOP('',(#15006,#15017,#15025,#15033,#15041,#15049,#15057,
    #15065,#15073,#15081,#15090,#15098,#15106,#15114,#15122,#15130,
    #15138,#15146,#15154,#15163));
#15006 = ORIENTED_EDGE('',*,*,#15007,.T.);
#15007 = EDGE_CURVE('',#15008,#15010,#15012,.T.);
#15008 = VERTEX_POINT('',#15009);
#15009 = CARTESIAN_POINT('',(68.921904,-45.15542,1.585));
#15010 = VERTEX_POINT('',#15011);
#15011 = CARTESIAN_POINT('',(69.161904,-44.91542,1.585));
#15012 = CIRCLE('',#15013,0.239999163647);
#15013 = AXIS2_PLACEMENT_3D('',#15014,#15015,#15016);
#15014 = CARTESIAN_POINT('',(69.161903163645,-45.15541916364,1.585));
#15015 = DIRECTION('',(0.,0.,-1.));
#15016 = DIRECTION('',(-0.999999999994,-3.484823901612E-06,-0.));
#15017 = ORIENTED_EDGE('',*,*,#15018,.T.);
#15018 = EDGE_CURVE('',#15010,#15019,#15021,.T.);
#15019 = VERTEX_POINT('',#15020);
#15020 = CARTESIAN_POINT('',(69.947505,-44.917754,1.585));
#15021 = LINE('',#15022,#15023);
#15022 = CARTESIAN_POINT('',(69.161904,-44.91542,1.585));
#15023 = VECTOR('',#15024,1.);
#15024 = DIRECTION('',(0.999995586687,-2.970960703119E-03,0.));
#15025 = ORIENTED_EDGE('',*,*,#15026,.T.);
#15026 = EDGE_CURVE('',#15019,#15027,#15029,.T.);
#15027 = VERTEX_POINT('',#15028);
#15028 = CARTESIAN_POINT('',(69.999704,-44.927736,1.585));
#15029 = LINE('',#15030,#15031);
#15030 = CARTESIAN_POINT('',(69.947505,-44.917754,1.585));
#15031 = VECTOR('',#15032,1.);
#15032 = DIRECTION('',(0.982202268058,-0.187826261801,0.));
#15033 = ORIENTED_EDGE('',*,*,#15034,.T.);
#15034 = EDGE_CURVE('',#15027,#15035,#15037,.T.);
#15035 = VERTEX_POINT('',#15036);
#15036 = CARTESIAN_POINT('',(70.456847,-45.080117,1.585));
#15037 = LINE('',#15038,#15039);
#15038 = CARTESIAN_POINT('',(69.999704,-44.927736,1.585));
#15039 = VECTOR('',#15040,1.);
#15040 = DIRECTION('',(0.948683298051,-0.316227766017,0.));
#15041 = ORIENTED_EDGE('',*,*,#15042,.T.);
#15042 = EDGE_CURVE('',#15035,#15043,#15045,.T.);
#15043 = VERTEX_POINT('',#15044);
#15044 = CARTESIAN_POINT('',(70.514288,-45.108248,1.585));
#15045 = LINE('',#15046,#15047);
#15046 = CARTESIAN_POINT('',(70.456847,-45.080117,1.585));
#15047 = VECTOR('',#15048,1.);
#15048 = DIRECTION('',(0.898083504481,-0.439824986761,0.));
#15049 = ORIENTED_EDGE('',*,*,#15050,.T.);
#15050 = EDGE_CURVE('',#15043,#15051,#15053,.T.);
#15051 = VERTEX_POINT('',#15052);
#15052 = CARTESIAN_POINT('',(70.550658,-45.138095,1.585));
#15053 = LINE('',#15054,#15055);
#15054 = CARTESIAN_POINT('',(70.514288,-45.108248,1.585));
#15055 = VECTOR('',#15056,1.);
#15056 = DIRECTION('',(0.773021789519,-0.634379470766,0.));
#15057 = ORIENTED_EDGE('',*,*,#15058,.T.);
#15058 = EDGE_CURVE('',#15051,#15059,#15061,.T.);
#15059 = VERTEX_POINT('',#15060);
#15060 = CARTESIAN_POINT('',(70.875312,-45.465415,1.585));
#15061 = LINE('',#15062,#15063);
#15062 = CARTESIAN_POINT('',(70.550658,-45.138095,1.585));
#15063 = VECTOR('',#15064,1.);
#15064 = DIRECTION('',(0.704209449137,-0.70999228992,0.));
#15065 = ORIENTED_EDGE('',*,*,#15066,.T.);
#15066 = EDGE_CURVE('',#15059,#15067,#15069,.T.);
#15067 = VERTEX_POINT('',#15068);
#15068 = CARTESIAN_POINT('',(70.900377,-45.505232,1.585));
#15069 = LINE('',#15070,#15071);
#15070 = CARTESIAN_POINT('',(70.875312,-45.465415,1.585));
#15071 = VECTOR('',#15072,1.);
#15072 = DIRECTION('',(0.532737729381,-0.846280397796,0.));
#15073 = ORIENTED_EDGE('',*,*,#15074,.T.);
#15074 = EDGE_CURVE('',#15067,#15075,#15077,.T.);
#15075 = VERTEX_POINT('',#15076);
#15076 = CARTESIAN_POINT('',(71.062117,-45.834455,1.585));
#15077 = LINE('',#15078,#15079);
#15078 = CARTESIAN_POINT('',(70.900377,-45.505232,1.585));
#15079 = VECTOR('',#15080,1.);
#15080 = DIRECTION('',(0.440939944177,-0.897536609632,0.));
#15081 = ORIENTED_EDGE('',*,*,#15082,.T.);
#15082 = EDGE_CURVE('',#15075,#15083,#15085,.T.);
#15083 = VERTEX_POINT('',#15084);
#15084 = CARTESIAN_POINT('',(71.062117,-47.676385,1.585));
#15085 = CIRCLE('',#15086,2.458271844543);
#15086 = AXIS2_PLACEMENT_3D('',#15087,#15088,#15089);
#15087 = CARTESIAN_POINT('',(68.78287942343,-46.75542,1.585));
#15088 = DIRECTION('',(0.,0.,-1.));
#15089 = DIRECTION('',(0.927170679528,0.37463920113,0.));
#15090 = ORIENTED_EDGE('',*,*,#15091,.T.);
#15091 = EDGE_CURVE('',#15083,#15092,#15094,.T.);
#15092 = VERTEX_POINT('',#15093);
#15093 = CARTESIAN_POINT('',(70.885267,-48.031614,1.585));
#15094 = LINE('',#15095,#15096);
#15095 = CARTESIAN_POINT('',(71.062117,-47.676385,1.585));
#15096 = VECTOR('',#15097,1.);
#15097 = DIRECTION('',(-0.445671666099,-0.895196495769,0.));
#15098 = ORIENTED_EDGE('',*,*,#15099,.T.);
#15099 = EDGE_CURVE('',#15092,#15100,#15102,.T.);
#15100 = VERTEX_POINT('',#15101);
#15101 = CARTESIAN_POINT('',(70.85542,-48.067983,1.585));
#15102 = LINE('',#15103,#15104);
#15103 = CARTESIAN_POINT('',(70.885267,-48.031614,1.585));
#15104 = VECTOR('',#15105,1.);
#15105 = DIRECTION('',(-0.634389893797,-0.773013235752,0.));
#15106 = ORIENTED_EDGE('',*,*,#15107,.T.);
#15107 = EDGE_CURVE('',#15100,#15108,#15110,.T.);
#15108 = VERTEX_POINT('',#15109);
#15109 = CARTESIAN_POINT('',(70.550658,-48.372746,1.585));
#15110 = LINE('',#15111,#15112);
#15111 = CARTESIAN_POINT('',(70.85542,-48.067983,1.585));
#15112 = VECTOR('',#15113,1.);
#15113 = DIRECTION('',(-0.707105621091,-0.70710794128,0.));
#15114 = ORIENTED_EDGE('',*,*,#15115,.T.);
#15115 = EDGE_CURVE('',#15108,#15116,#15118,.T.);
#15116 = VERTEX_POINT('',#15117);
#15117 = CARTESIAN_POINT('',(70.499807,-48.411542,1.585));
#15118 = LINE('',#15119,#15120);
#15119 = CARTESIAN_POINT('',(70.550658,-48.372746,1.585));
#15120 = VECTOR('',#15121,1.);
#15121 = DIRECTION('',(-0.795036759935,-0.606561250289,0.));
#15122 = ORIENTED_EDGE('',*,*,#15123,.T.);
#15123 = EDGE_CURVE('',#15116,#15124,#15126,.T.);
#15124 = VERTEX_POINT('',#15125);
#15125 = CARTESIAN_POINT('',(70.456846,-48.430724,1.585));
#15126 = LINE('',#15127,#15128);
#15127 = CARTESIAN_POINT('',(70.499807,-48.411542,1.585));
#15128 = VECTOR('',#15129,1.);
#15129 = DIRECTION('',(-0.913114286782,-0.407703690534,0.));
#15130 = ORIENTED_EDGE('',*,*,#15131,.T.);
#15131 = EDGE_CURVE('',#15124,#15132,#15134,.T.);
#15132 = VERTEX_POINT('',#15133);
#15133 = CARTESIAN_POINT('',(69.970631,-48.590808,1.585));
#15134 = LINE('',#15135,#15136);
#15135 = CARTESIAN_POINT('',(70.456846,-48.430724,1.585));
#15136 = VECTOR('',#15137,1.);
#15137 = DIRECTION('',(-0.949841758784,-0.312730927909,0.));
#15138 = ORIENTED_EDGE('',*,*,#15139,.T.);
#15139 = EDGE_CURVE('',#15132,#15140,#15142,.T.);
#15140 = VERTEX_POINT('',#15141);
#15141 = CARTESIAN_POINT('',(69.923809,-48.59542,1.585));
#15142 = LINE('',#15143,#15144);
#15143 = CARTESIAN_POINT('',(69.970631,-48.590808,1.585));
#15144 = VECTOR('',#15145,1.);
#15145 = DIRECTION('',(-0.995183823689,-9.802630803576E-02,0.));
#15146 = ORIENTED_EDGE('',*,*,#15147,.T.);
#15147 = EDGE_CURVE('',#15140,#15148,#15150,.T.);
#15148 = VERTEX_POINT('',#15149);
#15149 = CARTESIAN_POINT('',(69.161904,-48.59542,1.585));
#15150 = LINE('',#15151,#15152);
#15151 = CARTESIAN_POINT('',(69.923809,-48.59542,1.585));
#15152 = VECTOR('',#15153,1.);
#15153 = DIRECTION('',(-1.,0.,0.));
#15154 = ORIENTED_EDGE('',*,*,#15155,.T.);
#15155 = EDGE_CURVE('',#15148,#15156,#15158,.T.);
#15156 = VERTEX_POINT('',#15157);
#15157 = CARTESIAN_POINT('',(68.921904,-48.35542,1.585));
#15158 = CIRCLE('',#15159,0.239999163647);
#15159 = AXIS2_PLACEMENT_3D('',#15160,#15161,#15162);
#15160 = CARTESIAN_POINT('',(69.161903163645,-48.35542083635,1.585));
#15161 = DIRECTION('',(0.,0.,-1.));
#15162 = DIRECTION('',(3.48482399043E-06,-0.999999999994,0.));
#15163 = ORIENTED_EDGE('',*,*,#15164,.T.);
#15164 = EDGE_CURVE('',#15156,#15008,#15165,.T.);
#15165 = LINE('',#15166,#15167);
#15166 = CARTESIAN_POINT('',(68.921904,-48.35542,1.585));
#15167 = VECTOR('',#15168,1.);
#15168 = DIRECTION('',(0.,1.,0.));
#15169 = FACE_BOUND('',#15170,.F.);
#15170 = EDGE_LOOP('',(#15171,#15181,#15189,#15197,#15205,#15213,#15221,
    #15229,#15238,#15246));
#15171 = ORIENTED_EDGE('',*,*,#15172,.T.);
#15172 = EDGE_CURVE('',#15173,#15175,#15177,.T.);
#15173 = VERTEX_POINT('',#15174);
#15174 = CARTESIAN_POINT('',(70.251307,-45.517568,1.585));
#15175 = VERTEX_POINT('',#15176);
#15176 = CARTESIAN_POINT('',(69.884862,-45.39542,1.585));
#15177 = LINE('',#15178,#15179);
#15178 = CARTESIAN_POINT('',(70.251307,-45.517568,1.585));
#15179 = VECTOR('',#15180,1.);
#15180 = DIRECTION('',(-0.948683556939,0.316226989352,0.));
#15181 = ORIENTED_EDGE('',*,*,#15182,.T.);
#15182 = EDGE_CURVE('',#15175,#15183,#15185,.T.);
#15183 = VERTEX_POINT('',#15184);
#15184 = CARTESIAN_POINT('',(69.401904,-45.39542,1.585));
#15185 = LINE('',#15186,#15187);
#15186 = CARTESIAN_POINT('',(69.884862,-45.39542,1.585));
#15187 = VECTOR('',#15188,1.);
#15188 = DIRECTION('',(-1.,0.,0.));
#15189 = ORIENTED_EDGE('',*,*,#15190,.T.);
#15190 = EDGE_CURVE('',#15183,#15191,#15193,.T.);
#15191 = VERTEX_POINT('',#15192);
#15192 = CARTESIAN_POINT('',(69.401904,-48.11542,1.585));
#15193 = LINE('',#15194,#15195);
#15194 = CARTESIAN_POINT('',(69.401904,-45.39542,1.585));
#15195 = VECTOR('',#15196,1.);
#15196 = DIRECTION('',(0.,-1.,0.));
#15197 = ORIENTED_EDGE('',*,*,#15198,.T.);
#15198 = EDGE_CURVE('',#15191,#15199,#15201,.T.);
#15199 = VERTEX_POINT('',#15200);
#15200 = CARTESIAN_POINT('',(69.884863,-48.11542,1.585));
#15201 = LINE('',#15202,#15203);
#15202 = CARTESIAN_POINT('',(69.401904,-48.11542,1.585));
#15203 = VECTOR('',#15204,1.);
#15204 = DIRECTION('',(1.,0.,0.));
#15205 = ORIENTED_EDGE('',*,*,#15206,.T.);
#15206 = EDGE_CURVE('',#15199,#15207,#15209,.T.);
#15207 = VERTEX_POINT('',#15208);
#15208 = CARTESIAN_POINT('',(70.251307,-47.993272,1.585));
#15209 = LINE('',#15210,#15211);
#15210 = CARTESIAN_POINT('',(69.884863,-48.11542,1.585));
#15211 = VECTOR('',#15212,1.);
#15212 = DIRECTION('',(0.948683298051,0.316227766017,0.));
#15213 = ORIENTED_EDGE('',*,*,#15214,.T.);
#15214 = EDGE_CURVE('',#15207,#15215,#15217,.T.);
#15215 = VERTEX_POINT('',#15216);
#15216 = CARTESIAN_POINT('',(70.488468,-47.756112,1.585));
#15217 = LINE('',#15218,#15219);
#15218 = CARTESIAN_POINT('',(70.251307,-47.993272,1.585));
#15219 = VECTOR('',#15220,1.);
#15220 = DIRECTION('',(0.707108271962,0.707105290408,0.));
#15221 = ORIENTED_EDGE('',*,*,#15222,.T.);
#15222 = EDGE_CURVE('',#15215,#15223,#15225,.T.);
#15223 = VERTEX_POINT('',#15224);
#15224 = CARTESIAN_POINT('',(70.611651,-47.509747,1.585));
#15225 = LINE('',#15226,#15227);
#15226 = CARTESIAN_POINT('',(70.488468,-47.756112,1.585));
#15227 = VECTOR('',#15228,1.);
#15228 = DIRECTION('',(0.447215047697,0.8944264649,0.));
#15229 = ORIENTED_EDGE('',*,*,#15230,.T.);
#15230 = EDGE_CURVE('',#15223,#15231,#15233,.T.);
#15231 = VERTEX_POINT('',#15232);
#15232 = CARTESIAN_POINT('',(70.611651,-46.001094,1.585));
#15233 = CIRCLE('',#15234,1.986115775514);
#15234 = AXIS2_PLACEMENT_3D('',#15235,#15236,#15237);
#15235 = CARTESIAN_POINT('',(68.7743575,-46.7554205,1.585));
#15236 = DIRECTION('',(0.,-0.,1.));
#15237 = DIRECTION('',(0.925068680613,-0.379799863281,-0.));
#15238 = ORIENTED_EDGE('',*,*,#15239,.T.);
#15239 = EDGE_CURVE('',#15231,#15240,#15242,.T.);
#15240 = VERTEX_POINT('',#15241);
#15241 = CARTESIAN_POINT('',(70.488468,-45.754728,1.585));
#15242 = LINE('',#15243,#15244);
#15243 = CARTESIAN_POINT('',(70.611651,-46.001094,1.585));
#15244 = VECTOR('',#15245,1.);
#15245 = DIRECTION('',(-0.4472135955,0.894427191,0.));
#15246 = ORIENTED_EDGE('',*,*,#15247,.T.);
#15247 = EDGE_CURVE('',#15240,#15173,#15248,.T.);
#15248 = LINE('',#15249,#15250);
#15249 = CARTESIAN_POINT('',(70.488468,-45.754728,1.585));
#15250 = VECTOR('',#15251,1.);
#15251 = DIRECTION('',(-0.707108271962,0.707105290408,0.));
#15252 = PLANE('',#15253);
#15253 = AXIS2_PLACEMENT_3D('',#15254,#15255,#15256);
#15254 = CARTESIAN_POINT('',(0.,0.,1.585));
#15255 = DIRECTION('',(0.,0.,1.));
#15256 = DIRECTION('',(1.,0.,-0.));
#15257 = SHELL_BASED_SURFACE_MODEL('',(#15258));
#15258 = OPEN_SHELL('',(#15259));
#15259 = ADVANCED_FACE('',(#15260),#15379,.T.);
#15260 = FACE_BOUND('',#15261,.F.);
#15261 = EDGE_LOOP('',(#15262,#15273,#15281,#15290,#15298,#15306,#15314,
    #15323,#15331,#15339,#15347,#15356,#15364,#15373));
#15262 = ORIENTED_EDGE('',*,*,#15263,.T.);
#15263 = EDGE_CURVE('',#15264,#15266,#15268,.T.);
#15264 = VERTEX_POINT('',#15265);
#15265 = CARTESIAN_POINT('',(72.474285,-45.15542,1.585));
#15266 = VERTEX_POINT('',#15267);
#15267 = CARTESIAN_POINT('',(72.714285,-44.91542,1.585));
#15268 = CIRCLE('',#15269,0.239999163647);
#15269 = AXIS2_PLACEMENT_3D('',#15270,#15271,#15272);
#15270 = CARTESIAN_POINT('',(72.714284163645,-45.15541916364,1.585));
#15271 = DIRECTION('',(0.,0.,-1.));
#15272 = DIRECTION('',(-0.999999999994,-3.484823901612E-06,-0.));
#15273 = ORIENTED_EDGE('',*,*,#15274,.T.);
#15274 = EDGE_CURVE('',#15266,#15275,#15277,.T.);
#15275 = VERTEX_POINT('',#15276);
#15276 = CARTESIAN_POINT('',(74.238095,-44.91542,1.585));
#15277 = LINE('',#15278,#15279);
#15278 = CARTESIAN_POINT('',(72.714285,-44.91542,1.585));
#15279 = VECTOR('',#15280,1.);
#15280 = DIRECTION('',(1.,0.,0.));
#15281 = ORIENTED_EDGE('',*,*,#15282,.T.);
#15282 = EDGE_CURVE('',#15275,#15283,#15285,.T.);
#15283 = VERTEX_POINT('',#15284);
#15284 = CARTESIAN_POINT('',(74.238095,-45.39542,1.585));
#15285 = CIRCLE('',#15286,0.24);
#15286 = AXIS2_PLACEMENT_3D('',#15287,#15288,#15289);
#15287 = CARTESIAN_POINT('',(74.238094596895,-45.15542,1.585));
#15288 = DIRECTION('',(0.,0.,-1.));
#15289 = DIRECTION('',(1.679602767976E-06,0.999999999999,0.));
#15290 = ORIENTED_EDGE('',*,*,#15291,.T.);
#15291 = EDGE_CURVE('',#15283,#15292,#15294,.T.);
#15292 = VERTEX_POINT('',#15293);
#15293 = CARTESIAN_POINT('',(72.954285,-45.39542,1.585));
#15294 = LINE('',#15295,#15296);
#15295 = CARTESIAN_POINT('',(74.238095,-45.39542,1.585));
#15296 = VECTOR('',#15297,1.);
#15297 = DIRECTION('',(-1.,0.,0.));
#15298 = ORIENTED_EDGE('',*,*,#15299,.T.);
#15299 = EDGE_CURVE('',#15292,#15300,#15302,.T.);
#15300 = VERTEX_POINT('',#15301);
#15301 = CARTESIAN_POINT('',(72.954285,-46.43923,1.585));
#15302 = LINE('',#15303,#15304);
#15303 = CARTESIAN_POINT('',(72.954285,-45.39542,1.585));
#15304 = VECTOR('',#15305,1.);
#15305 = DIRECTION('',(0.,-1.,0.));
#15306 = ORIENTED_EDGE('',*,*,#15307,.T.);
#15307 = EDGE_CURVE('',#15300,#15308,#15310,.T.);
#15308 = VERTEX_POINT('',#15309);
#15309 = CARTESIAN_POINT('',(73.780952,-46.43923,1.585));
#15310 = LINE('',#15311,#15312);
#15311 = CARTESIAN_POINT('',(72.954285,-46.43923,1.585));
#15312 = VECTOR('',#15313,1.);
#15313 = DIRECTION('',(1.,0.,0.));
#15314 = ORIENTED_EDGE('',*,*,#15315,.T.);
#15315 = EDGE_CURVE('',#15308,#15316,#15318,.T.);
#15316 = VERTEX_POINT('',#15317);
#15317 = CARTESIAN_POINT('',(73.780952,-46.91923,1.585));
#15318 = CIRCLE('',#15319,0.24);
#15319 = AXIS2_PLACEMENT_3D('',#15320,#15321,#15322);
#15320 = CARTESIAN_POINT('',(73.780951596895,-46.67923,1.585));
#15321 = DIRECTION('',(0.,0.,-1.));
#15322 = DIRECTION('',(1.679602708765E-06,0.999999999999,0.));
#15323 = ORIENTED_EDGE('',*,*,#15324,.T.);
#15324 = EDGE_CURVE('',#15316,#15325,#15327,.T.);
#15325 = VERTEX_POINT('',#15326);
#15326 = CARTESIAN_POINT('',(72.954285,-46.91923,1.585));
#15327 = LINE('',#15328,#15329);
#15328 = CARTESIAN_POINT('',(73.780952,-46.91923,1.585));
#15329 = VECTOR('',#15330,1.);
#15330 = DIRECTION('',(-1.,0.,0.));
#15331 = ORIENTED_EDGE('',*,*,#15332,.T.);
#15332 = EDGE_CURVE('',#15325,#15333,#15335,.T.);
#15333 = VERTEX_POINT('',#15334);
#15334 = CARTESIAN_POINT('',(72.954285,-48.11542,1.585));
#15335 = LINE('',#15336,#15337);
#15336 = CARTESIAN_POINT('',(72.954285,-46.91923,1.585));
#15337 = VECTOR('',#15338,1.);
#15338 = DIRECTION('',(0.,-1.,0.));
#15339 = ORIENTED_EDGE('',*,*,#15340,.T.);
#15340 = EDGE_CURVE('',#15333,#15341,#15343,.T.);
#15341 = VERTEX_POINT('',#15342);
#15342 = CARTESIAN_POINT('',(74.238095,-48.11542,1.585));
#15343 = LINE('',#15344,#15345);
#15344 = CARTESIAN_POINT('',(72.954285,-48.11542,1.585));
#15345 = VECTOR('',#15346,1.);
#15346 = DIRECTION('',(1.,0.,0.));
#15347 = ORIENTED_EDGE('',*,*,#15348,.T.);
#15348 = EDGE_CURVE('',#15341,#15349,#15351,.T.);
#15349 = VERTEX_POINT('',#15350);
#15350 = CARTESIAN_POINT('',(74.238095,-48.59542,1.585));
#15351 = CIRCLE('',#15352,0.24);
#15352 = AXIS2_PLACEMENT_3D('',#15353,#15354,#15355);
#15353 = CARTESIAN_POINT('',(74.238094596895,-48.35542,1.585));
#15354 = DIRECTION('',(0.,0.,-1.));
#15355 = DIRECTION('',(1.679602767976E-06,0.999999999999,0.));
#15356 = ORIENTED_EDGE('',*,*,#15357,.T.);
#15357 = EDGE_CURVE('',#15349,#15358,#15360,.T.);
#15358 = VERTEX_POINT('',#15359);
#15359 = CARTESIAN_POINT('',(72.714285,-48.59542,1.585));
#15360 = LINE('',#15361,#15362);
#15361 = CARTESIAN_POINT('',(74.238095,-48.59542,1.585));
#15362 = VECTOR('',#15363,1.);
#15363 = DIRECTION('',(-1.,0.,0.));
#15364 = ORIENTED_EDGE('',*,*,#15365,.T.);
#15365 = EDGE_CURVE('',#15358,#15366,#15368,.T.);
#15366 = VERTEX_POINT('',#15367);
#15367 = CARTESIAN_POINT('',(72.474285,-48.35542,1.585));
#15368 = CIRCLE('',#15369,0.239999163647);
#15369 = AXIS2_PLACEMENT_3D('',#15370,#15371,#15372);
#15370 = CARTESIAN_POINT('',(72.714284163645,-48.35542083635,1.585));
#15371 = DIRECTION('',(0.,0.,-1.));
#15372 = DIRECTION('',(3.484823931218E-06,-0.999999999994,0.));
#15373 = ORIENTED_EDGE('',*,*,#15374,.T.);
#15374 = EDGE_CURVE('',#15366,#15264,#15375,.T.);
#15375 = LINE('',#15376,#15377);
#15376 = CARTESIAN_POINT('',(72.474285,-48.35542,1.585));
#15377 = VECTOR('',#15378,1.);
#15378 = DIRECTION('',(0.,1.,0.));
#15379 = PLANE('',#15380);
#15380 = AXIS2_PLACEMENT_3D('',#15381,#15382,#15383);
#15381 = CARTESIAN_POINT('',(0.,0.,1.585));
#15382 = DIRECTION('',(0.,0.,1.));
#15383 = DIRECTION('',(1.,0.,-0.));
#15384 = SHELL_BASED_SURFACE_MODEL('',(#15385));
#15385 = OPEN_SHELL('',(#15386));
#15386 = ADVANCED_FACE('',(#15387,#15616),#15668,.T.);
#15387 = FACE_BOUND('',#15388,.F.);
#15388 = EDGE_LOOP('',(#15389,#15400,#15408,#15416,#15424,#15432,#15440,
    #15448,#15456,#15464,#15472,#15480,#15488,#15496,#15504,#15512,
    #15520,#15528,#15536,#15544,#15552,#15560,#15568,#15577,#15585,
    #15593,#15601,#15610));
#15389 = ORIENTED_EDGE('',*,*,#15390,.T.);
#15390 = EDGE_CURVE('',#15391,#15393,#15395,.T.);
#15391 = VERTEX_POINT('',#15392);
#15392 = CARTESIAN_POINT('',(75.721904,-45.15542,1.585));
#15393 = VERTEX_POINT('',#15394);
#15394 = CARTESIAN_POINT('',(75.961904,-44.91542,1.585));
#15395 = CIRCLE('',#15396,0.239999163647);
#15396 = AXIS2_PLACEMENT_3D('',#15397,#15398,#15399);
#15397 = CARTESIAN_POINT('',(75.961903163645,-45.15541916364,1.585));
#15398 = DIRECTION('',(0.,0.,-1.));
#15399 = DIRECTION('',(-0.999999999994,-3.484823901612E-06,-0.));
#15400 = ORIENTED_EDGE('',*,*,#15401,.T.);
#15401 = EDGE_CURVE('',#15393,#15402,#15404,.T.);
#15402 = VERTEX_POINT('',#15403);
#15403 = CARTESIAN_POINT('',(77.180952,-44.91542,1.585));
#15404 = LINE('',#15405,#15406);
#15405 = CARTESIAN_POINT('',(75.961904,-44.91542,1.585));
#15406 = VECTOR('',#15407,1.);
#15407 = DIRECTION('',(1.,0.,0.));
#15408 = ORIENTED_EDGE('',*,*,#15409,.T.);
#15409 = EDGE_CURVE('',#15402,#15410,#15412,.T.);
#15410 = VERTEX_POINT('',#15411);
#15411 = CARTESIAN_POINT('',(77.227774,-44.920032,1.585));
#15412 = LINE('',#15413,#15414);
#15413 = CARTESIAN_POINT('',(77.180952,-44.91542,1.585));
#15414 = VECTOR('',#15415,1.);
#15415 = DIRECTION('',(0.995183823689,-9.802630803591E-02,0.));
#15416 = ORIENTED_EDGE('',*,*,#15417,.T.);
#15417 = EDGE_CURVE('',#15410,#15418,#15420,.T.);
#15418 = VERTEX_POINT('',#15419);
#15419 = CARTESIAN_POINT('',(77.288283,-44.940757,1.585));
#15420 = LINE('',#15421,#15422);
#15421 = CARTESIAN_POINT('',(77.227774,-44.920032,1.585));
#15422 = VECTOR('',#15423,1.);
#15423 = DIRECTION('',(0.946046356184,-0.324031313225,0.));
#15424 = ORIENTED_EDGE('',*,*,#15425,.T.);
#15425 = EDGE_CURVE('',#15418,#15426,#15428,.T.);
#15426 = VERTEX_POINT('',#15427);
#15427 = CARTESIAN_POINT('',(77.61905,-45.108248,1.585));
#15428 = LINE('',#15429,#15430);
#15429 = CARTESIAN_POINT('',(77.288283,-44.940757,1.585));
#15430 = VECTOR('',#15431,1.);
#15431 = DIRECTION('',(0.892141898443,-0.451755280038,0.));
#15432 = ORIENTED_EDGE('',*,*,#15433,.T.);
#15433 = EDGE_CURVE('',#15426,#15434,#15436,.T.);
#15434 = VERTEX_POINT('',#15435);
#15435 = CARTESIAN_POINT('',(77.65542,-45.138095,1.585));
#15436 = LINE('',#15437,#15438);
#15437 = CARTESIAN_POINT('',(77.61905,-45.108248,1.585));
#15438 = VECTOR('',#15439,1.);
#15439 = DIRECTION('',(0.773021789519,-0.634379470766,0.));
#15440 = ORIENTED_EDGE('',*,*,#15441,.T.);
#15441 = EDGE_CURVE('',#15434,#15442,#15444,.T.);
#15442 = VERTEX_POINT('',#15443);
#15443 = CARTESIAN_POINT('',(77.827693,-45.313034,1.585));
#15444 = LINE('',#15445,#15446);
#15445 = CARTESIAN_POINT('',(77.65542,-45.138095,1.585));
#15446 = VECTOR('',#15447,1.);
#15447 = DIRECTION('',(0.701656715645,-0.712515160113,0.));
#15448 = ORIENTED_EDGE('',*,*,#15449,.T.);
#15449 = EDGE_CURVE('',#15442,#15450,#15452,.T.);
#15450 = VERTEX_POINT('',#15451);
#15451 = CARTESIAN_POINT('',(77.852758,-45.352851,1.585));
#15452 = LINE('',#15453,#15454);
#15453 = CARTESIAN_POINT('',(77.827693,-45.313034,1.585));
#15454 = VECTOR('',#15455,1.);
#15455 = DIRECTION('',(0.532737729381,-0.846280397796,0.));
#15456 = ORIENTED_EDGE('',*,*,#15457,.T.);
#15457 = EDGE_CURVE('',#15450,#15458,#15460,.T.);
#15458 = VERTEX_POINT('',#15459);
#15459 = CARTESIAN_POINT('',(78.005138,-45.657612,1.585));
#15460 = LINE('',#15461,#15462);
#15461 = CARTESIAN_POINT('',(77.852758,-45.352851,1.585));
#15462 = VECTOR('',#15463,1.);
#15463 = DIRECTION('',(0.44721242156,-0.894427777969,0.));
#15464 = ORIENTED_EDGE('',*,*,#15465,.T.);
#15465 = EDGE_CURVE('',#15458,#15466,#15468,.T.);
#15466 = VERTEX_POINT('',#15467);
#15467 = CARTESIAN_POINT('',(78.025864,-45.718122,1.585));
#15468 = LINE('',#15469,#15470);
#15469 = CARTESIAN_POINT('',(78.005138,-45.657612,1.585));
#15470 = VECTOR('',#15471,1.);
#15471 = DIRECTION('',(0.324040513406,-0.946043204971,0.));
#15472 = ORIENTED_EDGE('',*,*,#15473,.T.);
#15473 = EDGE_CURVE('',#15466,#15474,#15476,.T.);
#15474 = VERTEX_POINT('',#15475);
#15475 = CARTESIAN_POINT('',(78.030476,-45.764944,1.585));
#15476 = LINE('',#15477,#15478);
#15477 = CARTESIAN_POINT('',(78.025864,-45.718122,1.585));
#15478 = VECTOR('',#15479,1.);
#15479 = DIRECTION('',(9.802630803575E-02,-0.995183823689,0.));
#15480 = ORIENTED_EDGE('',*,*,#15481,.T.);
#15481 = EDGE_CURVE('',#15474,#15482,#15484,.T.);
#15482 = VERTEX_POINT('',#15483);
#15483 = CARTESIAN_POINT('',(78.030476,-46.222087,1.585));
#15484 = LINE('',#15485,#15486);
#15485 = CARTESIAN_POINT('',(78.030476,-45.764944,1.585));
#15486 = VECTOR('',#15487,1.);
#15487 = DIRECTION('',(0.,-1.,0.));
#15488 = ORIENTED_EDGE('',*,*,#15489,.T.);
#15489 = EDGE_CURVE('',#15482,#15490,#15492,.T.);
#15490 = VERTEX_POINT('',#15491);
#15491 = CARTESIAN_POINT('',(78.021953,-46.285477,1.585));
#15492 = LINE('',#15493,#15494);
#15493 = CARTESIAN_POINT('',(78.030476,-46.222087,1.585));
#15494 = VECTOR('',#15495,1.);
#15495 = DIRECTION('',(-0.133254312094,-0.991081877701,0.));
#15496 = ORIENTED_EDGE('',*,*,#15497,.T.);
#15497 = EDGE_CURVE('',#15490,#15498,#15500,.T.);
#15498 = VERTEX_POINT('',#15499);
#15499 = CARTESIAN_POINT('',(78.005138,-46.329419,1.585));
#15500 = LINE('',#15501,#15502);
#15501 = CARTESIAN_POINT('',(78.021953,-46.285477,1.585));
#15502 = VECTOR('',#15503,1.);
#15503 = DIRECTION('',(-0.357390515296,-0.933955041518,0.));
#15504 = ORIENTED_EDGE('',*,*,#15505,.T.);
#15505 = EDGE_CURVE('',#15498,#15506,#15508,.T.);
#15506 = VERTEX_POINT('',#15507);
#15507 = CARTESIAN_POINT('',(77.837647,-46.660185,1.585));
#15508 = LINE('',#15509,#15510);
#15509 = CARTESIAN_POINT('',(78.005138,-46.329419,1.585));
#15510 = VECTOR('',#15511,1.);
#15511 = DIRECTION('',(-0.451756367088,-0.892141347991,0.));
#15512 = ORIENTED_EDGE('',*,*,#15513,.T.);
#15513 = EDGE_CURVE('',#15506,#15514,#15516,.T.);
#15514 = VERTEX_POINT('',#15515);
#15515 = CARTESIAN_POINT('',(77.8078,-46.696555,1.585));
#15516 = LINE('',#15517,#15518);
#15517 = CARTESIAN_POINT('',(77.837647,-46.660185,1.585));
#15518 = VECTOR('',#15519,1.);
#15519 = DIRECTION('',(-0.634379470766,-0.773021789519,0.));
#15520 = ORIENTED_EDGE('',*,*,#15521,.T.);
#15521 = EDGE_CURVE('',#15514,#15522,#15524,.T.);
#15522 = VERTEX_POINT('',#15523);
#15523 = CARTESIAN_POINT('',(77.632861,-46.868828,1.585));
#15524 = LINE('',#15525,#15526);
#15525 = CARTESIAN_POINT('',(77.8078,-46.696555,1.585));
#15526 = VECTOR('',#15527,1.);
#15527 = DIRECTION('',(-0.712515160113,-0.701656715645,0.));
#15528 = ORIENTED_EDGE('',*,*,#15529,.T.);
#15529 = EDGE_CURVE('',#15522,#15530,#15532,.T.);
#15530 = VERTEX_POINT('',#15531);
#15531 = CARTESIAN_POINT('',(77.593045,-46.893893,1.585));
#15532 = LINE('',#15533,#15534);
#15533 = CARTESIAN_POINT('',(77.632861,-46.868828,1.585));
#15534 = VECTOR('',#15535,1.);
#15535 = DIRECTION('',(-0.846274365476,-0.532747311901,0.));
#15536 = ORIENTED_EDGE('',*,*,#15537,.T.);
#15537 = EDGE_CURVE('',#15530,#15538,#15540,.T.);
#15538 = VERTEX_POINT('',#15539);
#15539 = CARTESIAN_POINT('',(77.288283,-47.046274,1.585));
#15540 = LINE('',#15541,#15542);
#15541 = CARTESIAN_POINT('',(77.593045,-46.893893,1.585));
#15542 = VECTOR('',#15543,1.);
#15543 = DIRECTION('',(-0.894427191,-0.4472135955,0.));
#15544 = ORIENTED_EDGE('',*,*,#15545,.T.);
#15545 = EDGE_CURVE('',#15538,#15546,#15548,.T.);
#15546 = VERTEX_POINT('',#15547);
#15547 = CARTESIAN_POINT('',(77.227774,-47.066999,1.585));
#15548 = LINE('',#15549,#15550);
#15549 = CARTESIAN_POINT('',(77.288283,-47.046274,1.585));
#15550 = VECTOR('',#15551,1.);
#15551 = DIRECTION('',(-0.946046356184,-0.324031313225,0.));
#15552 = ORIENTED_EDGE('',*,*,#15553,.T.);
#15553 = EDGE_CURVE('',#15546,#15554,#15556,.T.);
#15554 = VERTEX_POINT('',#15555);
#15555 = CARTESIAN_POINT('',(77.18452,-47.071259,1.585));
#15556 = LINE('',#15557,#15558);
#15557 = CARTESIAN_POINT('',(77.227774,-47.066999,1.585));
#15558 = VECTOR('',#15559,1.);
#15559 = DIRECTION('',(-0.995185056941,-9.801378699233E-02,0.));
#15560 = ORIENTED_EDGE('',*,*,#15561,.T.);
#15561 = EDGE_CURVE('',#15554,#15562,#15564,.T.);
#15562 = VERTEX_POINT('',#15563);
#15563 = CARTESIAN_POINT('',(77.987091,-48.217789,1.585));
#15564 = LINE('',#15565,#15566);
#15565 = CARTESIAN_POINT('',(77.18452,-47.071259,1.585));
#15566 = VECTOR('',#15567,1.);
#15567 = DIRECTION('',(0.573462344363,-0.819231920519,0.));
#15568 = ORIENTED_EDGE('',*,*,#15569,.T.);
#15569 = EDGE_CURVE('',#15562,#15570,#15572,.T.);
#15570 = VERTEX_POINT('',#15571);
#15571 = CARTESIAN_POINT('',(77.59386,-48.493051,1.585));
#15572 = CIRCLE('',#15573,0.239999889587);
#15573 = AXIS2_PLACEMENT_3D('',#15574,#15575,#15576);
#15574 = CARTESIAN_POINT('',(77.790475159991,-48.35541951427,1.585));
#15575 = DIRECTION('',(0.,0.,-1.));
#15576 = DIRECTION('',(0.819233043597,0.573460739963,0.));
#15577 = ORIENTED_EDGE('',*,*,#15578,.T.);
#15578 = EDGE_CURVE('',#15570,#15579,#15581,.T.);
#15579 = VERTEX_POINT('',#15580);
#15580 = CARTESIAN_POINT('',(76.598851,-47.071611,1.585));
#15581 = LINE('',#15582,#15583);
#15582 = CARTESIAN_POINT('',(77.59386,-48.493051,1.585));
#15583 = VECTOR('',#15584,1.);
#15584 = DIRECTION('',(-0.573462731168,0.819231649756,0.));
#15585 = ORIENTED_EDGE('',*,*,#15586,.T.);
#15586 = EDGE_CURVE('',#15579,#15587,#15589,.T.);
#15587 = VERTEX_POINT('',#15588);
#15588 = CARTESIAN_POINT('',(76.201904,-47.071611,1.585));
#15589 = LINE('',#15590,#15591);
#15590 = CARTESIAN_POINT('',(76.598851,-47.071611,1.585));
#15591 = VECTOR('',#15592,1.);
#15592 = DIRECTION('',(-1.,0.,0.));
#15593 = ORIENTED_EDGE('',*,*,#15594,.T.);
#15594 = EDGE_CURVE('',#15587,#15595,#15597,.T.);
#15595 = VERTEX_POINT('',#15596);
#15596 = CARTESIAN_POINT('',(76.201904,-48.35542,1.585));
#15597 = LINE('',#15598,#15599);
#15598 = CARTESIAN_POINT('',(76.201904,-47.071611,1.585));
#15599 = VECTOR('',#15600,1.);
#15600 = DIRECTION('',(0.,-1.,0.));
#15601 = ORIENTED_EDGE('',*,*,#15602,.T.);
#15602 = EDGE_CURVE('',#15595,#15603,#15605,.T.);
#15603 = VERTEX_POINT('',#15604);
#15604 = CARTESIAN_POINT('',(75.721904,-48.35542,1.585));
#15605 = CIRCLE('',#15606,0.24);
#15606 = AXIS2_PLACEMENT_3D('',#15607,#15608,#15609);
#15607 = CARTESIAN_POINT('',(75.961904,-48.35541959689,1.585));
#15608 = DIRECTION('',(-0.,0.,-1.));
#15609 = DIRECTION('',(0.999999999999,-1.67960273837E-06,-0.));
#15610 = ORIENTED_EDGE('',*,*,#15611,.T.);
#15611 = EDGE_CURVE('',#15603,#15391,#15612,.T.);
#15612 = LINE('',#15613,#15614);
#15613 = CARTESIAN_POINT('',(75.721904,-48.35542,1.585));
#15614 = VECTOR('',#15615,1.);
#15615 = DIRECTION('',(0.,1.,0.));
#15616 = FACE_BOUND('',#15617,.F.);
#15617 = EDGE_LOOP('',(#15618,#15629,#15637,#15645,#15653,#15662));
#15618 = ORIENTED_EDGE('',*,*,#15619,.T.);
#15619 = EDGE_CURVE('',#15620,#15622,#15624,.T.);
#15620 = VERTEX_POINT('',#15621);
#15621 = CARTESIAN_POINT('',(77.550476,-45.821601,1.585));
#15622 = VERTEX_POINT('',#15623);
#15623 = CARTESIAN_POINT('',(77.124295,-45.39542,1.585));
#15624 = CIRCLE('',#15625,0.597965756221);
#15625 = AXIS2_PLACEMENT_3D('',#15626,#15627,#15628);
#15626 = CARTESIAN_POINT('',(76.9721815,-45.9737145,1.585));
#15627 = DIRECTION('',(0.,0.,1.));
#15628 = DIRECTION('',(0.967103038902,0.254384968399,-0.));
#15629 = ORIENTED_EDGE('',*,*,#15630,.T.);
#15630 = EDGE_CURVE('',#15622,#15631,#15633,.T.);
#15631 = VERTEX_POINT('',#15632);
#15632 = CARTESIAN_POINT('',(76.201904,-45.39542,1.585));
#15633 = LINE('',#15634,#15635);
#15634 = CARTESIAN_POINT('',(77.124295,-45.39542,1.585));
#15635 = VECTOR('',#15636,1.);
#15636 = DIRECTION('',(-1.,0.,0.));
#15637 = ORIENTED_EDGE('',*,*,#15638,.T.);
#15638 = EDGE_CURVE('',#15631,#15639,#15641,.T.);
#15639 = VERTEX_POINT('',#15640);
#15640 = CARTESIAN_POINT('',(76.201904,-46.591611,1.585));
#15641 = LINE('',#15642,#15643);
#15642 = CARTESIAN_POINT('',(76.201904,-45.39542,1.585));
#15643 = VECTOR('',#15644,1.);
#15644 = DIRECTION('',(0.,-1.,0.));
#15645 = ORIENTED_EDGE('',*,*,#15646,.T.);
#15646 = EDGE_CURVE('',#15639,#15647,#15649,.T.);
#15647 = VERTEX_POINT('',#15648);
#15648 = CARTESIAN_POINT('',(77.124295,-46.591611,1.585));
#15649 = LINE('',#15650,#15651);
#15650 = CARTESIAN_POINT('',(76.201904,-46.591611,1.585));
#15651 = VECTOR('',#15652,1.);
#15652 = DIRECTION('',(1.,0.,0.));
#15653 = ORIENTED_EDGE('',*,*,#15654,.T.);
#15654 = EDGE_CURVE('',#15647,#15655,#15657,.T.);
#15655 = VERTEX_POINT('',#15656);
#15656 = CARTESIAN_POINT('',(77.550476,-46.16543,1.585));
#15657 = CIRCLE('',#15658,0.597972947889);
#15658 = AXIS2_PLACEMENT_3D('',#15659,#15660,#15661);
#15659 = CARTESIAN_POINT('',(76.972175612383,-46.01331061238,1.585));
#15660 = DIRECTION('',(0.,0.,1.));
#15661 = DIRECTION('',(0.254391754935,-0.967101253759,0.));
#15662 = ORIENTED_EDGE('',*,*,#15663,.T.);
#15663 = EDGE_CURVE('',#15655,#15620,#15664,.T.);
#15664 = LINE('',#15665,#15666);
#15665 = CARTESIAN_POINT('',(77.550476,-46.16543,1.585));
#15666 = VECTOR('',#15667,1.);
#15667 = DIRECTION('',(0.,1.,0.));
#15668 = PLANE('',#15669);
#15669 = AXIS2_PLACEMENT_3D('',#15670,#15671,#15672);
#15670 = CARTESIAN_POINT('',(0.,0.,1.585));
#15671 = DIRECTION('',(0.,0.,1.));
#15672 = DIRECTION('',(1.,0.,-0.));
#15673 = SHELL_BASED_SURFACE_MODEL('',(#15674));
#15674 = OPEN_SHELL('',(#15675));
#15675 = ADVANCED_FACE('',(#15676,#15770),#15796,.T.);
#15676 = FACE_BOUND('',#15677,.F.);
#15677 = EDGE_LOOP('',(#15678,#15689,#15697,#15705,#15714,#15722,#15731,
    #15739,#15747,#15755,#15764));
#15678 = ORIENTED_EDGE('',*,*,#15679,.T.);
#15679 = EDGE_CURVE('',#15680,#15682,#15684,.T.);
#15680 = VERTEX_POINT('',#15681);
#15681 = CARTESIAN_POINT('',(62.972316,-45.079526,1.585));
#15682 = VERTEX_POINT('',#15683);
#15683 = CARTESIAN_POINT('',(63.230017,-44.917305,1.585));
#15684 = CIRCLE('',#15685,0.239996282554);
#15685 = AXIS2_PLACEMENT_3D('',#15686,#15687,#15688);
#15686 = CARTESIAN_POINT('',(63.199997490158,-45.1554164123,1.585));
#15687 = DIRECTION('',(0.,0.,-1.));
#15688 = DIRECTION('',(-0.948687570218,0.316214949226,0.));
#15689 = ORIENTED_EDGE('',*,*,#15690,.T.);
#15690 = EDGE_CURVE('',#15682,#15691,#15693,.T.);
#15691 = VERTEX_POINT('',#15692);
#15692 = CARTESIAN_POINT('',(63.246283,-44.922727,1.585));
#15693 = LINE('',#15694,#15695);
#15694 = CARTESIAN_POINT('',(63.230017,-44.917305,1.585));
#15695 = VECTOR('',#15696,1.);
#15696 = DIRECTION('',(0.94868329805,-0.316227766017,0.));
#15697 = ORIENTED_EDGE('',*,*,#15698,.T.);
#15698 = EDGE_CURVE('',#15691,#15699,#15701,.T.);
#15699 = VERTEX_POINT('',#15700);
#15700 = CARTESIAN_POINT('',(63.26339,-44.923943,1.585));
#15701 = LINE('',#15702,#15703);
#15702 = CARTESIAN_POINT('',(63.246283,-44.922727,1.585));
#15703 = VECTOR('',#15704,1.);
#15704 = DIRECTION('',(0.997483207054,-7.090311450146E-02,0.));
#15705 = ORIENTED_EDGE('',*,*,#15706,.T.);
#15706 = EDGE_CURVE('',#15699,#15707,#15709,.T.);
#15707 = VERTEX_POINT('',#15708);
#15708 = CARTESIAN_POINT('',(63.427684,-45.079525,1.585));
#15709 = CIRCLE('',#15710,0.239994151893);
#15710 = AXIS2_PLACEMENT_3D('',#15711,#15712,#15713);
#15711 = CARTESIAN_POINT('',(63.200004776425,-45.15541547433,1.585));
#15712 = DIRECTION('',(0.,0.,-1.));
#15713 = DIRECTION('',(0.264111533867,0.964492144954,0.));
#15714 = ORIENTED_EDGE('',*,*,#15715,.T.);
#15715 = EDGE_CURVE('',#15707,#15716,#15718,.T.);
#15716 = VERTEX_POINT('',#15717);
#15717 = CARTESIAN_POINT('',(64.494351,-48.279525,1.585));
#15718 = LINE('',#15719,#15720);
#15719 = CARTESIAN_POINT('',(63.427684,-45.079525,1.585));
#15720 = VECTOR('',#15721,1.);
#15721 = DIRECTION('',(0.316227854956,-0.948683268404,0.));
#15722 = ORIENTED_EDGE('',*,*,#15723,.T.);
#15723 = EDGE_CURVE('',#15716,#15724,#15726,.T.);
#15724 = VERTEX_POINT('',#15725);
#15725 = CARTESIAN_POINT('',(64.038983,-48.431314,1.585));
#15726 = CIRCLE('',#15727,0.239999956222);
#15727 = AXIS2_PLACEMENT_3D('',#15728,#15729,#15730);
#15728 = CARTESIAN_POINT('',(64.266666882144,-48.35541914643,1.585));
#15729 = DIRECTION('',(0.,0.,-1.));
#15730 = DIRECTION('',(0.948683997448,0.316225667817,0.));
#15731 = ORIENTED_EDGE('',*,*,#15732,.T.);
#15732 = EDGE_CURVE('',#15724,#15733,#15735,.T.);
#15733 = VERTEX_POINT('',#15734);
#15734 = CARTESIAN_POINT('',(63.788923,-47.681135,1.585));
#15735 = LINE('',#15736,#15737);
#15736 = CARTESIAN_POINT('',(64.038983,-48.431314,1.585));
#15737 = VECTOR('',#15738,1.);
#15738 = DIRECTION('',(-0.3162281454,0.94868317159,0.));
#15739 = ORIENTED_EDGE('',*,*,#15740,.T.);
#15740 = EDGE_CURVE('',#15733,#15741,#15743,.T.);
#15741 = VERTEX_POINT('',#15742);
#15742 = CARTESIAN_POINT('',(62.611077,-47.681135,1.585));
#15743 = LINE('',#15744,#15745);
#15744 = CARTESIAN_POINT('',(63.788923,-47.681135,1.585));
#15745 = VECTOR('',#15746,1.);
#15746 = DIRECTION('',(-1.,0.,0.));
#15747 = ORIENTED_EDGE('',*,*,#15748,.T.);
#15748 = EDGE_CURVE('',#15741,#15749,#15751,.T.);
#15749 = VERTEX_POINT('',#15750);
#15750 = CARTESIAN_POINT('',(62.361017,-48.431315,1.585));
#15751 = LINE('',#15752,#15753);
#15752 = CARTESIAN_POINT('',(62.611077,-47.681135,1.585));
#15753 = VECTOR('',#15754,1.);
#15754 = DIRECTION('',(-0.316227766017,-0.948683298051,0.));
#15755 = ORIENTED_EDGE('',*,*,#15756,.T.);
#15756 = EDGE_CURVE('',#15749,#15757,#15759,.T.);
#15757 = VERTEX_POINT('',#15758);
#15758 = CARTESIAN_POINT('',(61.905649,-48.279525,1.585));
#15759 = CIRCLE('',#15760,0.240000114336);
#15760 = AXIS2_PLACEMENT_3D('',#15761,#15762,#15763);
#15761 = CARTESIAN_POINT('',(62.133333189,-48.355419433,1.585));
#15762 = DIRECTION('',(-0.,0.,-1.));
#15763 = DIRECTION('',(0.948682093882,-0.316231378498,-0.));
#15764 = ORIENTED_EDGE('',*,*,#15765,.T.);
#15765 = EDGE_CURVE('',#15757,#15680,#15766,.T.);
#15766 = LINE('',#15767,#15768);
#15767 = CARTESIAN_POINT('',(61.905649,-48.279525,1.585));
#15768 = VECTOR('',#15769,1.);
#15769 = DIRECTION('',(0.316227943895,0.948683238758,0.));
#15770 = FACE_BOUND('',#15771,.F.);
#15771 = EDGE_LOOP('',(#15772,#15782,#15790));
#15772 = ORIENTED_EDGE('',*,*,#15773,.T.);
#15773 = EDGE_CURVE('',#15774,#15776,#15778,.T.);
#15774 = VERTEX_POINT('',#15775);
#15775 = CARTESIAN_POINT('',(62.771077,-47.201135,1.585));
#15776 = VERTEX_POINT('',#15777);
#15777 = CARTESIAN_POINT('',(63.628923,-47.201135,1.585));
#15778 = LINE('',#15779,#15780);
#15779 = CARTESIAN_POINT('',(62.771077,-47.201135,1.585));
#15780 = VECTOR('',#15781,1.);
#15781 = DIRECTION('',(1.,0.,0.));
#15782 = ORIENTED_EDGE('',*,*,#15783,.T.);
#15783 = EDGE_CURVE('',#15776,#15784,#15786,.T.);
#15784 = VERTEX_POINT('',#15785);
#15785 = CARTESIAN_POINT('',(63.2,-45.914366,1.585));
#15786 = LINE('',#15787,#15788);
#15787 = CARTESIAN_POINT('',(63.628923,-47.201135,1.585));
#15788 = VECTOR('',#15789,1.);
#15789 = DIRECTION('',(-0.316227766017,0.948683298051,0.));
#15790 = ORIENTED_EDGE('',*,*,#15791,.T.);
#15791 = EDGE_CURVE('',#15784,#15774,#15792,.T.);
#15792 = LINE('',#15793,#15794);
#15793 = CARTESIAN_POINT('',(63.2,-45.914366,1.585));
#15794 = VECTOR('',#15795,1.);
#15795 = DIRECTION('',(-0.316227766017,-0.948683298051,0.));
#15796 = PLANE('',#15797);
#15797 = AXIS2_PLACEMENT_3D('',#15798,#15799,#15800);
#15798 = CARTESIAN_POINT('',(0.,0.,1.585));
#15799 = DIRECTION('',(0.,0.,1.));
#15800 = DIRECTION('',(1.,0.,-0.));
#15801 = ( GEOMETRIC_REPRESENTATION_CONTEXT(3) 
GLOBAL_UNCERTAINTY_ASSIGNED_CONTEXT((#15805)) 
GLOBAL_UNIT_ASSIGNED_CONTEXT((#15802,#15803,#15804)) 
REPRESENTATION_CONTEXT('Context #1',
  '3D Context with UNIT and UNCERTAINTY') );
#15802 = ( LENGTH_UNIT() NAMED_UNIT(*) SI_UNIT(.MILLI.,.METRE.) );
#15803 = ( NAMED_UNIT(*) PLANE_ANGLE_UNIT() SI_UNIT($,.RADIAN.) );
#15804 = ( NAMED_UNIT(*) SI_UNIT($,.STERADIAN.) SOLID_ANGLE_UNIT() );
#15805 = UNCERTAINTY_MEASURE_WITH_UNIT(LENGTH_MEASURE(1.E-07),#15802,
  'distance_accuracy_value','confusion accuracy');
#15806 = CONTEXT_DEPENDENT_SHAPE_REPRESENTATION(#15807,#15809);
#15807 = ( REPRESENTATION_RELATIONSHIP('','',#44,#10) 
REPRESENTATION_RELATIONSHIP_WITH_TRANSFORMATION(#15808) 
SHAPE_REPRESENTATION_RELATIONSHIP() );
#15808 = ITEM_DEFINED_TRANSFORMATION('','',#11,#15);
#15809 = PRODUCT_DEFINITION_SHAPE('Placement','Placement of an item',
  #15810);
#15810 = NEXT_ASSEMBLY_USAGE_OCCURRENCE('1','=>[0:1:1:2]','',#5,#39,$);
#15811 = PRODUCT_RELATED_PRODUCT_CATEGORY('part',$,(#41));
#15812 = SHAPE_DEFINITION_REPRESENTATION(#15813,#15819);
#15813 = PRODUCT_DEFINITION_SHAPE('','',#15814);
#15814 = PRODUCT_DEFINITION('design','',#15815,#15818);
#15815 = PRODUCT_DEFINITION_FORMATION('','',#15816);
#15816 = PRODUCT('v3-panel_soldermask','v3-panel_soldermask','',(#15817)
  );
#15817 = PRODUCT_CONTEXT('',#2,'mechanical');
#15818 = PRODUCT_DEFINITION_CONTEXT('part definition',#2,'design');
#15819 = MANIFOLD_SURFACE_SHAPE_REPRESENTATION('',(#11,#15820),#16430);
#15820 = SHELL_BASED_SURFACE_MODEL('',(#15821));
#15821 = OPEN_SHELL('',(#15822));
#15822 = ADVANCED_FACE('',(#15823,#15857,#15925,#15952,#15979,#16006,
    #16033,#16060,#16087,#16114,#16141,#16168,#16195,#16222,#16249,
    #16276,#16303,#16330,#16357),#16425,.T.);
#15823 = FACE_BOUND('',#15824,.F.);
#15824 = EDGE_LOOP('',(#15825,#15835,#15843,#15851));
#15825 = ORIENTED_EDGE('',*,*,#15826,.T.);
#15826 = EDGE_CURVE('',#15827,#15829,#15831,.T.);
#15827 = VERTEX_POINT('',#15828);
#15828 = CARTESIAN_POINT('',(60.,-168.5,1.56));
#15829 = VERTEX_POINT('',#15830);
#15830 = CARTESIAN_POINT('',(60.,-40.,1.56));
#15831 = LINE('',#15832,#15833);
#15832 = CARTESIAN_POINT('',(60.,-168.5,1.56));
#15833 = VECTOR('',#15834,1.);
#15834 = DIRECTION('',(0.,1.,0.));
#15835 = ORIENTED_EDGE('',*,*,#15836,.T.);
#15836 = EDGE_CURVE('',#15829,#15837,#15839,.T.);
#15837 = VERTEX_POINT('',#15838);
#15838 = CARTESIAN_POINT('',(80.,-40.,1.56));
#15839 = LINE('',#15840,#15841);
#15840 = CARTESIAN_POINT('',(60.,-40.,1.56));
#15841 = VECTOR('',#15842,1.);
#15842 = DIRECTION('',(1.,0.,0.));
#15843 = ORIENTED_EDGE('',*,*,#15844,.T.);
#15844 = EDGE_CURVE('',#15837,#15845,#15847,.T.);
#15845 = VERTEX_POINT('',#15846);
#15846 = CARTESIAN_POINT('',(80.,-168.5,1.56));
#15847 = LINE('',#15848,#15849);
#15848 = CARTESIAN_POINT('',(80.,-40.,1.56));
#15849 = VECTOR('',#15850,1.);
#15850 = DIRECTION('',(0.,-1.,0.));
#15851 = ORIENTED_EDGE('',*,*,#15852,.T.);
#15852 = EDGE_CURVE('',#15845,#15827,#15853,.T.);
#15853 = LINE('',#15854,#15855);
#15854 = CARTESIAN_POINT('',(80.,-168.5,1.56));
#15855 = VECTOR('',#15856,1.);
#15856 = DIRECTION('',(-1.,0.,0.));
#15857 = FACE_BOUND('',#15858,.F.);
#15858 = EDGE_LOOP('',(#15859,#15870,#15878,#15886,#15894,#15903,#15911,
    #15919));
#15859 = ORIENTED_EDGE('',*,*,#15860,.T.);
#15860 = EDGE_CURVE('',#15861,#15863,#15865,.T.);
#15861 = VERTEX_POINT('',#15862);
#15862 = CARTESIAN_POINT('',(69.225729,-167.097534,1.56));
#15863 = VERTEX_POINT('',#15864);
#15864 = CARTESIAN_POINT('',(69.225729,-163.902466,1.56));
#15865 = CIRCLE('',#15866,1.602473919475);
#15866 = AXIS2_PLACEMENT_3D('',#15867,#15868,#15869);
#15867 = CARTESIAN_POINT('',(69.1,-165.5,1.56));
#15868 = DIRECTION('',(0.,-0.,1.));
#15869 = DIRECTION('',(7.84593112387E-02,-0.996917316772,-0.));
#15870 = ORIENTED_EDGE('',*,*,#15871,.T.);
#15871 = EDGE_CURVE('',#15863,#15872,#15874,.T.);
#15872 = VERTEX_POINT('',#15873);
#15873 = CARTESIAN_POINT('',(69.1,-163.9,1.56));
#15874 = LINE('',#15875,#15876);
#15875 = CARTESIAN_POINT('',(69.225729,-163.902466,1.56));
#15876 = VECTOR('',#15877,1.);
#15877 = DIRECTION('',(-0.999807708563,1.960984187669E-02,0.));
#15878 = ORIENTED_EDGE('',*,*,#15879,.T.);
#15879 = EDGE_CURVE('',#15872,#15880,#15882,.T.);
#15880 = VERTEX_POINT('',#15881);
#15881 = CARTESIAN_POINT('',(65.9,-163.9,1.56));
#15882 = LINE('',#15883,#15884);
#15883 = CARTESIAN_POINT('',(69.1,-163.9,1.56));
#15884 = VECTOR('',#15885,1.);
#15885 = DIRECTION('',(-1.,0.,0.));
#15886 = ORIENTED_EDGE('',*,*,#15887,.T.);
#15887 = EDGE_CURVE('',#15880,#15888,#15890,.T.);
#15888 = VERTEX_POINT('',#15889);
#15889 = CARTESIAN_POINT('',(65.774271,-163.902466,1.56));
#15890 = LINE('',#15891,#15892);
#15891 = CARTESIAN_POINT('',(65.9,-163.9,1.56));
#15892 = VECTOR('',#15893,1.);
#15893 = DIRECTION('',(-0.999807708563,-1.960984187669E-02,0.));
#15894 = ORIENTED_EDGE('',*,*,#15895,.T.);
#15895 = EDGE_CURVE('',#15888,#15896,#15898,.T.);
#15896 = VERTEX_POINT('',#15897);
#15897 = CARTESIAN_POINT('',(65.774271,-167.097534,1.56));
#15898 = CIRCLE('',#15899,1.602473919475);
#15899 = AXIS2_PLACEMENT_3D('',#15900,#15901,#15902);
#15900 = CARTESIAN_POINT('',(65.9,-165.5,1.56));
#15901 = DIRECTION('',(0.,0.,1.));
#15902 = DIRECTION('',(-7.84593112387E-02,0.996917316772,0.));
#15903 = ORIENTED_EDGE('',*,*,#15904,.T.);
#15904 = EDGE_CURVE('',#15896,#15905,#15907,.T.);
#15905 = VERTEX_POINT('',#15906);
#15906 = CARTESIAN_POINT('',(65.9,-167.1,1.56));
#15907 = LINE('',#15908,#15909);
#15908 = CARTESIAN_POINT('',(65.774271,-167.097534,1.56));
#15909 = VECTOR('',#15910,1.);
#15910 = DIRECTION('',(0.999807708563,-1.960984187669E-02,0.));
#15911 = ORIENTED_EDGE('',*,*,#15912,.T.);
#15912 = EDGE_CURVE('',#15905,#15913,#15915,.T.);
#15913 = VERTEX_POINT('',#15914);
#15914 = CARTESIAN_POINT('',(69.1,-167.1,1.56));
#15915 = LINE('',#15916,#15917);
#15916 = CARTESIAN_POINT('',(65.9,-167.1,1.56));
#15917 = VECTOR('',#15918,1.);
#15918 = DIRECTION('',(1.,0.,0.));
#15919 = ORIENTED_EDGE('',*,*,#15920,.T.);
#15920 = EDGE_CURVE('',#15913,#15861,#15921,.T.);
#15921 = LINE('',#15922,#15923);
#15922 = CARTESIAN_POINT('',(69.1,-167.1,1.56));
#15923 = VECTOR('',#15924,1.);
#15924 = DIRECTION('',(0.999807708563,1.960984187669E-02,0.));
#15925 = FACE_BOUND('',#15926,.F.);
#15926 = EDGE_LOOP('',(#15927,#15937,#15946));
#15927 = ORIENTED_EDGE('',*,*,#15928,.T.);
#15928 = EDGE_CURVE('',#15929,#15931,#15933,.T.);
#15929 = VERTEX_POINT('',#15930);
#15930 = CARTESIAN_POINT('',(67.8,-152.,1.56));
#15931 = VERTEX_POINT('',#15932);
#15932 = CARTESIAN_POINT('',(67.797462,-151.825418,1.56));
#15933 = LINE('',#15934,#15935);
#15934 = CARTESIAN_POINT('',(67.8,-152.,1.56));
#15935 = VECTOR('',#15936,1.);
#15936 = DIRECTION('',(-1.453604524198E-02,0.999894346113,0.));
#15937 = ORIENTED_EDGE('',*,*,#15938,.T.);
#15938 = EDGE_CURVE('',#15931,#15939,#15941,.T.);
#15939 = VERTEX_POINT('',#15940);
#15940 = CARTESIAN_POINT('',(67.797462,-152.174582,1.56));
#15941 = CIRCLE('',#15942,3.002545265835);
#15942 = AXIS2_PLACEMENT_3D('',#15943,#15944,#15945);
#15943 = CARTESIAN_POINT('',(64.799996537536,-152.,1.56));
#15944 = DIRECTION('',(0.,0.,1.));
#15945 = DIRECTION('',(0.998308167597,5.814466878704E-02,-0.));
#15946 = ORIENTED_EDGE('',*,*,#15947,.T.);
#15947 = EDGE_CURVE('',#15939,#15929,#15948,.T.);
#15948 = LINE('',#15949,#15950);
#15949 = CARTESIAN_POINT('',(67.797462,-152.174582,1.56));
#15950 = VECTOR('',#15951,1.);
#15951 = DIRECTION('',(1.453604524198E-02,0.999894346113,0.));
#15952 = FACE_BOUND('',#15953,.F.);
#15953 = EDGE_LOOP('',(#15954,#15964,#15973));
#15954 = ORIENTED_EDGE('',*,*,#15955,.T.);
#15955 = EDGE_CURVE('',#15956,#15958,#15960,.T.);
#15956 = VERTEX_POINT('',#15957);
#15957 = CARTESIAN_POINT('',(78.2,-152.,1.56));
#15958 = VERTEX_POINT('',#15959);
#15959 = CARTESIAN_POINT('',(78.197462,-151.825418,1.56));
#15960 = LINE('',#15961,#15962);
#15961 = CARTESIAN_POINT('',(78.2,-152.,1.56));
#15962 = VECTOR('',#15963,1.);
#15963 = DIRECTION('',(-1.453604524198E-02,0.999894346113,0.));
#15964 = ORIENTED_EDGE('',*,*,#15965,.T.);
#15965 = EDGE_CURVE('',#15958,#15966,#15968,.T.);
#15966 = VERTEX_POINT('',#15967);
#15967 = CARTESIAN_POINT('',(78.197462,-152.174582,1.56));
#15968 = CIRCLE('',#15969,3.002545265834);
#15969 = AXIS2_PLACEMENT_3D('',#15970,#15971,#15972);
#15970 = CARTESIAN_POINT('',(75.199996537537,-152.,1.56));
#15971 = DIRECTION('',(0.,0.,1.));
#15972 = DIRECTION('',(0.998308167597,5.8144668787E-02,-0.));
#15973 = ORIENTED_EDGE('',*,*,#15974,.T.);
#15974 = EDGE_CURVE('',#15966,#15956,#15975,.T.);
#15975 = LINE('',#15976,#15977);
#15976 = CARTESIAN_POINT('',(78.197462,-152.174582,1.56));
#15977 = VECTOR('',#15978,1.);
#15978 = DIRECTION('',(1.453604524198E-02,0.999894346113,0.));
#15979 = FACE_BOUND('',#15980,.F.);
#15980 = EDGE_LOOP('',(#15981,#15991,#16000));
#15981 = ORIENTED_EDGE('',*,*,#15982,.T.);
#15982 = EDGE_CURVE('',#15983,#15985,#15987,.T.);
#15983 = VERTEX_POINT('',#15984);
#15984 = CARTESIAN_POINT('',(67.3,-141.,1.56));
#15985 = VERTEX_POINT('',#15986);
#15986 = CARTESIAN_POINT('',(67.297533,-140.842869,1.56));
#15987 = LINE('',#15988,#15989);
#15988 = CARTESIAN_POINT('',(67.3,-141.,1.56));
#15989 = VECTOR('',#15990,1.);
#15990 = DIRECTION('',(-1.56983408755E-02,0.999876773454,0.));
#15991 = ORIENTED_EDGE('',*,*,#15992,.T.);
#15992 = EDGE_CURVE('',#15985,#15993,#15995,.T.);
#15993 = VERTEX_POINT('',#15994);
#15994 = CARTESIAN_POINT('',(67.297533,-141.157131,1.56));
#15995 = CIRCLE('',#15996,2.502470621279);
#15996 = AXIS2_PLACEMENT_3D('',#15997,#15998,#15999);
#15997 = CARTESIAN_POINT('',(64.800000405778,-141.,1.56));
#15998 = DIRECTION('',(0.,0.,1.));
#15999 = DIRECTION('',(0.998026739249,6.279034753254E-02,-0.));
#16000 = ORIENTED_EDGE('',*,*,#16001,.T.);
#16001 = EDGE_CURVE('',#15993,#15983,#16002,.T.);
#16002 = LINE('',#16003,#16004);
#16003 = CARTESIAN_POINT('',(67.297533,-141.157131,1.56));
#16004 = VECTOR('',#16005,1.);
#16005 = DIRECTION('',(1.56983408755E-02,0.999876773454,0.));
#16006 = FACE_BOUND('',#16007,.F.);
#16007 = EDGE_LOOP('',(#16008,#16018,#16027));
#16008 = ORIENTED_EDGE('',*,*,#16009,.T.);
#16009 = EDGE_CURVE('',#16010,#16012,#16014,.T.);
#16010 = VERTEX_POINT('',#16011);
#16011 = CARTESIAN_POINT('',(77.7,-141.,1.56));
#16012 = VERTEX_POINT('',#16013);
#16013 = CARTESIAN_POINT('',(77.697533,-140.842869,1.56));
#16014 = LINE('',#16015,#16016);
#16015 = CARTESIAN_POINT('',(77.7,-141.,1.56));
#16016 = VECTOR('',#16017,1.);
#16017 = DIRECTION('',(-1.56983408755E-02,0.999876773454,0.));
#16018 = ORIENTED_EDGE('',*,*,#16019,.T.);
#16019 = EDGE_CURVE('',#16012,#16020,#16022,.T.);
#16020 = VERTEX_POINT('',#16021);
#16021 = CARTESIAN_POINT('',(77.697533,-141.157131,1.56));
#16022 = CIRCLE('',#16023,2.502470621279);
#16023 = AXIS2_PLACEMENT_3D('',#16024,#16025,#16026);
#16024 = CARTESIAN_POINT('',(75.200000405778,-141.,1.56));
#16025 = DIRECTION('',(0.,0.,1.));
#16026 = DIRECTION('',(0.998026739249,6.279034753252E-02,-0.));
#16027 = ORIENTED_EDGE('',*,*,#16028,.T.);
#16028 = EDGE_CURVE('',#16020,#16010,#16029,.T.);
#16029 = LINE('',#16030,#16031);
#16030 = CARTESIAN_POINT('',(77.697533,-141.157131,1.56));
#16031 = VECTOR('',#16032,1.);
#16032 = DIRECTION('',(1.56983408755E-02,0.999876773454,0.));
#16033 = FACE_BOUND('',#16034,.F.);
#16034 = EDGE_LOOP('',(#16035,#16045,#16054));
#16035 = ORIENTED_EDGE('',*,*,#16036,.T.);
#16036 = EDGE_CURVE('',#16037,#16039,#16041,.T.);
#16037 = VERTEX_POINT('',#16038);
#16038 = CARTESIAN_POINT('',(67.3,-128.,1.56));
#16039 = VERTEX_POINT('',#16040);
#16040 = CARTESIAN_POINT('',(67.297533,-127.842869,1.56));
#16041 = LINE('',#16042,#16043);
#16042 = CARTESIAN_POINT('',(67.3,-128.,1.56));
#16043 = VECTOR('',#16044,1.);
#16044 = DIRECTION('',(-1.56983408755E-02,0.999876773454,0.));
#16045 = ORIENTED_EDGE('',*,*,#16046,.T.);
#16046 = EDGE_CURVE('',#16039,#16047,#16049,.T.);
#16047 = VERTEX_POINT('',#16048);
#16048 = CARTESIAN_POINT('',(67.297533,-128.157131,1.56));
#16049 = CIRCLE('',#16050,2.502470621279);
#16050 = AXIS2_PLACEMENT_3D('',#16051,#16052,#16053);
#16051 = CARTESIAN_POINT('',(64.800000405778,-128.,1.56));
#16052 = DIRECTION('',(0.,0.,1.));
#16053 = DIRECTION('',(0.998026739249,6.279034753252E-02,-0.));
#16054 = ORIENTED_EDGE('',*,*,#16055,.T.);
#16055 = EDGE_CURVE('',#16047,#16037,#16056,.T.);
#16056 = LINE('',#16057,#16058);
#16057 = CARTESIAN_POINT('',(67.297533,-128.157131,1.56));
#16058 = VECTOR('',#16059,1.);
#16059 = DIRECTION('',(1.56983408755E-02,0.999876773454,0.));
#16060 = FACE_BOUND('',#16061,.F.);
#16061 = EDGE_LOOP('',(#16062,#16072,#16081));
#16062 = ORIENTED_EDGE('',*,*,#16063,.T.);
#16063 = EDGE_CURVE('',#16064,#16066,#16068,.T.);
#16064 = VERTEX_POINT('',#16065);
#16065 = CARTESIAN_POINT('',(77.7,-128.,1.56));
#16066 = VERTEX_POINT('',#16067);
#16067 = CARTESIAN_POINT('',(77.697533,-127.842869,1.56));
#16068 = LINE('',#16069,#16070);
#16069 = CARTESIAN_POINT('',(77.7,-128.,1.56));
#16070 = VECTOR('',#16071,1.);
#16071 = DIRECTION('',(-1.56983408755E-02,0.999876773454,0.));
#16072 = ORIENTED_EDGE('',*,*,#16073,.T.);
#16073 = EDGE_CURVE('',#16066,#16074,#16076,.T.);
#16074 = VERTEX_POINT('',#16075);
#16075 = CARTESIAN_POINT('',(77.697533,-128.157131,1.56));
#16076 = CIRCLE('',#16077,2.502470621279);
#16077 = AXIS2_PLACEMENT_3D('',#16078,#16079,#16080);
#16078 = CARTESIAN_POINT('',(75.200000405778,-128.,1.56));
#16079 = DIRECTION('',(0.,0.,1.));
#16080 = DIRECTION('',(0.998026739249,6.279034753253E-02,-0.));
#16081 = ORIENTED_EDGE('',*,*,#16082,.T.);
#16082 = EDGE_CURVE('',#16074,#16064,#16083,.T.);
#16083 = LINE('',#16084,#16085);
#16084 = CARTESIAN_POINT('',(77.697533,-128.157131,1.56));
#16085 = VECTOR('',#16086,1.);
#16086 = DIRECTION('',(1.56983408755E-02,0.999876773454,0.));
#16087 = FACE_BOUND('',#16088,.F.);
#16088 = EDGE_LOOP('',(#16089,#16099,#16108));
#16089 = ORIENTED_EDGE('',*,*,#16090,.T.);
#16090 = EDGE_CURVE('',#16091,#16093,#16095,.T.);
#16091 = VERTEX_POINT('',#16092);
#16092 = CARTESIAN_POINT('',(67.8,-108.8,1.56));
#16093 = VERTEX_POINT('',#16094);
#16094 = CARTESIAN_POINT('',(67.797462,-108.625418,1.56));
#16095 = LINE('',#16096,#16097);
#16096 = CARTESIAN_POINT('',(67.8,-108.8,1.56));
#16097 = VECTOR('',#16098,1.);
#16098 = DIRECTION('',(-1.453604524198E-02,0.999894346113,0.));
#16099 = ORIENTED_EDGE('',*,*,#16100,.T.);
#16100 = EDGE_CURVE('',#16093,#16101,#16103,.T.);
#16101 = VERTEX_POINT('',#16102);
#16102 = CARTESIAN_POINT('',(67.797462,-108.974582,1.56));
#16103 = CIRCLE('',#16104,3.002545265834);
#16104 = AXIS2_PLACEMENT_3D('',#16105,#16106,#16107);
#16105 = CARTESIAN_POINT('',(64.799996537537,-108.8,1.56));
#16106 = DIRECTION('',(0.,0.,1.));
#16107 = DIRECTION('',(0.998308167597,5.8144668787E-02,-0.));
#16108 = ORIENTED_EDGE('',*,*,#16109,.T.);
#16109 = EDGE_CURVE('',#16101,#16091,#16110,.T.);
#16110 = LINE('',#16111,#16112);
#16111 = CARTESIAN_POINT('',(67.797462,-108.974582,1.56));
#16112 = VECTOR('',#16113,1.);
#16113 = DIRECTION('',(1.453604524198E-02,0.999894346113,0.));
#16114 = FACE_BOUND('',#16115,.F.);
#16115 = EDGE_LOOP('',(#16116,#16126,#16135));
#16116 = ORIENTED_EDGE('',*,*,#16117,.T.);
#16117 = EDGE_CURVE('',#16118,#16120,#16122,.T.);
#16118 = VERTEX_POINT('',#16119);
#16119 = CARTESIAN_POINT('',(78.2,-108.8,1.56));
#16120 = VERTEX_POINT('',#16121);
#16121 = CARTESIAN_POINT('',(78.197462,-108.625418,1.56));
#16122 = LINE('',#16123,#16124);
#16123 = CARTESIAN_POINT('',(78.2,-108.8,1.56));
#16124 = VECTOR('',#16125,1.);
#16125 = DIRECTION('',(-1.453604524198E-02,0.999894346113,0.));
#16126 = ORIENTED_EDGE('',*,*,#16127,.T.);
#16127 = EDGE_CURVE('',#16120,#16128,#16130,.T.);
#16128 = VERTEX_POINT('',#16129);
#16129 = CARTESIAN_POINT('',(78.197462,-108.974582,1.56));
#16130 = CIRCLE('',#16131,3.002545265834);
#16131 = AXIS2_PLACEMENT_3D('',#16132,#16133,#16134);
#16132 = CARTESIAN_POINT('',(75.199996537537,-108.8,1.56));
#16133 = DIRECTION('',(0.,0.,1.));
#16134 = DIRECTION('',(0.998308167597,5.814466878702E-02,-0.));
#16135 = ORIENTED_EDGE('',*,*,#16136,.T.);
#16136 = EDGE_CURVE('',#16128,#16118,#16137,.T.);
#16137 = LINE('',#16138,#16139);
#16138 = CARTESIAN_POINT('',(78.197462,-108.974582,1.56));
#16139 = VECTOR('',#16140,1.);
#16140 = DIRECTION('',(1.453604524198E-02,0.999894346113,0.));
#16141 = FACE_BOUND('',#16142,.F.);
#16142 = EDGE_LOOP('',(#16143,#16153,#16162));
#16143 = ORIENTED_EDGE('',*,*,#16144,.T.);
#16144 = EDGE_CURVE('',#16145,#16147,#16149,.T.);
#16145 = VERTEX_POINT('',#16146);
#16146 = CARTESIAN_POINT('',(67.3,-97.8,1.56));
#16147 = VERTEX_POINT('',#16148);
#16148 = CARTESIAN_POINT('',(67.297533,-97.642869,1.56));
#16149 = LINE('',#16150,#16151);
#16150 = CARTESIAN_POINT('',(67.3,-97.8,1.56));
#16151 = VECTOR('',#16152,1.);
#16152 = DIRECTION('',(-1.56983408755E-02,0.999876773454,0.));
#16153 = ORIENTED_EDGE('',*,*,#16154,.T.);
#16154 = EDGE_CURVE('',#16147,#16155,#16157,.T.);
#16155 = VERTEX_POINT('',#16156);
#16156 = CARTESIAN_POINT('',(67.297533,-97.957131,1.56));
#16157 = CIRCLE('',#16158,2.502470621279);
#16158 = AXIS2_PLACEMENT_3D('',#16159,#16160,#16161);
#16159 = CARTESIAN_POINT('',(64.800000405778,-97.8,1.56));
#16160 = DIRECTION('',(0.,0.,1.));
#16161 = DIRECTION('',(0.998026739249,6.279034753251E-02,-0.));
#16162 = ORIENTED_EDGE('',*,*,#16163,.T.);
#16163 = EDGE_CURVE('',#16155,#16145,#16164,.T.);
#16164 = LINE('',#16165,#16166);
#16165 = CARTESIAN_POINT('',(67.297533,-97.957131,1.56));
#16166 = VECTOR('',#16167,1.);
#16167 = DIRECTION('',(1.56983408755E-02,0.999876773454,0.));
#16168 = FACE_BOUND('',#16169,.F.);
#16169 = EDGE_LOOP('',(#16170,#16180,#16189));
#16170 = ORIENTED_EDGE('',*,*,#16171,.T.);
#16171 = EDGE_CURVE('',#16172,#16174,#16176,.T.);
#16172 = VERTEX_POINT('',#16173);
#16173 = CARTESIAN_POINT('',(77.7,-97.8,1.56));
#16174 = VERTEX_POINT('',#16175);
#16175 = CARTESIAN_POINT('',(77.697533,-97.642869,1.56));
#16176 = LINE('',#16177,#16178);
#16177 = CARTESIAN_POINT('',(77.7,-97.8,1.56));
#16178 = VECTOR('',#16179,1.);
#16179 = DIRECTION('',(-1.56983408755E-02,0.999876773454,0.));
#16180 = ORIENTED_EDGE('',*,*,#16181,.T.);
#16181 = EDGE_CURVE('',#16174,#16182,#16184,.T.);
#16182 = VERTEX_POINT('',#16183);
#16183 = CARTESIAN_POINT('',(77.697533,-97.957131,1.56));
#16184 = CIRCLE('',#16185,2.502470621279);
#16185 = AXIS2_PLACEMENT_3D('',#16186,#16187,#16188);
#16186 = CARTESIAN_POINT('',(75.200000405778,-97.8,1.56));
#16187 = DIRECTION('',(0.,0.,1.));
#16188 = DIRECTION('',(0.998026739249,6.279034753251E-02,-0.));
#16189 = ORIENTED_EDGE('',*,*,#16190,.T.);
#16190 = EDGE_CURVE('',#16182,#16172,#16191,.T.);
#16191 = LINE('',#16192,#16193);
#16192 = CARTESIAN_POINT('',(77.697533,-97.957131,1.56));
#16193 = VECTOR('',#16194,1.);
#16194 = DIRECTION('',(1.56983408755E-02,0.999876773454,0.));
#16195 = FACE_BOUND('',#16196,.F.);
#16196 = EDGE_LOOP('',(#16197,#16207,#16216));
#16197 = ORIENTED_EDGE('',*,*,#16198,.T.);
#16198 = EDGE_CURVE('',#16199,#16201,#16203,.T.);
#16199 = VERTEX_POINT('',#16200);
#16200 = CARTESIAN_POINT('',(67.3,-84.8,1.56));
#16201 = VERTEX_POINT('',#16202);
#16202 = CARTESIAN_POINT('',(67.297533,-84.642869,1.56));
#16203 = LINE('',#16204,#16205);
#16204 = CARTESIAN_POINT('',(67.3,-84.8,1.56));
#16205 = VECTOR('',#16206,1.);
#16206 = DIRECTION('',(-1.56983408755E-02,0.999876773454,0.));
#16207 = ORIENTED_EDGE('',*,*,#16208,.T.);
#16208 = EDGE_CURVE('',#16201,#16209,#16211,.T.);
#16209 = VERTEX_POINT('',#16210);
#16210 = CARTESIAN_POINT('',(67.297533,-84.957131,1.56));
#16211 = CIRCLE('',#16212,2.502470621279);
#16212 = AXIS2_PLACEMENT_3D('',#16213,#16214,#16215);
#16213 = CARTESIAN_POINT('',(64.800000405778,-84.8,1.56));
#16214 = DIRECTION('',(0.,0.,1.));
#16215 = DIRECTION('',(0.998026739249,6.279034753251E-02,-0.));
#16216 = ORIENTED_EDGE('',*,*,#16217,.T.);
#16217 = EDGE_CURVE('',#16209,#16199,#16218,.T.);
#16218 = LINE('',#16219,#16220);
#16219 = CARTESIAN_POINT('',(67.297533,-84.957131,1.56));
#16220 = VECTOR('',#16221,1.);
#16221 = DIRECTION('',(1.56983408755E-02,0.999876773454,0.));
#16222 = FACE_BOUND('',#16223,.F.);
#16223 = EDGE_LOOP('',(#16224,#16234,#16243));
#16224 = ORIENTED_EDGE('',*,*,#16225,.T.);
#16225 = EDGE_CURVE('',#16226,#16228,#16230,.T.);
#16226 = VERTEX_POINT('',#16227);
#16227 = CARTESIAN_POINT('',(77.7,-84.8,1.56));
#16228 = VERTEX_POINT('',#16229);
#16229 = CARTESIAN_POINT('',(77.697533,-84.642869,1.56));
#16230 = LINE('',#16231,#16232);
#16231 = CARTESIAN_POINT('',(77.7,-84.8,1.56));
#16232 = VECTOR('',#16233,1.);
#16233 = DIRECTION('',(-1.56983408755E-02,0.999876773454,0.));
#16234 = ORIENTED_EDGE('',*,*,#16235,.T.);
#16235 = EDGE_CURVE('',#16228,#16236,#16238,.T.);
#16236 = VERTEX_POINT('',#16237);
#16237 = CARTESIAN_POINT('',(77.697533,-84.957131,1.56));
#16238 = CIRCLE('',#16239,2.502470621279);
#16239 = AXIS2_PLACEMENT_3D('',#16240,#16241,#16242);
#16240 = CARTESIAN_POINT('',(75.200000405778,-84.8,1.56));
#16241 = DIRECTION('',(0.,0.,1.));
#16242 = DIRECTION('',(0.998026739249,6.279034753251E-02,-0.));
#16243 = ORIENTED_EDGE('',*,*,#16244,.T.);
#16244 = EDGE_CURVE('',#16236,#16226,#16245,.T.);
#16245 = LINE('',#16246,#16247);
#16246 = CARTESIAN_POINT('',(77.697533,-84.957131,1.56));
#16247 = VECTOR('',#16248,1.);
#16248 = DIRECTION('',(1.56983408755E-02,0.999876773454,0.));
#16249 = FACE_BOUND('',#16250,.F.);
#16250 = EDGE_LOOP('',(#16251,#16261,#16270));
#16251 = ORIENTED_EDGE('',*,*,#16252,.T.);
#16252 = EDGE_CURVE('',#16253,#16255,#16257,.T.);
#16253 = VERTEX_POINT('',#16254);
#16254 = CARTESIAN_POINT('',(67.8,-68.6,1.56));
#16255 = VERTEX_POINT('',#16256);
#16256 = CARTESIAN_POINT('',(67.797462,-68.425418,1.56));
#16257 = LINE('',#16258,#16259);
#16258 = CARTESIAN_POINT('',(67.8,-68.6,1.56));
#16259 = VECTOR('',#16260,1.);
#16260 = DIRECTION('',(-1.453604524198E-02,0.999894346113,0.));
#16261 = ORIENTED_EDGE('',*,*,#16262,.T.);
#16262 = EDGE_CURVE('',#16255,#16263,#16265,.T.);
#16263 = VERTEX_POINT('',#16264);
#16264 = CARTESIAN_POINT('',(67.797462,-68.774582,1.56));
#16265 = CIRCLE('',#16266,3.002545265835);
#16266 = AXIS2_PLACEMENT_3D('',#16267,#16268,#16269);
#16267 = CARTESIAN_POINT('',(64.799996537536,-68.6,1.56));
#16268 = DIRECTION('',(0.,0.,1.));
#16269 = DIRECTION('',(0.998308167597,5.814466878704E-02,-0.));
#16270 = ORIENTED_EDGE('',*,*,#16271,.T.);
#16271 = EDGE_CURVE('',#16263,#16253,#16272,.T.);
#16272 = LINE('',#16273,#16274);
#16273 = CARTESIAN_POINT('',(67.797462,-68.774582,1.56));
#16274 = VECTOR('',#16275,1.);
#16275 = DIRECTION('',(1.453604524198E-02,0.999894346113,0.));
#16276 = FACE_BOUND('',#16277,.F.);
#16277 = EDGE_LOOP('',(#16278,#16288,#16297));
#16278 = ORIENTED_EDGE('',*,*,#16279,.T.);
#16279 = EDGE_CURVE('',#16280,#16282,#16284,.T.);
#16280 = VERTEX_POINT('',#16281);
#16281 = CARTESIAN_POINT('',(78.2,-68.6,1.56));
#16282 = VERTEX_POINT('',#16283);
#16283 = CARTESIAN_POINT('',(78.197462,-68.425418,1.56));
#16284 = LINE('',#16285,#16286);
#16285 = CARTESIAN_POINT('',(78.2,-68.6,1.56));
#16286 = VECTOR('',#16287,1.);
#16287 = DIRECTION('',(-1.453604524198E-02,0.999894346113,0.));
#16288 = ORIENTED_EDGE('',*,*,#16289,.T.);
#16289 = EDGE_CURVE('',#16282,#16290,#16292,.T.);
#16290 = VERTEX_POINT('',#16291);
#16291 = CARTESIAN_POINT('',(78.197462,-68.774582,1.56));
#16292 = CIRCLE('',#16293,3.002545265835);
#16293 = AXIS2_PLACEMENT_3D('',#16294,#16295,#16296);
#16294 = CARTESIAN_POINT('',(75.199996537536,-68.6,1.56));
#16295 = DIRECTION('',(0.,0.,1.));
#16296 = DIRECTION('',(0.998308167597,5.814466878705E-02,-0.));
#16297 = ORIENTED_EDGE('',*,*,#16298,.T.);
#16298 = EDGE_CURVE('',#16290,#16280,#16299,.T.);
#16299 = LINE('',#16300,#16301);
#16300 = CARTESIAN_POINT('',(78.197462,-68.774582,1.56));
#16301 = VECTOR('',#16302,1.);
#16302 = DIRECTION('',(1.453604524198E-02,0.999894346113,0.));
#16303 = FACE_BOUND('',#16304,.F.);
#16304 = EDGE_LOOP('',(#16305,#16315,#16324));
#16305 = ORIENTED_EDGE('',*,*,#16306,.T.);
#16306 = EDGE_CURVE('',#16307,#16309,#16311,.T.);
#16307 = VERTEX_POINT('',#16308);
#16308 = CARTESIAN_POINT('',(67.8,-56.6,1.56));
#16309 = VERTEX_POINT('',#16310);
#16310 = CARTESIAN_POINT('',(67.797462,-56.425418,1.56));
#16311 = LINE('',#16312,#16313);
#16312 = CARTESIAN_POINT('',(67.8,-56.6,1.56));
#16313 = VECTOR('',#16314,1.);
#16314 = DIRECTION('',(-1.453604524198E-02,0.999894346113,0.));
#16315 = ORIENTED_EDGE('',*,*,#16316,.T.);
#16316 = EDGE_CURVE('',#16309,#16317,#16319,.T.);
#16317 = VERTEX_POINT('',#16318);
#16318 = CARTESIAN_POINT('',(67.797462,-56.774582,1.56));
#16319 = CIRCLE('',#16320,3.002545265834);
#16320 = AXIS2_PLACEMENT_3D('',#16321,#16322,#16323);
#16321 = CARTESIAN_POINT('',(64.799996537537,-56.6,1.56));
#16322 = DIRECTION('',(0.,0.,1.));
#16323 = DIRECTION('',(0.998308167597,5.814466878702E-02,-0.));
#16324 = ORIENTED_EDGE('',*,*,#16325,.T.);
#16325 = EDGE_CURVE('',#16317,#16307,#16326,.T.);
#16326 = LINE('',#16327,#16328);
#16327 = CARTESIAN_POINT('',(67.797462,-56.774582,1.56));
#16328 = VECTOR('',#16329,1.);
#16329 = DIRECTION('',(1.453604524198E-02,0.999894346113,0.));
#16330 = FACE_BOUND('',#16331,.F.);
#16331 = EDGE_LOOP('',(#16332,#16342,#16351));
#16332 = ORIENTED_EDGE('',*,*,#16333,.T.);
#16333 = EDGE_CURVE('',#16334,#16336,#16338,.T.);
#16334 = VERTEX_POINT('',#16335);
#16335 = CARTESIAN_POINT('',(78.2,-56.6,1.56));
#16336 = VERTEX_POINT('',#16337);
#16337 = CARTESIAN_POINT('',(78.197462,-56.425418,1.56));
#16338 = LINE('',#16339,#16340);
#16339 = CARTESIAN_POINT('',(78.2,-56.6,1.56));
#16340 = VECTOR('',#16341,1.);
#16341 = DIRECTION('',(-1.453604524198E-02,0.999894346113,0.));
#16342 = ORIENTED_EDGE('',*,*,#16343,.T.);
#16343 = EDGE_CURVE('',#16336,#16344,#16346,.T.);
#16344 = VERTEX_POINT('',#16345);
#16345 = CARTESIAN_POINT('',(78.197462,-56.774582,1.56));
#16346 = CIRCLE('',#16347,3.002545265835);
#16347 = AXIS2_PLACEMENT_3D('',#16348,#16349,#16350);
#16348 = CARTESIAN_POINT('',(75.199996537537,-56.6,1.56));
#16349 = DIRECTION('',(0.,0.,1.));
#16350 = DIRECTION('',(0.998308167597,5.814466878703E-02,-0.));
#16351 = ORIENTED_EDGE('',*,*,#16352,.T.);
#16352 = EDGE_CURVE('',#16344,#16334,#16353,.T.);
#16353 = LINE('',#16354,#16355);
#16354 = CARTESIAN_POINT('',(78.197462,-56.774582,1.56));
#16355 = VECTOR('',#16356,1.);
#16356 = DIRECTION('',(1.453604524198E-02,0.999894346113,0.));
#16357 = FACE_BOUND('',#16358,.F.);
#16358 = EDGE_LOOP('',(#16359,#16370,#16378,#16386,#16394,#16403,#16411,
    #16419));
#16359 = ORIENTED_EDGE('',*,*,#16360,.T.);
#16360 = EDGE_CURVE('',#16361,#16363,#16365,.T.);
#16361 = VERTEX_POINT('',#16362);
#16362 = CARTESIAN_POINT('',(74.225729,-44.597534,1.56));
#16363 = VERTEX_POINT('',#16364);
#16364 = CARTESIAN_POINT('',(74.225729,-41.402466,1.56));
#16365 = CIRCLE('',#16366,1.602473919475);
#16366 = AXIS2_PLACEMENT_3D('',#16367,#16368,#16369);
#16367 = CARTESIAN_POINT('',(74.1,-43.,1.56));
#16368 = DIRECTION('',(0.,-0.,1.));
#16369 = DIRECTION('',(7.845931123871E-02,-0.996917316772,-0.));
#16370 = ORIENTED_EDGE('',*,*,#16371,.T.);
#16371 = EDGE_CURVE('',#16363,#16372,#16374,.T.);
#16372 = VERTEX_POINT('',#16373);
#16373 = CARTESIAN_POINT('',(74.1,-41.4,1.56));
#16374 = LINE('',#16375,#16376);
#16375 = CARTESIAN_POINT('',(74.225729,-41.402466,1.56));
#16376 = VECTOR('',#16377,1.);
#16377 = DIRECTION('',(-0.999807708563,1.960984187669E-02,0.));
#16378 = ORIENTED_EDGE('',*,*,#16379,.T.);
#16379 = EDGE_CURVE('',#16372,#16380,#16382,.T.);
#16380 = VERTEX_POINT('',#16381);
#16381 = CARTESIAN_POINT('',(70.9,-41.4,1.56));
#16382 = LINE('',#16383,#16384);
#16383 = CARTESIAN_POINT('',(74.1,-41.4,1.56));
#16384 = VECTOR('',#16385,1.);
#16385 = DIRECTION('',(-1.,0.,0.));
#16386 = ORIENTED_EDGE('',*,*,#16387,.T.);
#16387 = EDGE_CURVE('',#16380,#16388,#16390,.T.);
#16388 = VERTEX_POINT('',#16389);
#16389 = CARTESIAN_POINT('',(70.774271,-41.402466,1.56));
#16390 = LINE('',#16391,#16392);
#16391 = CARTESIAN_POINT('',(70.9,-41.4,1.56));
#16392 = VECTOR('',#16393,1.);
#16393 = DIRECTION('',(-0.999807708563,-1.960984187669E-02,0.));
#16394 = ORIENTED_EDGE('',*,*,#16395,.T.);
#16395 = EDGE_CURVE('',#16388,#16396,#16398,.T.);
#16396 = VERTEX_POINT('',#16397);
#16397 = CARTESIAN_POINT('',(70.774271,-44.597534,1.56));
#16398 = CIRCLE('',#16399,1.602473919475);
#16399 = AXIS2_PLACEMENT_3D('',#16400,#16401,#16402);
#16400 = CARTESIAN_POINT('',(70.9,-43.,1.56));
#16401 = DIRECTION('',(0.,0.,1.));
#16402 = DIRECTION('',(-7.845931123871E-02,0.996917316772,0.));
#16403 = ORIENTED_EDGE('',*,*,#16404,.T.);
#16404 = EDGE_CURVE('',#16396,#16405,#16407,.T.);
#16405 = VERTEX_POINT('',#16406);
#16406 = CARTESIAN_POINT('',(70.9,-44.6,1.56));
#16407 = LINE('',#16408,#16409);
#16408 = CARTESIAN_POINT('',(70.774271,-44.597534,1.56));
#16409 = VECTOR('',#16410,1.);
#16410 = DIRECTION('',(0.999807708563,-1.960984187669E-02,0.));
#16411 = ORIENTED_EDGE('',*,*,#16412,.T.);
#16412 = EDGE_CURVE('',#16405,#16413,#16415,.T.);
#16413 = VERTEX_POINT('',#16414);
#16414 = CARTESIAN_POINT('',(74.1,-44.6,1.56));
#16415 = LINE('',#16416,#16417);
#16416 = CARTESIAN_POINT('',(70.9,-44.6,1.56));
#16417 = VECTOR('',#16418,1.);
#16418 = DIRECTION('',(1.,0.,0.));
#16419 = ORIENTED_EDGE('',*,*,#16420,.T.);
#16420 = EDGE_CURVE('',#16413,#16361,#16421,.T.);
#16421 = LINE('',#16422,#16423);
#16422 = CARTESIAN_POINT('',(74.1,-44.6,1.56));
#16423 = VECTOR('',#16424,1.);
#16424 = DIRECTION('',(0.999807708563,1.960984187669E-02,0.));
#16425 = PLANE('',#16426);
#16426 = AXIS2_PLACEMENT_3D('',#16427,#16428,#16429);
#16427 = CARTESIAN_POINT('',(0.,0.,1.56));
#16428 = DIRECTION('',(0.,0.,1.));
#16429 = DIRECTION('',(1.,0.,-0.));
#16430 = ( GEOMETRIC_REPRESENTATION_CONTEXT(3) 
GLOBAL_UNCERTAINTY_ASSIGNED_CONTEXT((#16434)) 
GLOBAL_UNIT_ASSIGNED_CONTEXT((#16431,#16432,#16433)) 
REPRESENTATION_CONTEXT('Context #1',
  '3D Context with UNIT and UNCERTAINTY') );
#16431 = ( LENGTH_UNIT() NAMED_UNIT(*) SI_UNIT(.MILLI.,.METRE.) );
#16432 = ( NAMED_UNIT(*) PLANE_ANGLE_UNIT() SI_UNIT($,.RADIAN.) );
#16433 = ( NAMED_UNIT(*) SI_UNIT($,.STERADIAN.) SOLID_ANGLE_UNIT() );
#16434 = UNCERTAINTY_MEASURE_WITH_UNIT(LENGTH_MEASURE(1.E-07),#16431,
  'distance_accuracy_value','confusion accuracy');
#16435 = CONTEXT_DEPENDENT_SHAPE_REPRESENTATION(#16436,#16438);
#16436 = ( REPRESENTATION_RELATIONSHIP('','',#15819,#10) 
REPRESENTATION_RELATIONSHIP_WITH_TRANSFORMATION(#16437) 
SHAPE_REPRESENTATION_RELATIONSHIP() );
#16437 = ITEM_DEFINED_TRANSFORMATION('','',#11,#19);
#16438 = PRODUCT_DEFINITION_SHAPE('Placement','Placement of an item',
  #16439);
#16439 = NEXT_ASSEMBLY_USAGE_OCCURRENCE('2','=>[0:1:1:3]','',#5,#15814,$
  );
#16440 = PRODUCT_RELATED_PRODUCT_CATEGORY('part',$,(#15816));
#16441 = SHAPE_DEFINITION_REPRESENTATION(#16442,#16448);
#16442 = PRODUCT_DEFINITION_SHAPE('','',#16443);
#16443 = PRODUCT_DEFINITION('design','',#16444,#16447);
#16444 = PRODUCT_DEFINITION_FORMATION('','',#16445);
#16445 = PRODUCT('v3-panel_soldermask','v3-panel_soldermask','',(#16446)
  );
#16446 = PRODUCT_CONTEXT('',#2,'mechanical');
#16447 = PRODUCT_DEFINITION_CONTEXT('part definition',#2,'design');
#16448 = MANIFOLD_SURFACE_SHAPE_REPRESENTATION('',(#11,#16449),#17059);
#16449 = SHELL_BASED_SURFACE_MODEL('',(#16450));
#16450 = OPEN_SHELL('',(#16451));
#16451 = ADVANCED_FACE('',(#16452,#16486,#16554,#16581,#16608,#16635,
    #16662,#16689,#16716,#16743,#16770,#16797,#16824,#16851,#16878,
    #16905,#16932,#16959,#16986),#17054,.T.);
#16452 = FACE_BOUND('',#16453,.T.);
#16453 = EDGE_LOOP('',(#16454,#16464,#16472,#16480));
#16454 = ORIENTED_EDGE('',*,*,#16455,.T.);
#16455 = EDGE_CURVE('',#16456,#16458,#16460,.T.);
#16456 = VERTEX_POINT('',#16457);
#16457 = CARTESIAN_POINT('',(60.,-168.5,-5.E-02));
#16458 = VERTEX_POINT('',#16459);
#16459 = CARTESIAN_POINT('',(60.,-40.,-5.E-02));
#16460 = LINE('',#16461,#16462);
#16461 = CARTESIAN_POINT('',(60.,-168.5,-5.E-02));
#16462 = VECTOR('',#16463,1.);
#16463 = DIRECTION('',(0.,1.,0.));
#16464 = ORIENTED_EDGE('',*,*,#16465,.T.);
#16465 = EDGE_CURVE('',#16458,#16466,#16468,.T.);
#16466 = VERTEX_POINT('',#16467);
#16467 = CARTESIAN_POINT('',(80.,-40.,-5.E-02));
#16468 = LINE('',#16469,#16470);
#16469 = CARTESIAN_POINT('',(60.,-40.,-5.E-02));
#16470 = VECTOR('',#16471,1.);
#16471 = DIRECTION('',(1.,0.,0.));
#16472 = ORIENTED_EDGE('',*,*,#16473,.T.);
#16473 = EDGE_CURVE('',#16466,#16474,#16476,.T.);
#16474 = VERTEX_POINT('',#16475);
#16475 = CARTESIAN_POINT('',(80.,-168.5,-5.E-02));
#16476 = LINE('',#16477,#16478);
#16477 = CARTESIAN_POINT('',(80.,-40.,-5.E-02));
#16478 = VECTOR('',#16479,1.);
#16479 = DIRECTION('',(0.,-1.,0.));
#16480 = ORIENTED_EDGE('',*,*,#16481,.T.);
#16481 = EDGE_CURVE('',#16474,#16456,#16482,.T.);
#16482 = LINE('',#16483,#16484);
#16483 = CARTESIAN_POINT('',(80.,-168.5,-5.E-02));
#16484 = VECTOR('',#16485,1.);
#16485 = DIRECTION('',(-1.,0.,0.));
#16486 = FACE_BOUND('',#16487,.T.);
#16487 = EDGE_LOOP('',(#16488,#16499,#16507,#16515,#16523,#16532,#16540,
    #16548));
#16488 = ORIENTED_EDGE('',*,*,#16489,.T.);
#16489 = EDGE_CURVE('',#16490,#16492,#16494,.T.);
#16490 = VERTEX_POINT('',#16491);
#16491 = CARTESIAN_POINT('',(69.225729,-167.097534,-5.E-02));
#16492 = VERTEX_POINT('',#16493);
#16493 = CARTESIAN_POINT('',(69.225729,-163.902466,-5.E-02));
#16494 = CIRCLE('',#16495,1.602473919475);
#16495 = AXIS2_PLACEMENT_3D('',#16496,#16497,#16498);
#16496 = CARTESIAN_POINT('',(69.1,-165.5,-5.E-02));
#16497 = DIRECTION('',(0.,-0.,1.));
#16498 = DIRECTION('',(7.84593112387E-02,-0.996917316772,-0.));
#16499 = ORIENTED_EDGE('',*,*,#16500,.T.);
#16500 = EDGE_CURVE('',#16492,#16501,#16503,.T.);
#16501 = VERTEX_POINT('',#16502);
#16502 = CARTESIAN_POINT('',(69.1,-163.9,-5.E-02));
#16503 = LINE('',#16504,#16505);
#16504 = CARTESIAN_POINT('',(69.225729,-163.902466,-5.E-02));
#16505 = VECTOR('',#16506,1.);
#16506 = DIRECTION('',(-0.999807708563,1.960984187669E-02,0.));
#16507 = ORIENTED_EDGE('',*,*,#16508,.T.);
#16508 = EDGE_CURVE('',#16501,#16509,#16511,.T.);
#16509 = VERTEX_POINT('',#16510);
#16510 = CARTESIAN_POINT('',(65.9,-163.9,-5.E-02));
#16511 = LINE('',#16512,#16513);
#16512 = CARTESIAN_POINT('',(69.1,-163.9,-5.E-02));
#16513 = VECTOR('',#16514,1.);
#16514 = DIRECTION('',(-1.,0.,0.));
#16515 = ORIENTED_EDGE('',*,*,#16516,.T.);
#16516 = EDGE_CURVE('',#16509,#16517,#16519,.T.);
#16517 = VERTEX_POINT('',#16518);
#16518 = CARTESIAN_POINT('',(65.774271,-163.902466,-5.E-02));
#16519 = LINE('',#16520,#16521);
#16520 = CARTESIAN_POINT('',(65.9,-163.9,-5.E-02));
#16521 = VECTOR('',#16522,1.);
#16522 = DIRECTION('',(-0.999807708563,-1.960984187669E-02,0.));
#16523 = ORIENTED_EDGE('',*,*,#16524,.T.);
#16524 = EDGE_CURVE('',#16517,#16525,#16527,.T.);
#16525 = VERTEX_POINT('',#16526);
#16526 = CARTESIAN_POINT('',(65.774271,-167.097534,-5.E-02));
#16527 = CIRCLE('',#16528,1.602473919475);
#16528 = AXIS2_PLACEMENT_3D('',#16529,#16530,#16531);
#16529 = CARTESIAN_POINT('',(65.9,-165.5,-5.E-02));
#16530 = DIRECTION('',(0.,0.,1.));
#16531 = DIRECTION('',(-7.84593112387E-02,0.996917316772,0.));
#16532 = ORIENTED_EDGE('',*,*,#16533,.T.);
#16533 = EDGE_CURVE('',#16525,#16534,#16536,.T.);
#16534 = VERTEX_POINT('',#16535);
#16535 = CARTESIAN_POINT('',(65.9,-167.1,-5.E-02));
#16536 = LINE('',#16537,#16538);
#16537 = CARTESIAN_POINT('',(65.774271,-167.097534,-5.E-02));
#16538 = VECTOR('',#16539,1.);
#16539 = DIRECTION('',(0.999807708563,-1.960984187669E-02,0.));
#16540 = ORIENTED_EDGE('',*,*,#16541,.T.);
#16541 = EDGE_CURVE('',#16534,#16542,#16544,.T.);
#16542 = VERTEX_POINT('',#16543);
#16543 = CARTESIAN_POINT('',(69.1,-167.1,-5.E-02));
#16544 = LINE('',#16545,#16546);
#16545 = CARTESIAN_POINT('',(65.9,-167.1,-5.E-02));
#16546 = VECTOR('',#16547,1.);
#16547 = DIRECTION('',(1.,0.,0.));
#16548 = ORIENTED_EDGE('',*,*,#16549,.T.);
#16549 = EDGE_CURVE('',#16542,#16490,#16550,.T.);
#16550 = LINE('',#16551,#16552);
#16551 = CARTESIAN_POINT('',(69.1,-167.1,-5.E-02));
#16552 = VECTOR('',#16553,1.);
#16553 = DIRECTION('',(0.999807708563,1.960984187669E-02,0.));
#16554 = FACE_BOUND('',#16555,.T.);
#16555 = EDGE_LOOP('',(#16556,#16566,#16575));
#16556 = ORIENTED_EDGE('',*,*,#16557,.T.);
#16557 = EDGE_CURVE('',#16558,#16560,#16562,.T.);
#16558 = VERTEX_POINT('',#16559);
#16559 = CARTESIAN_POINT('',(67.8,-152.,-5.E-02));
#16560 = VERTEX_POINT('',#16561);
#16561 = CARTESIAN_POINT('',(67.797462,-151.825418,-5.E-02));
#16562 = LINE('',#16563,#16564);
#16563 = CARTESIAN_POINT('',(67.8,-152.,-5.E-02));
#16564 = VECTOR('',#16565,1.);
#16565 = DIRECTION('',(-1.453604524198E-02,0.999894346113,0.));
#16566 = ORIENTED_EDGE('',*,*,#16567,.T.);
#16567 = EDGE_CURVE('',#16560,#16568,#16570,.T.);
#16568 = VERTEX_POINT('',#16569);
#16569 = CARTESIAN_POINT('',(67.797462,-152.174582,-5.E-02));
#16570 = CIRCLE('',#16571,3.002545265835);
#16571 = AXIS2_PLACEMENT_3D('',#16572,#16573,#16574);
#16572 = CARTESIAN_POINT('',(64.799996537536,-152.,-5.E-02));
#16573 = DIRECTION('',(0.,0.,1.));
#16574 = DIRECTION('',(0.998308167597,5.814466878704E-02,-0.));
#16575 = ORIENTED_EDGE('',*,*,#16576,.T.);
#16576 = EDGE_CURVE('',#16568,#16558,#16577,.T.);
#16577 = LINE('',#16578,#16579);
#16578 = CARTESIAN_POINT('',(67.797462,-152.174582,-5.E-02));
#16579 = VECTOR('',#16580,1.);
#16580 = DIRECTION('',(1.453604524198E-02,0.999894346113,0.));
#16581 = FACE_BOUND('',#16582,.T.);
#16582 = EDGE_LOOP('',(#16583,#16593,#16602));
#16583 = ORIENTED_EDGE('',*,*,#16584,.T.);
#16584 = EDGE_CURVE('',#16585,#16587,#16589,.T.);
#16585 = VERTEX_POINT('',#16586);
#16586 = CARTESIAN_POINT('',(78.2,-152.,-5.E-02));
#16587 = VERTEX_POINT('',#16588);
#16588 = CARTESIAN_POINT('',(78.197462,-151.825418,-5.E-02));
#16589 = LINE('',#16590,#16591);
#16590 = CARTESIAN_POINT('',(78.2,-152.,-5.E-02));
#16591 = VECTOR('',#16592,1.);
#16592 = DIRECTION('',(-1.453604524198E-02,0.999894346113,0.));
#16593 = ORIENTED_EDGE('',*,*,#16594,.T.);
#16594 = EDGE_CURVE('',#16587,#16595,#16597,.T.);
#16595 = VERTEX_POINT('',#16596);
#16596 = CARTESIAN_POINT('',(78.197462,-152.174582,-5.E-02));
#16597 = CIRCLE('',#16598,3.002545265834);
#16598 = AXIS2_PLACEMENT_3D('',#16599,#16600,#16601);
#16599 = CARTESIAN_POINT('',(75.199996537537,-152.,-5.E-02));
#16600 = DIRECTION('',(0.,0.,1.));
#16601 = DIRECTION('',(0.998308167597,5.8144668787E-02,-0.));
#16602 = ORIENTED_EDGE('',*,*,#16603,.T.);
#16603 = EDGE_CURVE('',#16595,#16585,#16604,.T.);
#16604 = LINE('',#16605,#16606);
#16605 = CARTESIAN_POINT('',(78.197462,-152.174582,-5.E-02));
#16606 = VECTOR('',#16607,1.);
#16607 = DIRECTION('',(1.453604524198E-02,0.999894346113,0.));
#16608 = FACE_BOUND('',#16609,.T.);
#16609 = EDGE_LOOP('',(#16610,#16620,#16629));
#16610 = ORIENTED_EDGE('',*,*,#16611,.T.);
#16611 = EDGE_CURVE('',#16612,#16614,#16616,.T.);
#16612 = VERTEX_POINT('',#16613);
#16613 = CARTESIAN_POINT('',(67.3,-141.,-5.E-02));
#16614 = VERTEX_POINT('',#16615);
#16615 = CARTESIAN_POINT('',(67.297533,-140.842869,-5.E-02));
#16616 = LINE('',#16617,#16618);
#16617 = CARTESIAN_POINT('',(67.3,-141.,-5.E-02));
#16618 = VECTOR('',#16619,1.);
#16619 = DIRECTION('',(-1.56983408755E-02,0.999876773454,0.));
#16620 = ORIENTED_EDGE('',*,*,#16621,.T.);
#16621 = EDGE_CURVE('',#16614,#16622,#16624,.T.);
#16622 = VERTEX_POINT('',#16623);
#16623 = CARTESIAN_POINT('',(67.297533,-141.157131,-5.E-02));
#16624 = CIRCLE('',#16625,2.502470621279);
#16625 = AXIS2_PLACEMENT_3D('',#16626,#16627,#16628);
#16626 = CARTESIAN_POINT('',(64.800000405778,-141.,-5.E-02));
#16627 = DIRECTION('',(0.,0.,1.));
#16628 = DIRECTION('',(0.998026739249,6.279034753254E-02,-0.));
#16629 = ORIENTED_EDGE('',*,*,#16630,.T.);
#16630 = EDGE_CURVE('',#16622,#16612,#16631,.T.);
#16631 = LINE('',#16632,#16633);
#16632 = CARTESIAN_POINT('',(67.297533,-141.157131,-5.E-02));
#16633 = VECTOR('',#16634,1.);
#16634 = DIRECTION('',(1.56983408755E-02,0.999876773454,0.));
#16635 = FACE_BOUND('',#16636,.T.);
#16636 = EDGE_LOOP('',(#16637,#16647,#16656));
#16637 = ORIENTED_EDGE('',*,*,#16638,.T.);
#16638 = EDGE_CURVE('',#16639,#16641,#16643,.T.);
#16639 = VERTEX_POINT('',#16640);
#16640 = CARTESIAN_POINT('',(77.7,-141.,-5.E-02));
#16641 = VERTEX_POINT('',#16642);
#16642 = CARTESIAN_POINT('',(77.697533,-140.842869,-5.E-02));
#16643 = LINE('',#16644,#16645);
#16644 = CARTESIAN_POINT('',(77.7,-141.,-5.E-02));
#16645 = VECTOR('',#16646,1.);
#16646 = DIRECTION('',(-1.56983408755E-02,0.999876773454,0.));
#16647 = ORIENTED_EDGE('',*,*,#16648,.T.);
#16648 = EDGE_CURVE('',#16641,#16649,#16651,.T.);
#16649 = VERTEX_POINT('',#16650);
#16650 = CARTESIAN_POINT('',(77.697533,-141.157131,-5.E-02));
#16651 = CIRCLE('',#16652,2.502470621279);
#16652 = AXIS2_PLACEMENT_3D('',#16653,#16654,#16655);
#16653 = CARTESIAN_POINT('',(75.200000405778,-141.,-5.E-02));
#16654 = DIRECTION('',(0.,0.,1.));
#16655 = DIRECTION('',(0.998026739249,6.279034753252E-02,-0.));
#16656 = ORIENTED_EDGE('',*,*,#16657,.T.);
#16657 = EDGE_CURVE('',#16649,#16639,#16658,.T.);
#16658 = LINE('',#16659,#16660);
#16659 = CARTESIAN_POINT('',(77.697533,-141.157131,-5.E-02));
#16660 = VECTOR('',#16661,1.);
#16661 = DIRECTION('',(1.56983408755E-02,0.999876773454,0.));
#16662 = FACE_BOUND('',#16663,.T.);
#16663 = EDGE_LOOP('',(#16664,#16674,#16683));
#16664 = ORIENTED_EDGE('',*,*,#16665,.T.);
#16665 = EDGE_CURVE('',#16666,#16668,#16670,.T.);
#16666 = VERTEX_POINT('',#16667);
#16667 = CARTESIAN_POINT('',(67.3,-128.,-5.E-02));
#16668 = VERTEX_POINT('',#16669);
#16669 = CARTESIAN_POINT('',(67.297533,-127.842869,-5.E-02));
#16670 = LINE('',#16671,#16672);
#16671 = CARTESIAN_POINT('',(67.3,-128.,-5.E-02));
#16672 = VECTOR('',#16673,1.);
#16673 = DIRECTION('',(-1.56983408755E-02,0.999876773454,0.));
#16674 = ORIENTED_EDGE('',*,*,#16675,.T.);
#16675 = EDGE_CURVE('',#16668,#16676,#16678,.T.);
#16676 = VERTEX_POINT('',#16677);
#16677 = CARTESIAN_POINT('',(67.297533,-128.157131,-5.E-02));
#16678 = CIRCLE('',#16679,2.502470621279);
#16679 = AXIS2_PLACEMENT_3D('',#16680,#16681,#16682);
#16680 = CARTESIAN_POINT('',(64.800000405778,-128.,-5.E-02));
#16681 = DIRECTION('',(0.,0.,1.));
#16682 = DIRECTION('',(0.998026739249,6.279034753252E-02,-0.));
#16683 = ORIENTED_EDGE('',*,*,#16684,.T.);
#16684 = EDGE_CURVE('',#16676,#16666,#16685,.T.);
#16685 = LINE('',#16686,#16687);
#16686 = CARTESIAN_POINT('',(67.297533,-128.157131,-5.E-02));
#16687 = VECTOR('',#16688,1.);
#16688 = DIRECTION('',(1.56983408755E-02,0.999876773454,0.));
#16689 = FACE_BOUND('',#16690,.T.);
#16690 = EDGE_LOOP('',(#16691,#16701,#16710));
#16691 = ORIENTED_EDGE('',*,*,#16692,.T.);
#16692 = EDGE_CURVE('',#16693,#16695,#16697,.T.);
#16693 = VERTEX_POINT('',#16694);
#16694 = CARTESIAN_POINT('',(77.7,-128.,-5.E-02));
#16695 = VERTEX_POINT('',#16696);
#16696 = CARTESIAN_POINT('',(77.697533,-127.842869,-5.E-02));
#16697 = LINE('',#16698,#16699);
#16698 = CARTESIAN_POINT('',(77.7,-128.,-5.E-02));
#16699 = VECTOR('',#16700,1.);
#16700 = DIRECTION('',(-1.56983408755E-02,0.999876773454,0.));
#16701 = ORIENTED_EDGE('',*,*,#16702,.T.);
#16702 = EDGE_CURVE('',#16695,#16703,#16705,.T.);
#16703 = VERTEX_POINT('',#16704);
#16704 = CARTESIAN_POINT('',(77.697533,-128.157131,-5.E-02));
#16705 = CIRCLE('',#16706,2.502470621279);
#16706 = AXIS2_PLACEMENT_3D('',#16707,#16708,#16709);
#16707 = CARTESIAN_POINT('',(75.200000405778,-128.,-5.E-02));
#16708 = DIRECTION('',(0.,0.,1.));
#16709 = DIRECTION('',(0.998026739249,6.279034753253E-02,-0.));
#16710 = ORIENTED_EDGE('',*,*,#16711,.T.);
#16711 = EDGE_CURVE('',#16703,#16693,#16712,.T.);
#16712 = LINE('',#16713,#16714);
#16713 = CARTESIAN_POINT('',(77.697533,-128.157131,-5.E-02));
#16714 = VECTOR('',#16715,1.);
#16715 = DIRECTION('',(1.56983408755E-02,0.999876773454,0.));
#16716 = FACE_BOUND('',#16717,.T.);
#16717 = EDGE_LOOP('',(#16718,#16728,#16737));
#16718 = ORIENTED_EDGE('',*,*,#16719,.T.);
#16719 = EDGE_CURVE('',#16720,#16722,#16724,.T.);
#16720 = VERTEX_POINT('',#16721);
#16721 = CARTESIAN_POINT('',(67.8,-108.8,-5.E-02));
#16722 = VERTEX_POINT('',#16723);
#16723 = CARTESIAN_POINT('',(67.797462,-108.625418,-5.E-02));
#16724 = LINE('',#16725,#16726);
#16725 = CARTESIAN_POINT('',(67.8,-108.8,-5.E-02));
#16726 = VECTOR('',#16727,1.);
#16727 = DIRECTION('',(-1.453604524198E-02,0.999894346113,0.));
#16728 = ORIENTED_EDGE('',*,*,#16729,.T.);
#16729 = EDGE_CURVE('',#16722,#16730,#16732,.T.);
#16730 = VERTEX_POINT('',#16731);
#16731 = CARTESIAN_POINT('',(67.797462,-108.974582,-5.E-02));
#16732 = CIRCLE('',#16733,3.002545265834);
#16733 = AXIS2_PLACEMENT_3D('',#16734,#16735,#16736);
#16734 = CARTESIAN_POINT('',(64.799996537537,-108.8,-5.E-02));
#16735 = DIRECTION('',(0.,0.,1.));
#16736 = DIRECTION('',(0.998308167597,5.8144668787E-02,-0.));
#16737 = ORIENTED_EDGE('',*,*,#16738,.T.);
#16738 = EDGE_CURVE('',#16730,#16720,#16739,.T.);
#16739 = LINE('',#16740,#16741);
#16740 = CARTESIAN_POINT('',(67.797462,-108.974582,-5.E-02));
#16741 = VECTOR('',#16742,1.);
#16742 = DIRECTION('',(1.453604524198E-02,0.999894346113,0.));
#16743 = FACE_BOUND('',#16744,.T.);
#16744 = EDGE_LOOP('',(#16745,#16755,#16764));
#16745 = ORIENTED_EDGE('',*,*,#16746,.T.);
#16746 = EDGE_CURVE('',#16747,#16749,#16751,.T.);
#16747 = VERTEX_POINT('',#16748);
#16748 = CARTESIAN_POINT('',(78.2,-108.8,-5.E-02));
#16749 = VERTEX_POINT('',#16750);
#16750 = CARTESIAN_POINT('',(78.197462,-108.625418,-5.E-02));
#16751 = LINE('',#16752,#16753);
#16752 = CARTESIAN_POINT('',(78.2,-108.8,-5.E-02));
#16753 = VECTOR('',#16754,1.);
#16754 = DIRECTION('',(-1.453604524198E-02,0.999894346113,0.));
#16755 = ORIENTED_EDGE('',*,*,#16756,.T.);
#16756 = EDGE_CURVE('',#16749,#16757,#16759,.T.);
#16757 = VERTEX_POINT('',#16758);
#16758 = CARTESIAN_POINT('',(78.197462,-108.974582,-5.E-02));
#16759 = CIRCLE('',#16760,3.002545265834);
#16760 = AXIS2_PLACEMENT_3D('',#16761,#16762,#16763);
#16761 = CARTESIAN_POINT('',(75.199996537537,-108.8,-5.E-02));
#16762 = DIRECTION('',(0.,0.,1.));
#16763 = DIRECTION('',(0.998308167597,5.814466878702E-02,-0.));
#16764 = ORIENTED_EDGE('',*,*,#16765,.T.);
#16765 = EDGE_CURVE('',#16757,#16747,#16766,.T.);
#16766 = LINE('',#16767,#16768);
#16767 = CARTESIAN_POINT('',(78.197462,-108.974582,-5.E-02));
#16768 = VECTOR('',#16769,1.);
#16769 = DIRECTION('',(1.453604524198E-02,0.999894346113,0.));
#16770 = FACE_BOUND('',#16771,.T.);
#16771 = EDGE_LOOP('',(#16772,#16782,#16791));
#16772 = ORIENTED_EDGE('',*,*,#16773,.T.);
#16773 = EDGE_CURVE('',#16774,#16776,#16778,.T.);
#16774 = VERTEX_POINT('',#16775);
#16775 = CARTESIAN_POINT('',(67.3,-97.8,-5.E-02));
#16776 = VERTEX_POINT('',#16777);
#16777 = CARTESIAN_POINT('',(67.297533,-97.642869,-5.E-02));
#16778 = LINE('',#16779,#16780);
#16779 = CARTESIAN_POINT('',(67.3,-97.8,-5.E-02));
#16780 = VECTOR('',#16781,1.);
#16781 = DIRECTION('',(-1.56983408755E-02,0.999876773454,0.));
#16782 = ORIENTED_EDGE('',*,*,#16783,.T.);
#16783 = EDGE_CURVE('',#16776,#16784,#16786,.T.);
#16784 = VERTEX_POINT('',#16785);
#16785 = CARTESIAN_POINT('',(67.297533,-97.957131,-5.E-02));
#16786 = CIRCLE('',#16787,2.502470621279);
#16787 = AXIS2_PLACEMENT_3D('',#16788,#16789,#16790);
#16788 = CARTESIAN_POINT('',(64.800000405778,-97.8,-5.E-02));
#16789 = DIRECTION('',(0.,0.,1.));
#16790 = DIRECTION('',(0.998026739249,6.279034753251E-02,-0.));
#16791 = ORIENTED_EDGE('',*,*,#16792,.T.);
#16792 = EDGE_CURVE('',#16784,#16774,#16793,.T.);
#16793 = LINE('',#16794,#16795);
#16794 = CARTESIAN_POINT('',(67.297533,-97.957131,-5.E-02));
#16795 = VECTOR('',#16796,1.);
#16796 = DIRECTION('',(1.56983408755E-02,0.999876773454,0.));
#16797 = FACE_BOUND('',#16798,.T.);
#16798 = EDGE_LOOP('',(#16799,#16809,#16818));
#16799 = ORIENTED_EDGE('',*,*,#16800,.T.);
#16800 = EDGE_CURVE('',#16801,#16803,#16805,.T.);
#16801 = VERTEX_POINT('',#16802);
#16802 = CARTESIAN_POINT('',(77.7,-97.8,-5.E-02));
#16803 = VERTEX_POINT('',#16804);
#16804 = CARTESIAN_POINT('',(77.697533,-97.642869,-5.E-02));
#16805 = LINE('',#16806,#16807);
#16806 = CARTESIAN_POINT('',(77.7,-97.8,-5.E-02));
#16807 = VECTOR('',#16808,1.);
#16808 = DIRECTION('',(-1.56983408755E-02,0.999876773454,0.));
#16809 = ORIENTED_EDGE('',*,*,#16810,.T.);
#16810 = EDGE_CURVE('',#16803,#16811,#16813,.T.);
#16811 = VERTEX_POINT('',#16812);
#16812 = CARTESIAN_POINT('',(77.697533,-97.957131,-5.E-02));
#16813 = CIRCLE('',#16814,2.502470621279);
#16814 = AXIS2_PLACEMENT_3D('',#16815,#16816,#16817);
#16815 = CARTESIAN_POINT('',(75.200000405778,-97.8,-5.E-02));
#16816 = DIRECTION('',(0.,0.,1.));
#16817 = DIRECTION('',(0.998026739249,6.279034753251E-02,-0.));
#16818 = ORIENTED_EDGE('',*,*,#16819,.T.);
#16819 = EDGE_CURVE('',#16811,#16801,#16820,.T.);
#16820 = LINE('',#16821,#16822);
#16821 = CARTESIAN_POINT('',(77.697533,-97.957131,-5.E-02));
#16822 = VECTOR('',#16823,1.);
#16823 = DIRECTION('',(1.56983408755E-02,0.999876773454,0.));
#16824 = FACE_BOUND('',#16825,.T.);
#16825 = EDGE_LOOP('',(#16826,#16836,#16845));
#16826 = ORIENTED_EDGE('',*,*,#16827,.T.);
#16827 = EDGE_CURVE('',#16828,#16830,#16832,.T.);
#16828 = VERTEX_POINT('',#16829);
#16829 = CARTESIAN_POINT('',(67.3,-84.8,-5.E-02));
#16830 = VERTEX_POINT('',#16831);
#16831 = CARTESIAN_POINT('',(67.297533,-84.642869,-5.E-02));
#16832 = LINE('',#16833,#16834);
#16833 = CARTESIAN_POINT('',(67.3,-84.8,-5.E-02));
#16834 = VECTOR('',#16835,1.);
#16835 = DIRECTION('',(-1.56983408755E-02,0.999876773454,0.));
#16836 = ORIENTED_EDGE('',*,*,#16837,.T.);
#16837 = EDGE_CURVE('',#16830,#16838,#16840,.T.);
#16838 = VERTEX_POINT('',#16839);
#16839 = CARTESIAN_POINT('',(67.297533,-84.957131,-5.E-02));
#16840 = CIRCLE('',#16841,2.502470621279);
#16841 = AXIS2_PLACEMENT_3D('',#16842,#16843,#16844);
#16842 = CARTESIAN_POINT('',(64.800000405778,-84.8,-5.E-02));
#16843 = DIRECTION('',(0.,0.,1.));
#16844 = DIRECTION('',(0.998026739249,6.279034753251E-02,-0.));
#16845 = ORIENTED_EDGE('',*,*,#16846,.T.);
#16846 = EDGE_CURVE('',#16838,#16828,#16847,.T.);
#16847 = LINE('',#16848,#16849);
#16848 = CARTESIAN_POINT('',(67.297533,-84.957131,-5.E-02));
#16849 = VECTOR('',#16850,1.);
#16850 = DIRECTION('',(1.56983408755E-02,0.999876773454,0.));
#16851 = FACE_BOUND('',#16852,.T.);
#16852 = EDGE_LOOP('',(#16853,#16863,#16872));
#16853 = ORIENTED_EDGE('',*,*,#16854,.T.);
#16854 = EDGE_CURVE('',#16855,#16857,#16859,.T.);
#16855 = VERTEX_POINT('',#16856);
#16856 = CARTESIAN_POINT('',(77.7,-84.8,-5.E-02));
#16857 = VERTEX_POINT('',#16858);
#16858 = CARTESIAN_POINT('',(77.697533,-84.642869,-5.E-02));
#16859 = LINE('',#16860,#16861);
#16860 = CARTESIAN_POINT('',(77.7,-84.8,-5.E-02));
#16861 = VECTOR('',#16862,1.);
#16862 = DIRECTION('',(-1.56983408755E-02,0.999876773454,0.));
#16863 = ORIENTED_EDGE('',*,*,#16864,.T.);
#16864 = EDGE_CURVE('',#16857,#16865,#16867,.T.);
#16865 = VERTEX_POINT('',#16866);
#16866 = CARTESIAN_POINT('',(77.697533,-84.957131,-5.E-02));
#16867 = CIRCLE('',#16868,2.502470621279);
#16868 = AXIS2_PLACEMENT_3D('',#16869,#16870,#16871);
#16869 = CARTESIAN_POINT('',(75.200000405778,-84.8,-5.E-02));
#16870 = DIRECTION('',(0.,0.,1.));
#16871 = DIRECTION('',(0.998026739249,6.279034753251E-02,-0.));
#16872 = ORIENTED_EDGE('',*,*,#16873,.T.);
#16873 = EDGE_CURVE('',#16865,#16855,#16874,.T.);
#16874 = LINE('',#16875,#16876);
#16875 = CARTESIAN_POINT('',(77.697533,-84.957131,-5.E-02));
#16876 = VECTOR('',#16877,1.);
#16877 = DIRECTION('',(1.56983408755E-02,0.999876773454,0.));
#16878 = FACE_BOUND('',#16879,.T.);
#16879 = EDGE_LOOP('',(#16880,#16890,#16899));
#16880 = ORIENTED_EDGE('',*,*,#16881,.T.);
#16881 = EDGE_CURVE('',#16882,#16884,#16886,.T.);
#16882 = VERTEX_POINT('',#16883);
#16883 = CARTESIAN_POINT('',(67.8,-68.6,-5.E-02));
#16884 = VERTEX_POINT('',#16885);
#16885 = CARTESIAN_POINT('',(67.797462,-68.425418,-5.E-02));
#16886 = LINE('',#16887,#16888);
#16887 = CARTESIAN_POINT('',(67.8,-68.6,-5.E-02));
#16888 = VECTOR('',#16889,1.);
#16889 = DIRECTION('',(-1.453604524198E-02,0.999894346113,0.));
#16890 = ORIENTED_EDGE('',*,*,#16891,.T.);
#16891 = EDGE_CURVE('',#16884,#16892,#16894,.T.);
#16892 = VERTEX_POINT('',#16893);
#16893 = CARTESIAN_POINT('',(67.797462,-68.774582,-5.E-02));
#16894 = CIRCLE('',#16895,3.002545265835);
#16895 = AXIS2_PLACEMENT_3D('',#16896,#16897,#16898);
#16896 = CARTESIAN_POINT('',(64.799996537536,-68.6,-5.E-02));
#16897 = DIRECTION('',(0.,0.,1.));
#16898 = DIRECTION('',(0.998308167597,5.814466878704E-02,-0.));
#16899 = ORIENTED_EDGE('',*,*,#16900,.T.);
#16900 = EDGE_CURVE('',#16892,#16882,#16901,.T.);
#16901 = LINE('',#16902,#16903);
#16902 = CARTESIAN_POINT('',(67.797462,-68.774582,-5.E-02));
#16903 = VECTOR('',#16904,1.);
#16904 = DIRECTION('',(1.453604524198E-02,0.999894346113,0.));
#16905 = FACE_BOUND('',#16906,.T.);
#16906 = EDGE_LOOP('',(#16907,#16917,#16926));
#16907 = ORIENTED_EDGE('',*,*,#16908,.T.);
#16908 = EDGE_CURVE('',#16909,#16911,#16913,.T.);
#16909 = VERTEX_POINT('',#16910);
#16910 = CARTESIAN_POINT('',(78.2,-68.6,-5.E-02));
#16911 = VERTEX_POINT('',#16912);
#16912 = CARTESIAN_POINT('',(78.197462,-68.425418,-5.E-02));
#16913 = LINE('',#16914,#16915);
#16914 = CARTESIAN_POINT('',(78.2,-68.6,-5.E-02));
#16915 = VECTOR('',#16916,1.);
#16916 = DIRECTION('',(-1.453604524198E-02,0.999894346113,0.));
#16917 = ORIENTED_EDGE('',*,*,#16918,.T.);
#16918 = EDGE_CURVE('',#16911,#16919,#16921,.T.);
#16919 = VERTEX_POINT('',#16920);
#16920 = CARTESIAN_POINT('',(78.197462,-68.774582,-5.E-02));
#16921 = CIRCLE('',#16922,3.002545265835);
#16922 = AXIS2_PLACEMENT_3D('',#16923,#16924,#16925);
#16923 = CARTESIAN_POINT('',(75.199996537536,-68.6,-5.E-02));
#16924 = DIRECTION('',(0.,0.,1.));
#16925 = DIRECTION('',(0.998308167597,5.814466878705E-02,-0.));
#16926 = ORIENTED_EDGE('',*,*,#16927,.T.);
#16927 = EDGE_CURVE('',#16919,#16909,#16928,.T.);
#16928 = LINE('',#16929,#16930);
#16929 = CARTESIAN_POINT('',(78.197462,-68.774582,-5.E-02));
#16930 = VECTOR('',#16931,1.);
#16931 = DIRECTION('',(1.453604524198E-02,0.999894346113,0.));
#16932 = FACE_BOUND('',#16933,.T.);
#16933 = EDGE_LOOP('',(#16934,#16944,#16953));
#16934 = ORIENTED_EDGE('',*,*,#16935,.T.);
#16935 = EDGE_CURVE('',#16936,#16938,#16940,.T.);
#16936 = VERTEX_POINT('',#16937);
#16937 = CARTESIAN_POINT('',(67.8,-56.6,-5.E-02));
#16938 = VERTEX_POINT('',#16939);
#16939 = CARTESIAN_POINT('',(67.797462,-56.425418,-5.E-02));
#16940 = LINE('',#16941,#16942);
#16941 = CARTESIAN_POINT('',(67.8,-56.6,-5.E-02));
#16942 = VECTOR('',#16943,1.);
#16943 = DIRECTION('',(-1.453604524198E-02,0.999894346113,0.));
#16944 = ORIENTED_EDGE('',*,*,#16945,.T.);
#16945 = EDGE_CURVE('',#16938,#16946,#16948,.T.);
#16946 = VERTEX_POINT('',#16947);
#16947 = CARTESIAN_POINT('',(67.797462,-56.774582,-5.E-02));
#16948 = CIRCLE('',#16949,3.002545265834);
#16949 = AXIS2_PLACEMENT_3D('',#16950,#16951,#16952);
#16950 = CARTESIAN_POINT('',(64.799996537537,-56.6,-5.E-02));
#16951 = DIRECTION('',(0.,0.,1.));
#16952 = DIRECTION('',(0.998308167597,5.814466878702E-02,-0.));
#16953 = ORIENTED_EDGE('',*,*,#16954,.T.);
#16954 = EDGE_CURVE('',#16946,#16936,#16955,.T.);
#16955 = LINE('',#16956,#16957);
#16956 = CARTESIAN_POINT('',(67.797462,-56.774582,-5.E-02));
#16957 = VECTOR('',#16958,1.);
#16958 = DIRECTION('',(1.453604524198E-02,0.999894346113,0.));
#16959 = FACE_BOUND('',#16960,.T.);
#16960 = EDGE_LOOP('',(#16961,#16971,#16980));
#16961 = ORIENTED_EDGE('',*,*,#16962,.T.);
#16962 = EDGE_CURVE('',#16963,#16965,#16967,.T.);
#16963 = VERTEX_POINT('',#16964);
#16964 = CARTESIAN_POINT('',(78.2,-56.6,-5.E-02));
#16965 = VERTEX_POINT('',#16966);
#16966 = CARTESIAN_POINT('',(78.197462,-56.425418,-5.E-02));
#16967 = LINE('',#16968,#16969);
#16968 = CARTESIAN_POINT('',(78.2,-56.6,-5.E-02));
#16969 = VECTOR('',#16970,1.);
#16970 = DIRECTION('',(-1.453604524198E-02,0.999894346113,0.));
#16971 = ORIENTED_EDGE('',*,*,#16972,.T.);
#16972 = EDGE_CURVE('',#16965,#16973,#16975,.T.);
#16973 = VERTEX_POINT('',#16974);
#16974 = CARTESIAN_POINT('',(78.197462,-56.774582,-5.E-02));
#16975 = CIRCLE('',#16976,3.002545265835);
#16976 = AXIS2_PLACEMENT_3D('',#16977,#16978,#16979);
#16977 = CARTESIAN_POINT('',(75.199996537537,-56.6,-5.E-02));
#16978 = DIRECTION('',(0.,0.,1.));
#16979 = DIRECTION('',(0.998308167597,5.814466878703E-02,-0.));
#16980 = ORIENTED_EDGE('',*,*,#16981,.T.);
#16981 = EDGE_CURVE('',#16973,#16963,#16982,.T.);
#16982 = LINE('',#16983,#16984);
#16983 = CARTESIAN_POINT('',(78.197462,-56.774582,-5.E-02));
#16984 = VECTOR('',#16985,1.);
#16985 = DIRECTION('',(1.453604524198E-02,0.999894346113,0.));
#16986 = FACE_BOUND('',#16987,.T.);
#16987 = EDGE_LOOP('',(#16988,#16999,#17007,#17015,#17023,#17032,#17040,
    #17048));
#16988 = ORIENTED_EDGE('',*,*,#16989,.T.);
#16989 = EDGE_CURVE('',#16990,#16992,#16994,.T.);
#16990 = VERTEX_POINT('',#16991);
#16991 = CARTESIAN_POINT('',(74.225729,-44.597534,-5.E-02));
#16992 = VERTEX_POINT('',#16993);
#16993 = CARTESIAN_POINT('',(74.225729,-41.402466,-5.E-02));
#16994 = CIRCLE('',#16995,1.602473919475);
#16995 = AXIS2_PLACEMENT_3D('',#16996,#16997,#16998);
#16996 = CARTESIAN_POINT('',(74.1,-43.,-5.E-02));
#16997 = DIRECTION('',(0.,-0.,1.));
#16998 = DIRECTION('',(7.845931123871E-02,-0.996917316772,-0.));
#16999 = ORIENTED_EDGE('',*,*,#17000,.T.);
#17000 = EDGE_CURVE('',#16992,#17001,#17003,.T.);
#17001 = VERTEX_POINT('',#17002);
#17002 = CARTESIAN_POINT('',(74.1,-41.4,-5.E-02));
#17003 = LINE('',#17004,#17005);
#17004 = CARTESIAN_POINT('',(74.225729,-41.402466,-5.E-02));
#17005 = VECTOR('',#17006,1.);
#17006 = DIRECTION('',(-0.999807708563,1.960984187669E-02,0.));
#17007 = ORIENTED_EDGE('',*,*,#17008,.T.);
#17008 = EDGE_CURVE('',#17001,#17009,#17011,.T.);
#17009 = VERTEX_POINT('',#17010);
#17010 = CARTESIAN_POINT('',(70.9,-41.4,-5.E-02));
#17011 = LINE('',#17012,#17013);
#17012 = CARTESIAN_POINT('',(74.1,-41.4,-5.E-02));
#17013 = VECTOR('',#17014,1.);
#17014 = DIRECTION('',(-1.,0.,0.));
#17015 = ORIENTED_EDGE('',*,*,#17016,.T.);
#17016 = EDGE_CURVE('',#17009,#17017,#17019,.T.);
#17017 = VERTEX_POINT('',#17018);
#17018 = CARTESIAN_POINT('',(70.774271,-41.402466,-5.E-02));
#17019 = LINE('',#17020,#17021);
#17020 = CARTESIAN_POINT('',(70.9,-41.4,-5.E-02));
#17021 = VECTOR('',#17022,1.);
#17022 = DIRECTION('',(-0.999807708563,-1.960984187669E-02,0.));
#17023 = ORIENTED_EDGE('',*,*,#17024,.T.);
#17024 = EDGE_CURVE('',#17017,#17025,#17027,.T.);
#17025 = VERTEX_POINT('',#17026);
#17026 = CARTESIAN_POINT('',(70.774271,-44.597534,-5.E-02));
#17027 = CIRCLE('',#17028,1.602473919475);
#17028 = AXIS2_PLACEMENT_3D('',#17029,#17030,#17031);
#17029 = CARTESIAN_POINT('',(70.9,-43.,-5.E-02));
#17030 = DIRECTION('',(0.,0.,1.));
#17031 = DIRECTION('',(-7.845931123871E-02,0.996917316772,0.));
#17032 = ORIENTED_EDGE('',*,*,#17033,.T.);
#17033 = EDGE_CURVE('',#17025,#17034,#17036,.T.);
#17034 = VERTEX_POINT('',#17035);
#17035 = CARTESIAN_POINT('',(70.9,-44.6,-5.E-02));
#17036 = LINE('',#17037,#17038);
#17037 = CARTESIAN_POINT('',(70.774271,-44.597534,-5.E-02));
#17038 = VECTOR('',#17039,1.);
#17039 = DIRECTION('',(0.999807708563,-1.960984187669E-02,0.));
#17040 = ORIENTED_EDGE('',*,*,#17041,.T.);
#17041 = EDGE_CURVE('',#17034,#17042,#17044,.T.);
#17042 = VERTEX_POINT('',#17043);
#17043 = CARTESIAN_POINT('',(74.1,-44.6,-5.E-02));
#17044 = LINE('',#17045,#17046);
#17045 = CARTESIAN_POINT('',(70.9,-44.6,-5.E-02));
#17046 = VECTOR('',#17047,1.);
#17047 = DIRECTION('',(1.,0.,0.));
#17048 = ORIENTED_EDGE('',*,*,#17049,.T.);
#17049 = EDGE_CURVE('',#17042,#16990,#17050,.T.);
#17050 = LINE('',#17051,#17052);
#17051 = CARTESIAN_POINT('',(74.1,-44.6,-5.E-02));
#17052 = VECTOR('',#17053,1.);
#17053 = DIRECTION('',(0.999807708563,1.960984187669E-02,0.));
#17054 = PLANE('',#17055);
#17055 = AXIS2_PLACEMENT_3D('',#17056,#17057,#17058);
#17056 = CARTESIAN_POINT('',(0.,0.,-5.E-02));
#17057 = DIRECTION('',(-0.,-0.,-1.));
#17058 = DIRECTION('',(-1.,0.,0.));
#17059 = ( GEOMETRIC_REPRESENTATION_CONTEXT(3) 
GLOBAL_UNCERTAINTY_ASSIGNED_CONTEXT((#17063)) 
GLOBAL_UNIT_ASSIGNED_CONTEXT((#17060,#17061,#17062)) 
REPRESENTATION_CONTEXT('Context #1',
  '3D Context with UNIT and UNCERTAINTY') );
#17060 = ( LENGTH_UNIT() NAMED_UNIT(*) SI_UNIT(.MILLI.,.METRE.) );
#17061 = ( NAMED_UNIT(*) PLANE_ANGLE_UNIT() SI_UNIT($,.RADIAN.) );
#17062 = ( NAMED_UNIT(*) SI_UNIT($,.STERADIAN.) SOLID_ANGLE_UNIT() );
#17063 = UNCERTAINTY_MEASURE_WITH_UNIT(LENGTH_MEASURE(1.E-07),#17060,
  'distance_accuracy_value','confusion accuracy');
#17064 = CONTEXT_DEPENDENT_SHAPE_REPRESENTATION(#17065,#17067);
#17065 = ( REPRESENTATION_RELATIONSHIP('','',#16448,#10) 
REPRESENTATION_RELATIONSHIP_WITH_TRANSFORMATION(#17066) 
SHAPE_REPRESENTATION_RELATIONSHIP() );
#17066 = ITEM_DEFINED_TRANSFORMATION('','',#11,#23);
#17067 = PRODUCT_DEFINITION_SHAPE('Placement','Placement of an item',
  #17068);
#17068 = NEXT_ASSEMBLY_USAGE_OCCURRENCE('3','=>[0:1:1:4]','',#5,#16443,$
  );
#17069 = PRODUCT_RELATED_PRODUCT_CATEGORY('part',$,(#16445));
#17070 = SHAPE_DEFINITION_REPRESENTATION(#17071,#17077);
#17071 = PRODUCT_DEFINITION_SHAPE('','',#17072);
#17072 = PRODUCT_DEFINITION('design','',#17073,#17076);
#17073 = PRODUCT_DEFINITION_FORMATION('','',#17074);
#17074 = PRODUCT('v3-panel_PCB','v3-panel_PCB','',(#17075));
#17075 = PRODUCT_CONTEXT('',#2,'mechanical');
#17076 = PRODUCT_DEFINITION_CONTEXT('part definition',#2,'design');
#17077 = ADVANCED_BREP_SHAPE_REPRESENTATION('',(#11,#17078),#18132);
#17078 = MANIFOLD_SOLID_BREP('',#17079);
#17079 = CLOSED_SHELL('',(#17080,#17120,#17151,#17182,#17204,#17246,
    #17277,#17310,#17332,#17365,#17398,#17431,#17464,#17497,#17530,
    #17563,#17596,#17629,#17662,#17695,#17728,#17761,#17794,#17827,
    #17860,#17902,#17933,#17966,#17988,#18060));
#17080 = ADVANCED_FACE('',(#17081),#17115,.T.);
#17081 = FACE_BOUND('',#17082,.T.);
#17082 = EDGE_LOOP('',(#17083,#17093,#17101,#17109));
#17083 = ORIENTED_EDGE('',*,*,#17084,.T.);
#17084 = EDGE_CURVE('',#17085,#17087,#17089,.T.);
#17085 = VERTEX_POINT('',#17086);
#17086 = CARTESIAN_POINT('',(80.,-168.5,0.));
#17087 = VERTEX_POINT('',#17088);
#17088 = CARTESIAN_POINT('',(80.,-168.5,1.51));
#17089 = LINE('',#17090,#17091);
#17090 = CARTESIAN_POINT('',(80.,-168.5,0.));
#17091 = VECTOR('',#17092,1.);
#17092 = DIRECTION('',(0.,0.,1.));
#17093 = ORIENTED_EDGE('',*,*,#17094,.T.);
#17094 = EDGE_CURVE('',#17087,#17095,#17097,.T.);
#17095 = VERTEX_POINT('',#17096);
#17096 = CARTESIAN_POINT('',(60.,-168.5,1.51));
#17097 = LINE('',#17098,#17099);
#17098 = CARTESIAN_POINT('',(80.,-168.5,1.51));
#17099 = VECTOR('',#17100,1.);
#17100 = DIRECTION('',(-1.,0.,0.));
#17101 = ORIENTED_EDGE('',*,*,#17102,.F.);
#17102 = EDGE_CURVE('',#17103,#17095,#17105,.T.);
#17103 = VERTEX_POINT('',#17104);
#17104 = CARTESIAN_POINT('',(60.,-168.5,0.));
#17105 = LINE('',#17106,#17107);
#17106 = CARTESIAN_POINT('',(60.,-168.5,0.));
#17107 = VECTOR('',#17108,1.);
#17108 = DIRECTION('',(0.,0.,1.));
#17109 = ORIENTED_EDGE('',*,*,#17110,.F.);
#17110 = EDGE_CURVE('',#17085,#17103,#17111,.T.);
#17111 = LINE('',#17112,#17113);
#17112 = CARTESIAN_POINT('',(80.,-168.5,0.));
#17113 = VECTOR('',#17114,1.);
#17114 = DIRECTION('',(-1.,0.,0.));
#17115 = PLANE('',#17116);
#17116 = AXIS2_PLACEMENT_3D('',#17117,#17118,#17119);
#17117 = CARTESIAN_POINT('',(80.,-168.5,0.));
#17118 = DIRECTION('',(0.,-1.,0.));
#17119 = DIRECTION('',(-1.,0.,0.));
#17120 = ADVANCED_FACE('',(#17121),#17146,.T.);
#17121 = FACE_BOUND('',#17122,.T.);
#17122 = EDGE_LOOP('',(#17123,#17124,#17132,#17140));
#17123 = ORIENTED_EDGE('',*,*,#17102,.T.);
#17124 = ORIENTED_EDGE('',*,*,#17125,.T.);
#17125 = EDGE_CURVE('',#17095,#17126,#17128,.T.);
#17126 = VERTEX_POINT('',#17127);
#17127 = CARTESIAN_POINT('',(60.,-40.,1.51));
#17128 = LINE('',#17129,#17130);
#17129 = CARTESIAN_POINT('',(60.,-168.5,1.51));
#17130 = VECTOR('',#17131,1.);
#17131 = DIRECTION('',(0.,1.,0.));
#17132 = ORIENTED_EDGE('',*,*,#17133,.F.);
#17133 = EDGE_CURVE('',#17134,#17126,#17136,.T.);
#17134 = VERTEX_POINT('',#17135);
#17135 = CARTESIAN_POINT('',(60.,-40.,0.));
#17136 = LINE('',#17137,#17138);
#17137 = CARTESIAN_POINT('',(60.,-40.,0.));
#17138 = VECTOR('',#17139,1.);
#17139 = DIRECTION('',(0.,0.,1.));
#17140 = ORIENTED_EDGE('',*,*,#17141,.F.);
#17141 = EDGE_CURVE('',#17103,#17134,#17142,.T.);
#17142 = LINE('',#17143,#17144);
#17143 = CARTESIAN_POINT('',(60.,-168.5,0.));
#17144 = VECTOR('',#17145,1.);
#17145 = DIRECTION('',(0.,1.,0.));
#17146 = PLANE('',#17147);
#17147 = AXIS2_PLACEMENT_3D('',#17148,#17149,#17150);
#17148 = CARTESIAN_POINT('',(60.,-168.5,0.));
#17149 = DIRECTION('',(-1.,0.,0.));
#17150 = DIRECTION('',(0.,1.,0.));
#17151 = ADVANCED_FACE('',(#17152),#17177,.T.);
#17152 = FACE_BOUND('',#17153,.T.);
#17153 = EDGE_LOOP('',(#17154,#17155,#17163,#17171));
#17154 = ORIENTED_EDGE('',*,*,#17133,.T.);
#17155 = ORIENTED_EDGE('',*,*,#17156,.T.);
#17156 = EDGE_CURVE('',#17126,#17157,#17159,.T.);
#17157 = VERTEX_POINT('',#17158);
#17158 = CARTESIAN_POINT('',(80.,-40.,1.51));
#17159 = LINE('',#17160,#17161);
#17160 = CARTESIAN_POINT('',(60.,-40.,1.51));
#17161 = VECTOR('',#17162,1.);
#17162 = DIRECTION('',(1.,0.,0.));
#17163 = ORIENTED_EDGE('',*,*,#17164,.F.);
#17164 = EDGE_CURVE('',#17165,#17157,#17167,.T.);
#17165 = VERTEX_POINT('',#17166);
#17166 = CARTESIAN_POINT('',(80.,-40.,0.));
#17167 = LINE('',#17168,#17169);
#17168 = CARTESIAN_POINT('',(80.,-40.,0.));
#17169 = VECTOR('',#17170,1.);
#17170 = DIRECTION('',(0.,0.,1.));
#17171 = ORIENTED_EDGE('',*,*,#17172,.F.);
#17172 = EDGE_CURVE('',#17134,#17165,#17173,.T.);
#17173 = LINE('',#17174,#17175);
#17174 = CARTESIAN_POINT('',(60.,-40.,0.));
#17175 = VECTOR('',#17176,1.);
#17176 = DIRECTION('',(1.,0.,0.));
#17177 = PLANE('',#17178);
#17178 = AXIS2_PLACEMENT_3D('',#17179,#17180,#17181);
#17179 = CARTESIAN_POINT('',(60.,-40.,0.));
#17180 = DIRECTION('',(0.,1.,0.));
#17181 = DIRECTION('',(1.,0.,0.));
#17182 = ADVANCED_FACE('',(#17183),#17199,.T.);
#17183 = FACE_BOUND('',#17184,.T.);
#17184 = EDGE_LOOP('',(#17185,#17186,#17192,#17193));
#17185 = ORIENTED_EDGE('',*,*,#17164,.T.);
#17186 = ORIENTED_EDGE('',*,*,#17187,.T.);
#17187 = EDGE_CURVE('',#17157,#17087,#17188,.T.);
#17188 = LINE('',#17189,#17190);
#17189 = CARTESIAN_POINT('',(80.,-40.,1.51));
#17190 = VECTOR('',#17191,1.);
#17191 = DIRECTION('',(0.,-1.,0.));
#17192 = ORIENTED_EDGE('',*,*,#17084,.F.);
#17193 = ORIENTED_EDGE('',*,*,#17194,.F.);
#17194 = EDGE_CURVE('',#17165,#17085,#17195,.T.);
#17195 = LINE('',#17196,#17197);
#17196 = CARTESIAN_POINT('',(80.,-40.,0.));
#17197 = VECTOR('',#17198,1.);
#17198 = DIRECTION('',(0.,-1.,0.));
#17199 = PLANE('',#17200);
#17200 = AXIS2_PLACEMENT_3D('',#17201,#17202,#17203);
#17201 = CARTESIAN_POINT('',(80.,-40.,0.));
#17202 = DIRECTION('',(1.,0.,-0.));
#17203 = DIRECTION('',(0.,-1.,0.));
#17204 = ADVANCED_FACE('',(#17205),#17241,.F.);
#17205 = FACE_BOUND('',#17206,.T.);
#17206 = EDGE_LOOP('',(#17207,#17217,#17226,#17234));
#17207 = ORIENTED_EDGE('',*,*,#17208,.T.);
#17208 = EDGE_CURVE('',#17209,#17211,#17213,.T.);
#17209 = VERTEX_POINT('',#17210);
#17210 = CARTESIAN_POINT('',(65.9,-163.9,0.));
#17211 = VERTEX_POINT('',#17212);
#17212 = CARTESIAN_POINT('',(65.9,-163.9,1.51));
#17213 = LINE('',#17214,#17215);
#17214 = CARTESIAN_POINT('',(65.9,-163.9,0.));
#17215 = VECTOR('',#17216,1.);
#17216 = DIRECTION('',(0.,0.,1.));
#17217 = ORIENTED_EDGE('',*,*,#17218,.T.);
#17218 = EDGE_CURVE('',#17211,#17219,#17221,.T.);
#17219 = VERTEX_POINT('',#17220);
#17220 = CARTESIAN_POINT('',(65.9,-167.1,1.51));
#17221 = CIRCLE('',#17222,1.6);
#17222 = AXIS2_PLACEMENT_3D('',#17223,#17224,#17225);
#17223 = CARTESIAN_POINT('',(65.9,-165.5,1.51));
#17224 = DIRECTION('',(0.,-0.,1.));
#17225 = DIRECTION('',(0.,1.,0.));
#17226 = ORIENTED_EDGE('',*,*,#17227,.F.);
#17227 = EDGE_CURVE('',#17228,#17219,#17230,.T.);
#17228 = VERTEX_POINT('',#17229);
#17229 = CARTESIAN_POINT('',(65.9,-167.1,0.));
#17230 = LINE('',#17231,#17232);
#17231 = CARTESIAN_POINT('',(65.9,-167.1,0.));
#17232 = VECTOR('',#17233,1.);
#17233 = DIRECTION('',(0.,0.,1.));
#17234 = ORIENTED_EDGE('',*,*,#17235,.F.);
#17235 = EDGE_CURVE('',#17209,#17228,#17236,.T.);
#17236 = CIRCLE('',#17237,1.6);
#17237 = AXIS2_PLACEMENT_3D('',#17238,#17239,#17240);
#17238 = CARTESIAN_POINT('',(65.9,-165.5,0.));
#17239 = DIRECTION('',(0.,-0.,1.));
#17240 = DIRECTION('',(0.,1.,0.));
#17241 = CYLINDRICAL_SURFACE('',#17242,1.6);
#17242 = AXIS2_PLACEMENT_3D('',#17243,#17244,#17245);
#17243 = CARTESIAN_POINT('',(65.9,-165.5,0.));
#17244 = DIRECTION('',(-0.,0.,-1.));
#17245 = DIRECTION('',(0.,1.,0.));
#17246 = ADVANCED_FACE('',(#17247),#17272,.T.);
#17247 = FACE_BOUND('',#17248,.T.);
#17248 = EDGE_LOOP('',(#17249,#17250,#17258,#17266));
#17249 = ORIENTED_EDGE('',*,*,#17227,.T.);
#17250 = ORIENTED_EDGE('',*,*,#17251,.T.);
#17251 = EDGE_CURVE('',#17219,#17252,#17254,.T.);
#17252 = VERTEX_POINT('',#17253);
#17253 = CARTESIAN_POINT('',(69.1,-167.1,1.51));
#17254 = LINE('',#17255,#17256);
#17255 = CARTESIAN_POINT('',(65.9,-167.1,1.51));
#17256 = VECTOR('',#17257,1.);
#17257 = DIRECTION('',(1.,0.,0.));
#17258 = ORIENTED_EDGE('',*,*,#17259,.F.);
#17259 = EDGE_CURVE('',#17260,#17252,#17262,.T.);
#17260 = VERTEX_POINT('',#17261);
#17261 = CARTESIAN_POINT('',(69.1,-167.1,0.));
#17262 = LINE('',#17263,#17264);
#17263 = CARTESIAN_POINT('',(69.1,-167.1,0.));
#17264 = VECTOR('',#17265,1.);
#17265 = DIRECTION('',(0.,0.,1.));
#17266 = ORIENTED_EDGE('',*,*,#17267,.F.);
#17267 = EDGE_CURVE('',#17228,#17260,#17268,.T.);
#17268 = LINE('',#17269,#17270);
#17269 = CARTESIAN_POINT('',(65.9,-167.1,0.));
#17270 = VECTOR('',#17271,1.);
#17271 = DIRECTION('',(1.,0.,0.));
#17272 = PLANE('',#17273);
#17273 = AXIS2_PLACEMENT_3D('',#17274,#17275,#17276);
#17274 = CARTESIAN_POINT('',(65.9,-167.1,0.));
#17275 = DIRECTION('',(0.,1.,0.));
#17276 = DIRECTION('',(1.,0.,0.));
#17277 = ADVANCED_FACE('',(#17278),#17305,.F.);
#17278 = FACE_BOUND('',#17279,.T.);
#17279 = EDGE_LOOP('',(#17280,#17281,#17290,#17298));
#17280 = ORIENTED_EDGE('',*,*,#17259,.T.);
#17281 = ORIENTED_EDGE('',*,*,#17282,.T.);
#17282 = EDGE_CURVE('',#17252,#17283,#17285,.T.);
#17283 = VERTEX_POINT('',#17284);
#17284 = CARTESIAN_POINT('',(69.1,-163.9,1.51));
#17285 = CIRCLE('',#17286,1.6);
#17286 = AXIS2_PLACEMENT_3D('',#17287,#17288,#17289);
#17287 = CARTESIAN_POINT('',(69.1,-165.5,1.51));
#17288 = DIRECTION('',(0.,0.,1.));
#17289 = DIRECTION('',(-0.,-1.,0.));
#17290 = ORIENTED_EDGE('',*,*,#17291,.F.);
#17291 = EDGE_CURVE('',#17292,#17283,#17294,.T.);
#17292 = VERTEX_POINT('',#17293);
#17293 = CARTESIAN_POINT('',(69.1,-163.9,0.));
#17294 = LINE('',#17295,#17296);
#17295 = CARTESIAN_POINT('',(69.1,-163.9,0.));
#17296 = VECTOR('',#17297,1.);
#17297 = DIRECTION('',(0.,0.,1.));
#17298 = ORIENTED_EDGE('',*,*,#17299,.F.);
#17299 = EDGE_CURVE('',#17260,#17292,#17300,.T.);
#17300 = CIRCLE('',#17301,1.6);
#17301 = AXIS2_PLACEMENT_3D('',#17302,#17303,#17304);
#17302 = CARTESIAN_POINT('',(69.1,-165.5,0.));
#17303 = DIRECTION('',(0.,0.,1.));
#17304 = DIRECTION('',(-0.,-1.,0.));
#17305 = CYLINDRICAL_SURFACE('',#17306,1.6);
#17306 = AXIS2_PLACEMENT_3D('',#17307,#17308,#17309);
#17307 = CARTESIAN_POINT('',(69.1,-165.5,0.));
#17308 = DIRECTION('',(-0.,-0.,-1.));
#17309 = DIRECTION('',(-0.,-1.,0.));
#17310 = ADVANCED_FACE('',(#17311),#17327,.T.);
#17311 = FACE_BOUND('',#17312,.T.);
#17312 = EDGE_LOOP('',(#17313,#17314,#17320,#17321));
#17313 = ORIENTED_EDGE('',*,*,#17291,.T.);
#17314 = ORIENTED_EDGE('',*,*,#17315,.T.);
#17315 = EDGE_CURVE('',#17283,#17211,#17316,.T.);
#17316 = LINE('',#17317,#17318);
#17317 = CARTESIAN_POINT('',(69.1,-163.9,1.51));
#17318 = VECTOR('',#17319,1.);
#17319 = DIRECTION('',(-1.,0.,0.));
#17320 = ORIENTED_EDGE('',*,*,#17208,.F.);
#17321 = ORIENTED_EDGE('',*,*,#17322,.F.);
#17322 = EDGE_CURVE('',#17292,#17209,#17323,.T.);
#17323 = LINE('',#17324,#17325);
#17324 = CARTESIAN_POINT('',(69.1,-163.9,0.));
#17325 = VECTOR('',#17326,1.);
#17326 = DIRECTION('',(-1.,0.,0.));
#17327 = PLANE('',#17328);
#17328 = AXIS2_PLACEMENT_3D('',#17329,#17330,#17331);
#17329 = CARTESIAN_POINT('',(69.1,-163.9,0.));
#17330 = DIRECTION('',(0.,-1.,0.));
#17331 = DIRECTION('',(-1.,0.,0.));
#17332 = ADVANCED_FACE('',(#17333),#17360,.F.);
#17333 = FACE_BOUND('',#17334,.T.);
#17334 = EDGE_LOOP('',(#17335,#17345,#17352,#17353));
#17335 = ORIENTED_EDGE('',*,*,#17336,.T.);
#17336 = EDGE_CURVE('',#17337,#17339,#17341,.T.);
#17337 = VERTEX_POINT('',#17338);
#17338 = CARTESIAN_POINT('',(67.8,-152.,0.));
#17339 = VERTEX_POINT('',#17340);
#17340 = CARTESIAN_POINT('',(67.8,-152.,1.51));
#17341 = LINE('',#17342,#17343);
#17342 = CARTESIAN_POINT('',(67.8,-152.,0.));
#17343 = VECTOR('',#17344,1.);
#17344 = DIRECTION('',(0.,0.,1.));
#17345 = ORIENTED_EDGE('',*,*,#17346,.T.);
#17346 = EDGE_CURVE('',#17339,#17339,#17347,.T.);
#17347 = CIRCLE('',#17348,3.);
#17348 = AXIS2_PLACEMENT_3D('',#17349,#17350,#17351);
#17349 = CARTESIAN_POINT('',(64.8,-152.,1.51));
#17350 = DIRECTION('',(0.,0.,1.));
#17351 = DIRECTION('',(1.,0.,-0.));
#17352 = ORIENTED_EDGE('',*,*,#17336,.F.);
#17353 = ORIENTED_EDGE('',*,*,#17354,.F.);
#17354 = EDGE_CURVE('',#17337,#17337,#17355,.T.);
#17355 = CIRCLE('',#17356,3.);
#17356 = AXIS2_PLACEMENT_3D('',#17357,#17358,#17359);
#17357 = CARTESIAN_POINT('',(64.8,-152.,0.));
#17358 = DIRECTION('',(0.,0.,1.));
#17359 = DIRECTION('',(1.,0.,-0.));
#17360 = CYLINDRICAL_SURFACE('',#17361,3.);
#17361 = AXIS2_PLACEMENT_3D('',#17362,#17363,#17364);
#17362 = CARTESIAN_POINT('',(64.8,-152.,0.));
#17363 = DIRECTION('',(-0.,-0.,-1.));
#17364 = DIRECTION('',(1.,0.,-0.));
#17365 = ADVANCED_FACE('',(#17366),#17393,.F.);
#17366 = FACE_BOUND('',#17367,.T.);
#17367 = EDGE_LOOP('',(#17368,#17378,#17385,#17386));
#17368 = ORIENTED_EDGE('',*,*,#17369,.T.);
#17369 = EDGE_CURVE('',#17370,#17372,#17374,.T.);
#17370 = VERTEX_POINT('',#17371);
#17371 = CARTESIAN_POINT('',(78.2,-152.,0.));
#17372 = VERTEX_POINT('',#17373);
#17373 = CARTESIAN_POINT('',(78.2,-152.,1.51));
#17374 = LINE('',#17375,#17376);
#17375 = CARTESIAN_POINT('',(78.2,-152.,0.));
#17376 = VECTOR('',#17377,1.);
#17377 = DIRECTION('',(0.,0.,1.));
#17378 = ORIENTED_EDGE('',*,*,#17379,.T.);
#17379 = EDGE_CURVE('',#17372,#17372,#17380,.T.);
#17380 = CIRCLE('',#17381,3.);
#17381 = AXIS2_PLACEMENT_3D('',#17382,#17383,#17384);
#17382 = CARTESIAN_POINT('',(75.2,-152.,1.51));
#17383 = DIRECTION('',(0.,0.,1.));
#17384 = DIRECTION('',(1.,0.,-0.));
#17385 = ORIENTED_EDGE('',*,*,#17369,.F.);
#17386 = ORIENTED_EDGE('',*,*,#17387,.F.);
#17387 = EDGE_CURVE('',#17370,#17370,#17388,.T.);
#17388 = CIRCLE('',#17389,3.);
#17389 = AXIS2_PLACEMENT_3D('',#17390,#17391,#17392);
#17390 = CARTESIAN_POINT('',(75.2,-152.,0.));
#17391 = DIRECTION('',(0.,0.,1.));
#17392 = DIRECTION('',(1.,0.,-0.));
#17393 = CYLINDRICAL_SURFACE('',#17394,3.);
#17394 = AXIS2_PLACEMENT_3D('',#17395,#17396,#17397);
#17395 = CARTESIAN_POINT('',(75.2,-152.,0.));
#17396 = DIRECTION('',(-0.,-0.,-1.));
#17397 = DIRECTION('',(1.,0.,-0.));
#17398 = ADVANCED_FACE('',(#17399),#17426,.F.);
#17399 = FACE_BOUND('',#17400,.T.);
#17400 = EDGE_LOOP('',(#17401,#17411,#17418,#17419));
#17401 = ORIENTED_EDGE('',*,*,#17402,.T.);
#17402 = EDGE_CURVE('',#17403,#17405,#17407,.T.);
#17403 = VERTEX_POINT('',#17404);
#17404 = CARTESIAN_POINT('',(67.3,-141.,0.));
#17405 = VERTEX_POINT('',#17406);
#17406 = CARTESIAN_POINT('',(67.3,-141.,1.51));
#17407 = LINE('',#17408,#17409);
#17408 = CARTESIAN_POINT('',(67.3,-141.,0.));
#17409 = VECTOR('',#17410,1.);
#17410 = DIRECTION('',(0.,0.,1.));
#17411 = ORIENTED_EDGE('',*,*,#17412,.T.);
#17412 = EDGE_CURVE('',#17405,#17405,#17413,.T.);
#17413 = CIRCLE('',#17414,2.5);
#17414 = AXIS2_PLACEMENT_3D('',#17415,#17416,#17417);
#17415 = CARTESIAN_POINT('',(64.8,-141.,1.51));
#17416 = DIRECTION('',(0.,0.,1.));
#17417 = DIRECTION('',(1.,0.,-0.));
#17418 = ORIENTED_EDGE('',*,*,#17402,.F.);
#17419 = ORIENTED_EDGE('',*,*,#17420,.F.);
#17420 = EDGE_CURVE('',#17403,#17403,#17421,.T.);
#17421 = CIRCLE('',#17422,2.5);
#17422 = AXIS2_PLACEMENT_3D('',#17423,#17424,#17425);
#17423 = CARTESIAN_POINT('',(64.8,-141.,0.));
#17424 = DIRECTION('',(0.,0.,1.));
#17425 = DIRECTION('',(1.,0.,-0.));
#17426 = CYLINDRICAL_SURFACE('',#17427,2.5);
#17427 = AXIS2_PLACEMENT_3D('',#17428,#17429,#17430);
#17428 = CARTESIAN_POINT('',(64.8,-141.,0.));
#17429 = DIRECTION('',(-0.,-0.,-1.));
#17430 = DIRECTION('',(1.,0.,-0.));
#17431 = ADVANCED_FACE('',(#17432),#17459,.F.);
#17432 = FACE_BOUND('',#17433,.T.);
#17433 = EDGE_LOOP('',(#17434,#17444,#17451,#17452));
#17434 = ORIENTED_EDGE('',*,*,#17435,.T.);
#17435 = EDGE_CURVE('',#17436,#17438,#17440,.T.);
#17436 = VERTEX_POINT('',#17437);
#17437 = CARTESIAN_POINT('',(77.7,-141.,0.));
#17438 = VERTEX_POINT('',#17439);
#17439 = CARTESIAN_POINT('',(77.7,-141.,1.51));
#17440 = LINE('',#17441,#17442);
#17441 = CARTESIAN_POINT('',(77.7,-141.,0.));
#17442 = VECTOR('',#17443,1.);
#17443 = DIRECTION('',(0.,0.,1.));
#17444 = ORIENTED_EDGE('',*,*,#17445,.T.);
#17445 = EDGE_CURVE('',#17438,#17438,#17446,.T.);
#17446 = CIRCLE('',#17447,2.5);
#17447 = AXIS2_PLACEMENT_3D('',#17448,#17449,#17450);
#17448 = CARTESIAN_POINT('',(75.2,-141.,1.51));
#17449 = DIRECTION('',(0.,0.,1.));
#17450 = DIRECTION('',(1.,0.,-0.));
#17451 = ORIENTED_EDGE('',*,*,#17435,.F.);
#17452 = ORIENTED_EDGE('',*,*,#17453,.F.);
#17453 = EDGE_CURVE('',#17436,#17436,#17454,.T.);
#17454 = CIRCLE('',#17455,2.5);
#17455 = AXIS2_PLACEMENT_3D('',#17456,#17457,#17458);
#17456 = CARTESIAN_POINT('',(75.2,-141.,0.));
#17457 = DIRECTION('',(0.,0.,1.));
#17458 = DIRECTION('',(1.,0.,-0.));
#17459 = CYLINDRICAL_SURFACE('',#17460,2.5);
#17460 = AXIS2_PLACEMENT_3D('',#17461,#17462,#17463);
#17461 = CARTESIAN_POINT('',(75.2,-141.,0.));
#17462 = DIRECTION('',(-0.,-0.,-1.));
#17463 = DIRECTION('',(1.,0.,-0.));
#17464 = ADVANCED_FACE('',(#17465),#17492,.F.);
#17465 = FACE_BOUND('',#17466,.T.);
#17466 = EDGE_LOOP('',(#17467,#17477,#17484,#17485));
#17467 = ORIENTED_EDGE('',*,*,#17468,.T.);
#17468 = EDGE_CURVE('',#17469,#17471,#17473,.T.);
#17469 = VERTEX_POINT('',#17470);
#17470 = CARTESIAN_POINT('',(67.3,-128.,0.));
#17471 = VERTEX_POINT('',#17472);
#17472 = CARTESIAN_POINT('',(67.3,-128.,1.51));
#17473 = LINE('',#17474,#17475);
#17474 = CARTESIAN_POINT('',(67.3,-128.,0.));
#17475 = VECTOR('',#17476,1.);
#17476 = DIRECTION('',(0.,0.,1.));
#17477 = ORIENTED_EDGE('',*,*,#17478,.T.);
#17478 = EDGE_CURVE('',#17471,#17471,#17479,.T.);
#17479 = CIRCLE('',#17480,2.5);
#17480 = AXIS2_PLACEMENT_3D('',#17481,#17482,#17483);
#17481 = CARTESIAN_POINT('',(64.8,-128.,1.51));
#17482 = DIRECTION('',(0.,0.,1.));
#17483 = DIRECTION('',(1.,0.,-0.));
#17484 = ORIENTED_EDGE('',*,*,#17468,.F.);
#17485 = ORIENTED_EDGE('',*,*,#17486,.F.);
#17486 = EDGE_CURVE('',#17469,#17469,#17487,.T.);
#17487 = CIRCLE('',#17488,2.5);
#17488 = AXIS2_PLACEMENT_3D('',#17489,#17490,#17491);
#17489 = CARTESIAN_POINT('',(64.8,-128.,0.));
#17490 = DIRECTION('',(0.,0.,1.));
#17491 = DIRECTION('',(1.,0.,-0.));
#17492 = CYLINDRICAL_SURFACE('',#17493,2.5);
#17493 = AXIS2_PLACEMENT_3D('',#17494,#17495,#17496);
#17494 = CARTESIAN_POINT('',(64.8,-128.,0.));
#17495 = DIRECTION('',(-0.,-0.,-1.));
#17496 = DIRECTION('',(1.,0.,-0.));
#17497 = ADVANCED_FACE('',(#17498),#17525,.F.);
#17498 = FACE_BOUND('',#17499,.T.);
#17499 = EDGE_LOOP('',(#17500,#17510,#17517,#17518));
#17500 = ORIENTED_EDGE('',*,*,#17501,.T.);
#17501 = EDGE_CURVE('',#17502,#17504,#17506,.T.);
#17502 = VERTEX_POINT('',#17503);
#17503 = CARTESIAN_POINT('',(77.7,-128.,0.));
#17504 = VERTEX_POINT('',#17505);
#17505 = CARTESIAN_POINT('',(77.7,-128.,1.51));
#17506 = LINE('',#17507,#17508);
#17507 = CARTESIAN_POINT('',(77.7,-128.,0.));
#17508 = VECTOR('',#17509,1.);
#17509 = DIRECTION('',(0.,0.,1.));
#17510 = ORIENTED_EDGE('',*,*,#17511,.T.);
#17511 = EDGE_CURVE('',#17504,#17504,#17512,.T.);
#17512 = CIRCLE('',#17513,2.5);
#17513 = AXIS2_PLACEMENT_3D('',#17514,#17515,#17516);
#17514 = CARTESIAN_POINT('',(75.2,-128.,1.51));
#17515 = DIRECTION('',(0.,0.,1.));
#17516 = DIRECTION('',(1.,0.,-0.));
#17517 = ORIENTED_EDGE('',*,*,#17501,.F.);
#17518 = ORIENTED_EDGE('',*,*,#17519,.F.);
#17519 = EDGE_CURVE('',#17502,#17502,#17520,.T.);
#17520 = CIRCLE('',#17521,2.5);
#17521 = AXIS2_PLACEMENT_3D('',#17522,#17523,#17524);
#17522 = CARTESIAN_POINT('',(75.2,-128.,0.));
#17523 = DIRECTION('',(0.,0.,1.));
#17524 = DIRECTION('',(1.,0.,-0.));
#17525 = CYLINDRICAL_SURFACE('',#17526,2.5);
#17526 = AXIS2_PLACEMENT_3D('',#17527,#17528,#17529);
#17527 = CARTESIAN_POINT('',(75.2,-128.,0.));
#17528 = DIRECTION('',(-0.,-0.,-1.));
#17529 = DIRECTION('',(1.,0.,-0.));
#17530 = ADVANCED_FACE('',(#17531),#17558,.F.);
#17531 = FACE_BOUND('',#17532,.T.);
#17532 = EDGE_LOOP('',(#17533,#17543,#17550,#17551));
#17533 = ORIENTED_EDGE('',*,*,#17534,.T.);
#17534 = EDGE_CURVE('',#17535,#17537,#17539,.T.);
#17535 = VERTEX_POINT('',#17536);
#17536 = CARTESIAN_POINT('',(67.8,-108.8,0.));
#17537 = VERTEX_POINT('',#17538);
#17538 = CARTESIAN_POINT('',(67.8,-108.8,1.51));
#17539 = LINE('',#17540,#17541);
#17540 = CARTESIAN_POINT('',(67.8,-108.8,0.));
#17541 = VECTOR('',#17542,1.);
#17542 = DIRECTION('',(0.,0.,1.));
#17543 = ORIENTED_EDGE('',*,*,#17544,.T.);
#17544 = EDGE_CURVE('',#17537,#17537,#17545,.T.);
#17545 = CIRCLE('',#17546,3.);
#17546 = AXIS2_PLACEMENT_3D('',#17547,#17548,#17549);
#17547 = CARTESIAN_POINT('',(64.8,-108.8,1.51));
#17548 = DIRECTION('',(0.,0.,1.));
#17549 = DIRECTION('',(1.,0.,-0.));
#17550 = ORIENTED_EDGE('',*,*,#17534,.F.);
#17551 = ORIENTED_EDGE('',*,*,#17552,.F.);
#17552 = EDGE_CURVE('',#17535,#17535,#17553,.T.);
#17553 = CIRCLE('',#17554,3.);
#17554 = AXIS2_PLACEMENT_3D('',#17555,#17556,#17557);
#17555 = CARTESIAN_POINT('',(64.8,-108.8,0.));
#17556 = DIRECTION('',(0.,0.,1.));
#17557 = DIRECTION('',(1.,0.,-0.));
#17558 = CYLINDRICAL_SURFACE('',#17559,3.);
#17559 = AXIS2_PLACEMENT_3D('',#17560,#17561,#17562);
#17560 = CARTESIAN_POINT('',(64.8,-108.8,0.));
#17561 = DIRECTION('',(-0.,-0.,-1.));
#17562 = DIRECTION('',(1.,0.,-0.));
#17563 = ADVANCED_FACE('',(#17564),#17591,.F.);
#17564 = FACE_BOUND('',#17565,.T.);
#17565 = EDGE_LOOP('',(#17566,#17576,#17583,#17584));
#17566 = ORIENTED_EDGE('',*,*,#17567,.T.);
#17567 = EDGE_CURVE('',#17568,#17570,#17572,.T.);
#17568 = VERTEX_POINT('',#17569);
#17569 = CARTESIAN_POINT('',(78.2,-108.8,0.));
#17570 = VERTEX_POINT('',#17571);
#17571 = CARTESIAN_POINT('',(78.2,-108.8,1.51));
#17572 = LINE('',#17573,#17574);
#17573 = CARTESIAN_POINT('',(78.2,-108.8,0.));
#17574 = VECTOR('',#17575,1.);
#17575 = DIRECTION('',(0.,0.,1.));
#17576 = ORIENTED_EDGE('',*,*,#17577,.T.);
#17577 = EDGE_CURVE('',#17570,#17570,#17578,.T.);
#17578 = CIRCLE('',#17579,3.);
#17579 = AXIS2_PLACEMENT_3D('',#17580,#17581,#17582);
#17580 = CARTESIAN_POINT('',(75.2,-108.8,1.51));
#17581 = DIRECTION('',(0.,0.,1.));
#17582 = DIRECTION('',(1.,0.,-0.));
#17583 = ORIENTED_EDGE('',*,*,#17567,.F.);
#17584 = ORIENTED_EDGE('',*,*,#17585,.F.);
#17585 = EDGE_CURVE('',#17568,#17568,#17586,.T.);
#17586 = CIRCLE('',#17587,3.);
#17587 = AXIS2_PLACEMENT_3D('',#17588,#17589,#17590);
#17588 = CARTESIAN_POINT('',(75.2,-108.8,0.));
#17589 = DIRECTION('',(0.,0.,1.));
#17590 = DIRECTION('',(1.,0.,-0.));
#17591 = CYLINDRICAL_SURFACE('',#17592,3.);
#17592 = AXIS2_PLACEMENT_3D('',#17593,#17594,#17595);
#17593 = CARTESIAN_POINT('',(75.2,-108.8,0.));
#17594 = DIRECTION('',(-0.,-0.,-1.));
#17595 = DIRECTION('',(1.,0.,-0.));
#17596 = ADVANCED_FACE('',(#17597),#17624,.F.);
#17597 = FACE_BOUND('',#17598,.T.);
#17598 = EDGE_LOOP('',(#17599,#17609,#17616,#17617));
#17599 = ORIENTED_EDGE('',*,*,#17600,.T.);
#17600 = EDGE_CURVE('',#17601,#17603,#17605,.T.);
#17601 = VERTEX_POINT('',#17602);
#17602 = CARTESIAN_POINT('',(67.3,-97.8,0.));
#17603 = VERTEX_POINT('',#17604);
#17604 = CARTESIAN_POINT('',(67.3,-97.8,1.51));
#17605 = LINE('',#17606,#17607);
#17606 = CARTESIAN_POINT('',(67.3,-97.8,0.));
#17607 = VECTOR('',#17608,1.);
#17608 = DIRECTION('',(0.,0.,1.));
#17609 = ORIENTED_EDGE('',*,*,#17610,.T.);
#17610 = EDGE_CURVE('',#17603,#17603,#17611,.T.);
#17611 = CIRCLE('',#17612,2.5);
#17612 = AXIS2_PLACEMENT_3D('',#17613,#17614,#17615);
#17613 = CARTESIAN_POINT('',(64.8,-97.8,1.51));
#17614 = DIRECTION('',(0.,0.,1.));
#17615 = DIRECTION('',(1.,0.,-0.));
#17616 = ORIENTED_EDGE('',*,*,#17600,.F.);
#17617 = ORIENTED_EDGE('',*,*,#17618,.F.);
#17618 = EDGE_CURVE('',#17601,#17601,#17619,.T.);
#17619 = CIRCLE('',#17620,2.5);
#17620 = AXIS2_PLACEMENT_3D('',#17621,#17622,#17623);
#17621 = CARTESIAN_POINT('',(64.8,-97.8,0.));
#17622 = DIRECTION('',(0.,0.,1.));
#17623 = DIRECTION('',(1.,0.,-0.));
#17624 = CYLINDRICAL_SURFACE('',#17625,2.5);
#17625 = AXIS2_PLACEMENT_3D('',#17626,#17627,#17628);
#17626 = CARTESIAN_POINT('',(64.8,-97.8,0.));
#17627 = DIRECTION('',(-0.,-0.,-1.));
#17628 = DIRECTION('',(1.,0.,-0.));
#17629 = ADVANCED_FACE('',(#17630),#17657,.F.);
#17630 = FACE_BOUND('',#17631,.T.);
#17631 = EDGE_LOOP('',(#17632,#17642,#17649,#17650));
#17632 = ORIENTED_EDGE('',*,*,#17633,.T.);
#17633 = EDGE_CURVE('',#17634,#17636,#17638,.T.);
#17634 = VERTEX_POINT('',#17635);
#17635 = CARTESIAN_POINT('',(77.7,-97.8,0.));
#17636 = VERTEX_POINT('',#17637);
#17637 = CARTESIAN_POINT('',(77.7,-97.8,1.51));
#17638 = LINE('',#17639,#17640);
#17639 = CARTESIAN_POINT('',(77.7,-97.8,0.));
#17640 = VECTOR('',#17641,1.);
#17641 = DIRECTION('',(0.,0.,1.));
#17642 = ORIENTED_EDGE('',*,*,#17643,.T.);
#17643 = EDGE_CURVE('',#17636,#17636,#17644,.T.);
#17644 = CIRCLE('',#17645,2.5);
#17645 = AXIS2_PLACEMENT_3D('',#17646,#17647,#17648);
#17646 = CARTESIAN_POINT('',(75.2,-97.8,1.51));
#17647 = DIRECTION('',(0.,0.,1.));
#17648 = DIRECTION('',(1.,0.,-0.));
#17649 = ORIENTED_EDGE('',*,*,#17633,.F.);
#17650 = ORIENTED_EDGE('',*,*,#17651,.F.);
#17651 = EDGE_CURVE('',#17634,#17634,#17652,.T.);
#17652 = CIRCLE('',#17653,2.5);
#17653 = AXIS2_PLACEMENT_3D('',#17654,#17655,#17656);
#17654 = CARTESIAN_POINT('',(75.2,-97.8,0.));
#17655 = DIRECTION('',(0.,0.,1.));
#17656 = DIRECTION('',(1.,0.,-0.));
#17657 = CYLINDRICAL_SURFACE('',#17658,2.5);
#17658 = AXIS2_PLACEMENT_3D('',#17659,#17660,#17661);
#17659 = CARTESIAN_POINT('',(75.2,-97.8,0.));
#17660 = DIRECTION('',(-0.,-0.,-1.));
#17661 = DIRECTION('',(1.,0.,-0.));
#17662 = ADVANCED_FACE('',(#17663),#17690,.F.);
#17663 = FACE_BOUND('',#17664,.T.);
#17664 = EDGE_LOOP('',(#17665,#17675,#17682,#17683));
#17665 = ORIENTED_EDGE('',*,*,#17666,.T.);
#17666 = EDGE_CURVE('',#17667,#17669,#17671,.T.);
#17667 = VERTEX_POINT('',#17668);
#17668 = CARTESIAN_POINT('',(67.3,-84.8,0.));
#17669 = VERTEX_POINT('',#17670);
#17670 = CARTESIAN_POINT('',(67.3,-84.8,1.51));
#17671 = LINE('',#17672,#17673);
#17672 = CARTESIAN_POINT('',(67.3,-84.8,0.));
#17673 = VECTOR('',#17674,1.);
#17674 = DIRECTION('',(0.,0.,1.));
#17675 = ORIENTED_EDGE('',*,*,#17676,.T.);
#17676 = EDGE_CURVE('',#17669,#17669,#17677,.T.);
#17677 = CIRCLE('',#17678,2.5);
#17678 = AXIS2_PLACEMENT_3D('',#17679,#17680,#17681);
#17679 = CARTESIAN_POINT('',(64.8,-84.8,1.51));
#17680 = DIRECTION('',(0.,0.,1.));
#17681 = DIRECTION('',(1.,0.,-0.));
#17682 = ORIENTED_EDGE('',*,*,#17666,.F.);
#17683 = ORIENTED_EDGE('',*,*,#17684,.F.);
#17684 = EDGE_CURVE('',#17667,#17667,#17685,.T.);
#17685 = CIRCLE('',#17686,2.5);
#17686 = AXIS2_PLACEMENT_3D('',#17687,#17688,#17689);
#17687 = CARTESIAN_POINT('',(64.8,-84.8,0.));
#17688 = DIRECTION('',(0.,0.,1.));
#17689 = DIRECTION('',(1.,0.,-0.));
#17690 = CYLINDRICAL_SURFACE('',#17691,2.5);
#17691 = AXIS2_PLACEMENT_3D('',#17692,#17693,#17694);
#17692 = CARTESIAN_POINT('',(64.8,-84.8,0.));
#17693 = DIRECTION('',(-0.,-0.,-1.));
#17694 = DIRECTION('',(1.,0.,-0.));
#17695 = ADVANCED_FACE('',(#17696),#17723,.F.);
#17696 = FACE_BOUND('',#17697,.T.);
#17697 = EDGE_LOOP('',(#17698,#17708,#17715,#17716));
#17698 = ORIENTED_EDGE('',*,*,#17699,.T.);
#17699 = EDGE_CURVE('',#17700,#17702,#17704,.T.);
#17700 = VERTEX_POINT('',#17701);
#17701 = CARTESIAN_POINT('',(77.7,-84.8,0.));
#17702 = VERTEX_POINT('',#17703);
#17703 = CARTESIAN_POINT('',(77.7,-84.8,1.51));
#17704 = LINE('',#17705,#17706);
#17705 = CARTESIAN_POINT('',(77.7,-84.8,0.));
#17706 = VECTOR('',#17707,1.);
#17707 = DIRECTION('',(0.,0.,1.));
#17708 = ORIENTED_EDGE('',*,*,#17709,.T.);
#17709 = EDGE_CURVE('',#17702,#17702,#17710,.T.);
#17710 = CIRCLE('',#17711,2.5);
#17711 = AXIS2_PLACEMENT_3D('',#17712,#17713,#17714);
#17712 = CARTESIAN_POINT('',(75.2,-84.8,1.51));
#17713 = DIRECTION('',(0.,0.,1.));
#17714 = DIRECTION('',(1.,0.,-0.));
#17715 = ORIENTED_EDGE('',*,*,#17699,.F.);
#17716 = ORIENTED_EDGE('',*,*,#17717,.F.);
#17717 = EDGE_CURVE('',#17700,#17700,#17718,.T.);
#17718 = CIRCLE('',#17719,2.5);
#17719 = AXIS2_PLACEMENT_3D('',#17720,#17721,#17722);
#17720 = CARTESIAN_POINT('',(75.2,-84.8,0.));
#17721 = DIRECTION('',(0.,0.,1.));
#17722 = DIRECTION('',(1.,0.,-0.));
#17723 = CYLINDRICAL_SURFACE('',#17724,2.5);
#17724 = AXIS2_PLACEMENT_3D('',#17725,#17726,#17727);
#17725 = CARTESIAN_POINT('',(75.2,-84.8,0.));
#17726 = DIRECTION('',(-0.,-0.,-1.));
#17727 = DIRECTION('',(1.,0.,-0.));
#17728 = ADVANCED_FACE('',(#17729),#17756,.F.);
#17729 = FACE_BOUND('',#17730,.T.);
#17730 = EDGE_LOOP('',(#17731,#17741,#17748,#17749));
#17731 = ORIENTED_EDGE('',*,*,#17732,.T.);
#17732 = EDGE_CURVE('',#17733,#17735,#17737,.T.);
#17733 = VERTEX_POINT('',#17734);
#17734 = CARTESIAN_POINT('',(67.8,-68.6,0.));
#17735 = VERTEX_POINT('',#17736);
#17736 = CARTESIAN_POINT('',(67.8,-68.6,1.51));
#17737 = LINE('',#17738,#17739);
#17738 = CARTESIAN_POINT('',(67.8,-68.6,0.));
#17739 = VECTOR('',#17740,1.);
#17740 = DIRECTION('',(0.,0.,1.));
#17741 = ORIENTED_EDGE('',*,*,#17742,.T.);
#17742 = EDGE_CURVE('',#17735,#17735,#17743,.T.);
#17743 = CIRCLE('',#17744,3.);
#17744 = AXIS2_PLACEMENT_3D('',#17745,#17746,#17747);
#17745 = CARTESIAN_POINT('',(64.8,-68.6,1.51));
#17746 = DIRECTION('',(0.,0.,1.));
#17747 = DIRECTION('',(1.,0.,-0.));
#17748 = ORIENTED_EDGE('',*,*,#17732,.F.);
#17749 = ORIENTED_EDGE('',*,*,#17750,.F.);
#17750 = EDGE_CURVE('',#17733,#17733,#17751,.T.);
#17751 = CIRCLE('',#17752,3.);
#17752 = AXIS2_PLACEMENT_3D('',#17753,#17754,#17755);
#17753 = CARTESIAN_POINT('',(64.8,-68.6,0.));
#17754 = DIRECTION('',(0.,0.,1.));
#17755 = DIRECTION('',(1.,0.,-0.));
#17756 = CYLINDRICAL_SURFACE('',#17757,3.);
#17757 = AXIS2_PLACEMENT_3D('',#17758,#17759,#17760);
#17758 = CARTESIAN_POINT('',(64.8,-68.6,0.));
#17759 = DIRECTION('',(-0.,-0.,-1.));
#17760 = DIRECTION('',(1.,0.,-0.));
#17761 = ADVANCED_FACE('',(#17762),#17789,.F.);
#17762 = FACE_BOUND('',#17763,.T.);
#17763 = EDGE_LOOP('',(#17764,#17774,#17781,#17782));
#17764 = ORIENTED_EDGE('',*,*,#17765,.T.);
#17765 = EDGE_CURVE('',#17766,#17768,#17770,.T.);
#17766 = VERTEX_POINT('',#17767);
#17767 = CARTESIAN_POINT('',(78.2,-68.6,0.));
#17768 = VERTEX_POINT('',#17769);
#17769 = CARTESIAN_POINT('',(78.2,-68.6,1.51));
#17770 = LINE('',#17771,#17772);
#17771 = CARTESIAN_POINT('',(78.2,-68.6,0.));
#17772 = VECTOR('',#17773,1.);
#17773 = DIRECTION('',(0.,0.,1.));
#17774 = ORIENTED_EDGE('',*,*,#17775,.T.);
#17775 = EDGE_CURVE('',#17768,#17768,#17776,.T.);
#17776 = CIRCLE('',#17777,3.);
#17777 = AXIS2_PLACEMENT_3D('',#17778,#17779,#17780);
#17778 = CARTESIAN_POINT('',(75.2,-68.6,1.51));
#17779 = DIRECTION('',(0.,0.,1.));
#17780 = DIRECTION('',(1.,0.,-0.));
#17781 = ORIENTED_EDGE('',*,*,#17765,.F.);
#17782 = ORIENTED_EDGE('',*,*,#17783,.F.);
#17783 = EDGE_CURVE('',#17766,#17766,#17784,.T.);
#17784 = CIRCLE('',#17785,3.);
#17785 = AXIS2_PLACEMENT_3D('',#17786,#17787,#17788);
#17786 = CARTESIAN_POINT('',(75.2,-68.6,0.));
#17787 = DIRECTION('',(0.,0.,1.));
#17788 = DIRECTION('',(1.,0.,-0.));
#17789 = CYLINDRICAL_SURFACE('',#17790,3.);
#17790 = AXIS2_PLACEMENT_3D('',#17791,#17792,#17793);
#17791 = CARTESIAN_POINT('',(75.2,-68.6,0.));
#17792 = DIRECTION('',(-0.,-0.,-1.));
#17793 = DIRECTION('',(1.,0.,-0.));
#17794 = ADVANCED_FACE('',(#17795),#17822,.F.);
#17795 = FACE_BOUND('',#17796,.T.);
#17796 = EDGE_LOOP('',(#17797,#17807,#17814,#17815));
#17797 = ORIENTED_EDGE('',*,*,#17798,.T.);
#17798 = EDGE_CURVE('',#17799,#17801,#17803,.T.);
#17799 = VERTEX_POINT('',#17800);
#17800 = CARTESIAN_POINT('',(67.8,-56.6,0.));
#17801 = VERTEX_POINT('',#17802);
#17802 = CARTESIAN_POINT('',(67.8,-56.6,1.51));
#17803 = LINE('',#17804,#17805);
#17804 = CARTESIAN_POINT('',(67.8,-56.6,0.));
#17805 = VECTOR('',#17806,1.);
#17806 = DIRECTION('',(0.,0.,1.));
#17807 = ORIENTED_EDGE('',*,*,#17808,.T.);
#17808 = EDGE_CURVE('',#17801,#17801,#17809,.T.);
#17809 = CIRCLE('',#17810,3.);
#17810 = AXIS2_PLACEMENT_3D('',#17811,#17812,#17813);
#17811 = CARTESIAN_POINT('',(64.8,-56.6,1.51));
#17812 = DIRECTION('',(0.,0.,1.));
#17813 = DIRECTION('',(1.,0.,-0.));
#17814 = ORIENTED_EDGE('',*,*,#17798,.F.);
#17815 = ORIENTED_EDGE('',*,*,#17816,.F.);
#17816 = EDGE_CURVE('',#17799,#17799,#17817,.T.);
#17817 = CIRCLE('',#17818,3.);
#17818 = AXIS2_PLACEMENT_3D('',#17819,#17820,#17821);
#17819 = CARTESIAN_POINT('',(64.8,-56.6,0.));
#17820 = DIRECTION('',(0.,0.,1.));
#17821 = DIRECTION('',(1.,0.,-0.));
#17822 = CYLINDRICAL_SURFACE('',#17823,3.);
#17823 = AXIS2_PLACEMENT_3D('',#17824,#17825,#17826);
#17824 = CARTESIAN_POINT('',(64.8,-56.6,0.));
#17825 = DIRECTION('',(-0.,-0.,-1.));
#17826 = DIRECTION('',(1.,0.,-0.));
#17827 = ADVANCED_FACE('',(#17828),#17855,.F.);
#17828 = FACE_BOUND('',#17829,.T.);
#17829 = EDGE_LOOP('',(#17830,#17840,#17847,#17848));
#17830 = ORIENTED_EDGE('',*,*,#17831,.T.);
#17831 = EDGE_CURVE('',#17832,#17834,#17836,.T.);
#17832 = VERTEX_POINT('',#17833);
#17833 = CARTESIAN_POINT('',(78.2,-56.6,0.));
#17834 = VERTEX_POINT('',#17835);
#17835 = CARTESIAN_POINT('',(78.2,-56.6,1.51));
#17836 = LINE('',#17837,#17838);
#17837 = CARTESIAN_POINT('',(78.2,-56.6,0.));
#17838 = VECTOR('',#17839,1.);
#17839 = DIRECTION('',(0.,0.,1.));
#17840 = ORIENTED_EDGE('',*,*,#17841,.T.);
#17841 = EDGE_CURVE('',#17834,#17834,#17842,.T.);
#17842 = CIRCLE('',#17843,3.);
#17843 = AXIS2_PLACEMENT_3D('',#17844,#17845,#17846);
#17844 = CARTESIAN_POINT('',(75.2,-56.6,1.51));
#17845 = DIRECTION('',(0.,0.,1.));
#17846 = DIRECTION('',(1.,0.,-0.));
#17847 = ORIENTED_EDGE('',*,*,#17831,.F.);
#17848 = ORIENTED_EDGE('',*,*,#17849,.F.);
#17849 = EDGE_CURVE('',#17832,#17832,#17850,.T.);
#17850 = CIRCLE('',#17851,3.);
#17851 = AXIS2_PLACEMENT_3D('',#17852,#17853,#17854);
#17852 = CARTESIAN_POINT('',(75.2,-56.6,0.));
#17853 = DIRECTION('',(0.,0.,1.));
#17854 = DIRECTION('',(1.,0.,-0.));
#17855 = CYLINDRICAL_SURFACE('',#17856,3.);
#17856 = AXIS2_PLACEMENT_3D('',#17857,#17858,#17859);
#17857 = CARTESIAN_POINT('',(75.2,-56.6,0.));
#17858 = DIRECTION('',(-0.,-0.,-1.));
#17859 = DIRECTION('',(1.,0.,-0.));
#17860 = ADVANCED_FACE('',(#17861),#17897,.F.);
#17861 = FACE_BOUND('',#17862,.T.);
#17862 = EDGE_LOOP('',(#17863,#17873,#17882,#17890));
#17863 = ORIENTED_EDGE('',*,*,#17864,.T.);
#17864 = EDGE_CURVE('',#17865,#17867,#17869,.T.);
#17865 = VERTEX_POINT('',#17866);
#17866 = CARTESIAN_POINT('',(70.9,-41.4,0.));
#17867 = VERTEX_POINT('',#17868);
#17868 = CARTESIAN_POINT('',(70.9,-41.4,1.51));
#17869 = LINE('',#17870,#17871);
#17870 = CARTESIAN_POINT('',(70.9,-41.4,0.));
#17871 = VECTOR('',#17872,1.);
#17872 = DIRECTION('',(0.,0.,1.));
#17873 = ORIENTED_EDGE('',*,*,#17874,.T.);
#17874 = EDGE_CURVE('',#17867,#17875,#17877,.T.);
#17875 = VERTEX_POINT('',#17876);
#17876 = CARTESIAN_POINT('',(70.9,-44.6,1.51));
#17877 = CIRCLE('',#17878,1.6);
#17878 = AXIS2_PLACEMENT_3D('',#17879,#17880,#17881);
#17879 = CARTESIAN_POINT('',(70.9,-43.,1.51));
#17880 = DIRECTION('',(0.,0.,1.));
#17881 = DIRECTION('',(8.881784197001E-15,1.,-0.));
#17882 = ORIENTED_EDGE('',*,*,#17883,.F.);
#17883 = EDGE_CURVE('',#17884,#17875,#17886,.T.);
#17884 = VERTEX_POINT('',#17885);
#17885 = CARTESIAN_POINT('',(70.9,-44.6,0.));
#17886 = LINE('',#17887,#17888);
#17887 = CARTESIAN_POINT('',(70.9,-44.6,0.));
#17888 = VECTOR('',#17889,1.);
#17889 = DIRECTION('',(0.,0.,1.));
#17890 = ORIENTED_EDGE('',*,*,#17891,.F.);
#17891 = EDGE_CURVE('',#17865,#17884,#17892,.T.);
#17892 = CIRCLE('',#17893,1.6);
#17893 = AXIS2_PLACEMENT_3D('',#17894,#17895,#17896);
#17894 = CARTESIAN_POINT('',(70.9,-43.,0.));
#17895 = DIRECTION('',(0.,0.,1.));
#17896 = DIRECTION('',(8.881784197001E-15,1.,-0.));
#17897 = CYLINDRICAL_SURFACE('',#17898,1.6);
#17898 = AXIS2_PLACEMENT_3D('',#17899,#17900,#17901);
#17899 = CARTESIAN_POINT('',(70.9,-43.,0.));
#17900 = DIRECTION('',(-0.,-0.,-1.));
#17901 = DIRECTION('',(8.881784197001E-15,1.,-0.));
#17902 = ADVANCED_FACE('',(#17903),#17928,.T.);
#17903 = FACE_BOUND('',#17904,.T.);
#17904 = EDGE_LOOP('',(#17905,#17906,#17914,#17922));
#17905 = ORIENTED_EDGE('',*,*,#17883,.T.);
#17906 = ORIENTED_EDGE('',*,*,#17907,.T.);
#17907 = EDGE_CURVE('',#17875,#17908,#17910,.T.);
#17908 = VERTEX_POINT('',#17909);
#17909 = CARTESIAN_POINT('',(74.1,-44.6,1.51));
#17910 = LINE('',#17911,#17912);
#17911 = CARTESIAN_POINT('',(70.9,-44.6,1.51));
#17912 = VECTOR('',#17913,1.);
#17913 = DIRECTION('',(1.,0.,0.));
#17914 = ORIENTED_EDGE('',*,*,#17915,.F.);
#17915 = EDGE_CURVE('',#17916,#17908,#17918,.T.);
#17916 = VERTEX_POINT('',#17917);
#17917 = CARTESIAN_POINT('',(74.1,-44.6,0.));
#17918 = LINE('',#17919,#17920);
#17919 = CARTESIAN_POINT('',(74.1,-44.6,0.));
#17920 = VECTOR('',#17921,1.);
#17921 = DIRECTION('',(0.,0.,1.));
#17922 = ORIENTED_EDGE('',*,*,#17923,.F.);
#17923 = EDGE_CURVE('',#17884,#17916,#17924,.T.);
#17924 = LINE('',#17925,#17926);
#17925 = CARTESIAN_POINT('',(70.9,-44.6,0.));
#17926 = VECTOR('',#17927,1.);
#17927 = DIRECTION('',(1.,0.,0.));
#17928 = PLANE('',#17929);
#17929 = AXIS2_PLACEMENT_3D('',#17930,#17931,#17932);
#17930 = CARTESIAN_POINT('',(70.9,-44.6,0.));
#17931 = DIRECTION('',(0.,1.,0.));
#17932 = DIRECTION('',(1.,0.,0.));
#17933 = ADVANCED_FACE('',(#17934),#17961,.F.);
#17934 = FACE_BOUND('',#17935,.T.);
#17935 = EDGE_LOOP('',(#17936,#17937,#17946,#17954));
#17936 = ORIENTED_EDGE('',*,*,#17915,.T.);
#17937 = ORIENTED_EDGE('',*,*,#17938,.T.);
#17938 = EDGE_CURVE('',#17908,#17939,#17941,.T.);
#17939 = VERTEX_POINT('',#17940);
#17940 = CARTESIAN_POINT('',(74.1,-41.4,1.51));
#17941 = CIRCLE('',#17942,1.6);
#17942 = AXIS2_PLACEMENT_3D('',#17943,#17944,#17945);
#17943 = CARTESIAN_POINT('',(74.1,-43.,1.51));
#17944 = DIRECTION('',(0.,0.,1.));
#17945 = DIRECTION('',(-8.881784197001E-15,-1.,0.));
#17946 = ORIENTED_EDGE('',*,*,#17947,.F.);
#17947 = EDGE_CURVE('',#17948,#17939,#17950,.T.);
#17948 = VERTEX_POINT('',#17949);
#17949 = CARTESIAN_POINT('',(74.1,-41.4,0.));
#17950 = LINE('',#17951,#17952);
#17951 = CARTESIAN_POINT('',(74.1,-41.4,0.));
#17952 = VECTOR('',#17953,1.);
#17953 = DIRECTION('',(0.,0.,1.));
#17954 = ORIENTED_EDGE('',*,*,#17955,.F.);
#17955 = EDGE_CURVE('',#17916,#17948,#17956,.T.);
#17956 = CIRCLE('',#17957,1.6);
#17957 = AXIS2_PLACEMENT_3D('',#17958,#17959,#17960);
#17958 = CARTESIAN_POINT('',(74.1,-43.,0.));
#17959 = DIRECTION('',(0.,0.,1.));
#17960 = DIRECTION('',(-8.881784197001E-15,-1.,0.));
#17961 = CYLINDRICAL_SURFACE('',#17962,1.6);
#17962 = AXIS2_PLACEMENT_3D('',#17963,#17964,#17965);
#17963 = CARTESIAN_POINT('',(74.1,-43.,0.));
#17964 = DIRECTION('',(-0.,-0.,-1.));
#17965 = DIRECTION('',(-8.881784197001E-15,-1.,0.));
#17966 = ADVANCED_FACE('',(#17967),#17983,.T.);
#17967 = FACE_BOUND('',#17968,.T.);
#17968 = EDGE_LOOP('',(#17969,#17970,#17976,#17977));
#17969 = ORIENTED_EDGE('',*,*,#17947,.T.);
#17970 = ORIENTED_EDGE('',*,*,#17971,.T.);
#17971 = EDGE_CURVE('',#17939,#17867,#17972,.T.);
#17972 = LINE('',#17973,#17974);
#17973 = CARTESIAN_POINT('',(74.1,-41.4,1.51));
#17974 = VECTOR('',#17975,1.);
#17975 = DIRECTION('',(-1.,0.,0.));
#17976 = ORIENTED_EDGE('',*,*,#17864,.F.);
#17977 = ORIENTED_EDGE('',*,*,#17978,.F.);
#17978 = EDGE_CURVE('',#17948,#17865,#17979,.T.);
#17979 = LINE('',#17980,#17981);
#17980 = CARTESIAN_POINT('',(74.1,-41.4,0.));
#17981 = VECTOR('',#17982,1.);
#17982 = DIRECTION('',(-1.,0.,0.));
#17983 = PLANE('',#17984);
#17984 = AXIS2_PLACEMENT_3D('',#17985,#17986,#17987);
#17985 = CARTESIAN_POINT('',(74.1,-41.4,0.));
#17986 = DIRECTION('',(0.,-1.,0.));
#17987 = DIRECTION('',(-1.,0.,0.));
#17988 = ADVANCED_FACE('',(#17989,#17995,#18001,#18004,#18007,#18010,
    #18013,#18016,#18019,#18022,#18025,#18028,#18031,#18034,#18037,
    #18040,#18043,#18046,#18049),#18055,.F.);
#17989 = FACE_BOUND('',#17990,.T.);
#17990 = EDGE_LOOP('',(#17991,#17992,#17993,#17994));
#17991 = ORIENTED_EDGE('',*,*,#17110,.T.);
#17992 = ORIENTED_EDGE('',*,*,#17141,.T.);
#17993 = ORIENTED_EDGE('',*,*,#17172,.T.);
#17994 = ORIENTED_EDGE('',*,*,#17194,.T.);
#17995 = FACE_BOUND('',#17996,.T.);
#17996 = EDGE_LOOP('',(#17997,#17998,#17999,#18000));
#17997 = ORIENTED_EDGE('',*,*,#17235,.T.);
#17998 = ORIENTED_EDGE('',*,*,#17267,.T.);
#17999 = ORIENTED_EDGE('',*,*,#17299,.T.);
#18000 = ORIENTED_EDGE('',*,*,#17322,.T.);
#18001 = FACE_BOUND('',#18002,.T.);
#18002 = EDGE_LOOP('',(#18003));
#18003 = ORIENTED_EDGE('',*,*,#17354,.T.);
#18004 = FACE_BOUND('',#18005,.T.);
#18005 = EDGE_LOOP('',(#18006));
#18006 = ORIENTED_EDGE('',*,*,#17387,.T.);
#18007 = FACE_BOUND('',#18008,.T.);
#18008 = EDGE_LOOP('',(#18009));
#18009 = ORIENTED_EDGE('',*,*,#17420,.T.);
#18010 = FACE_BOUND('',#18011,.T.);
#18011 = EDGE_LOOP('',(#18012));
#18012 = ORIENTED_EDGE('',*,*,#17453,.T.);
#18013 = FACE_BOUND('',#18014,.T.);
#18014 = EDGE_LOOP('',(#18015));
#18015 = ORIENTED_EDGE('',*,*,#17486,.T.);
#18016 = FACE_BOUND('',#18017,.T.);
#18017 = EDGE_LOOP('',(#18018));
#18018 = ORIENTED_EDGE('',*,*,#17519,.T.);
#18019 = FACE_BOUND('',#18020,.T.);
#18020 = EDGE_LOOP('',(#18021));
#18021 = ORIENTED_EDGE('',*,*,#17552,.T.);
#18022 = FACE_BOUND('',#18023,.T.);
#18023 = EDGE_LOOP('',(#18024));
#18024 = ORIENTED_EDGE('',*,*,#17585,.T.);
#18025 = FACE_BOUND('',#18026,.T.);
#18026 = EDGE_LOOP('',(#18027));
#18027 = ORIENTED_EDGE('',*,*,#17618,.T.);
#18028 = FACE_BOUND('',#18029,.T.);
#18029 = EDGE_LOOP('',(#18030));
#18030 = ORIENTED_EDGE('',*,*,#17651,.T.);
#18031 = FACE_BOUND('',#18032,.T.);
#18032 = EDGE_LOOP('',(#18033));
#18033 = ORIENTED_EDGE('',*,*,#17684,.T.);
#18034 = FACE_BOUND('',#18035,.T.);
#18035 = EDGE_LOOP('',(#18036));
#18036 = ORIENTED_EDGE('',*,*,#17717,.T.);
#18037 = FACE_BOUND('',#18038,.T.);
#18038 = EDGE_LOOP('',(#18039));
#18039 = ORIENTED_EDGE('',*,*,#17750,.T.);
#18040 = FACE_BOUND('',#18041,.T.);
#18041 = EDGE_LOOP('',(#18042));
#18042 = ORIENTED_EDGE('',*,*,#17783,.T.);
#18043 = FACE_BOUND('',#18044,.T.);
#18044 = EDGE_LOOP('',(#18045));
#18045 = ORIENTED_EDGE('',*,*,#17816,.T.);
#18046 = FACE_BOUND('',#18047,.T.);
#18047 = EDGE_LOOP('',(#18048));
#18048 = ORIENTED_EDGE('',*,*,#17849,.T.);
#18049 = FACE_BOUND('',#18050,.T.);
#18050 = EDGE_LOOP('',(#18051,#18052,#18053,#18054));
#18051 = ORIENTED_EDGE('',*,*,#17891,.T.);
#18052 = ORIENTED_EDGE('',*,*,#17923,.T.);
#18053 = ORIENTED_EDGE('',*,*,#17955,.T.);
#18054 = ORIENTED_EDGE('',*,*,#17978,.T.);
#18055 = PLANE('',#18056);
#18056 = AXIS2_PLACEMENT_3D('',#18057,#18058,#18059);
#18057 = CARTESIAN_POINT('',(0.,0.,0.));
#18058 = DIRECTION('',(0.,0.,1.));
#18059 = DIRECTION('',(1.,0.,-0.));
#18060 = ADVANCED_FACE('',(#18061,#18067,#18073,#18076,#18079,#18082,
    #18085,#18088,#18091,#18094,#18097,#18100,#18103,#18106,#18109,
    #18112,#18115,#18118,#18121),#18127,.T.);
#18061 = FACE_BOUND('',#18062,.F.);
#18062 = EDGE_LOOP('',(#18063,#18064,#18065,#18066));
#18063 = ORIENTED_EDGE('',*,*,#17094,.T.);
#18064 = ORIENTED_EDGE('',*,*,#17125,.T.);
#18065 = ORIENTED_EDGE('',*,*,#17156,.T.);
#18066 = ORIENTED_EDGE('',*,*,#17187,.T.);
#18067 = FACE_BOUND('',#18068,.F.);
#18068 = EDGE_LOOP('',(#18069,#18070,#18071,#18072));
#18069 = ORIENTED_EDGE('',*,*,#17218,.T.);
#18070 = ORIENTED_EDGE('',*,*,#17251,.T.);
#18071 = ORIENTED_EDGE('',*,*,#17282,.T.);
#18072 = ORIENTED_EDGE('',*,*,#17315,.T.);
#18073 = FACE_BOUND('',#18074,.F.);
#18074 = EDGE_LOOP('',(#18075));
#18075 = ORIENTED_EDGE('',*,*,#17346,.T.);
#18076 = FACE_BOUND('',#18077,.F.);
#18077 = EDGE_LOOP('',(#18078));
#18078 = ORIENTED_EDGE('',*,*,#17379,.T.);
#18079 = FACE_BOUND('',#18080,.F.);
#18080 = EDGE_LOOP('',(#18081));
#18081 = ORIENTED_EDGE('',*,*,#17412,.T.);
#18082 = FACE_BOUND('',#18083,.F.);
#18083 = EDGE_LOOP('',(#18084));
#18084 = ORIENTED_EDGE('',*,*,#17445,.T.);
#18085 = FACE_BOUND('',#18086,.F.);
#18086 = EDGE_LOOP('',(#18087));
#18087 = ORIENTED_EDGE('',*,*,#17478,.T.);
#18088 = FACE_BOUND('',#18089,.F.);
#18089 = EDGE_LOOP('',(#18090));
#18090 = ORIENTED_EDGE('',*,*,#17511,.T.);
#18091 = FACE_BOUND('',#18092,.F.);
#18092 = EDGE_LOOP('',(#18093));
#18093 = ORIENTED_EDGE('',*,*,#17544,.T.);
#18094 = FACE_BOUND('',#18095,.F.);
#18095 = EDGE_LOOP('',(#18096));
#18096 = ORIENTED_EDGE('',*,*,#17577,.T.);
#18097 = FACE_BOUND('',#18098,.F.);
#18098 = EDGE_LOOP('',(#18099));
#18099 = ORIENTED_EDGE('',*,*,#17610,.T.);
#18100 = FACE_BOUND('',#18101,.F.);
#18101 = EDGE_LOOP('',(#18102));
#18102 = ORIENTED_EDGE('',*,*,#17643,.T.);
#18103 = FACE_BOUND('',#18104,.F.);
#18104 = EDGE_LOOP('',(#18105));
#18105 = ORIENTED_EDGE('',*,*,#17676,.T.);
#18106 = FACE_BOUND('',#18107,.F.);
#18107 = EDGE_LOOP('',(#18108));
#18108 = ORIENTED_EDGE('',*,*,#17709,.T.);
#18109 = FACE_BOUND('',#18110,.F.);
#18110 = EDGE_LOOP('',(#18111));
#18111 = ORIENTED_EDGE('',*,*,#17742,.T.);
#18112 = FACE_BOUND('',#18113,.F.);
#18113 = EDGE_LOOP('',(#18114));
#18114 = ORIENTED_EDGE('',*,*,#17775,.T.);
#18115 = FACE_BOUND('',#18116,.F.);
#18116 = EDGE_LOOP('',(#18117));
#18117 = ORIENTED_EDGE('',*,*,#17808,.T.);
#18118 = FACE_BOUND('',#18119,.F.);
#18119 = EDGE_LOOP('',(#18120));
#18120 = ORIENTED_EDGE('',*,*,#17841,.T.);
#18121 = FACE_BOUND('',#18122,.F.);
#18122 = EDGE_LOOP('',(#18123,#18124,#18125,#18126));
#18123 = ORIENTED_EDGE('',*,*,#17874,.T.);
#18124 = ORIENTED_EDGE('',*,*,#17907,.T.);
#18125 = ORIENTED_EDGE('',*,*,#17938,.T.);
#18126 = ORIENTED_EDGE('',*,*,#17971,.T.);
#18127 = PLANE('',#18128);
#18128 = AXIS2_PLACEMENT_3D('',#18129,#18130,#18131);
#18129 = CARTESIAN_POINT('',(0.,0.,1.51));
#18130 = DIRECTION('',(0.,0.,1.));
#18131 = DIRECTION('',(1.,0.,-0.));
#18132 = ( GEOMETRIC_REPRESENTATION_CONTEXT(3) 
GLOBAL_UNCERTAINTY_ASSIGNED_CONTEXT((#18136)) 
GLOBAL_UNIT_ASSIGNED_CONTEXT((#18133,#18134,#18135)) 
REPRESENTATION_CONTEXT('Context #1',
  '3D Context with UNIT and UNCERTAINTY') );
#18133 = ( LENGTH_UNIT() NAMED_UNIT(*) SI_UNIT(.MILLI.,.METRE.) );
#18134 = ( NAMED_UNIT(*) PLANE_ANGLE_UNIT() SI_UNIT($,.RADIAN.) );
#18135 = ( NAMED_UNIT(*) SI_UNIT($,.STERADIAN.) SOLID_ANGLE_UNIT() );
#18136 = UNCERTAINTY_MEASURE_WITH_UNIT(LENGTH_MEASURE(1.E-07),#18133,
  'distance_accuracy_value','confusion accuracy');
#18137 = CONTEXT_DEPENDENT_SHAPE_REPRESENTATION(#18138,#18140);
#18138 = ( REPRESENTATION_RELATIONSHIP('','',#17077,#10) 
REPRESENTATION_RELATIONSHIP_WITH_TRANSFORMATION(#18139) 
SHAPE_REPRESENTATION_RELATIONSHIP() );
#18139 = ITEM_DEFINED_TRANSFORMATION('','',#11,#27);
#18140 = PRODUCT_DEFINITION_SHAPE('Placement','Placement of an item',
  #18141);
#18141 = NEXT_ASSEMBLY_USAGE_OCCURRENCE('4','=>[0:1:1:5]','',#5,#17072,$
  );
#18142 = PRODUCT_RELATED_PRODUCT_CATEGORY('part',$,(#17074));
#18143 = MECHANICAL_DESIGN_GEOMETRIC_PRESENTATION_REPRESENTATION('',(
    #18144),#18132);
#18144 = STYLED_ITEM('color',(#18145),#17078);
#18145 = PRESENTATION_STYLE_ASSIGNMENT((#18146));
#18146 = SURFACE_STYLE_USAGE(.BOTH.,#18147);
#18147 = SURFACE_SIDE_STYLE('',(#18148,#18152));
#18148 = SURFACE_STYLE_FILL_AREA(#18149);
#18149 = FILL_AREA_STYLE('',(#18150));
#18150 = FILL_AREA_STYLE_COLOUR('',#18151);
#18151 = COLOUR_RGB('',0.679975718802,0.701410709185,0.574871009914);
#18152 = SURFACE_STYLE_RENDERING_WITH_PROPERTIES(.NORMAL_SHADING.,#18151
  ,(#18153));
#18153 = SURFACE_STYLE_TRANSPARENT(1.999998092651E-02);
#18154 = MECHANICAL_DESIGN_GEOMETRIC_PRESENTATION_REPRESENTATION('',(
    #18155),#16430);
#18155 = STYLED_ITEM('color',(#18156),#15822);
#18156 = PRESENTATION_STYLE_ASSIGNMENT((#18157));
#18157 = SURFACE_STYLE_USAGE(.BOTH.,#18158);
#18158 = SURFACE_SIDE_STYLE('',(#18159,#18163));
#18159 = SURFACE_STYLE_FILL_AREA(#18160);
#18160 = FILL_AREA_STYLE('',(#18161));
#18161 = FILL_AREA_STYLE_COLOUR('',#18162);
#18162 = COLOUR_RGB('',0.313304153717,0.484529207832,0.410020903123);
#18163 = SURFACE_STYLE_RENDERING_WITH_PROPERTIES(.NORMAL_SHADING.,#18162
  ,(#18164));
#18164 = SURFACE_STYLE_TRANSPARENT(0.170000016689);
#18165 = MECHANICAL_DESIGN_GEOMETRIC_PRESENTATION_REPRESENTATION('',(
    #18166,#18176,#18185,#18194,#18203,#18212,#18221,#18230,#18239,
    #18248,#18257,#18266,#18275,#18284,#18293,#18302,#18311,#18320,
    #18329,#18338,#18347,#18356,#18365,#18374,#18383,#18392,#18401,
    #18410,#18419,#18428,#18437,#18446,#18455,#18464,#18473,#18482,
    #18491,#18500,#18509,#18518,#18527,#18536,#18545,#18554,#18563,
    #18572,#18581,#18590,#18599,#18608,#18617,#18626,#18635,#18644,
    #18653,#18662,#18671,#18680,#18689,#18698,#18707,#18716,#18725,
    #18734,#18743,#18752,#18761,#18770,#18779,#18788,#18797,#18806,
    #18815,#18824,#18833,#18842,#18851,#18860,#18869,#18878,#18887,
    #18896,#18905,#18914,#18923,#18932,#18941,#18950,#18959,#18968,
    #18977,#18986,#18995,#19004,#19013,#19022,#19031,#19040,#19049),
  #15801);
#18166 = STYLED_ITEM('color',(#18167),#47);
#18167 = PRESENTATION_STYLE_ASSIGNMENT((#18168));
#18168 = SURFACE_STYLE_USAGE(.BOTH.,#18169);
#18169 = SURFACE_SIDE_STYLE('',(#18170,#18174));
#18170 = SURFACE_STYLE_FILL_AREA(#18171);
#18171 = FILL_AREA_STYLE('',(#18172));
#18172 = FILL_AREA_STYLE_COLOUR('',#18173);
#18173 = DRAUGHTING_PRE_DEFINED_COLOUR('white');
#18174 = SURFACE_STYLE_RENDERING_WITH_PROPERTIES(.NORMAL_SHADING.,#18173
  ,(#18175));
#18175 = SURFACE_STYLE_TRANSPARENT(0.100000023842);
#18176 = STYLED_ITEM('color',(#18177),#320);
#18177 = PRESENTATION_STYLE_ASSIGNMENT((#18178));
#18178 = SURFACE_STYLE_USAGE(.BOTH.,#18179);
#18179 = SURFACE_SIDE_STYLE('',(#18180,#18183));
#18180 = SURFACE_STYLE_FILL_AREA(#18181);
#18181 = FILL_AREA_STYLE('',(#18182));
#18182 = FILL_AREA_STYLE_COLOUR('',#18173);
#18183 = SURFACE_STYLE_RENDERING_WITH_PROPERTIES(.NORMAL_SHADING.,#18173
  ,(#18184));
#18184 = SURFACE_STYLE_TRANSPARENT(0.100000023842);
#18185 = STYLED_ITEM('color',(#18186),#571);
#18186 = PRESENTATION_STYLE_ASSIGNMENT((#18187));
#18187 = SURFACE_STYLE_USAGE(.BOTH.,#18188);
#18188 = SURFACE_SIDE_STYLE('',(#18189,#18192));
#18189 = SURFACE_STYLE_FILL_AREA(#18190);
#18190 = FILL_AREA_STYLE('',(#18191));
#18191 = FILL_AREA_STYLE_COLOUR('',#18173);
#18192 = SURFACE_STYLE_RENDERING_WITH_PROPERTIES(.NORMAL_SHADING.,#18173
  ,(#18193));
#18193 = SURFACE_STYLE_TRANSPARENT(0.100000023842);
#18194 = STYLED_ITEM('color',(#18195),#985);
#18195 = PRESENTATION_STYLE_ASSIGNMENT((#18196));
#18196 = SURFACE_STYLE_USAGE(.BOTH.,#18197);
#18197 = SURFACE_SIDE_STYLE('',(#18198,#18201));
#18198 = SURFACE_STYLE_FILL_AREA(#18199);
#18199 = FILL_AREA_STYLE('',(#18200));
#18200 = FILL_AREA_STYLE_COLOUR('',#18173);
#18201 = SURFACE_STYLE_RENDERING_WITH_PROPERTIES(.NORMAL_SHADING.,#18173
  ,(#18202));
#18202 = SURFACE_STYLE_TRANSPARENT(0.100000023842);
#18203 = STYLED_ITEM('color',(#18204),#1163);
#18204 = PRESENTATION_STYLE_ASSIGNMENT((#18205));
#18205 = SURFACE_STYLE_USAGE(.BOTH.,#18206);
#18206 = SURFACE_SIDE_STYLE('',(#18207,#18210));
#18207 = SURFACE_STYLE_FILL_AREA(#18208);
#18208 = FILL_AREA_STYLE('',(#18209));
#18209 = FILL_AREA_STYLE_COLOUR('',#18173);
#18210 = SURFACE_STYLE_RENDERING_WITH_PROPERTIES(.NORMAL_SHADING.,#18173
  ,(#18211));
#18211 = SURFACE_STYLE_TRANSPARENT(0.100000023842);
#18212 = STYLED_ITEM('color',(#18213),#1309);
#18213 = PRESENTATION_STYLE_ASSIGNMENT((#18214));
#18214 = SURFACE_STYLE_USAGE(.BOTH.,#18215);
#18215 = SURFACE_SIDE_STYLE('',(#18216,#18219));
#18216 = SURFACE_STYLE_FILL_AREA(#18217);
#18217 = FILL_AREA_STYLE('',(#18218));
#18218 = FILL_AREA_STYLE_COLOUR('',#18173);
#18219 = SURFACE_STYLE_RENDERING_WITH_PROPERTIES(.NORMAL_SHADING.,#18173
  ,(#18220));
#18220 = SURFACE_STYLE_TRANSPARENT(0.100000023842);
#18221 = STYLED_ITEM('color',(#18222),#1455);
#18222 = PRESENTATION_STYLE_ASSIGNMENT((#18223));
#18223 = SURFACE_STYLE_USAGE(.BOTH.,#18224);
#18224 = SURFACE_SIDE_STYLE('',(#18225,#18228));
#18225 = SURFACE_STYLE_FILL_AREA(#18226);
#18226 = FILL_AREA_STYLE('',(#18227));
#18227 = FILL_AREA_STYLE_COLOUR('',#18173);
#18228 = SURFACE_STYLE_RENDERING_WITH_PROPERTIES(.NORMAL_SHADING.,#18173
  ,(#18229));
#18229 = SURFACE_STYLE_TRANSPARENT(0.100000023842);
#18230 = STYLED_ITEM('color',(#18231),#1727);
#18231 = PRESENTATION_STYLE_ASSIGNMENT((#18232));
#18232 = SURFACE_STYLE_USAGE(.BOTH.,#18233);
#18233 = SURFACE_SIDE_STYLE('',(#18234,#18237));
#18234 = SURFACE_STYLE_FILL_AREA(#18235);
#18235 = FILL_AREA_STYLE('',(#18236));
#18236 = FILL_AREA_STYLE_COLOUR('',#18173);
#18237 = SURFACE_STYLE_RENDERING_WITH_PROPERTIES(.NORMAL_SHADING.,#18173
  ,(#18238));
#18238 = SURFACE_STYLE_TRANSPARENT(0.100000023842);
#18239 = STYLED_ITEM('color',(#18240),#1917);
#18240 = PRESENTATION_STYLE_ASSIGNMENT((#18241));
#18241 = SURFACE_STYLE_USAGE(.BOTH.,#18242);
#18242 = SURFACE_SIDE_STYLE('',(#18243,#18246));
#18243 = SURFACE_STYLE_FILL_AREA(#18244);
#18244 = FILL_AREA_STYLE('',(#18245));
#18245 = FILL_AREA_STYLE_COLOUR('',#18173);
#18246 = SURFACE_STYLE_RENDERING_WITH_PROPERTIES(.NORMAL_SHADING.,#18173
  ,(#18247));
#18247 = SURFACE_STYLE_TRANSPARENT(0.100000023842);
#18248 = STYLED_ITEM('color',(#18249),#2166);
#18249 = PRESENTATION_STYLE_ASSIGNMENT((#18250));
#18250 = SURFACE_STYLE_USAGE(.BOTH.,#18251);
#18251 = SURFACE_SIDE_STYLE('',(#18252,#18255));
#18252 = SURFACE_STYLE_FILL_AREA(#18253);
#18253 = FILL_AREA_STYLE('',(#18254));
#18254 = FILL_AREA_STYLE_COLOUR('',#18173);
#18255 = SURFACE_STYLE_RENDERING_WITH_PROPERTIES(.NORMAL_SHADING.,#18173
  ,(#18256));
#18256 = SURFACE_STYLE_TRANSPARENT(0.100000023842);
#18257 = STYLED_ITEM('color',(#18258),#2438);
#18258 = PRESENTATION_STYLE_ASSIGNMENT((#18259));
#18259 = SURFACE_STYLE_USAGE(.BOTH.,#18260);
#18260 = SURFACE_SIDE_STYLE('',(#18261,#18264));
#18261 = SURFACE_STYLE_FILL_AREA(#18262);
#18262 = FILL_AREA_STYLE('',(#18263));
#18263 = FILL_AREA_STYLE_COLOUR('',#18173);
#18264 = SURFACE_STYLE_RENDERING_WITH_PROPERTIES(.NORMAL_SHADING.,#18173
  ,(#18265));
#18265 = SURFACE_STYLE_TRANSPARENT(0.100000023842);
#18266 = STYLED_ITEM('color',(#18267),#2628);
#18267 = PRESENTATION_STYLE_ASSIGNMENT((#18268));
#18268 = SURFACE_STYLE_USAGE(.BOTH.,#18269);
#18269 = SURFACE_SIDE_STYLE('',(#18270,#18273));
#18270 = SURFACE_STYLE_FILL_AREA(#18271);
#18271 = FILL_AREA_STYLE('',(#18272));
#18272 = FILL_AREA_STYLE_COLOUR('',#18173);
#18273 = SURFACE_STYLE_RENDERING_WITH_PROPERTIES(.NORMAL_SHADING.,#18173
  ,(#18274));
#18274 = SURFACE_STYLE_TRANSPARENT(0.100000023842);
#18275 = STYLED_ITEM('color',(#18276),#2705);
#18276 = PRESENTATION_STYLE_ASSIGNMENT((#18277));
#18277 = SURFACE_STYLE_USAGE(.BOTH.,#18278);
#18278 = SURFACE_SIDE_STYLE('',(#18279,#18282));
#18279 = SURFACE_STYLE_FILL_AREA(#18280);
#18280 = FILL_AREA_STYLE('',(#18281));
#18281 = FILL_AREA_STYLE_COLOUR('',#18173);
#18282 = SURFACE_STYLE_RENDERING_WITH_PROPERTIES(.NORMAL_SHADING.,#18173
  ,(#18283));
#18283 = SURFACE_STYLE_TRANSPARENT(0.100000023842);
#18284 = STYLED_ITEM('color',(#18285),#2782);
#18285 = PRESENTATION_STYLE_ASSIGNMENT((#18286));
#18286 = SURFACE_STYLE_USAGE(.BOTH.,#18287);
#18287 = SURFACE_SIDE_STYLE('',(#18288,#18291));
#18288 = SURFACE_STYLE_FILL_AREA(#18289);
#18289 = FILL_AREA_STYLE('',(#18290));
#18290 = FILL_AREA_STYLE_COLOUR('',#18173);
#18291 = SURFACE_STYLE_RENDERING_WITH_PROPERTIES(.NORMAL_SHADING.,#18173
  ,(#18292));
#18292 = SURFACE_STYLE_TRANSPARENT(0.100000023842);
#18293 = STYLED_ITEM('color',(#18294),#2925);
#18294 = PRESENTATION_STYLE_ASSIGNMENT((#18295));
#18295 = SURFACE_STYLE_USAGE(.BOTH.,#18296);
#18296 = SURFACE_SIDE_STYLE('',(#18297,#18300));
#18297 = SURFACE_STYLE_FILL_AREA(#18298);
#18298 = FILL_AREA_STYLE('',(#18299));
#18299 = FILL_AREA_STYLE_COLOUR('',#18173);
#18300 = SURFACE_STYLE_RENDERING_WITH_PROPERTIES(.NORMAL_SHADING.,#18173
  ,(#18301));
#18301 = SURFACE_STYLE_TRANSPARENT(0.100000023842);
#18302 = STYLED_ITEM('color',(#18303),#3019);
#18303 = PRESENTATION_STYLE_ASSIGNMENT((#18304));
#18304 = SURFACE_STYLE_USAGE(.BOTH.,#18305);
#18305 = SURFACE_SIDE_STYLE('',(#18306,#18309));
#18306 = SURFACE_STYLE_FILL_AREA(#18307);
#18307 = FILL_AREA_STYLE('',(#18308));
#18308 = FILL_AREA_STYLE_COLOUR('',#18173);
#18309 = SURFACE_STYLE_RENDERING_WITH_PROPERTIES(.NORMAL_SHADING.,#18173
  ,(#18310));
#18310 = SURFACE_STYLE_TRANSPARENT(0.100000023842);
#18311 = STYLED_ITEM('color',(#18312),#3097);
#18312 = PRESENTATION_STYLE_ASSIGNMENT((#18313));
#18313 = SURFACE_STYLE_USAGE(.BOTH.,#18314);
#18314 = SURFACE_SIDE_STYLE('',(#18315,#18318));
#18315 = SURFACE_STYLE_FILL_AREA(#18316);
#18316 = FILL_AREA_STYLE('',(#18317));
#18317 = FILL_AREA_STYLE_COLOUR('',#18173);
#18318 = SURFACE_STYLE_RENDERING_WITH_PROPERTIES(.NORMAL_SHADING.,#18173
  ,(#18319));
#18319 = SURFACE_STYLE_TRANSPARENT(0.100000023842);
#18320 = STYLED_ITEM('color',(#18321),#3175);
#18321 = PRESENTATION_STYLE_ASSIGNMENT((#18322));
#18322 = SURFACE_STYLE_USAGE(.BOTH.,#18323);
#18323 = SURFACE_SIDE_STYLE('',(#18324,#18327));
#18324 = SURFACE_STYLE_FILL_AREA(#18325);
#18325 = FILL_AREA_STYLE('',(#18326));
#18326 = FILL_AREA_STYLE_COLOUR('',#18173);
#18327 = SURFACE_STYLE_RENDERING_WITH_PROPERTIES(.NORMAL_SHADING.,#18173
  ,(#18328));
#18328 = SURFACE_STYLE_TRANSPARENT(0.100000023842);
#18329 = STYLED_ITEM('color',(#18330),#3326);
#18330 = PRESENTATION_STYLE_ASSIGNMENT((#18331));
#18331 = SURFACE_STYLE_USAGE(.BOTH.,#18332);
#18332 = SURFACE_SIDE_STYLE('',(#18333,#18336));
#18333 = SURFACE_STYLE_FILL_AREA(#18334);
#18334 = FILL_AREA_STYLE('',(#18335));
#18335 = FILL_AREA_STYLE_COLOUR('',#18173);
#18336 = SURFACE_STYLE_RENDERING_WITH_PROPERTIES(.NORMAL_SHADING.,#18173
  ,(#18337));
#18337 = SURFACE_STYLE_TRANSPARENT(0.100000023842);
#18338 = STYLED_ITEM('color',(#18339),#3386);
#18339 = PRESENTATION_STYLE_ASSIGNMENT((#18340));
#18340 = SURFACE_STYLE_USAGE(.BOTH.,#18341);
#18341 = SURFACE_SIDE_STYLE('',(#18342,#18345));
#18342 = SURFACE_STYLE_FILL_AREA(#18343);
#18343 = FILL_AREA_STYLE('',(#18344));
#18344 = FILL_AREA_STYLE_COLOUR('',#18173);
#18345 = SURFACE_STYLE_RENDERING_WITH_PROPERTIES(.NORMAL_SHADING.,#18173
  ,(#18346));
#18346 = SURFACE_STYLE_TRANSPARENT(0.100000023842);
#18347 = STYLED_ITEM('color',(#18348),#3504);
#18348 = PRESENTATION_STYLE_ASSIGNMENT((#18349));
#18349 = SURFACE_STYLE_USAGE(.BOTH.,#18350);
#18350 = SURFACE_SIDE_STYLE('',(#18351,#18354));
#18351 = SURFACE_STYLE_FILL_AREA(#18352);
#18352 = FILL_AREA_STYLE('',(#18353));
#18353 = FILL_AREA_STYLE_COLOUR('',#18173);
#18354 = SURFACE_STYLE_RENDERING_WITH_PROPERTIES(.NORMAL_SHADING.,#18173
  ,(#18355));
#18355 = SURFACE_STYLE_TRANSPARENT(0.100000023842);
#18356 = STYLED_ITEM('color',(#18357),#3655);
#18357 = PRESENTATION_STYLE_ASSIGNMENT((#18358));
#18358 = SURFACE_STYLE_USAGE(.BOTH.,#18359);
#18359 = SURFACE_SIDE_STYLE('',(#18360,#18363));
#18360 = SURFACE_STYLE_FILL_AREA(#18361);
#18361 = FILL_AREA_STYLE('',(#18362));
#18362 = FILL_AREA_STYLE_COLOUR('',#18173);
#18363 = SURFACE_STYLE_RENDERING_WITH_PROPERTIES(.NORMAL_SHADING.,#18173
  ,(#18364));
#18364 = SURFACE_STYLE_TRANSPARENT(0.100000023842);
#18365 = STYLED_ITEM('color',(#18366),#3715);
#18366 = PRESENTATION_STYLE_ASSIGNMENT((#18367));
#18367 = SURFACE_STYLE_USAGE(.BOTH.,#18368);
#18368 = SURFACE_SIDE_STYLE('',(#18369,#18372));
#18369 = SURFACE_STYLE_FILL_AREA(#18370);
#18370 = FILL_AREA_STYLE('',(#18371));
#18371 = FILL_AREA_STYLE_COLOUR('',#18173);
#18372 = SURFACE_STYLE_RENDERING_WITH_PROPERTIES(.NORMAL_SHADING.,#18173
  ,(#18373));
#18373 = SURFACE_STYLE_TRANSPARENT(0.100000023842);
#18374 = STYLED_ITEM('color',(#18375),#3833);
#18375 = PRESENTATION_STYLE_ASSIGNMENT((#18376));
#18376 = SURFACE_STYLE_USAGE(.BOTH.,#18377);
#18377 = SURFACE_SIDE_STYLE('',(#18378,#18381));
#18378 = SURFACE_STYLE_FILL_AREA(#18379);
#18379 = FILL_AREA_STYLE('',(#18380));
#18380 = FILL_AREA_STYLE_COLOUR('',#18173);
#18381 = SURFACE_STYLE_RENDERING_WITH_PROPERTIES(.NORMAL_SHADING.,#18173
  ,(#18382));
#18382 = SURFACE_STYLE_TRANSPARENT(0.100000023842);
#18383 = STYLED_ITEM('color',(#18384),#3976);
#18384 = PRESENTATION_STYLE_ASSIGNMENT((#18385));
#18385 = SURFACE_STYLE_USAGE(.BOTH.,#18386);
#18386 = SURFACE_SIDE_STYLE('',(#18387,#18390));
#18387 = SURFACE_STYLE_FILL_AREA(#18388);
#18388 = FILL_AREA_STYLE('',(#18389));
#18389 = FILL_AREA_STYLE_COLOUR('',#18173);
#18390 = SURFACE_STYLE_RENDERING_WITH_PROPERTIES(.NORMAL_SHADING.,#18173
  ,(#18391));
#18391 = SURFACE_STYLE_TRANSPARENT(0.100000023842);
#18392 = STYLED_ITEM('color',(#18393),#4179);
#18393 = PRESENTATION_STYLE_ASSIGNMENT((#18394));
#18394 = SURFACE_STYLE_USAGE(.BOTH.,#18395);
#18395 = SURFACE_SIDE_STYLE('',(#18396,#18399));
#18396 = SURFACE_STYLE_FILL_AREA(#18397);
#18397 = FILL_AREA_STYLE('',(#18398));
#18398 = FILL_AREA_STYLE_COLOUR('',#18173);
#18399 = SURFACE_STYLE_RENDERING_WITH_PROPERTIES(.NORMAL_SHADING.,#18173
  ,(#18400));
#18400 = SURFACE_STYLE_TRANSPARENT(0.100000023842);
#18401 = STYLED_ITEM('color',(#18402),#4321);
#18402 = PRESENTATION_STYLE_ASSIGNMENT((#18403));
#18403 = SURFACE_STYLE_USAGE(.BOTH.,#18404);
#18404 = SURFACE_SIDE_STYLE('',(#18405,#18408));
#18405 = SURFACE_STYLE_FILL_AREA(#18406);
#18406 = FILL_AREA_STYLE('',(#18407));
#18407 = FILL_AREA_STYLE_COLOUR('',#18173);
#18408 = SURFACE_STYLE_RENDERING_WITH_PROPERTIES(.NORMAL_SHADING.,#18173
  ,(#18409));
#18409 = SURFACE_STYLE_TRANSPARENT(0.100000023842);
#18410 = STYLED_ITEM('color',(#18411),#4446);
#18411 = PRESENTATION_STYLE_ASSIGNMENT((#18412));
#18412 = SURFACE_STYLE_USAGE(.BOTH.,#18413);
#18413 = SURFACE_SIDE_STYLE('',(#18414,#18417));
#18414 = SURFACE_STYLE_FILL_AREA(#18415);
#18415 = FILL_AREA_STYLE('',(#18416));
#18416 = FILL_AREA_STYLE_COLOUR('',#18173);
#18417 = SURFACE_STYLE_RENDERING_WITH_PROPERTIES(.NORMAL_SHADING.,#18173
  ,(#18418));
#18418 = SURFACE_STYLE_TRANSPARENT(0.100000023842);
#18419 = STYLED_ITEM('color',(#18420),#4588);
#18420 = PRESENTATION_STYLE_ASSIGNMENT((#18421));
#18421 = SURFACE_STYLE_USAGE(.BOTH.,#18422);
#18422 = SURFACE_SIDE_STYLE('',(#18423,#18426));
#18423 = SURFACE_STYLE_FILL_AREA(#18424);
#18424 = FILL_AREA_STYLE('',(#18425));
#18425 = FILL_AREA_STYLE_COLOUR('',#18173);
#18426 = SURFACE_STYLE_RENDERING_WITH_PROPERTIES(.NORMAL_SHADING.,#18173
  ,(#18427));
#18427 = SURFACE_STYLE_TRANSPARENT(0.100000023842);
#18428 = STYLED_ITEM('color',(#18429),#4713);
#18429 = PRESENTATION_STYLE_ASSIGNMENT((#18430));
#18430 = SURFACE_STYLE_USAGE(.BOTH.,#18431);
#18431 = SURFACE_SIDE_STYLE('',(#18432,#18435));
#18432 = SURFACE_STYLE_FILL_AREA(#18433);
#18433 = FILL_AREA_STYLE('',(#18434));
#18434 = FILL_AREA_STYLE_COLOUR('',#18173);
#18435 = SURFACE_STYLE_RENDERING_WITH_PROPERTIES(.NORMAL_SHADING.,#18173
  ,(#18436));
#18436 = SURFACE_STYLE_TRANSPARENT(0.100000023842);
#18437 = STYLED_ITEM('color',(#18438),#4864);
#18438 = PRESENTATION_STYLE_ASSIGNMENT((#18439));
#18439 = SURFACE_STYLE_USAGE(.BOTH.,#18440);
#18440 = SURFACE_SIDE_STYLE('',(#18441,#18444));
#18441 = SURFACE_STYLE_FILL_AREA(#18442);
#18442 = FILL_AREA_STYLE('',(#18443));
#18443 = FILL_AREA_STYLE_COLOUR('',#18173);
#18444 = SURFACE_STYLE_RENDERING_WITH_PROPERTIES(.NORMAL_SHADING.,#18173
  ,(#18445));
#18445 = SURFACE_STYLE_TRANSPARENT(0.100000023842);
#18446 = STYLED_ITEM('color',(#18447),#5015);
#18447 = PRESENTATION_STYLE_ASSIGNMENT((#18448));
#18448 = SURFACE_STYLE_USAGE(.BOTH.,#18449);
#18449 = SURFACE_SIDE_STYLE('',(#18450,#18453));
#18450 = SURFACE_STYLE_FILL_AREA(#18451);
#18451 = FILL_AREA_STYLE('',(#18452));
#18452 = FILL_AREA_STYLE_COLOUR('',#18173);
#18453 = SURFACE_STYLE_RENDERING_WITH_PROPERTIES(.NORMAL_SHADING.,#18173
  ,(#18454));
#18454 = SURFACE_STYLE_TRANSPARENT(0.100000023842);
#18455 = STYLED_ITEM('color',(#18456),#5059);
#18456 = PRESENTATION_STYLE_ASSIGNMENT((#18457));
#18457 = SURFACE_STYLE_USAGE(.BOTH.,#18458);
#18458 = SURFACE_SIDE_STYLE('',(#18459,#18462));
#18459 = SURFACE_STYLE_FILL_AREA(#18460);
#18460 = FILL_AREA_STYLE('',(#18461));
#18461 = FILL_AREA_STYLE_COLOUR('',#18173);
#18462 = SURFACE_STYLE_RENDERING_WITH_PROPERTIES(.NORMAL_SHADING.,#18173
  ,(#18463));
#18463 = SURFACE_STYLE_TRANSPARENT(0.100000023842);
#18464 = STYLED_ITEM('color',(#18465),#5103);
#18465 = PRESENTATION_STYLE_ASSIGNMENT((#18466));
#18466 = SURFACE_STYLE_USAGE(.BOTH.,#18467);
#18467 = SURFACE_SIDE_STYLE('',(#18468,#18471));
#18468 = SURFACE_STYLE_FILL_AREA(#18469);
#18469 = FILL_AREA_STYLE('',(#18470));
#18470 = FILL_AREA_STYLE_COLOUR('',#18173);
#18471 = SURFACE_STYLE_RENDERING_WITH_PROPERTIES(.NORMAL_SHADING.,#18173
  ,(#18472));
#18472 = SURFACE_STYLE_TRANSPARENT(0.100000023842);
#18473 = STYLED_ITEM('color',(#18474),#5315);
#18474 = PRESENTATION_STYLE_ASSIGNMENT((#18475));
#18475 = SURFACE_STYLE_USAGE(.BOTH.,#18476);
#18476 = SURFACE_SIDE_STYLE('',(#18477,#18480));
#18477 = SURFACE_STYLE_FILL_AREA(#18478);
#18478 = FILL_AREA_STYLE('',(#18479));
#18479 = FILL_AREA_STYLE_COLOUR('',#18173);
#18480 = SURFACE_STYLE_RENDERING_WITH_PROPERTIES(.NORMAL_SHADING.,#18173
  ,(#18481));
#18481 = SURFACE_STYLE_TRANSPARENT(0.100000023842);
#18482 = STYLED_ITEM('color',(#18483),#5527);
#18483 = PRESENTATION_STYLE_ASSIGNMENT((#18484));
#18484 = SURFACE_STYLE_USAGE(.BOTH.,#18485);
#18485 = SURFACE_SIDE_STYLE('',(#18486,#18489));
#18486 = SURFACE_STYLE_FILL_AREA(#18487);
#18487 = FILL_AREA_STYLE('',(#18488));
#18488 = FILL_AREA_STYLE_COLOUR('',#18173);
#18489 = SURFACE_STYLE_RENDERING_WITH_PROPERTIES(.NORMAL_SHADING.,#18173
  ,(#18490));
#18490 = SURFACE_STYLE_TRANSPARENT(0.100000023842);
#18491 = STYLED_ITEM('color',(#18492),#5653);
#18492 = PRESENTATION_STYLE_ASSIGNMENT((#18493));
#18493 = SURFACE_STYLE_USAGE(.BOTH.,#18494);
#18494 = SURFACE_SIDE_STYLE('',(#18495,#18498));
#18495 = SURFACE_STYLE_FILL_AREA(#18496);
#18496 = FILL_AREA_STYLE('',(#18497));
#18497 = FILL_AREA_STYLE_COLOUR('',#18173);
#18498 = SURFACE_STYLE_RENDERING_WITH_PROPERTIES(.NORMAL_SHADING.,#18173
  ,(#18499));
#18499 = SURFACE_STYLE_TRANSPARENT(0.100000023842);
#18500 = STYLED_ITEM('color',(#18501),#5779);
#18501 = PRESENTATION_STYLE_ASSIGNMENT((#18502));
#18502 = SURFACE_STYLE_USAGE(.BOTH.,#18503);
#18503 = SURFACE_SIDE_STYLE('',(#18504,#18507));
#18504 = SURFACE_STYLE_FILL_AREA(#18505);
#18505 = FILL_AREA_STYLE('',(#18506));
#18506 = FILL_AREA_STYLE_COLOUR('',#18173);
#18507 = SURFACE_STYLE_RENDERING_WITH_PROPERTIES(.NORMAL_SHADING.,#18173
  ,(#18508));
#18508 = SURFACE_STYLE_TRANSPARENT(0.100000023842);
#18509 = STYLED_ITEM('color',(#18510),#6028);
#18510 = PRESENTATION_STYLE_ASSIGNMENT((#18511));
#18511 = SURFACE_STYLE_USAGE(.BOTH.,#18512);
#18512 = SURFACE_SIDE_STYLE('',(#18513,#18516));
#18513 = SURFACE_STYLE_FILL_AREA(#18514);
#18514 = FILL_AREA_STYLE('',(#18515));
#18515 = FILL_AREA_STYLE_COLOUR('',#18173);
#18516 = SURFACE_STYLE_RENDERING_WITH_PROPERTIES(.NORMAL_SHADING.,#18173
  ,(#18517));
#18517 = SURFACE_STYLE_TRANSPARENT(0.100000023842);
#18518 = STYLED_ITEM('color',(#18519),#6301);
#18519 = PRESENTATION_STYLE_ASSIGNMENT((#18520));
#18520 = SURFACE_STYLE_USAGE(.BOTH.,#18521);
#18521 = SURFACE_SIDE_STYLE('',(#18522,#18525));
#18522 = SURFACE_STYLE_FILL_AREA(#18523);
#18523 = FILL_AREA_STYLE('',(#18524));
#18524 = FILL_AREA_STYLE_COLOUR('',#18173);
#18525 = SURFACE_STYLE_RENDERING_WITH_PROPERTIES(.NORMAL_SHADING.,#18173
  ,(#18526));
#18526 = SURFACE_STYLE_TRANSPARENT(0.100000023842);
#18527 = STYLED_ITEM('color',(#18528),#6526);
#18528 = PRESENTATION_STYLE_ASSIGNMENT((#18529));
#18529 = SURFACE_STYLE_USAGE(.BOTH.,#18530);
#18530 = SURFACE_SIDE_STYLE('',(#18531,#18534));
#18531 = SURFACE_STYLE_FILL_AREA(#18532);
#18532 = FILL_AREA_STYLE('',(#18533));
#18533 = FILL_AREA_STYLE_COLOUR('',#18173);
#18534 = SURFACE_STYLE_RENDERING_WITH_PROPERTIES(.NORMAL_SHADING.,#18173
  ,(#18535));
#18535 = SURFACE_STYLE_TRANSPARENT(0.100000023842);
#18536 = STYLED_ITEM('color',(#18537),#6749);
#18537 = PRESENTATION_STYLE_ASSIGNMENT((#18538));
#18538 = SURFACE_STYLE_USAGE(.BOTH.,#18539);
#18539 = SURFACE_SIDE_STYLE('',(#18540,#18543));
#18540 = SURFACE_STYLE_FILL_AREA(#18541);
#18541 = FILL_AREA_STYLE('',(#18542));
#18542 = FILL_AREA_STYLE_COLOUR('',#18173);
#18543 = SURFACE_STYLE_RENDERING_WITH_PROPERTIES(.NORMAL_SHADING.,#18173
  ,(#18544));
#18544 = SURFACE_STYLE_TRANSPARENT(0.100000023842);
#18545 = STYLED_ITEM('color',(#18546),#6826);
#18546 = PRESENTATION_STYLE_ASSIGNMENT((#18547));
#18547 = SURFACE_STYLE_USAGE(.BOTH.,#18548);
#18548 = SURFACE_SIDE_STYLE('',(#18549,#18552));
#18549 = SURFACE_STYLE_FILL_AREA(#18550);
#18550 = FILL_AREA_STYLE('',(#18551));
#18551 = FILL_AREA_STYLE_COLOUR('',#18173);
#18552 = SURFACE_STYLE_RENDERING_WITH_PROPERTIES(.NORMAL_SHADING.,#18173
  ,(#18553));
#18553 = SURFACE_STYLE_TRANSPARENT(0.100000023842);
#18554 = STYLED_ITEM('color',(#18555),#6952);
#18555 = PRESENTATION_STYLE_ASSIGNMENT((#18556));
#18556 = SURFACE_STYLE_USAGE(.BOTH.,#18557);
#18557 = SURFACE_SIDE_STYLE('',(#18558,#18561));
#18558 = SURFACE_STYLE_FILL_AREA(#18559);
#18559 = FILL_AREA_STYLE('',(#18560));
#18560 = FILL_AREA_STYLE_COLOUR('',#18173);
#18561 = SURFACE_STYLE_RENDERING_WITH_PROPERTIES(.NORMAL_SHADING.,#18173
  ,(#18562));
#18562 = SURFACE_STYLE_TRANSPARENT(0.100000023842);
#18563 = STYLED_ITEM('color',(#18564),#7158);
#18564 = PRESENTATION_STYLE_ASSIGNMENT((#18565));
#18565 = SURFACE_STYLE_USAGE(.BOTH.,#18566);
#18566 = SURFACE_SIDE_STYLE('',(#18567,#18570));
#18567 = SURFACE_STYLE_FILL_AREA(#18568);
#18568 = FILL_AREA_STYLE('',(#18569));
#18569 = FILL_AREA_STYLE_COLOUR('',#18173);
#18570 = SURFACE_STYLE_RENDERING_WITH_PROPERTIES(.NORMAL_SHADING.,#18173
  ,(#18571));
#18571 = SURFACE_STYLE_TRANSPARENT(0.100000023842);
#18572 = STYLED_ITEM('color',(#18573),#7304);
#18573 = PRESENTATION_STYLE_ASSIGNMENT((#18574));
#18574 = SURFACE_STYLE_USAGE(.BOTH.,#18575);
#18575 = SURFACE_SIDE_STYLE('',(#18576,#18579));
#18576 = SURFACE_STYLE_FILL_AREA(#18577);
#18577 = FILL_AREA_STYLE('',(#18578));
#18578 = FILL_AREA_STYLE_COLOUR('',#18173);
#18579 = SURFACE_STYLE_RENDERING_WITH_PROPERTIES(.NORMAL_SHADING.,#18173
  ,(#18580));
#18580 = SURFACE_STYLE_TRANSPARENT(0.100000023842);
#18581 = STYLED_ITEM('color',(#18582),#7398);
#18582 = PRESENTATION_STYLE_ASSIGNMENT((#18583));
#18583 = SURFACE_STYLE_USAGE(.BOTH.,#18584);
#18584 = SURFACE_SIDE_STYLE('',(#18585,#18588));
#18585 = SURFACE_STYLE_FILL_AREA(#18586);
#18586 = FILL_AREA_STYLE('',(#18587));
#18587 = FILL_AREA_STYLE_COLOUR('',#18173);
#18588 = SURFACE_STYLE_RENDERING_WITH_PROPERTIES(.NORMAL_SHADING.,#18173
  ,(#18589));
#18589 = SURFACE_STYLE_TRANSPARENT(0.100000023842);
#18590 = STYLED_ITEM('color',(#18591),#7510);
#18591 = PRESENTATION_STYLE_ASSIGNMENT((#18592));
#18592 = SURFACE_STYLE_USAGE(.BOTH.,#18593);
#18593 = SURFACE_SIDE_STYLE('',(#18594,#18597));
#18594 = SURFACE_STYLE_FILL_AREA(#18595);
#18595 = FILL_AREA_STYLE('',(#18596));
#18596 = FILL_AREA_STYLE_COLOUR('',#18173);
#18597 = SURFACE_STYLE_RENDERING_WITH_PROPERTIES(.NORMAL_SHADING.,#18173
  ,(#18598));
#18598 = SURFACE_STYLE_TRANSPARENT(0.100000023842);
#18599 = STYLED_ITEM('color',(#18600),#7782);
#18600 = PRESENTATION_STYLE_ASSIGNMENT((#18601));
#18601 = SURFACE_STYLE_USAGE(.BOTH.,#18602);
#18602 = SURFACE_SIDE_STYLE('',(#18603,#18606));
#18603 = SURFACE_STYLE_FILL_AREA(#18604);
#18604 = FILL_AREA_STYLE('',(#18605));
#18605 = FILL_AREA_STYLE_COLOUR('',#18173);
#18606 = SURFACE_STYLE_RENDERING_WITH_PROPERTIES(.NORMAL_SHADING.,#18173
  ,(#18607));
#18607 = SURFACE_STYLE_TRANSPARENT(0.100000023842);
#18608 = STYLED_ITEM('color',(#18609),#7972);
#18609 = PRESENTATION_STYLE_ASSIGNMENT((#18610));
#18610 = SURFACE_STYLE_USAGE(.BOTH.,#18611);
#18611 = SURFACE_SIDE_STYLE('',(#18612,#18615));
#18612 = SURFACE_STYLE_FILL_AREA(#18613);
#18613 = FILL_AREA_STYLE('',(#18614));
#18614 = FILL_AREA_STYLE_COLOUR('',#18173);
#18615 = SURFACE_STYLE_RENDERING_WITH_PROPERTIES(.NORMAL_SHADING.,#18173
  ,(#18616));
#18616 = SURFACE_STYLE_TRANSPARENT(0.100000023842);
#18617 = STYLED_ITEM('color',(#18618),#8244);
#18618 = PRESENTATION_STYLE_ASSIGNMENT((#18619));
#18619 = SURFACE_STYLE_USAGE(.BOTH.,#18620);
#18620 = SURFACE_SIDE_STYLE('',(#18621,#18624));
#18621 = SURFACE_STYLE_FILL_AREA(#18622);
#18622 = FILL_AREA_STYLE('',(#18623));
#18623 = FILL_AREA_STYLE_COLOUR('',#18173);
#18624 = SURFACE_STYLE_RENDERING_WITH_PROPERTIES(.NORMAL_SHADING.,#18173
  ,(#18625));
#18625 = SURFACE_STYLE_TRANSPARENT(0.100000023842);
#18626 = STYLED_ITEM('color',(#18627),#8434);
#18627 = PRESENTATION_STYLE_ASSIGNMENT((#18628));
#18628 = SURFACE_STYLE_USAGE(.BOTH.,#18629);
#18629 = SURFACE_SIDE_STYLE('',(#18630,#18633));
#18630 = SURFACE_STYLE_FILL_AREA(#18631);
#18631 = FILL_AREA_STYLE('',(#18632));
#18632 = FILL_AREA_STYLE_COLOUR('',#18173);
#18633 = SURFACE_STYLE_RENDERING_WITH_PROPERTIES(.NORMAL_SHADING.,#18173
  ,(#18634));
#18634 = SURFACE_STYLE_TRANSPARENT(0.100000023842);
#18635 = STYLED_ITEM('color',(#18636),#8511);
#18636 = PRESENTATION_STYLE_ASSIGNMENT((#18637));
#18637 = SURFACE_STYLE_USAGE(.BOTH.,#18638);
#18638 = SURFACE_SIDE_STYLE('',(#18639,#18642));
#18639 = SURFACE_STYLE_FILL_AREA(#18640);
#18640 = FILL_AREA_STYLE('',(#18641));
#18641 = FILL_AREA_STYLE_COLOUR('',#18173);
#18642 = SURFACE_STYLE_RENDERING_WITH_PROPERTIES(.NORMAL_SHADING.,#18173
  ,(#18643));
#18643 = SURFACE_STYLE_TRANSPARENT(0.100000023842);
#18644 = STYLED_ITEM('color',(#18645),#8669);
#18645 = PRESENTATION_STYLE_ASSIGNMENT((#18646));
#18646 = SURFACE_STYLE_USAGE(.BOTH.,#18647);
#18647 = SURFACE_SIDE_STYLE('',(#18648,#18651));
#18648 = SURFACE_STYLE_FILL_AREA(#18649);
#18649 = FILL_AREA_STYLE('',(#18650));
#18650 = FILL_AREA_STYLE_COLOUR('',#18173);
#18651 = SURFACE_STYLE_RENDERING_WITH_PROPERTIES(.NORMAL_SHADING.,#18173
  ,(#18652));
#18652 = SURFACE_STYLE_TRANSPARENT(0.100000023842);
#18653 = STYLED_ITEM('color',(#18654),#8746);
#18654 = PRESENTATION_STYLE_ASSIGNMENT((#18655));
#18655 = SURFACE_STYLE_USAGE(.BOTH.,#18656);
#18656 = SURFACE_SIDE_STYLE('',(#18657,#18660));
#18657 = SURFACE_STYLE_FILL_AREA(#18658);
#18658 = FILL_AREA_STYLE('',(#18659));
#18659 = FILL_AREA_STYLE_COLOUR('',#18173);
#18660 = SURFACE_STYLE_RENDERING_WITH_PROPERTIES(.NORMAL_SHADING.,#18173
  ,(#18661));
#18661 = SURFACE_STYLE_TRANSPARENT(0.100000023842);
#18662 = STYLED_ITEM('color',(#18663),#8960);
#18663 = PRESENTATION_STYLE_ASSIGNMENT((#18664));
#18664 = SURFACE_STYLE_USAGE(.BOTH.,#18665);
#18665 = SURFACE_SIDE_STYLE('',(#18666,#18669));
#18666 = SURFACE_STYLE_FILL_AREA(#18667);
#18667 = FILL_AREA_STYLE('',(#18668));
#18668 = FILL_AREA_STYLE_COLOUR('',#18173);
#18669 = SURFACE_STYLE_RENDERING_WITH_PROPERTIES(.NORMAL_SHADING.,#18173
  ,(#18670));
#18670 = SURFACE_STYLE_TRANSPARENT(0.100000023842);
#18671 = STYLED_ITEM('color',(#18672),#9054);
#18672 = PRESENTATION_STYLE_ASSIGNMENT((#18673));
#18673 = SURFACE_STYLE_USAGE(.BOTH.,#18674);
#18674 = SURFACE_SIDE_STYLE('',(#18675,#18678));
#18675 = SURFACE_STYLE_FILL_AREA(#18676);
#18676 = FILL_AREA_STYLE('',(#18677));
#18677 = FILL_AREA_STYLE_COLOUR('',#18173);
#18678 = SURFACE_STYLE_RENDERING_WITH_PROPERTIES(.NORMAL_SHADING.,#18173
  ,(#18679));
#18679 = SURFACE_STYLE_TRANSPARENT(0.100000023842);
#18680 = STYLED_ITEM('color',(#18681),#9132);
#18681 = PRESENTATION_STYLE_ASSIGNMENT((#18682));
#18682 = SURFACE_STYLE_USAGE(.BOTH.,#18683);
#18683 = SURFACE_SIDE_STYLE('',(#18684,#18687));
#18684 = SURFACE_STYLE_FILL_AREA(#18685);
#18685 = FILL_AREA_STYLE('',(#18686));
#18686 = FILL_AREA_STYLE_COLOUR('',#18173);
#18687 = SURFACE_STYLE_RENDERING_WITH_PROPERTIES(.NORMAL_SHADING.,#18173
  ,(#18688));
#18688 = SURFACE_STYLE_TRANSPARENT(0.100000023842);
#18689 = STYLED_ITEM('color',(#18690),#9210);
#18690 = PRESENTATION_STYLE_ASSIGNMENT((#18691));
#18691 = SURFACE_STYLE_USAGE(.BOTH.,#18692);
#18692 = SURFACE_SIDE_STYLE('',(#18693,#18696));
#18693 = SURFACE_STYLE_FILL_AREA(#18694);
#18694 = FILL_AREA_STYLE('',(#18695));
#18695 = FILL_AREA_STYLE_COLOUR('',#18173);
#18696 = SURFACE_STYLE_RENDERING_WITH_PROPERTIES(.NORMAL_SHADING.,#18173
  ,(#18697));
#18697 = SURFACE_STYLE_TRANSPARENT(0.100000023842);
#18698 = STYLED_ITEM('color',(#18699),#9424);
#18699 = PRESENTATION_STYLE_ASSIGNMENT((#18700));
#18700 = SURFACE_STYLE_USAGE(.BOTH.,#18701);
#18701 = SURFACE_SIDE_STYLE('',(#18702,#18705));
#18702 = SURFACE_STYLE_FILL_AREA(#18703);
#18703 = FILL_AREA_STYLE('',(#18704));
#18704 = FILL_AREA_STYLE_COLOUR('',#18173);
#18705 = SURFACE_STYLE_RENDERING_WITH_PROPERTIES(.NORMAL_SHADING.,#18173
  ,(#18706));
#18706 = SURFACE_STYLE_TRANSPARENT(0.100000023842);
#18707 = STYLED_ITEM('color',(#18708),#9575);
#18708 = PRESENTATION_STYLE_ASSIGNMENT((#18709));
#18709 = SURFACE_STYLE_USAGE(.BOTH.,#18710);
#18710 = SURFACE_SIDE_STYLE('',(#18711,#18714));
#18711 = SURFACE_STYLE_FILL_AREA(#18712);
#18712 = FILL_AREA_STYLE('',(#18713));
#18713 = FILL_AREA_STYLE_COLOUR('',#18173);
#18714 = SURFACE_STYLE_RENDERING_WITH_PROPERTIES(.NORMAL_SHADING.,#18173
  ,(#18715));
#18715 = SURFACE_STYLE_TRANSPARENT(0.100000023842);
#18716 = STYLED_ITEM('color',(#18717),#9635);
#18717 = PRESENTATION_STYLE_ASSIGNMENT((#18718));
#18718 = SURFACE_STYLE_USAGE(.BOTH.,#18719);
#18719 = SURFACE_SIDE_STYLE('',(#18720,#18723));
#18720 = SURFACE_STYLE_FILL_AREA(#18721);
#18721 = FILL_AREA_STYLE('',(#18722));
#18722 = FILL_AREA_STYLE_COLOUR('',#18173);
#18723 = SURFACE_STYLE_RENDERING_WITH_PROPERTIES(.NORMAL_SHADING.,#18173
  ,(#18724));
#18724 = SURFACE_STYLE_TRANSPARENT(0.100000023842);
#18725 = STYLED_ITEM('color',(#18726),#9753);
#18726 = PRESENTATION_STYLE_ASSIGNMENT((#18727));
#18727 = SURFACE_STYLE_USAGE(.BOTH.,#18728);
#18728 = SURFACE_SIDE_STYLE('',(#18729,#18732));
#18729 = SURFACE_STYLE_FILL_AREA(#18730);
#18730 = FILL_AREA_STYLE('',(#18731));
#18731 = FILL_AREA_STYLE_COLOUR('',#18173);
#18732 = SURFACE_STYLE_RENDERING_WITH_PROPERTIES(.NORMAL_SHADING.,#18173
  ,(#18733));
#18733 = SURFACE_STYLE_TRANSPARENT(0.100000023842);
#18734 = STYLED_ITEM('color',(#18735),#9896);
#18735 = PRESENTATION_STYLE_ASSIGNMENT((#18736));
#18736 = SURFACE_STYLE_USAGE(.BOTH.,#18737);
#18737 = SURFACE_SIDE_STYLE('',(#18738,#18741));
#18738 = SURFACE_STYLE_FILL_AREA(#18739);
#18739 = FILL_AREA_STYLE('',(#18740));
#18740 = FILL_AREA_STYLE_COLOUR('',#18173);
#18741 = SURFACE_STYLE_RENDERING_WITH_PROPERTIES(.NORMAL_SHADING.,#18173
  ,(#18742));
#18742 = SURFACE_STYLE_TRANSPARENT(0.100000023842);
#18743 = STYLED_ITEM('color',(#18744),#10038);
#18744 = PRESENTATION_STYLE_ASSIGNMENT((#18745));
#18745 = SURFACE_STYLE_USAGE(.BOTH.,#18746);
#18746 = SURFACE_SIDE_STYLE('',(#18747,#18750));
#18747 = SURFACE_STYLE_FILL_AREA(#18748);
#18748 = FILL_AREA_STYLE('',(#18749));
#18749 = FILL_AREA_STYLE_COLOUR('',#18173);
#18750 = SURFACE_STYLE_RENDERING_WITH_PROPERTIES(.NORMAL_SHADING.,#18173
  ,(#18751));
#18751 = SURFACE_STYLE_TRANSPARENT(0.100000023842);
#18752 = STYLED_ITEM('color',(#18753),#10163);
#18753 = PRESENTATION_STYLE_ASSIGNMENT((#18754));
#18754 = SURFACE_STYLE_USAGE(.BOTH.,#18755);
#18755 = SURFACE_SIDE_STYLE('',(#18756,#18759));
#18756 = SURFACE_STYLE_FILL_AREA(#18757);
#18757 = FILL_AREA_STYLE('',(#18758));
#18758 = FILL_AREA_STYLE_COLOUR('',#18173);
#18759 = SURFACE_STYLE_RENDERING_WITH_PROPERTIES(.NORMAL_SHADING.,#18173
  ,(#18760));
#18760 = SURFACE_STYLE_TRANSPARENT(0.100000023842);
#18761 = STYLED_ITEM('color',(#18762),#10321);
#18762 = PRESENTATION_STYLE_ASSIGNMENT((#18763));
#18763 = SURFACE_STYLE_USAGE(.BOTH.,#18764);
#18764 = SURFACE_SIDE_STYLE('',(#18765,#18768));
#18765 = SURFACE_STYLE_FILL_AREA(#18766);
#18766 = FILL_AREA_STYLE('',(#18767));
#18767 = FILL_AREA_STYLE_COLOUR('',#18173);
#18768 = SURFACE_STYLE_RENDERING_WITH_PROPERTIES(.NORMAL_SHADING.,#18173
  ,(#18769));
#18769 = SURFACE_STYLE_TRANSPARENT(0.100000023842);
#18770 = STYLED_ITEM('color',(#18771),#10472);
#18771 = PRESENTATION_STYLE_ASSIGNMENT((#18772));
#18772 = SURFACE_STYLE_USAGE(.BOTH.,#18773);
#18773 = SURFACE_SIDE_STYLE('',(#18774,#18777));
#18774 = SURFACE_STYLE_FILL_AREA(#18775);
#18775 = FILL_AREA_STYLE('',(#18776));
#18776 = FILL_AREA_STYLE_COLOUR('',#18173);
#18777 = SURFACE_STYLE_RENDERING_WITH_PROPERTIES(.NORMAL_SHADING.,#18173
  ,(#18778));
#18778 = SURFACE_STYLE_TRANSPARENT(0.100000023842);
#18779 = STYLED_ITEM('color',(#18780),#10516);
#18780 = PRESENTATION_STYLE_ASSIGNMENT((#18781));
#18781 = SURFACE_STYLE_USAGE(.BOTH.,#18782);
#18782 = SURFACE_SIDE_STYLE('',(#18783,#18786));
#18783 = SURFACE_STYLE_FILL_AREA(#18784);
#18784 = FILL_AREA_STYLE('',(#18785));
#18785 = FILL_AREA_STYLE_COLOUR('',#18173);
#18786 = SURFACE_STYLE_RENDERING_WITH_PROPERTIES(.NORMAL_SHADING.,#18173
  ,(#18787));
#18787 = SURFACE_STYLE_TRANSPARENT(0.100000023842);
#18788 = STYLED_ITEM('color',(#18789),#10560);
#18789 = PRESENTATION_STYLE_ASSIGNMENT((#18790));
#18790 = SURFACE_STYLE_USAGE(.BOTH.,#18791);
#18791 = SURFACE_SIDE_STYLE('',(#18792,#18795));
#18792 = SURFACE_STYLE_FILL_AREA(#18793);
#18793 = FILL_AREA_STYLE('',(#18794));
#18794 = FILL_AREA_STYLE_COLOUR('',#18173);
#18795 = SURFACE_STYLE_RENDERING_WITH_PROPERTIES(.NORMAL_SHADING.,#18173
  ,(#18796));
#18796 = SURFACE_STYLE_TRANSPARENT(0.100000023842);
#18797 = STYLED_ITEM('color',(#18798),#10772);
#18798 = PRESENTATION_STYLE_ASSIGNMENT((#18799));
#18799 = SURFACE_STYLE_USAGE(.BOTH.,#18800);
#18800 = SURFACE_SIDE_STYLE('',(#18801,#18804));
#18801 = SURFACE_STYLE_FILL_AREA(#18802);
#18802 = FILL_AREA_STYLE('',(#18803));
#18803 = FILL_AREA_STYLE_COLOUR('',#18173);
#18804 = SURFACE_STYLE_RENDERING_WITH_PROPERTIES(.NORMAL_SHADING.,#18173
  ,(#18805));
#18805 = SURFACE_STYLE_TRANSPARENT(0.100000023842);
#18806 = STYLED_ITEM('color',(#18807),#10984);
#18807 = PRESENTATION_STYLE_ASSIGNMENT((#18808));
#18808 = SURFACE_STYLE_USAGE(.BOTH.,#18809);
#18809 = SURFACE_SIDE_STYLE('',(#18810,#18813));
#18810 = SURFACE_STYLE_FILL_AREA(#18811);
#18811 = FILL_AREA_STYLE('',(#18812));
#18812 = FILL_AREA_STYLE_COLOUR('',#18173);
#18813 = SURFACE_STYLE_RENDERING_WITH_PROPERTIES(.NORMAL_SHADING.,#18173
  ,(#18814));
#18814 = SURFACE_STYLE_TRANSPARENT(0.100000023842);
#18815 = STYLED_ITEM('color',(#18816),#11110);
#18816 = PRESENTATION_STYLE_ASSIGNMENT((#18817));
#18817 = SURFACE_STYLE_USAGE(.BOTH.,#18818);
#18818 = SURFACE_SIDE_STYLE('',(#18819,#18822));
#18819 = SURFACE_STYLE_FILL_AREA(#18820);
#18820 = FILL_AREA_STYLE('',(#18821));
#18821 = FILL_AREA_STYLE_COLOUR('',#18173);
#18822 = SURFACE_STYLE_RENDERING_WITH_PROPERTIES(.NORMAL_SHADING.,#18173
  ,(#18823));
#18823 = SURFACE_STYLE_TRANSPARENT(0.100000023842);
#18824 = STYLED_ITEM('color',(#18825),#11236);
#18825 = PRESENTATION_STYLE_ASSIGNMENT((#18826));
#18826 = SURFACE_STYLE_USAGE(.BOTH.,#18827);
#18827 = SURFACE_SIDE_STYLE('',(#18828,#18831));
#18828 = SURFACE_STYLE_FILL_AREA(#18829);
#18829 = FILL_AREA_STYLE('',(#18830));
#18830 = FILL_AREA_STYLE_COLOUR('',#18173);
#18831 = SURFACE_STYLE_RENDERING_WITH_PROPERTIES(.NORMAL_SHADING.,#18173
  ,(#18832));
#18832 = SURFACE_STYLE_TRANSPARENT(0.100000023842);
#18833 = STYLED_ITEM('color',(#18834),#11508);
#18834 = PRESENTATION_STYLE_ASSIGNMENT((#18835));
#18835 = SURFACE_STYLE_USAGE(.BOTH.,#18836);
#18836 = SURFACE_SIDE_STYLE('',(#18837,#18840));
#18837 = SURFACE_STYLE_FILL_AREA(#18838);
#18838 = FILL_AREA_STYLE('',(#18839));
#18839 = FILL_AREA_STYLE_COLOUR('',#18173);
#18840 = SURFACE_STYLE_RENDERING_WITH_PROPERTIES(.NORMAL_SHADING.,#18173
  ,(#18841));
#18841 = SURFACE_STYLE_TRANSPARENT(0.100000023842);
#18842 = STYLED_ITEM('color',(#18843),#11757);
#18843 = PRESENTATION_STYLE_ASSIGNMENT((#18844));
#18844 = SURFACE_STYLE_USAGE(.BOTH.,#18845);
#18845 = SURFACE_SIDE_STYLE('',(#18846,#18849));
#18846 = SURFACE_STYLE_FILL_AREA(#18847);
#18847 = FILL_AREA_STYLE('',(#18848));
#18848 = FILL_AREA_STYLE_COLOUR('',#18173);
#18849 = SURFACE_STYLE_RENDERING_WITH_PROPERTIES(.NORMAL_SHADING.,#18173
  ,(#18850));
#18850 = SURFACE_STYLE_TRANSPARENT(0.100000023842);
#18851 = STYLED_ITEM('color',(#18852),#11982);
#18852 = PRESENTATION_STYLE_ASSIGNMENT((#18853));
#18853 = SURFACE_STYLE_USAGE(.BOTH.,#18854);
#18854 = SURFACE_SIDE_STYLE('',(#18855,#18858));
#18855 = SURFACE_STYLE_FILL_AREA(#18856);
#18856 = FILL_AREA_STYLE('',(#18857));
#18857 = FILL_AREA_STYLE_COLOUR('',#18173);
#18858 = SURFACE_STYLE_RENDERING_WITH_PROPERTIES(.NORMAL_SHADING.,#18173
  ,(#18859));
#18859 = SURFACE_STYLE_TRANSPARENT(0.100000023842);
#18860 = STYLED_ITEM('color',(#18861),#12237);
#18861 = PRESENTATION_STYLE_ASSIGNMENT((#18862));
#18862 = SURFACE_STYLE_USAGE(.BOTH.,#18863);
#18863 = SURFACE_SIDE_STYLE('',(#18864,#18867));
#18864 = SURFACE_STYLE_FILL_AREA(#18865);
#18865 = FILL_AREA_STYLE('',(#18866));
#18866 = FILL_AREA_STYLE_COLOUR('',#18173);
#18867 = SURFACE_STYLE_RENDERING_WITH_PROPERTIES(.NORMAL_SHADING.,#18173
  ,(#18868));
#18868 = SURFACE_STYLE_TRANSPARENT(0.100000023842);
#18869 = STYLED_ITEM('color',(#18870),#12460);
#18870 = PRESENTATION_STYLE_ASSIGNMENT((#18871));
#18871 = SURFACE_STYLE_USAGE(.BOTH.,#18872);
#18872 = SURFACE_SIDE_STYLE('',(#18873,#18876));
#18873 = SURFACE_STYLE_FILL_AREA(#18874);
#18874 = FILL_AREA_STYLE('',(#18875));
#18875 = FILL_AREA_STYLE_COLOUR('',#18173);
#18876 = SURFACE_STYLE_RENDERING_WITH_PROPERTIES(.NORMAL_SHADING.,#18173
  ,(#18877));
#18877 = SURFACE_STYLE_TRANSPARENT(0.100000023842);
#18878 = STYLED_ITEM('color',(#18879),#12537);
#18879 = PRESENTATION_STYLE_ASSIGNMENT((#18880));
#18880 = SURFACE_STYLE_USAGE(.BOTH.,#18881);
#18881 = SURFACE_SIDE_STYLE('',(#18882,#18885));
#18882 = SURFACE_STYLE_FILL_AREA(#18883);
#18883 = FILL_AREA_STYLE('',(#18884));
#18884 = FILL_AREA_STYLE_COLOUR('',#18173);
#18885 = SURFACE_STYLE_RENDERING_WITH_PROPERTIES(.NORMAL_SHADING.,#18173
  ,(#18886));
#18886 = SURFACE_STYLE_TRANSPARENT(0.100000023842);
#18887 = STYLED_ITEM('color',(#18888),#12786);
#18888 = PRESENTATION_STYLE_ASSIGNMENT((#18889));
#18889 = SURFACE_STYLE_USAGE(.BOTH.,#18890);
#18890 = SURFACE_SIDE_STYLE('',(#18891,#18894));
#18891 = SURFACE_STYLE_FILL_AREA(#18892);
#18892 = FILL_AREA_STYLE('',(#18893));
#18893 = FILL_AREA_STYLE_COLOUR('',#18173);
#18894 = SURFACE_STYLE_RENDERING_WITH_PROPERTIES(.NORMAL_SHADING.,#18173
  ,(#18895));
#18895 = SURFACE_STYLE_TRANSPARENT(0.100000023842);
#18896 = STYLED_ITEM('color',(#18897),#13144);
#18897 = PRESENTATION_STYLE_ASSIGNMENT((#18898));
#18898 = SURFACE_STYLE_USAGE(.BOTH.,#18899);
#18899 = SURFACE_SIDE_STYLE('',(#18900,#18903));
#18900 = SURFACE_STYLE_FILL_AREA(#18901);
#18901 = FILL_AREA_STYLE('',(#18902));
#18902 = FILL_AREA_STYLE_COLOUR('',#18173);
#18903 = SURFACE_STYLE_RENDERING_WITH_PROPERTIES(.NORMAL_SHADING.,#18173
  ,(#18904));
#18904 = SURFACE_STYLE_TRANSPARENT(0.100000023842);
#18905 = STYLED_ITEM('color',(#18906),#13334);
#18906 = PRESENTATION_STYLE_ASSIGNMENT((#18907));
#18907 = SURFACE_STYLE_USAGE(.BOTH.,#18908);
#18908 = SURFACE_SIDE_STYLE('',(#18909,#18912));
#18909 = SURFACE_STYLE_FILL_AREA(#18910);
#18910 = FILL_AREA_STYLE('',(#18911));
#18911 = FILL_AREA_STYLE_COLOUR('',#18173);
#18912 = SURFACE_STYLE_RENDERING_WITH_PROPERTIES(.NORMAL_SHADING.,#18173
  ,(#18913));
#18913 = SURFACE_STYLE_TRANSPARENT(0.100000023842);
#18914 = STYLED_ITEM('color',(#18915),#13394);
#18915 = PRESENTATION_STYLE_ASSIGNMENT((#18916));
#18916 = SURFACE_STYLE_USAGE(.BOTH.,#18917);
#18917 = SURFACE_SIDE_STYLE('',(#18918,#18921));
#18918 = SURFACE_STYLE_FILL_AREA(#18919);
#18919 = FILL_AREA_STYLE('',(#18920));
#18920 = FILL_AREA_STYLE_COLOUR('',#18173);
#18921 = SURFACE_STYLE_RENDERING_WITH_PROPERTIES(.NORMAL_SHADING.,#18173
  ,(#18922));
#18922 = SURFACE_STYLE_TRANSPARENT(0.100000023842);
#18923 = STYLED_ITEM('color',(#18924),#13512);
#18924 = PRESENTATION_STYLE_ASSIGNMENT((#18925));
#18925 = SURFACE_STYLE_USAGE(.BOTH.,#18926);
#18926 = SURFACE_SIDE_STYLE('',(#18927,#18930));
#18927 = SURFACE_STYLE_FILL_AREA(#18928);
#18928 = FILL_AREA_STYLE('',(#18929));
#18929 = FILL_AREA_STYLE_COLOUR('',#18173);
#18930 = SURFACE_STYLE_RENDERING_WITH_PROPERTIES(.NORMAL_SHADING.,#18173
  ,(#18931));
#18931 = SURFACE_STYLE_TRANSPARENT(0.100000023842);
#18932 = STYLED_ITEM('color',(#18933),#13663);
#18933 = PRESENTATION_STYLE_ASSIGNMENT((#18934));
#18934 = SURFACE_STYLE_USAGE(.BOTH.,#18935);
#18935 = SURFACE_SIDE_STYLE('',(#18936,#18939));
#18936 = SURFACE_STYLE_FILL_AREA(#18937);
#18937 = FILL_AREA_STYLE('',(#18938));
#18938 = FILL_AREA_STYLE_COLOUR('',#18173);
#18939 = SURFACE_STYLE_RENDERING_WITH_PROPERTIES(.NORMAL_SHADING.,#18173
  ,(#18940));
#18940 = SURFACE_STYLE_TRANSPARENT(0.100000023842);
#18941 = STYLED_ITEM('color',(#18942),#13693);
#18942 = PRESENTATION_STYLE_ASSIGNMENT((#18943));
#18943 = SURFACE_STYLE_USAGE(.BOTH.,#18944);
#18944 = SURFACE_SIDE_STYLE('',(#18945,#18948));
#18945 = SURFACE_STYLE_FILL_AREA(#18946);
#18946 = FILL_AREA_STYLE('',(#18947));
#18947 = FILL_AREA_STYLE_COLOUR('',#18173);
#18948 = SURFACE_STYLE_RENDERING_WITH_PROPERTIES(.NORMAL_SHADING.,#18173
  ,(#18949));
#18949 = SURFACE_STYLE_TRANSPARENT(0.100000023842);
#18950 = STYLED_ITEM('color',(#18951),#13753);
#18951 = PRESENTATION_STYLE_ASSIGNMENT((#18952));
#18952 = SURFACE_STYLE_USAGE(.BOTH.,#18953);
#18953 = SURFACE_SIDE_STYLE('',(#18954,#18957));
#18954 = SURFACE_STYLE_FILL_AREA(#18955);
#18955 = FILL_AREA_STYLE('',(#18956));
#18956 = FILL_AREA_STYLE_COLOUR('',#18173);
#18957 = SURFACE_STYLE_RENDERING_WITH_PROPERTIES(.NORMAL_SHADING.,#18173
  ,(#18958));
#18958 = SURFACE_STYLE_TRANSPARENT(0.100000023842);
#18959 = STYLED_ITEM('color',(#18960),#13871);
#18960 = PRESENTATION_STYLE_ASSIGNMENT((#18961));
#18961 = SURFACE_STYLE_USAGE(.BOTH.,#18962);
#18962 = SURFACE_SIDE_STYLE('',(#18963,#18966));
#18963 = SURFACE_STYLE_FILL_AREA(#18964);
#18964 = FILL_AREA_STYLE('',(#18965));
#18965 = FILL_AREA_STYLE_COLOUR('',#18173);
#18966 = SURFACE_STYLE_RENDERING_WITH_PROPERTIES(.NORMAL_SHADING.,#18173
  ,(#18967));
#18967 = SURFACE_STYLE_TRANSPARENT(0.100000023842);
#18968 = STYLED_ITEM('color',(#18969),#14029);
#18969 = PRESENTATION_STYLE_ASSIGNMENT((#18970));
#18970 = SURFACE_STYLE_USAGE(.BOTH.,#18971);
#18971 = SURFACE_SIDE_STYLE('',(#18972,#18975));
#18972 = SURFACE_STYLE_FILL_AREA(#18973);
#18973 = FILL_AREA_STYLE('',(#18974));
#18974 = FILL_AREA_STYLE_COLOUR('',#18173);
#18975 = SURFACE_STYLE_RENDERING_WITH_PROPERTIES(.NORMAL_SHADING.,#18173
  ,(#18976));
#18976 = SURFACE_STYLE_TRANSPARENT(0.100000023842);
#18977 = STYLED_ITEM('color',(#18978),#14089);
#18978 = PRESENTATION_STYLE_ASSIGNMENT((#18979));
#18979 = SURFACE_STYLE_USAGE(.BOTH.,#18980);
#18980 = SURFACE_SIDE_STYLE('',(#18981,#18984));
#18981 = SURFACE_STYLE_FILL_AREA(#18982);
#18982 = FILL_AREA_STYLE('',(#18983));
#18983 = FILL_AREA_STYLE_COLOUR('',#18173);
#18984 = SURFACE_STYLE_RENDERING_WITH_PROPERTIES(.NORMAL_SHADING.,#18173
  ,(#18985));
#18985 = SURFACE_STYLE_TRANSPARENT(0.100000023842);
#18986 = STYLED_ITEM('color',(#18987),#14207);
#18987 = PRESENTATION_STYLE_ASSIGNMENT((#18988));
#18988 = SURFACE_STYLE_USAGE(.BOTH.,#18989);
#18989 = SURFACE_SIDE_STYLE('',(#18990,#18993));
#18990 = SURFACE_STYLE_FILL_AREA(#18991);
#18991 = FILL_AREA_STYLE('',(#18992));
#18992 = FILL_AREA_STYLE_COLOUR('',#18173);
#18993 = SURFACE_STYLE_RENDERING_WITH_PROPERTIES(.NORMAL_SHADING.,#18173
  ,(#18994));
#18994 = SURFACE_STYLE_TRANSPARENT(0.100000023842);
#18995 = STYLED_ITEM('color',(#18996),#14421);
#18996 = PRESENTATION_STYLE_ASSIGNMENT((#18997));
#18997 = SURFACE_STYLE_USAGE(.BOTH.,#18998);
#18998 = SURFACE_SIDE_STYLE('',(#18999,#19002));
#18999 = SURFACE_STYLE_FILL_AREA(#19000);
#19000 = FILL_AREA_STYLE('',(#19001));
#19001 = FILL_AREA_STYLE_COLOUR('',#18173);
#19002 = SURFACE_STYLE_RENDERING_WITH_PROPERTIES(.NORMAL_SHADING.,#18173
  ,(#19003));
#19003 = SURFACE_STYLE_TRANSPARENT(0.100000023842);
#19004 = STYLED_ITEM('color',(#19005),#14670);
#19005 = PRESENTATION_STYLE_ASSIGNMENT((#19006));
#19006 = SURFACE_STYLE_USAGE(.BOTH.,#19007);
#19007 = SURFACE_SIDE_STYLE('',(#19008,#19011));
#19008 = SURFACE_STYLE_FILL_AREA(#19009);
#19009 = FILL_AREA_STYLE('',(#19010));
#19010 = FILL_AREA_STYLE_COLOUR('',#18173);
#19011 = SURFACE_STYLE_RENDERING_WITH_PROPERTIES(.NORMAL_SHADING.,#18173
  ,(#19012));
#19012 = SURFACE_STYLE_TRANSPARENT(0.100000023842);
#19013 = STYLED_ITEM('color',(#19014),#14747);
#19014 = PRESENTATION_STYLE_ASSIGNMENT((#19015));
#19015 = SURFACE_STYLE_USAGE(.BOTH.,#19016);
#19016 = SURFACE_SIDE_STYLE('',(#19017,#19020));
#19017 = SURFACE_STYLE_FILL_AREA(#19018);
#19018 = FILL_AREA_STYLE('',(#19019));
#19019 = FILL_AREA_STYLE_COLOUR('',#18173);
#19020 = SURFACE_STYLE_RENDERING_WITH_PROPERTIES(.NORMAL_SHADING.,#18173
  ,(#19021));
#19021 = SURFACE_STYLE_TRANSPARENT(0.100000023842);
#19022 = STYLED_ITEM('color',(#19023),#15003);
#19023 = PRESENTATION_STYLE_ASSIGNMENT((#19024));
#19024 = SURFACE_STYLE_USAGE(.BOTH.,#19025);
#19025 = SURFACE_SIDE_STYLE('',(#19026,#19029));
#19026 = SURFACE_STYLE_FILL_AREA(#19027);
#19027 = FILL_AREA_STYLE('',(#19028));
#19028 = FILL_AREA_STYLE_COLOUR('',#18173);
#19029 = SURFACE_STYLE_RENDERING_WITH_PROPERTIES(.NORMAL_SHADING.,#18173
  ,(#19030));
#19030 = SURFACE_STYLE_TRANSPARENT(0.100000023842);
#19031 = STYLED_ITEM('color',(#19032),#15259);
#19032 = PRESENTATION_STYLE_ASSIGNMENT((#19033));
#19033 = SURFACE_STYLE_USAGE(.BOTH.,#19034);
#19034 = SURFACE_SIDE_STYLE('',(#19035,#19038));
#19035 = SURFACE_STYLE_FILL_AREA(#19036);
#19036 = FILL_AREA_STYLE('',(#19037));
#19037 = FILL_AREA_STYLE_COLOUR('',#18173);
#19038 = SURFACE_STYLE_RENDERING_WITH_PROPERTIES(.NORMAL_SHADING.,#18173
  ,(#19039));
#19039 = SURFACE_STYLE_TRANSPARENT(0.100000023842);
#19040 = STYLED_ITEM('color',(#19041),#15386);
#19041 = PRESENTATION_STYLE_ASSIGNMENT((#19042));
#19042 = SURFACE_STYLE_USAGE(.BOTH.,#19043);
#19043 = SURFACE_SIDE_STYLE('',(#19044,#19047));
#19044 = SURFACE_STYLE_FILL_AREA(#19045);
#19045 = FILL_AREA_STYLE('',(#19046));
#19046 = FILL_AREA_STYLE_COLOUR('',#18173);
#19047 = SURFACE_STYLE_RENDERING_WITH_PROPERTIES(.NORMAL_SHADING.,#18173
  ,(#19048));
#19048 = SURFACE_STYLE_TRANSPARENT(0.100000023842);
#19049 = STYLED_ITEM('color',(#19050),#15675);
#19050 = PRESENTATION_STYLE_ASSIGNMENT((#19051));
#19051 = SURFACE_STYLE_USAGE(.BOTH.,#19052);
#19052 = SURFACE_SIDE_STYLE('',(#19053,#19056));
#19053 = SURFACE_STYLE_FILL_AREA(#19054);
#19054 = FILL_AREA_STYLE('',(#19055));
#19055 = FILL_AREA_STYLE_COLOUR('',#18173);
#19056 = SURFACE_STYLE_RENDERING_WITH_PROPERTIES(.NORMAL_SHADING.,#18173
  ,(#19057));
#19057 = SURFACE_STYLE_TRANSPARENT(0.100000023842);
#19058 = MECHANICAL_DESIGN_GEOMETRIC_PRESENTATION_REPRESENTATION('',(
    #19059),#17059);
#19059 = STYLED_ITEM('color',(#19060),#16451);
#19060 = PRESENTATION_STYLE_ASSIGNMENT((#19061));
#19061 = SURFACE_STYLE_USAGE(.BOTH.,#19062);
#19062 = SURFACE_SIDE_STYLE('',(#19063,#19066));
#19063 = SURFACE_STYLE_FILL_AREA(#19064);
#19064 = FILL_AREA_STYLE('',(#19065));
#19065 = FILL_AREA_STYLE_COLOUR('',#18162);
#19066 = SURFACE_STYLE_RENDERING_WITH_PROPERTIES(.NORMAL_SHADING.,#18162
  ,(#19067));
#19067 = SURFACE_STYLE_TRANSPARENT(0.170000016689);
ENDSEC;
END-ISO-10303-21;
